date,city,province,temp_max_actual,temp_min_actual,wind_speed_actual
2024-01-01,Winnipeg,MB,1.9,-8.9,23.2
2024-01-02,Winnipeg,MB,-0.5,-4.1,19.9
2024-01-03,Winnipeg,MB,-4.9,-11.6,21.1
2024-01-04,Winnipeg,MB,-5.3,-11.8,24.5
2024-01-05,Winnipeg,MB,-4.0,-6.2,12.7
2024-01-06,Winnipeg,MB,-5.4,-12.7,18.4
2024-01-07,Winnipeg,MB,-12.7,-16.0,11.7
2024-01-08,Winnipeg,MB,-11.4,-16.9,9.6
2024-01-09,Winnipeg,MB,-13.0,-21.7,14.7
2024-01-10,Winnipeg,MB,-6.0,-14.0,18.0
2024-01-11,Winnipeg,MB,-7.7,-18.4,26.1
2024-01-12,Winnipeg,MB,-17.8,-20.0,19.2
2024-01-13,Winnipeg,MB,-19.1,-25.0,21.5
2024-01-14,Winnipeg,MB,-22.1,-25.2,24.6
2024-01-15,Winnipeg,MB,-18.1,-23.7,31.0
2024-01-16,Winnipeg,MB,-15.0,-20.4,22.8
2024-01-17,Winnipeg,MB,-15.9,-21.0,15.3
2024-01-18,Winnipeg,MB,-17.1,-23.7,17.7
2024-01-19,Winnipeg,MB,-15.3,-21.4,11.0
2024-01-20,Winnipeg,MB,-12.5,-22.7,32.1
2024-01-21,Winnipeg,MB,-7.9,-13.3,29.2
2024-01-22,Winnipeg,MB,-9.2,-14.1,17.5
2024-01-23,Winnipeg,MB,-1.7,-14.5,26.7
2024-01-24,Winnipeg,MB,-0.2,-2.6,26.8
2024-01-25,Winnipeg,MB,-0.8,-3.3,10.5
2024-01-26,Winnipeg,MB,0.9,-5.1,20.6
2024-01-27,Winnipeg,MB,-2.0,-8.9,12.8
2024-01-28,Winnipeg,MB,2.1,-6.0,15.5
2024-01-29,Winnipeg,MB,2.9,-3.6,25.8
2024-01-30,Winnipeg,MB,5.0,-4.4,24.8
2024-01-31,Winnipeg,MB,9.2,0.8,22.3
2024-02-01,Winnipeg,MB,3.2,-3.8,12.8
2024-02-02,Winnipeg,MB,3.5,-3.4,20.0
2024-02-03,Winnipeg,MB,3.2,-2.5,18.3
2024-02-04,Winnipeg,MB,3.4,-0.7,10.2
2024-02-05,Winnipeg,MB,3.8,-0.4,20.7
2024-02-06,Winnipeg,MB,2.9,-2.6,11.3
2024-02-07,Winnipeg,MB,3.8,-0.3,21.5
2024-02-08,Winnipeg,MB,1.5,-5.3,28.2
2024-02-09,Winnipeg,MB,-5.3,-9.3,28.4
2024-02-10,Winnipeg,MB,-1.3,-7.3,15.3
2024-02-11,Winnipeg,MB,-2.2,-8.6,18.6
2024-02-12,Winnipeg,MB,-0.8,-6.4,13.4
2024-02-13,Winnipeg,MB,0.4,-6.1,23.6
2024-02-14,Winnipeg,MB,-2.9,-10.4,20.6
2024-02-15,Winnipeg,MB,-10.6,-16.0,21.1
2024-02-16,Winnipeg,MB,-8.9,-20.5,16.4
2024-02-17,Winnipeg,MB,1.6,-9.4,30.1
2024-02-18,Winnipeg,MB,-4.3,-12.6,20.1
2024-02-19,Winnipeg,MB,0.8,-15.1,13.1
2024-02-20,Winnipeg,MB,-0.6,-10.8,11.9
2024-02-21,Winnipeg,MB,0.2,-11.3,8.1
2024-02-22,Winnipeg,MB,5.2,-6.9,26.0
2024-02-23,Winnipeg,MB,-7.3,-15.3,21.3
2024-02-24,Winnipeg,MB,8.0,-8.3,27.0
2024-02-25,Winnipeg,MB,-0.1,-9.1,17.9
2024-02-26,Winnipeg,MB,2.6,-7.5,32.3
2024-02-27,Winnipeg,MB,-8.2,-20.6,30.8
2024-02-28,Winnipeg,MB,-14.9,-25.1,11.9
2024-02-29,Winnipeg,MB,-8.2,-21.0,21.5
2024-03-01,Winnipeg,MB,5.4,-9.1,20.3
2024-03-02,Winnipeg,MB,-5.2,-10.7,26.2
2024-03-03,Winnipeg,MB,1.6,-4.8,35.6
2024-03-04,Winnipeg,MB,-0.3,-13.6,45.9
2024-03-05,Winnipeg,MB,-7.7,-17.6,14.7
2024-03-06,Winnipeg,MB,-0.4,-15.1,29.2
2024-03-07,Winnipeg,MB,-6.8,-10.5,28.1
2024-03-08,Winnipeg,MB,-5.3,-13.9,9.4
2024-03-09,Winnipeg,MB,-1.7,-18.8,12.8
2024-03-10,Winnipeg,MB,5.0,-6.1,29.9
2024-03-11,Winnipeg,MB,13.5,-5.7,22.9
2024-03-12,Winnipeg,MB,8.0,-2.6,17.7
2024-03-13,Winnipeg,MB,7.3,-3.6,12.4
2024-03-14,Winnipeg,MB,5.2,-2.8,15.9
2024-03-15,Winnipeg,MB,6.6,-3.4,30.1
2024-03-16,Winnipeg,MB,1.9,-8.0,33.0
2024-03-17,Winnipeg,MB,-5.2,-10.2,30.0
2024-03-18,Winnipeg,MB,7.8,-11.0,32.4
2024-03-19,Winnipeg,MB,0.7,-9.6,32.2
2024-03-20,Winnipeg,MB,-8.2,-14.9,20.6
2024-03-21,Winnipeg,MB,-2.6,-13.4,12.1
2024-03-22,Winnipeg,MB,-4.3,-12.8,23.0
2024-03-23,Winnipeg,MB,-4.0,-15.4,10.6
2024-03-24,Winnipeg,MB,-1.9,-12.8,21.1
2024-03-25,Winnipeg,MB,-3.6,-9.8,30.6
2024-03-26,Winnipeg,MB,-4.8,-10.4,28.8
2024-03-27,Winnipeg,MB,-2.9,-10.4,26.5
2024-03-28,Winnipeg,MB,2.5,-10.1,16.1
2024-03-29,Winnipeg,MB,3.4,-6.9,16.5
2024-03-30,Winnipeg,MB,3.9,-4.9,19.8
2024-03-31,Winnipeg,MB,1.1,-7.3,15.5
2024-04-01,Winnipeg,MB,6.5,-7.9,19.7
2024-04-02,Winnipeg,MB,4.0,-2.8,24.4
2024-04-03,Winnipeg,MB,9.5,-4.3,12.1
2024-04-04,Winnipeg,MB,11.3,-4.6,11.5
2024-04-05,Winnipeg,MB,13.1,-2.7,21.9
2024-04-06,Winnipeg,MB,14.9,1.5,28.6
2024-04-07,Winnipeg,MB,15.2,0.2,25.4
2024-04-08,Winnipeg,MB,12.2,-0.5,12.2
2024-04-09,Winnipeg,MB,13.3,-1.2,11.3
2024-04-10,Winnipeg,MB,15.1,-1.5,20.1
2024-04-11,Winnipeg,MB,12.7,-0.4,27.1
2024-04-12,Winnipeg,MB,12.0,-2.8,16.7
2024-04-13,Winnipeg,MB,19.1,4.2,22.5
2024-04-14,Winnipeg,MB,13.6,2.7,23.8
2024-04-15,Winnipeg,MB,14.5,-1.4,15.6
2024-04-16,Winnipeg,MB,14.3,5.4,27.2
2024-04-17,Winnipeg,MB,10.7,1.2,21.4
2024-04-18,Winnipeg,MB,5.7,-1.9,31.8
2024-04-19,Winnipeg,MB,-0.3,-3.1,29.6
2024-04-20,Winnipeg,MB,10.1,-4.7,24.7
2024-04-21,Winnipeg,MB,15.2,-0.6,19.8
2024-04-22,Winnipeg,MB,15.7,5.0,22.0
2024-04-23,Winnipeg,MB,8.9,-1.4,27.6
2024-04-24,Winnipeg,MB,17.2,-3.5,21.6
2024-04-25,Winnipeg,MB,22.0,5.9,35.5
2024-04-26,Winnipeg,MB,16.5,7.3,27.4
2024-04-27,Winnipeg,MB,9.8,1.6,30.1
2024-04-28,Winnipeg,MB,12.0,-2.4,20.6
2024-04-29,Winnipeg,MB,4.4,1.5,17.0
2024-04-30,Winnipeg,MB,12.9,-2.5,19.6
2024-05-01,Winnipeg,MB,14.4,3.5,11.8
2024-05-02,Winnipeg,MB,10.0,2.3,18.4
2024-05-03,Winnipeg,MB,10.1,4.9,20.8
2024-05-04,Winnipeg,MB,11.8,3.6,21.6
2024-05-05,Winnipeg,MB,16.6,2.2,13.1
2024-05-06,Winnipeg,MB,20.9,7.7,31.9
2024-05-07,Winnipeg,MB,16.9,11.6,34.1
2024-05-08,Winnipeg,MB,21.2,8.5,24.2
2024-05-09,Winnipeg,MB,20.0,4.3,11.2
2024-05-10,Winnipeg,MB,18.6,9.5,32.1
2024-05-11,Winnipeg,MB,27.5,7.0,28.8
2024-05-12,Winnipeg,MB,14.8,7.5,26.5
2024-05-13,Winnipeg,MB,12.6,2.4,13.7
2024-05-14,Winnipeg,MB,11.3,5.2,19.6
2024-05-15,Winnipeg,MB,17.4,8.0,15.8
2024-05-16,Winnipeg,MB,19.3,9.0,13.2
2024-05-17,Winnipeg,MB,23.4,8.6,24.9
2024-05-18,Winnipeg,MB,16.7,10.7,43.2
2024-05-19,Winnipeg,MB,19.4,8.7,24.5
2024-05-20,Winnipeg,MB,17.6,8.9,13.8
2024-05-21,Winnipeg,MB,16.7,6.6,19.5
2024-05-22,Winnipeg,MB,15.3,8.5,19.0
2024-05-23,Winnipeg,MB,14.3,1.7,23.7
2024-05-24,Winnipeg,MB,9.9,5.6,31.0
2024-05-25,Winnipeg,MB,9.2,5.5,31.8
2024-05-26,Winnipeg,MB,18.0,2.2,20.2
2024-05-27,Winnipeg,MB,16.6,7.9,19.1
2024-05-28,Winnipeg,MB,15.1,6.1,18.4
2024-05-29,Winnipeg,MB,20.9,5.6,26.8
2024-05-30,Winnipeg,MB,22.0,13.7,36.2
2024-05-31,Winnipeg,MB,19.8,10.8,37.0
2024-06-01,Winnipeg,MB,20.1,10.3,29.3
2024-06-02,Winnipeg,MB,23.8,11.8,22.0
2024-06-03,Winnipeg,MB,21.6,11.7,13.8
2024-06-04,Winnipeg,MB,22.2,14.4,26.0
2024-06-05,Winnipeg,MB,20.1,13.5,36.4
2024-06-06,Winnipeg,MB,15.4,9.7,31.5
2024-06-07,Winnipeg,MB,20.5,8.9,20.3
2024-06-08,Winnipeg,MB,20.5,9.0,24.8
2024-06-09,Winnipeg,MB,18.3,8.1,20.6
2024-06-10,Winnipeg,MB,21.1,5.6,17.8
2024-06-11,Winnipeg,MB,20.5,13.6,34.8
2024-06-12,Winnipeg,MB,21.8,10.7,12.9
2024-06-13,Winnipeg,MB,20.4,11.7,16.2
2024-06-14,Winnipeg,MB,24.4,10.6,13.0
2024-06-15,Winnipeg,MB,27.8,15.2,28.1
2024-06-16,Winnipeg,MB,21.8,17.1,36.8
2024-06-17,Winnipeg,MB,19.3,10.5,26.6
2024-06-18,Winnipeg,MB,17.9,11.2,25.3
2024-06-19,Winnipeg,MB,19.6,10.6,20.3
2024-06-20,Winnipeg,MB,23.1,11.4,19.1
2024-06-21,Winnipeg,MB,24.5,11.8,11.8
2024-06-22,Winnipeg,MB,24.6,14.7,14.0
2024-06-23,Winnipeg,MB,22.7,13.8,17.3
2024-06-24,Winnipeg,MB,29.6,15.0,35.2
2024-06-25,Winnipeg,MB,21.7,15.2,34.6
2024-06-26,Winnipeg,MB,19.2,12.6,19.4
2024-06-27,Winnipeg,MB,21.3,10.3,17.5
2024-06-28,Winnipeg,MB,16.7,11.8,30.1
2024-06-29,Winnipeg,MB,19.0,9.4,25.4
2024-06-30,Winnipeg,MB,21.0,7.6,14.6
2024-07-01,Winnipeg,MB,21.7,13.6,33.4
2024-07-02,Winnipeg,MB,21.7,15.6,24.1
2024-07-03,Winnipeg,MB,22.6,14.1,18.9
2024-07-04,Winnipeg,MB,24.1,13.4,13.6
2024-07-05,Winnipeg,MB,24.3,14.0,12.7
2024-07-06,Winnipeg,MB,26.0,14.8,17.6
2024-07-07,Winnipeg,MB,25.8,14.7,14.2
2024-07-08,Winnipeg,MB,25.4,14.7,11.8
2024-07-09,Winnipeg,MB,26.9,14.7,8.9
2024-07-10,Winnipeg,MB,27.9,15.8,10.4
2024-07-11,Winnipeg,MB,30.9,18.7,27.1
2024-07-12,Winnipeg,MB,31.2,20.4,20.9
2024-07-13,Winnipeg,MB,26.6,19.0,21.7
2024-07-14,Winnipeg,MB,26.2,17.8,13.9
2024-07-15,Winnipeg,MB,23.0,15.6,22.0
2024-07-16,Winnipeg,MB,19.4,13.3,21.7
2024-07-17,Winnipeg,MB,21.1,10.5,10.8
2024-07-18,Winnipeg,MB,25.9,12.5,15.9
2024-07-19,Winnipeg,MB,28.8,16.7,9.8
2024-07-20,Winnipeg,MB,26.7,17.8,10.7
2024-07-21,Winnipeg,MB,28.7,17.6,13.4
2024-07-22,Winnipeg,MB,25.5,18.2,18.0
2024-07-23,Winnipeg,MB,25.0,16.6,15.6
2024-07-24,Winnipeg,MB,26.8,15.3,17.0
2024-07-25,Winnipeg,MB,30.1,19.2,31.9
2024-07-26,Winnipeg,MB,32.0,21.8,30.6
2024-07-27,Winnipeg,MB,30.0,16.7,23.4
2024-07-28,Winnipeg,MB,26.5,17.0,18.2
2024-07-29,Winnipeg,MB,26.4,17.2,16.2
2024-07-30,Winnipeg,MB,31.8,20.0,25.9
2024-07-31,Winnipeg,MB,28.5,19.9,18.4
2024-08-01,Winnipeg,MB,31.6,16.8,20.9
2024-08-02,Winnipeg,MB,28.3,16.4,11.5
2024-08-03,Winnipeg,MB,23.7,17.3,24.9
2024-08-04,Winnipeg,MB,21.6,13.2,12.1
2024-08-05,Winnipeg,MB,23.6,13.9,14.2
2024-08-06,Winnipeg,MB,25.1,10.7,22.0
2024-08-07,Winnipeg,MB,21.2,13.7,31.6
2024-08-08,Winnipeg,MB,18.4,11.7,35.5
2024-08-09,Winnipeg,MB,19.2,11.3,21.6
2024-08-10,Winnipeg,MB,23.2,10.0,16.8
2024-08-11,Winnipeg,MB,25.2,13.5,11.0
2024-08-12,Winnipeg,MB,26.9,13.0,12.1
2024-08-13,Winnipeg,MB,27.5,13.9,18.8
2024-08-14,Winnipeg,MB,26.4,18.7,26.7
2024-08-15,Winnipeg,MB,19.8,18.6,18.2
2024-08-16,Winnipeg,MB,24.8,17.6,23.8
2024-08-17,Winnipeg,MB,25.1,15.6,14.7
2024-08-18,Winnipeg,MB,25.7,13.5,8.6
2024-08-19,Winnipeg,MB,27.4,15.2,11.1
2024-08-20,Winnipeg,MB,27.9,18.1,24.5
2024-08-21,Winnipeg,MB,26.2,17.3,29.6
2024-08-22,Winnipeg,MB,26.1,18.8,25.0
2024-08-23,Winnipeg,MB,27.4,17.1,8.4
2024-08-24,Winnipeg,MB,30.0,18.4,26.7
2024-08-25,Winnipeg,MB,30.0,21.1,25.2
2024-08-26,Winnipeg,MB,21.8,14.7,18.5
2024-08-27,Winnipeg,MB,19.6,12.9,13.0
2024-08-28,Winnipeg,MB,23.7,13.7,26.3
2024-08-29,Winnipeg,MB,22.8,15.4,32.1
2024-08-30,Winnipeg,MB,23.8,15.3,25.0
2024-08-31,Winnipeg,MB,21.5,14.6,35.5
2024-09-01,Winnipeg,MB,21.6,11.5,14.2
2024-09-02,Winnipeg,MB,24.4,12.3,22.9
2024-09-03,Winnipeg,MB,28.1,15.4,17.7
2024-09-04,Winnipeg,MB,24.3,16.4,24.2
2024-09-05,Winnipeg,MB,18.7,11.4,17.4
2024-09-06,Winnipeg,MB,17.8,10.1,15.2
2024-09-07,Winnipeg,MB,23.1,9.5,25.9
2024-09-08,Winnipeg,MB,25.2,13.7,15.5
2024-09-09,Winnipeg,MB,28.3,14.3,20.6
2024-09-10,Winnipeg,MB,28.5,18.3,21.6
2024-09-11,Winnipeg,MB,22.3,12.9,22.4
2024-09-12,Winnipeg,MB,29.5,16.5,29.7
2024-09-13,Winnipeg,MB,27.8,19.3,34.1
2024-09-14,Winnipeg,MB,25.8,15.6,22.4
2024-09-15,Winnipeg,MB,27.0,18.0,21.0
2024-09-16,Winnipeg,MB,22.7,14.2,20.0
2024-09-17,Winnipeg,MB,23.0,17.2,13.3
2024-09-18,Winnipeg,MB,26.1,16.4,26.2
2024-09-19,Winnipeg,MB,21.9,18.2,27.8
2024-09-20,Winnipeg,MB,22.0,14.8,29.0
2024-09-21,Winnipeg,MB,17.0,12.2,30.5
2024-09-22,Winnipeg,MB,17.6,8.1,14.2
2024-09-23,Winnipeg,MB,17.8,12.5,26.3
2024-09-24,Winnipeg,MB,21.6,10.3,12.8
2024-09-25,Winnipeg,MB,25.3,13.5,15.5
2024-09-26,Winnipeg,MB,26.8,16.9,33.6
2024-09-27,Winnipeg,MB,22.4,11.2,27.5
2024-09-28,Winnipeg,MB,23.0,11.4,18.8
2024-09-29,Winnipeg,MB,26.1,13.1,39.5
2024-09-30,Winnipeg,MB,24.1,12.2,45.8
2024-10-01,Winnipeg,MB,16.2,6.6,27.1
2024-10-02,Winnipeg,MB,16.6,9.8,26.1
2024-10-03,Winnipeg,MB,11.8,3.3,28.5
2024-10-04,Winnipeg,MB,15.7,1.1,30.4
2024-10-05,Winnipeg,MB,17.8,7.3,41.3
2024-10-06,Winnipeg,MB,13.8,6.0,44.5
2024-10-07,Winnipeg,MB,16.3,6.2,19.0
2024-10-08,Winnipeg,MB,18.7,4.3,20.1
2024-10-09,Winnipeg,MB,20.9,9.2,24.3
2024-10-10,Winnipeg,MB,22.4,10.2,22.7
2024-10-11,Winnipeg,MB,14.8,6.8,23.8
2024-10-12,Winnipeg,MB,13.3,4.4,18.9
2024-10-13,Winnipeg,MB,10.5,4.0,23.1
2024-10-14,Winnipeg,MB,6.9,1.0,16.5
2024-10-15,Winnipeg,MB,9.3,-1.8,24.8
2024-10-16,Winnipeg,MB,14.9,5.3,25.4
2024-10-17,Winnipeg,MB,19.1,9.1,26.6
2024-10-18,Winnipeg,MB,14.1,6.2,20.3
2024-10-19,Winnipeg,MB,13.7,2.4,28.9
2024-10-20,Winnipeg,MB,19.9,7.7,19.3
2024-10-21,Winnipeg,MB,19.7,5.5,15.3
2024-10-22,Winnipeg,MB,14.2,4.3,23.4
2024-10-23,Winnipeg,MB,12.7,1.5,26.0
2024-10-24,Winnipeg,MB,10.7,0.3,12.6
2024-10-25,Winnipeg,MB,9.3,1.7,25.2
2024-10-26,Winnipeg,MB,9.9,-2.6,14.5
2024-10-27,Winnipeg,MB,12.4,2.0,20.9
2024-10-28,Winnipeg,MB,14.8,5.8,21.4
2024-10-29,Winnipeg,MB,10.5,3.9,12.9
2024-10-30,Winnipeg,MB,6.9,-0.5,16.0
2024-10-31,Winnipeg,MB,6.1,-1.3,9.7
2024-11-01,Winnipeg,MB,7.5,-1.0,15.1
2024-11-02,Winnipeg,MB,8.0,-2.3,17.7
2024-11-03,Winnipeg,MB,10.3,3.0,23.6
2024-11-04,Winnipeg,MB,7.6,1.2,24.2
2024-11-05,Winnipeg,MB,7.4,-1.9,13.5
2024-11-06,Winnipeg,MB,4.5,-3.0,17.2
2024-11-07,Winnipeg,MB,10.6,-0.8,27.9
2024-11-08,Winnipeg,MB,9.0,-2.2,22.0
2024-11-09,Winnipeg,MB,14.5,4.0,26.7
2024-11-10,Winnipeg,MB,9.9,1.7,35.3
2024-11-11,Winnipeg,MB,4.2,-0.3,31.5
2024-11-12,Winnipeg,MB,7.7,-0.1,28.5
2024-11-13,Winnipeg,MB,8.3,1.4,20.3
2024-11-14,Winnipeg,MB,6.4,-0.1,15.3
2024-11-15,Winnipeg,MB,8.2,1.1,16.7
2024-11-16,Winnipeg,MB,6.7,2.9,15.4
2024-11-17,Winnipeg,MB,6.0,1.3,24.4
2024-11-18,Winnipeg,MB,5.2,-1.7,12.9
2024-11-19,Winnipeg,MB,4.2,2.3,19.7
2024-11-20,Winnipeg,MB,3.2,0.6,17.4
2024-11-21,Winnipeg,MB,0.3,-5.8,16.7
2024-11-22,Winnipeg,MB,-2.6,-7.9,14.6
2024-11-23,Winnipeg,MB,-4.6,-6.9,15.7
2024-11-24,Winnipeg,MB,-1.6,-5.1,11.1
2024-11-25,Winnipeg,MB,-4.3,-10.9,15.8
2024-11-26,Winnipeg,MB,-4.3,-7.8,17.2
2024-11-27,Winnipeg,MB,-4.3,-7.5,10.1
2024-11-28,Winnipeg,MB,-7.7,-11.5,18.8
2024-11-29,Winnipeg,MB,-11.6,-16.5,15.7
2024-11-30,Winnipeg,MB,-11.3,-18.1,15.1
2024-12-01,Winnipeg,MB,-9.1,-12.5,12.7
2024-12-02,Winnipeg,MB,-9.7,-15.0,13.6
2024-12-03,Winnipeg,MB,-1.3,-14.6,21.1
2024-12-04,Winnipeg,MB,-2.6,-14.4,32.9
2024-12-05,Winnipeg,MB,-7.5,-16.7,23.3
2024-12-06,Winnipeg,MB,-3.9,-7.5,14.2
2024-12-07,Winnipeg,MB,4.9,-3.0,16.3
2024-12-08,Winnipeg,MB,2.0,-2.9,19.3
2024-12-09,Winnipeg,MB,-3.5,-9.9,22.4
2024-12-10,Winnipeg,MB,-7.8,-19.8,19.6
2024-12-11,Winnipeg,MB,-20.9,-27.8,16.0
2024-12-12,Winnipeg,MB,-22.7,-27.8,10.4
2024-12-13,Winnipeg,MB,-9.9,-25.1,21.5
2024-12-14,Winnipeg,MB,-4.6,-10.0,21.8
2024-12-15,Winnipeg,MB,0.4,-4.3,18.7
2024-12-16,Winnipeg,MB,0.3,-8.4,24.3
2024-12-17,Winnipeg,MB,-8.5,-10.4,13.8
2024-12-18,Winnipeg,MB,-10.5,-23.2,15.7
2024-12-19,Winnipeg,MB,-15.5,-18.9,14.9
2024-12-20,Winnipeg,MB,-19.0,-25.0,9.6
2024-12-21,Winnipeg,MB,-8.3,-22.7,21.7
2024-12-22,Winnipeg,MB,-7.3,-8.8,11.3
2024-12-23,Winnipeg,MB,-6.6,-11.2,17.6
2024-12-24,Winnipeg,MB,-2.7,-8.6,21.4
2024-12-25,Winnipeg,MB,-0.3,-7.6,23.1
2024-12-26,Winnipeg,MB,-0.6,-3.7,22.9
2024-12-27,Winnipeg,MB,1.9,-3.7,16.6
2024-12-28,Winnipeg,MB,1.2,-4.8,15.3
2024-12-29,Winnipeg,MB,-5.0,-10.4,7.1
2024-12-30,Winnipeg,MB,-3.7,-7.3,11.8
2024-12-31,Winnipeg,MB,-4.4,-10.7,17.2
2025-01-01,Winnipeg,MB,-10.8,-13.2,14.4
2025-01-02,Winnipeg,MB,-13.6,-18.6,14.4
2025-01-03,Winnipeg,MB,-19.5,-23.8,14.4
2025-01-04,Winnipeg,MB,-23.2,-28.0,10.5
2025-01-05,Winnipeg,MB,-22.3,-28.2,9.2
2025-01-06,Winnipeg,MB,-17.0,-26.5,13.2
2025-01-07,Winnipeg,MB,-16.7,-21.6,11.5
2025-01-08,Winnipeg,MB,-9.1,-18.5,21.8
2025-01-09,Winnipeg,MB,-0.8,-9.4,20.4
2025-01-10,Winnipeg,MB,-9.2,-15.4,17.1
2025-01-11,Winnipeg,MB,-9.4,-14.7,15.9
2025-01-12,Winnipeg,MB,-12.2,-24.4,20.5
2025-01-13,Winnipeg,MB,-21.2,-25.0,10.9
2025-01-14,Winnipeg,MB,-18.4,-28.3,19.5
2025-01-15,Winnipeg,MB,1.5,-17.3,24.7
2025-01-16,Winnipeg,MB,0.0,-5.3,26.6
2025-01-17,Winnipeg,MB,2.2,-17.6,37.4
2025-01-18,Winnipeg,MB,-18.2,-27.3,20.8
2025-01-19,Winnipeg,MB,-25.4,-27.9,14.7
2025-01-20,Winnipeg,MB,-27.7,-33.2,15.7
2025-01-21,Winnipeg,MB,-12.5,-29.5,31.6
2025-01-22,Winnipeg,MB,-12.2,-22.2,18.6
2025-01-23,Winnipeg,MB,-13.7,-23.6,15.7
2025-01-24,Winnipeg,MB,-1.7,-13.1,19.8
2025-01-25,Winnipeg,MB,-3.5,-15.1,28.0
2025-01-26,Winnipeg,MB,-4.0,-10.9,23.2
2025-01-27,Winnipeg,MB,-1.2,-8.7,23.4
2025-01-28,Winnipeg,MB,3.0,-12.5,30.5
2025-01-29,Winnipeg,MB,-3.8,-16.1,14.2
2025-01-30,Winnipeg,MB,-4.0,-10.7,16.8
2025-01-31,Winnipeg,MB,-11.8,-23.5,17.1
2025-02-01,Winnipeg,MB,-5.3,-20.0,28.4
2025-02-02,Winnipeg,MB,-4.4,-19.8,24.9
2025-02-03,Winnipeg,MB,-19.3,-21.3,20.5
2025-02-04,Winnipeg,MB,-17.9,-25.2,12.4
2025-02-05,Winnipeg,MB,-11.1,-20.6,11.3
2025-02-06,Winnipeg,MB,-11.4,-16.3,24.1
2025-02-07,Winnipeg,MB,-9.8,-18.5,13.1
2025-02-08,Winnipeg,MB,-16.0,-20.4,9.0
2025-02-09,Winnipeg,MB,-13.7,-21.5,10.7
2025-02-10,Winnipeg,MB,-18.9,-26.2,15.7
2025-02-11,Winnipeg,MB,-18.7,-28.6,13.3
2025-02-12,Winnipeg,MB,-20.7,-27.9,12.2
2025-02-13,Winnipeg,MB,-18.8,-30.3,11.0
2025-02-14,Winnipeg,MB,-18.7,-25.4,15.4
2025-02-15,Winnipeg,MB,-19.5,-26.7,12.7
2025-02-16,Winnipeg,MB,-21.4,-28.5,17.4
2025-02-17,Winnipeg,MB,-22.5,-29.5,15.6
2025-02-18,Winnipeg,MB,-20.8,-29.3,12.6
2025-02-19,Winnipeg,MB,-17.6,-27.0,11.1
2025-02-20,Winnipeg,MB,-13.4,-27.3,17.4
2025-02-21,Winnipeg,MB,-8.3,-16.7,20.1
2025-02-22,Winnipeg,MB,-2.4,-8.5,12.0
2025-02-23,Winnipeg,MB,2.9,-10.1,22.6
2025-02-24,Winnipeg,MB,4.7,-2.0,27.9
2025-02-25,Winnipeg,MB,5.5,-3.2,13.3
2025-02-26,Winnipeg,MB,1.9,-3.8,18.2
2025-02-27,Winnipeg,MB,2.2,-7.1,21.9
2025-02-28,Winnipeg,MB,3.1,-16.2,34.4
2025-03-01,Winnipeg,MB,-7.6,-19.4,13.3
2025-03-02,Winnipeg,MB,4.6,-8.5,13.7
2025-03-03,Winnipeg,MB,6.1,-4.5,16.3
2025-03-04,Winnipeg,MB,-0.8,-6.2,19.3
2025-03-05,Winnipeg,MB,0.2,-12.2,12.5
2025-03-06,Winnipeg,MB,-1.0,-10.5,22.0
2025-03-07,Winnipeg,MB,-3.4,-14.9,14.5
2025-03-08,Winnipeg,MB,6.1,-4.9,14.2
2025-03-09,Winnipeg,MB,4.5,-1.7,16.5
2025-03-10,Winnipeg,MB,-1.8,-14.0,24.0
2025-03-11,Winnipeg,MB,-4.1,-17.5,12.4
2025-03-12,Winnipeg,MB,5.7,-9.9,13.4
2025-03-13,Winnipeg,MB,1.3,-5.3,18.8
2025-03-14,Winnipeg,MB,9.0,-3.4,20.7
2025-03-15,Winnipeg,MB,-4.6,-10.1,29.8
2025-03-16,Winnipeg,MB,-3.8,-13.2,14.4
2025-03-17,Winnipeg,MB,0.2,-9.5,14.4
2025-03-18,Winnipeg,MB,3.4,-6.7,11.7
2025-03-19,Winnipeg,MB,1.2,-6.6,15.6
2025-03-20,Winnipeg,MB,7.0,-5.6,18.0
2025-03-21,Winnipeg,MB,-3.2,-13.2,19.8
2025-03-22,Winnipeg,MB,-2.1,-15.3,13.8
2025-03-23,Winnipeg,MB,0.5,-7.5,16.6
2025-03-24,Winnipeg,MB,3.0,-11.8,8.8
2025-03-25,Winnipeg,MB,7.7,-5.3,10.3
2025-03-26,Winnipeg,MB,11.0,-1.7,18.8
2025-03-27,Winnipeg,MB,-0.7,-6.8,15.0
2025-03-28,Winnipeg,MB,-2.6,-3.9,21.4
2025-03-29,Winnipeg,MB,-2.8,-6.8,13.4
2025-03-30,Winnipeg,MB,-0.9,-7.0,12.2
2025-03-31,Winnipeg,MB,0.7,-10.2,10.8
2025-04-01,Winnipeg,MB,4.3,-5.1,17.7
2025-04-02,Winnipeg,MB,2.0,-0.1,15.4
2025-04-03,Winnipeg,MB,3.8,-0.4,13.3
2025-04-04,Winnipeg,MB,3.1,-3.6,17.1
2025-04-05,Winnipeg,MB,5.6,-5.3,20.3
2025-04-06,Winnipeg,MB,1.6,-5.0,22.3
2025-04-07,Winnipeg,MB,0.1,-8.8,14.8
2025-04-08,Winnipeg,MB,8.3,-4.5,17.1
2025-04-09,Winnipeg,MB,7.3,0.8,15.7
2025-04-10,Winnipeg,MB,10.4,-0.7,10.9
2025-04-11,Winnipeg,MB,15.9,-0.3,22.4
2025-04-12,Winnipeg,MB,16.9,4.6,24.3
2025-04-13,Winnipeg,MB,8.2,1.5,17.3
2025-04-14,Winnipeg,MB,6.1,0.5,22.5
2025-04-15,Winnipeg,MB,7.8,-1.9,14.9
2025-04-16,Winnipeg,MB,15.2,0.6,20.9
2025-04-17,Winnipeg,MB,12.5,3.4,17.9
2025-04-18,Winnipeg,MB,2.9,-1.9,20.3
2025-04-19,Winnipeg,MB,8.1,-4.1,16.0
2025-04-20,Winnipeg,MB,17.2,1.7,20.9
2025-04-21,Winnipeg,MB,13.1,4.9,17.0
2025-04-22,Winnipeg,MB,10.8,3.9,20.0
2025-04-23,Winnipeg,MB,11.6,3.4,18.3
2025-04-24,Winnipeg,MB,13.5,-0.8,11.0
2025-04-25,Winnipeg,MB,15.1,1.0,9.0
2025-04-26,Winnipeg,MB,17.3,1.6,20.0
2025-04-27,Winnipeg,MB,14.8,8.5,18.3
2025-04-28,Winnipeg,MB,8.1,-1.7,24.0
2025-04-29,Winnipeg,MB,8.8,-4.6,18.2
2025-04-30,Winnipeg,MB,17.9,4.3,19.6
2025-05-01,Winnipeg,MB,14.8,3.1,16.8
2025-05-02,Winnipeg,MB,12.6,2.1,11.2
2025-05-03,Winnipeg,MB,19.8,7.3,18.7
2025-05-04,Winnipeg,MB,25.9,6.9,23.0
2025-05-05,Winnipeg,MB,26.7,11.9,20.8
2025-05-06,Winnipeg,MB,17.8,6.9,19.3
2025-05-07,Winnipeg,MB,19.3,2.3,13.6
2025-05-08,Winnipeg,MB,25.1,9.6,28.6
2025-05-09,Winnipeg,MB,20.4,10.3,21.3
2025-05-10,Winnipeg,MB,24.3,6.5,28.3
2025-05-11,Winnipeg,MB,33.1,17.0,17.3
2025-05-12,Winnipeg,MB,34.8,19.3,20.0
2025-05-13,Winnipeg,MB,35.6,20.6,25.0
2025-05-14,Winnipeg,MB,22.8,11.3,21.1
2025-05-15,Winnipeg,MB,27.3,10.9,22.1
2025-05-16,Winnipeg,MB,17.0,2.5,28.4
2025-05-17,Winnipeg,MB,6.6,2.1,22.5
2025-05-18,Winnipeg,MB,10.8,2.6,13.5
2025-05-19,Winnipeg,MB,14.9,3.3,18.6
2025-05-20,Winnipeg,MB,14.3,5.3,16.3
2025-05-21,Winnipeg,MB,18.0,8.1,17.0
2025-05-22,Winnipeg,MB,18.8,5.7,13.0
2025-05-23,Winnipeg,MB,18.6,7.3,12.9
2025-05-24,Winnipeg,MB,20.6,6.4,12.7
2025-05-25,Winnipeg,MB,22.9,7.6,11.4
2025-05-26,Winnipeg,MB,25.2,9.6,14.7
2025-05-27,Winnipeg,MB,25.0,12.1,22.1
2025-05-28,Winnipeg,MB,25.1,11.7,12.8
2025-05-29,Winnipeg,MB,28.2,14.2,17.6
2025-05-30,Winnipeg,MB,31.3,16.4,13.7
2025-05-31,Winnipeg,MB,32.6,17.4,14.7
2025-06-01,Winnipeg,MB,32.1,17.6,19.8
2025-06-02,Winnipeg,MB,24.9,14.7,17.7
2025-06-03,Winnipeg,MB,21.4,11.9,22.8
2025-06-04,Winnipeg,MB,21.7,11.1,24.1
2025-06-05,Winnipeg,MB,23.5,9.3,13.2
2025-06-06,Winnipeg,MB,25.6,11.7,18.3
2025-06-07,Winnipeg,MB,25.8,14.3,30.6
2025-06-08,Winnipeg,MB,16.6,10.4,19.2
2025-06-09,Winnipeg,MB,15.8,10.7,20.2
2025-06-10,Winnipeg,MB,22.8,9.5,15.2
2025-06-11,Winnipeg,MB,20.9,10.3,10.4
2025-06-12,Winnipeg,MB,22.8,10.4,11.6
2025-06-13,Winnipeg,MB,24.2,12.0,13.6
2025-06-14,Winnipeg,MB,25.2,13.2,15.2
2025-06-15,Winnipeg,MB,28.1,14.6,16.1
2025-06-16,Winnipeg,MB,25.3,17.0,9.4
2025-06-17,Winnipeg,MB,24.4,14.9,15.9
2025-06-18,Winnipeg,MB,25.2,14.9,12.4
2025-06-19,Winnipeg,MB,25.6,14.2,11.1
2025-06-20,Winnipeg,MB,30.2,16.3,19.1
2025-06-21,Winnipeg,MB,27.6,17.3,20.3
2025-06-22,Winnipeg,MB,21.4,15.1,19.0
2025-06-23,Winnipeg,MB,18.6,12.1,28.7
2025-06-24,Winnipeg,MB,24.5,9.6,19.7
2025-06-25,Winnipeg,MB,23.1,13.4,12.9
2025-06-26,Winnipeg,MB,25.8,15.8,15.2
2025-06-27,Winnipeg,MB,27.0,14.2,16.7
2025-06-28,Winnipeg,MB,31.5,17.5,22.4
2025-06-29,Winnipeg,MB,27.5,18.5,21.8
2025-06-30,Winnipeg,MB,27.4,16.6,20.2
2025-07-01,Winnipeg,MB,28.9,18.6,19.1
2025-07-02,Winnipeg,MB,29.9,18.3,12.3
2025-07-03,Winnipeg,MB,32.5,17.2,19.3
2025-07-04,Winnipeg,MB,29.7,20.5,19.2
2025-07-05,Winnipeg,MB,23.5,16.3,16.5
2025-07-06,Winnipeg,MB,21.3,13.4,10.4
2025-07-07,Winnipeg,MB,20.7,14.6,12.4
2025-07-08,Winnipeg,MB,25.1,13.0,9.2
2025-07-09,Winnipeg,MB,27.3,15.2,25.0
2025-07-10,Winnipeg,MB,30.6,19.8,16.4
2025-07-11,Winnipeg,MB,23.0,15.7,14.7
2025-07-12,Winnipeg,MB,24.2,14.5,14.5
2025-07-13,Winnipeg,MB,25.6,16.9,19.3
2025-07-14,Winnipeg,MB,20.2,16.6,11.4
2025-07-15,Winnipeg,MB,19.3,14.6,22.5
2025-07-16,Winnipeg,MB,20.2,11.8,13.4
2025-07-17,Winnipeg,MB,21.0,10.7,12.7
2025-07-18,Winnipeg,MB,22.7,12.1,10.5
2025-07-19,Winnipeg,MB,24.0,13.2,9.7
2025-07-20,Winnipeg,MB,21.7,15.0,13.7
2025-07-21,Winnipeg,MB,25.5,17.1,17.8
2025-07-22,Winnipeg,MB,22.3,18.0,12.6
2025-07-23,Winnipeg,MB,23.7,15.0,11.5
2025-07-24,Winnipeg,MB,23.5,15.4,5.8
2025-07-25,Winnipeg,MB,28.4,16.9,25.0
2025-07-26,Winnipeg,MB,30.3,19.9,19.5
2025-07-27,Winnipeg,MB,24.5,18.3,15.2
2025-07-28,Winnipeg,MB,23.6,17.0,7.5
2025-07-29,Winnipeg,MB,22.4,15.0,11.8
2025-07-30,Winnipeg,MB,22.4,13.1,9.6
2025-07-31,Winnipeg,MB,24.1,12.5,12.5
2025-08-01,Winnipeg,MB,26.1,13.3,10.7
2025-08-02,Winnipeg,MB,26.8,16.7,15.0
2025-08-03,Winnipeg,MB,27.5,15.9,10.8
2025-08-04,Winnipeg,MB,26.7,17.1,16.3
2025-08-05,Winnipeg,MB,27.3,17.6,18.5
2025-08-06,Winnipeg,MB,25.9,18.4,22.9
2025-08-07,Winnipeg,MB,28.2,17.9,11.7
2025-08-08,Winnipeg,MB,25.2,19.2,20.4
2025-08-09,Winnipeg,MB,23.5,16.3,20.5
2025-08-10,Winnipeg,MB,23.2,15.1,16.7
2025-08-11,Winnipeg,MB,23.9,16.8,18.4
2025-08-12,Winnipeg,MB,20.8,15.2,20.6
2025-08-13,Winnipeg,MB,22.3,11.4,14.1
2025-08-14,Winnipeg,MB,26.3,15.2,23.1
2025-08-15,Winnipeg,MB,21.6,14.2,16.2
2025-08-16,Winnipeg,MB,19.9,11.4,14.6
2025-08-17,Winnipeg,MB,20.9,14.3,19.1
2025-08-18,Winnipeg,MB,23.4,16.6,13.0
2025-08-19,Winnipeg,MB,24.2,17.2,7.4
2025-08-20,Winnipeg,MB,26.5,16.9,19.9
2025-08-21,Winnipeg,MB,26.0,19.3,28.9
2025-08-22,Winnipeg,MB,20.0,13.7,29.8
2025-08-23,Winnipeg,MB,18.2,13.0,24.4
2025-08-24,Winnipeg,MB,18.6,10.5,19.0
2025-08-25,Winnipeg,MB,19.1,9.2,9.5
2025-08-26,Winnipeg,MB,26.1,12.8,11.6
2025-08-27,Winnipeg,MB,25.3,15.8,11.6
2025-08-28,Winnipeg,MB,25.8,14.0,9.1
2025-08-29,Winnipeg,MB,28.1,15.5,9.5
2025-08-30,Winnipeg,MB,30.4,16.9,11.8
2025-08-31,Winnipeg,MB,29.0,17.4,16.2
2025-09-01,Winnipeg,MB,26.3,17.8,17.8
2025-09-02,Winnipeg,MB,17.9,11.8,20.7
2025-09-03,Winnipeg,MB,13.4,7.2,17.8
2025-09-04,Winnipeg,MB,8.6,5.6,17.9
2025-09-05,Winnipeg,MB,14.7,7.1,30.3
2025-09-06,Winnipeg,MB,13.5,7.6,17.7
2025-09-07,Winnipeg,MB,17.3,4.4,14.4
2025-09-08,Winnipeg,MB,20.6,9.2,15.7
2025-09-09,Winnipeg,MB,23.3,10.5,10.4
2025-09-10,Winnipeg,MB,25.9,11.0,13.0
2025-09-11,Winnipeg,MB,19.0,15.1,19.3
2025-09-12,Winnipeg,MB,24.0,16.4,15.8
2025-09-13,Winnipeg,MB,25.0,15.1,16.7
2025-09-14,Winnipeg,MB,24.7,18.1,16.0
2025-09-15,Winnipeg,MB,23.9,19.1,23.8
2025-09-16,Winnipeg,MB,23.6,17.9,18.7
2025-09-17,Winnipeg,MB,20.9,14.4,13.1
2025-09-18,Winnipeg,MB,16.7,13.3,12.0
2025-09-19,Winnipeg,MB,17.2,13.7,13.9
2025-09-20,Winnipeg,MB,17.3,14.6,8.4
2025-09-21,Winnipeg,MB,20.8,12.6,7.8
2025-09-22,Winnipeg,MB,24.0,12.7,9.5
2025-09-23,Winnipeg,MB,22.8,13.9,12.5
2025-09-24,Winnipeg,MB,23.7,10.7,14.9
2025-09-25,Winnipeg,MB,17.8,10.9,20.1
2025-09-26,Winnipeg,MB,21.2,7.0,21.9
2025-09-27,Winnipeg,MB,21.5,8.7,15.6
2025-09-28,Winnipeg,MB,24.5,9.1,14.0
2025-09-29,Winnipeg,MB,21.9,11.9,20.1
2025-09-30,Winnipeg,MB,27.5,15.8,20.5
2025-10-01,Winnipeg,MB,24.1,19.3,24.1
2025-10-02,Winnipeg,MB,26.6,13.9,13.1
2025-10-03,Winnipeg,MB,24.7,13.1,17.6
2025-10-04,Winnipeg,MB,22.2,12.9,20.3
2025-10-05,Winnipeg,MB,14.5,8.0,33.9
2025-10-06,Winnipeg,MB,11.2,3.1,20.3
2025-10-07,Winnipeg,MB,9.1,0.9,16.6
2025-10-08,Winnipeg,MB,16.4,2.9,19.9
2025-10-09,Winnipeg,MB,19.4,9.5,21.1
2025-10-10,Winnipeg,MB,15.6,3.2,11.7
2025-10-11,Winnipeg,MB,18.5,5.7,27.2
2025-10-12,Winnipeg,MB,18.2,8.3,26.5
2025-10-13,Winnipeg,MB,8.7,3.1,30.7
2025-10-14,Winnipeg,MB,5.4,-1.5,6.8
2025-10-15,Winnipeg,MB,11.9,3.8,9.9
2025-10-16,Winnipeg,MB,11.7,8.3,14.2
2025-10-17,Winnipeg,MB,13.1,9.7,19.4
2025-10-18,Winnipeg,MB,10.3,5.0,26.3
2025-10-19,Winnipeg,MB,10.4,2.8,16.4
2025-10-20,Winnipeg,MB,7.6,4.5,15.8
2025-10-21,Winnipeg,MB,7.3,3.9,26.2
2025-10-22,Winnipeg,MB,6.4,0.1,10.3
2025-10-23,Winnipeg,MB,7.4,-2.4,9.2
2025-10-24,Winnipeg,MB,9.6,0.3,16.2
2025-10-25,Winnipeg,MB,15.1,3.2,22.7
2025-10-26,Winnipeg,MB,16.3,10.2,33.7
2025-10-27,Winnipeg,MB,14.6,8.3,24.1
2025-10-28,Winnipeg,MB,9.0,5.7,14.1
2025-10-29,Winnipeg,MB,8.3,0.3,12.8
2025-10-30,Winnipeg,MB,6.7,2.5,14.9
2025-10-31,Winnipeg,MB,5.5,2.6,16.5
2025-11-01,Winnipeg,MB,5.1,-0.1,23.4
2025-11-02,Winnipeg,MB,14.5,3.8,35.7
2025-11-03,Winnipeg,MB,9.1,3.3,25.5
2025-11-04,Winnipeg,MB,5.8,0.2,14.6
2025-11-05,Winnipeg,MB,5.2,-1.0,14.9
2025-11-06,Winnipeg,MB,4.2,-3.3,16.4
2025-11-07,Winnipeg,MB,0.5,-6.7,20.9
2025-11-08,Winnipeg,MB,-3.6,-8.2,17.4
2025-11-09,Winnipeg,MB,-1.0,-6.1,21.1
2025-11-10,Winnipeg,MB,0.1,-4.7,30.9
2025-11-11,Winnipeg,MB,7.6,-1.3,21.4
2025-11-12,Winnipeg,MB,6.1,0.2,20.1
2025-11-13,Winnipeg,MB,5.9,-2.6,14.6
2025-11-14,Winnipeg,MB,10.0,2.5,19.0
2025-11-15,Winnipeg,MB,5.0,-1.1,23.0
2025-11-16,Winnipeg,MB,2.1,-4.8,12.3
2025-11-17,Winnipeg,MB,3.5,-5.2,9.9
2025-11-18,Winnipeg,MB,2.6,-4.5,15.0
2025-11-19,Winnipeg,MB,4.3,0.3,12.6
2025-11-20,Winnipeg,MB,3.9,-2.0,16.3
2025-11-21,Winnipeg,MB,1.6,-7.1,12.5
2025-11-22,Winnipeg,MB,6.5,-0.5,19.2
2025-11-23,Winnipeg,MB,8.0,-1.0,16.2
2025-11-24,Winnipeg,MB,3.2,-2.1,12.6
2025-11-25,Winnipeg,MB,-1.4,-2.8,21.1
2025-11-26,Winnipeg,MB,-1.9,-4.3,17.6
2025-11-27,Winnipeg,MB,-3.3,-7.0,18.2
2025-11-28,Winnipeg,MB,-6.2,-8.5,10.8
2025-11-29,Winnipeg,MB,-5.3,-10.9,14.9
2025-11-30,Winnipeg,MB,-9.0,-13.0,13.8
2025-12-01,Winnipeg,MB,-10.7,-16.0,14.6
2025-12-02,Winnipeg,MB,-8.6,-15.4,24.1
2025-12-03,Winnipeg,MB,-13.7,-20.2,19.5
2025-12-04,Winnipeg,MB,-4.8,-20.3,30.1
2025-12-05,Winnipeg,MB,-9.0,-15.6,20.5
2025-12-06,Winnipeg,MB,-15.6,-22.6,12.4
2025-12-07,Winnipeg,MB,-17.0,-25.7,11.5
2025-12-08,Winnipeg,MB,-10.3,-16.8,16.9
2025-12-09,Winnipeg,MB,-7.6,-14.5,13.4
2025-12-10,Winnipeg,MB,-8.6,-17.1,15.9
2025-12-11,Winnipeg,MB,-10.8,-17.0,13.7
2025-12-12,Winnipeg,MB,-10.1,-22.2,21.8
2025-12-13,Winnipeg,MB,-21.2,-25.6,19.3
2025-12-14,Winnipeg,MB,-12.6,-26.3,25.6
2025-12-15,Winnipeg,MB,-9.3,-15.5,22.1
2025-12-16,Winnipeg,MB,4.1,-13.6,29.4
2025-12-17,Winnipeg,MB,-3.8,-17.6,21.3
2025-12-18,Winnipeg,MB,-6.1,-25.3,30.6
2025-12-19,Winnipeg,MB,-9.0,-27.6,31.5
2025-12-20,Winnipeg,MB,-10.2,-20.8,25.3
2025-12-21,Winnipeg,MB,-17.6,-25.6,10.3
2025-12-22,Winnipeg,MB,-9.6,-19.5,13.7
2025-12-23,Winnipeg,MB,-12.4,-15.1,19.4
2025-12-24,Winnipeg,MB,-9.5,-15.4,18.2
2025-12-25,Winnipeg,MB,-4.9,-16.2,22.5
2025-12-26,Winnipeg,MB,-7.9,-11.7,13.6
2025-12-27,Winnipeg,MB,-7.2,-12.9,15.9
2025-12-28,Winnipeg,MB,-13.4,-20.9,23.1
2025-12-29,Winnipeg,MB,-17.1,-26.4,19.3
2025-12-30,Winnipeg,MB,-8.1,-16.6,17.7
2025-12-31,Winnipeg,MB,-13.1,-24.5,19.5
2026-01-01,Winnipeg,MB,-17.5,-24.8,13.0
2026-01-02,Winnipeg,MB,-13.1,-21.5,15.2
2026-01-03,Winnipeg,MB,-12.2,-22.7,9.3
2026-01-04,Winnipeg,MB,-8.7,-22.8,12.7
2026-01-05,Winnipeg,MB,-5.5,-8.9,8.9
2026-01-06,Winnipeg,MB,-5.6,-9.8,13.3
2026-01-07,Winnipeg,MB,-3.5,-10.9,13.9
2026-01-08,Winnipeg,MB,-1.4,-14.8,19.6
2026-01-09,Winnipeg,MB,-9.5,-16.9,15.3
2026-01-10,Winnipeg,MB,-8.2,-14.8,20.9
2026-01-11,Winnipeg,MB,-0.3,-17.6,25.9
2026-01-12,Winnipeg,MB,1.6,-6.5,17.1
2026-01-13,Winnipeg,MB,3.4,-14.7,29.3
2026-01-14,Winnipeg,MB,-11.7,-25.0,19.8
2026-01-15,Winnipeg,MB,1.9,-10.8,28.3
2026-01-16,Winnipeg,MB,-0.7,-16.4,27.9
2026-01-17,Winnipeg,MB,-16.5,-24.2,25.0
2026-01-18,Winnipeg,MB,-14.9,-23.9,29.7
2026-01-19,Winnipeg,MB,-19.7,-26.5,16.8
2026-01-20,Winnipeg,MB,-18.0,-26.1,13.9
2026-01-21,Winnipeg,MB,-15.1,-22.1,27.0
2026-01-22,Winnipeg,MB,-22.4,-31.0,21.7
2026-01-23,Winnipeg,MB,-27.2,-33.9,19.0
2026-01-24,Winnipeg,MB,-24.2,-34.7,9.0
2026-01-25,Winnipeg,MB,-25.6,-39.0,13.6
2026-01-26,Winnipeg,MB,-15.0,-26.6,28.7
2026-01-27,Winnipeg,MB,-18.6,-23.3,20.7
2026-01-28,Winnipeg,MB,-19.1,-24.3,12.4
2026-01-29,Winnipeg,MB,-18.3,-25.3,11.5
2026-01-30,Winnipeg,MB,-19.0,-33.8,16.7
2026-01-31,Winnipeg,MB,-6.4,-21.6,36.4
2026-02-01,Winnipeg,MB,-5.7,-16.2,24.2
2026-02-02,Winnipeg,MB,-15.7,-25.2,15.1
2026-02-03,Winnipeg,MB,-9.3,-28.5,17.0
2026-02-04,Winnipeg,MB,-3.0,-11.0,24.5
2026-02-05,Winnipeg,MB,2.2,-4.4,23.6
2026-02-06,Winnipeg,MB,-3.7,-19.2,28.2
2026-02-07,Winnipeg,MB,-6.0,-16.8,21.0
2026-02-08,Winnipeg,MB,-2.2,-6.1,22.4
2026-02-09,Winnipeg,MB,2.9,-5.1,26.2
2026-02-10,Winnipeg,MB,-5.3,-13.3,20.7
2026-02-11,Winnipeg,MB,-4.1,-18.9,16.3
2026-02-12,Winnipeg,MB,-0.3,-6.4,15.9
2026-02-13,Winnipeg,MB,-0.5,-10.6,11.9
2026-02-14,Winnipeg,MB,-3.0,-9.9,8.3
2026-02-15,Winnipeg,MB,2.4,-6.1,27.3
2026-02-16,Winnipeg,MB,-2.6,-9.5,13.0
2026-02-17,Winnipeg,MB,-0.4,-12.7,30.6
2026-02-18,Winnipeg,MB,-1.8,-4.9,30.3
2026-02-19,Winnipeg,MB,-4.8,-8.5,15.2
2026-02-20,Winnipeg,MB,-8.6,-17.4,18.2
2026-02-21,Winnipeg,MB,-14.8,-19.9,18.8
2026-02-22,Winnipeg,MB,-17.1,-24.1,18.5
2026-02-23,Winnipeg,MB,-9.0,-27.0,28.8
2026-02-24,Winnipeg,MB,-7.4,-18.8,25.6
2026-02-25,Winnipeg,MB,-11.5,-26.7,18.3
2026-02-26,Winnipeg,MB,-6.7,-19.4,11.6
2026-02-27,Winnipeg,MB,1.3,-21.5,43.1
2026-02-28,Winnipeg,MB,-20.1,-28.8,13.9
2026-03-01,Winnipeg,MB,-9.8,-31.6,19.8
2026-03-02,Winnipeg,MB,-2.8,-13.3,21.7
2026-03-03,Winnipeg,MB,-8.9,-14.3,16.5
2026-03-04,Winnipeg,MB,-9.3,-13.4,22.5
2026-03-05,Winnipeg,MB,-6.1,-13.5,14.5
2026-03-06,Winnipeg,MB,-6.0,-10.2,17.2
2026-03-07,Winnipeg,MB,3.8,-10.1,29.9
2026-03-08,Winnipeg,MB,3.1,-5.5,24.6
2026-03-09,Winnipeg,MB,-6.1,-17.2,16.8
2026-03-10,Winnipeg,MB,-4.3,-20.6,12.7
2026-03-11,Winnipeg,MB,-8.2,-17.7,12.0
2026-03-12,Winnipeg,MB,-0.8,-17.0,27.8
2026-03-13,Winnipeg,MB,-6.3,-14.9,27.6
2026-03-14,Winnipeg,MB,-10.3,-17.7,18.3
2026-03-15,Winnipeg,MB,-13.6,-23.0,20.5
2026-03-16,Winnipeg,MB,-11.6,-28.9,8.1
2026-03-17,Winnipeg,MB,-8.0,-24.4,29.6
2026-03-18,Winnipeg,MB,-0.5,-8.0,10.3
2026-03-19,Winnipeg,MB,3.1,-8.5,20.9
2026-03-20,Winnipeg,MB,1.8,-3.1,12.5
2026-03-21,Winnipeg,MB,1.6,-2.3,28.2
2026-03-22,Winnipeg,MB,-0.4,-6.4,16.5
2026-03-23,Winnipeg,MB,2.6,-10.7,26.3
2026-03-24,Winnipeg,MB,-1.6,-9.6,15.5
2026-03-25,Winnipeg,MB,-0.9,-6.4,18.4
2026-03-26,Winnipeg,MB,-6.2,-14.2,22.8
2026-03-27,Winnipeg,MB,-6.7,-12.4,18.0
2026-03-28,Winnipeg,MB,-1.1,-10.0,14.8
2026-03-29,Winnipeg,MB,0.6,-7.0,11.7
2026-03-30,Winnipeg,MB,-3.3,-6.2,16.2
2026-03-31,Winnipeg,MB,-2.3,-9.8,19.4
2026-04-01,Winnipeg,MB,1.6,-15.8,15.1
2026-04-02,Winnipeg,MB,1.7,-2.2,13.7
2026-04-03,Winnipeg,MB,2.3,-3.5,12.2
2026-04-04,Winnipeg,MB,4.5,-3.2,15.9
2026-04-05,Winnipeg,MB,4.9,-6.3,22.5
2026-04-06,Winnipeg,MB,-2.7,-9.7,21.5
2026-04-07,Winnipeg,MB,-0.8,-8.4,22.5
2026-04-08,Winnipeg,MB,3.7,-1.1,20.4
2026-04-09,Winnipeg,MB,4.8,-5.2,18.9
2026-04-10,Winnipeg,MB,7.3,-1.8,13.2
2026-04-11,Winnipeg,MB,10.5,0.1,24.4
2026-04-12,Winnipeg,MB,9.3,3.1,16.5
2026-04-13,Winnipeg,MB,4.4,-0.6,12.6
2026-04-14,Winnipeg,MB,8.8,-0.9,10.3
2026-04-15,Winnipeg,MB,17.4,1.9,23.5
2026-04-16,Winnipeg,MB,2.1,-7.0,23.6
2026-04-17,Winnipeg,MB,-2.8,-7.9,25.3
2026-04-18,Winnipeg,MB,-0.4,-9.1,25.3
2026-04-19,Winnipeg,MB,1.4,-8.6,12.3
2026-04-20,Winnipeg,MB,15.3,-2.0,25.4
2026-04-21,Winnipeg,MB,16.3,-1.1,15.3
2026-04-22,Winnipeg,MB,21.6,4.7,24.4
2026-04-23,Winnipeg,MB,22.2,4.2,27.9
2026-04-24,Winnipeg,MB,9.6,0.9,22.8
2026-04-25,Winnipeg,MB,5.0,1.0,20.0
2026-04-26,Winnipeg,MB,9.1,-2.4,15.6
2026-04-27,Winnipeg,MB,8.8,1.4,19.5
2026-04-28,Winnipeg,MB,5.9,-2.1,17.7
2026-04-29,Winnipeg,MB,4.4,-1.4,15.2
2026-04-30,Winnipeg,MB,6.0,-1.9,13.3
2026-05-01,Winnipeg,MB,11.8,-1.9,10.5
2026-05-02,Winnipeg,MB,17.6,2.5,16.8
2026-05-03,Winnipeg,MB,21.0,2.0,27.9
2026-05-04,Winnipeg,MB,9.6,-0.4,30.5
2026-05-05,Winnipeg,MB,2.3,-2.5,18.6
2026-05-06,Winnipeg,MB,5.6,-1.4,17.1
2026-05-07,Winnipeg,MB,10.4,-3.4,16.8
2026-05-08,Winnipeg,MB,13.1,1.9,22.0
2026-05-09,Winnipeg,MB,9.2,0.3,25.6
2026-05-10,Winnipeg,MB,9.0,-1.2,13.3
2026-05-11,Winnipeg,MB,16.3,0.4,24.2
2026-05-12,Winnipeg,MB,17.6,5.7,27.5
2026-05-13,Winnipeg,MB,23.1,4.4,18.0
2026-05-14,Winnipeg,MB,25.8,13.3,34.7
2026-05-15,Winnipeg,MB,18.9,8.2,36.5
2026-05-16,Winnipeg,MB,9.8,2.1,16.7
2026-05-17,Winnipeg,MB,11.5,1.4,19.2
2026-05-18,Winnipeg,MB,7.5,3.7,18.6
2026-05-19,Winnipeg,MB,8.0,3.1,17.4
2026-05-20,Winnipeg,MB,16.5,-0.1,18.6
2026-05-21,Winnipeg,MB,20.5,8.1,22.9
2026-05-22,Winnipeg,MB,20.6,10.4,19.7
2026-05-23,Winnipeg,MB,12.6,8.5,15.9
2026-05-24,Winnipeg,MB,23.5,6.9,14.8
2026-05-25,Winnipeg,MB,26.2,12.7,17.7
2026-05-26,Winnipeg,MB,29.2,11.9,18.5
2026-05-27,Winnipeg,MB,27.9,14.5,16.0
2026-05-28,Winnipeg,MB,34.1,16.3,16.7
2026-05-29,Winnipeg,MB,34.7,21.7,15.8
2026-05-30,Winnipeg,MB,31.1,21.8,21.6
2026-05-31,Winnipeg,MB,30.6,20.0,20.1
2026-06-01,Winnipeg,MB,26.6,17.8,16.5
2026-06-02,Winnipeg,MB,29.5,17.6,21.1
2026-06-03,Winnipeg,MB,22.8,15.9,16.9
2026-06-04,Winnipeg,MB,22.4,14.6,12.5
2026-06-05,Winnipeg,MB,21.0,13.0,10.8
2026-06-06,Winnipeg,MB,30.8,12.8,18.6
2026-06-07,Winnipeg,MB,32.6,20.4,27.2
2026-06-08,Winnipeg,MB,27.5,21.6,24.3
2026-06-09,Winnipeg,MB,30.4,15.2,24.1
2026-06-10,Winnipeg,MB,28.8,18.7,28.1
2026-06-11,Winnipeg,MB,20.1,13.8,19.9
2026-06-12,Winnipeg,MB,18.6,12.1,26.2
2026-06-13,Winnipeg,MB,14.4,9.5,20.5
2026-06-14,Winnipeg,MB,21.0,9.0,20.2
2026-06-15,Winnipeg,MB,18.6,12.0,19.4
2026-06-16,Winnipeg,MB,23.0,9.2,15.3
2026-06-17,Winnipeg,MB,19.4,10.7,19.1
2026-06-18,Winnipeg,MB,18.9,8.1,14.8
2026-06-19,Winnipeg,MB,19.5,11.2,16.1
2026-06-20,Winnipeg,MB,18.0,8.5,11.7
2026-06-21,Winnipeg,MB,19.5,8.6,15.7
2026-06-22,Winnipeg,MB,22.3,11.2,8.0
2026-06-23,Winnipeg,MB,17.4,13.8,17.3
2026-06-24,Winnipeg,MB,20.4,12.8,16.9
2026-06-25,Winnipeg,MB,23.8,13.3,11.2
2026-06-26,Winnipeg,MB,25.4,13.8,13.4
2026-06-27,Winnipeg,MB,23.4,15.7,18.0
2026-06-28,Winnipeg,MB,26.0,16.7,21.3
2026-06-29,Winnipeg,MB,25.7,18.2,29.2
2026-06-30,Winnipeg,MB,24.6,16.4,31.2
2026-07-01,Winnipeg,MB,22.3,17.1,23.0
2026-07-02,Winnipeg,MB,19.8,14.7,12.1
2026-07-03,Winnipeg,MB,21.0,13.6,9.5
2026-07-04,Winnipeg,MB,26.2,14.3,8.4
2026-07-05,Winnipeg,MB,31.9,18.4,17.1
2026-07-06,Winnipeg,MB,26.9,19.5,20.4
2026-07-07,Winnipeg,MB,23.9,15.8,8.5
2026-07-08,Winnipeg,MB,26.4,15.4,9.7
2026-07-09,Winnipeg,MB,27.0,15.4,14.1
2026-07-10,Winnipeg,MB,28.1,15.9,8.5
2026-07-11,Winnipeg,MB,33.8,19.2,12.0
2026-07-12,Winnipeg,MB,35.6,23.6,18.6
2026-07-13,Winnipeg,MB,35.3,25.5,23.1
2026-07-14,Winnipeg,MB,27.7,19.8,8.8
2026-07-15,Winnipeg,MB,23.7,19.7,10.5
2026-07-16,Winnipeg,MB,26.1,17.6,18.6
2026-07-17,Winnipeg,MB,25.7,18.9,17.8
2026-07-18,Winnipeg,MB,29.5,17.9,7.8
2026-07-19,Winnipeg,MB,31.1,20.6,21.4
2026-07-20,Winnipeg,MB,25.2,18.0,28.0
2026-07-21,Winnipeg,MB,19.7,15.3,18.7
2026-07-22,Winnipeg,MB,26.2,13.1,12.7
2026-07-23,Winnipeg,MB,29.0,17.5,18.2
2026-07-24,Winnipeg,MB,29.6,18.4,19.3
2024-01-01,Brandon,MB,1.4,-6.8,21.1
2024-01-02,Brandon,MB,-1.4,-6.1,20.5
2024-01-03,Brandon,MB,-5.7,-13.4,10.9
2024-01-04,Brandon,MB,-5.3,-14.7,20.7
2024-01-05,Brandon,MB,-5.3,-8.8,16.8
2024-01-06,Brandon,MB,-8.9,-15.8,10.0
2024-01-07,Brandon,MB,-14.7,-19.3,12.1
2024-01-08,Brandon,MB,-12.0,-17.9,10.8
2024-01-09,Brandon,MB,-11.8,-22.0,11.8
2024-01-10,Brandon,MB,-8.3,-15.4,21.5
2024-01-11,Brandon,MB,-16.0,-24.9,21.1
2024-01-12,Brandon,MB,-21.8,-27.7,16.7
2024-01-13,Brandon,MB,-22.8,-25.7,20.5
2024-01-14,Brandon,MB,-24.5,-28.1,25.3
2024-01-15,Brandon,MB,-21.1,-26.1,30.7
2024-01-16,Brandon,MB,-16.9,-21.2,30.7
2024-01-17,Brandon,MB,-17.4,-22.0,16.7
2024-01-18,Brandon,MB,-18.0,-25.9,25.9
2024-01-19,Brandon,MB,-17.4,-23.4,16.6
2024-01-20,Brandon,MB,-9.8,-24.0,19.3
2024-01-21,Brandon,MB,-9.8,-15.0,13.6
2024-01-22,Brandon,MB,-10.2,-14.1,15.2
2024-01-23,Brandon,MB,-1.4,-14.3,14.8
2024-01-24,Brandon,MB,-2.6,-7.8,14.6
2024-01-25,Brandon,MB,-1.4,-5.0,8.9
2024-01-26,Brandon,MB,0.2,-5.7,15.7
2024-01-27,Brandon,MB,-0.6,-10.8,13.8
2024-01-28,Brandon,MB,1.3,-5.0,16.1
2024-01-29,Brandon,MB,2.3,-2.3,23.2
2024-01-30,Brandon,MB,4.5,-10.5,25.9
2024-01-31,Brandon,MB,3.8,-3.9,22.9
2024-02-01,Brandon,MB,2.0,-6.1,15.3
2024-02-02,Brandon,MB,3.1,-6.3,14.5
2024-02-03,Brandon,MB,4.8,0.1,11.2
2024-02-04,Brandon,MB,2.2,0.2,11.3
2024-02-05,Brandon,MB,3.9,0.2,15.8
2024-02-06,Brandon,MB,2.4,-0.5,11.0
2024-02-07,Brandon,MB,0.4,-0.7,24.8
2024-02-08,Brandon,MB,-0.1,-8.1,19.9
2024-02-09,Brandon,MB,-3.4,-8.1,23.9
2024-02-10,Brandon,MB,-2.6,-9.9,18.5
2024-02-11,Brandon,MB,-1.4,-10.9,18.7
2024-02-12,Brandon,MB,-3.1,-9.1,14.8
2024-02-13,Brandon,MB,-0.2,-6.9,25.4
2024-02-14,Brandon,MB,-3.6,-15.0,24.0
2024-02-15,Brandon,MB,-14.2,-20.1,15.0
2024-02-16,Brandon,MB,-7.8,-24.8,25.3
2024-02-17,Brandon,MB,-1.2,-9.8,27.6
2024-02-18,Brandon,MB,-2.2,-13.8,18.4
2024-02-19,Brandon,MB,-0.8,-12.9,15.2
2024-02-20,Brandon,MB,-5.2,-12.6,11.9
2024-02-21,Brandon,MB,-1.9,-10.2,10.0
2024-02-22,Brandon,MB,1.8,-8.6,20.1
2024-02-23,Brandon,MB,-5.2,-11.3,15.8
2024-02-24,Brandon,MB,3.5,-4.5,21.8
2024-02-25,Brandon,MB,-1.4,-10.2,18.2
2024-02-26,Brandon,MB,0.7,-13.7,21.9
2024-02-27,Brandon,MB,-14.4,-22.5,20.7
2024-02-28,Brandon,MB,-14.9,-25.3,11.0
2024-02-29,Brandon,MB,-2.2,-17.6,24.6
2024-03-01,Brandon,MB,3.2,-8.7,25.4
2024-03-02,Brandon,MB,-5.0,-14.6,28.6
2024-03-03,Brandon,MB,-2.3,-10.6,34.7
2024-03-04,Brandon,MB,-10.8,-17.7,35.2
2024-03-05,Brandon,MB,-16.5,-25.9,16.2
2024-03-06,Brandon,MB,-9.1,-18.9,26.0
2024-03-07,Brandon,MB,-9.4,-14.8,26.1
2024-03-08,Brandon,MB,-10.8,-22.1,14.1
2024-03-09,Brandon,MB,-3.5,-21.1,17.9
2024-03-10,Brandon,MB,3.3,-9.2,19.5
2024-03-11,Brandon,MB,3.9,-7.6,17.8
2024-03-12,Brandon,MB,1.2,-6.5,14.4
2024-03-13,Brandon,MB,3.0,-1.3,17.1
2024-03-14,Brandon,MB,0.3,-1.7,13.2
2024-03-15,Brandon,MB,4.5,-4.2,31.7
2024-03-16,Brandon,MB,0.9,-9.7,24.7
2024-03-17,Brandon,MB,-7.6,-13.1,19.5
2024-03-18,Brandon,MB,5.0,-13.6,22.2
2024-03-19,Brandon,MB,2.4,-11.3,18.5
2024-03-20,Brandon,MB,-9.6,-20.5,10.8
2024-03-21,Brandon,MB,-6.2,-19.5,8.7
2024-03-22,Brandon,MB,-7.5,-17.3,16.1
2024-03-23,Brandon,MB,-6.4,-19.0,11.1
2024-03-24,Brandon,MB,-4.7,-14.5,16.8
2024-03-25,Brandon,MB,-7.2,-14.1,21.3
2024-03-26,Brandon,MB,-6.6,-15.1,21.1
2024-03-27,Brandon,MB,-5.2,-17.8,18.4
2024-03-28,Brandon,MB,1.3,-18.4,14.9
2024-03-29,Brandon,MB,-0.5,-4.9,20.2
2024-03-30,Brandon,MB,0.1,-7.6,17.8
2024-03-31,Brandon,MB,-2.1,-14.5,12.3
2024-04-01,Brandon,MB,5.4,-12.5,22.1
2024-04-02,Brandon,MB,6.5,-3.2,25.2
2024-04-03,Brandon,MB,9.2,-5.4,12.1
2024-04-04,Brandon,MB,12.1,-3.9,16.1
2024-04-05,Brandon,MB,13.4,-1.5,27.9
2024-04-06,Brandon,MB,13.8,1.9,28.4
2024-04-07,Brandon,MB,11.9,-1.3,18.8
2024-04-08,Brandon,MB,13.2,-1.3,13.7
2024-04-09,Brandon,MB,14.7,-1.8,10.2
2024-04-10,Brandon,MB,13.6,2.5,25.9
2024-04-11,Brandon,MB,11.6,1.7,22.4
2024-04-12,Brandon,MB,12.6,-1.1,19.5
2024-04-13,Brandon,MB,20.0,1.6,24.3
2024-04-14,Brandon,MB,14.7,2.2,17.2
2024-04-15,Brandon,MB,15.5,3.1,27.7
2024-04-16,Brandon,MB,7.9,4.7,24.3
2024-04-17,Brandon,MB,8.1,2.9,32.1
2024-04-18,Brandon,MB,1.9,-2.5,32.8
2024-04-19,Brandon,MB,2.4,-3.7,31.7
2024-04-20,Brandon,MB,10.2,-4.7,24.3
2024-04-21,Brandon,MB,14.5,-2.2,18.5
2024-04-22,Brandon,MB,13.0,5.1,30.8
2024-04-23,Brandon,MB,12.0,0.0,21.9
2024-04-24,Brandon,MB,18.7,-0.8,14.4
2024-04-25,Brandon,MB,21.1,5.8,18.9
2024-04-26,Brandon,MB,12.3,7.9,12.6
2024-04-27,Brandon,MB,10.3,1.9,24.1
2024-04-28,Brandon,MB,10.5,-3.6,17.7
2024-04-29,Brandon,MB,5.9,1.6,10.1
2024-04-30,Brandon,MB,13.4,-2.0,18.5
2024-05-01,Brandon,MB,14.2,3.6,24.3
2024-05-02,Brandon,MB,9.1,3.7,13.2
2024-05-03,Brandon,MB,9.2,5.0,11.9
2024-05-04,Brandon,MB,11.7,3.9,12.9
2024-05-05,Brandon,MB,18.5,0.0,20.6
2024-05-06,Brandon,MB,16.6,8.2,30.8
2024-05-07,Brandon,MB,12.0,10.3,28.8
2024-05-08,Brandon,MB,18.4,8.8,23.8
2024-05-09,Brandon,MB,21.4,5.0,20.8
2024-05-10,Brandon,MB,19.5,6.4,26.3
2024-05-11,Brandon,MB,25.3,7.0,30.6
2024-05-12,Brandon,MB,18.0,6.8,20.0
2024-05-13,Brandon,MB,10.9,1.5,19.9
2024-05-14,Brandon,MB,12.8,4.9,26.4
2024-05-15,Brandon,MB,15.0,6.9,15.9
2024-05-16,Brandon,MB,20.6,4.4,14.1
2024-05-17,Brandon,MB,23.1,7.1,13.8
2024-05-18,Brandon,MB,14.0,9.2,35.7
2024-05-19,Brandon,MB,18.1,5.7,17.7
2024-05-20,Brandon,MB,16.7,7.2,14.6
2024-05-21,Brandon,MB,18.2,4.4,15.5
2024-05-22,Brandon,MB,16.5,7.4,17.6
2024-05-23,Brandon,MB,12.9,7.1,20.8
2024-05-24,Brandon,MB,9.8,1.2,26.6
2024-05-25,Brandon,MB,11.4,1.1,26.0
2024-05-26,Brandon,MB,17.5,0.5,9.0
2024-05-27,Brandon,MB,16.6,4.2,20.4
2024-05-28,Brandon,MB,14.3,4.6,11.4
2024-05-29,Brandon,MB,20.9,6.8,25.9
2024-05-30,Brandon,MB,20.0,11.8,28.9
2024-05-31,Brandon,MB,19.2,10.1,38.8
2024-06-01,Brandon,MB,20.6,9.5,30.6
2024-06-02,Brandon,MB,22.2,12.6,21.7
2024-06-03,Brandon,MB,21.4,7.7,19.6
2024-06-04,Brandon,MB,19.9,14.1,32.5
2024-06-05,Brandon,MB,17.5,12.0,42.9
2024-06-06,Brandon,MB,17.8,10.6,39.9
2024-06-07,Brandon,MB,19.9,8.4,23.1
2024-06-08,Brandon,MB,19.3,6.8,24.7
2024-06-09,Brandon,MB,16.6,4.8,13.8
2024-06-10,Brandon,MB,17.0,6.2,20.2
2024-06-11,Brandon,MB,21.9,11.8,41.1
2024-06-12,Brandon,MB,23.8,10.3,21.9
2024-06-13,Brandon,MB,20.4,10.9,22.7
2024-06-14,Brandon,MB,24.0,10.4,12.0
2024-06-15,Brandon,MB,27.0,13.6,12.2
2024-06-16,Brandon,MB,20.4,14.5,44.8
2024-06-17,Brandon,MB,18.8,8.0,22.2
2024-06-18,Brandon,MB,15.2,10.6,16.9
2024-06-19,Brandon,MB,18.8,6.1,21.0
2024-06-20,Brandon,MB,23.1,10.2,15.5
2024-06-21,Brandon,MB,23.2,11.7,14.0
2024-06-22,Brandon,MB,22.1,12.6,21.2
2024-06-23,Brandon,MB,22.9,10.0,13.0
2024-06-24,Brandon,MB,26.9,15.7,33.2
2024-06-25,Brandon,MB,20.6,14.1,29.3
2024-06-26,Brandon,MB,18.4,10.5,10.9
2024-06-27,Brandon,MB,22.2,9.1,22.4
2024-06-28,Brandon,MB,15.1,11.1,29.0
2024-06-29,Brandon,MB,19.2,7.5,17.4
2024-06-30,Brandon,MB,20.1,5.5,17.7
2024-07-01,Brandon,MB,25.1,13.5,19.4
2024-07-02,Brandon,MB,21.9,15.2,26.7
2024-07-03,Brandon,MB,23.7,13.6,20.3
2024-07-04,Brandon,MB,23.7,13.5,21.0
2024-07-05,Brandon,MB,24.2,10.7,10.8
2024-07-06,Brandon,MB,24.1,13.8,14.2
2024-07-07,Brandon,MB,25.4,14.4,24.2
2024-07-08,Brandon,MB,25.1,14.2,8.3
2024-07-09,Brandon,MB,26.4,13.7,10.8
2024-07-10,Brandon,MB,28.6,15.5,14.1
2024-07-11,Brandon,MB,31.9,19.5,22.4
2024-07-12,Brandon,MB,31.5,19.2,17.9
2024-07-13,Brandon,MB,26.8,17.5,18.3
2024-07-14,Brandon,MB,26.1,13.3,16.6
2024-07-15,Brandon,MB,23.1,15.5,19.5
2024-07-16,Brandon,MB,21.8,11.6,19.0
2024-07-17,Brandon,MB,22.5,9.1,9.0
2024-07-18,Brandon,MB,27.2,11.3,10.5
2024-07-19,Brandon,MB,27.6,14.7,13.5
2024-07-20,Brandon,MB,27.9,17.2,20.6
2024-07-21,Brandon,MB,29.1,16.1,9.5
2024-07-22,Brandon,MB,27.0,17.1,15.6
2024-07-23,Brandon,MB,24.4,17.1,12.4
2024-07-24,Brandon,MB,27.0,16.3,21.2
2024-07-25,Brandon,MB,32.4,19.0,19.8
2024-07-26,Brandon,MB,27.4,20.7,26.7
2024-07-27,Brandon,MB,28.8,17.7,21.5
2024-07-28,Brandon,MB,24.8,14.9,17.8
2024-07-29,Brandon,MB,27.5,15.5,12.5
2024-07-30,Brandon,MB,32.0,14.6,18.2
2024-07-31,Brandon,MB,27.8,18.1,19.1
2024-08-01,Brandon,MB,31.0,17.0,20.1
2024-08-02,Brandon,MB,29.2,14.1,11.9
2024-08-03,Brandon,MB,23.8,16.5,24.7
2024-08-04,Brandon,MB,19.3,11.3,13.0
2024-08-05,Brandon,MB,21.0,12.2,12.6
2024-08-06,Brandon,MB,23.8,11.2,17.6
2024-08-07,Brandon,MB,19.6,11.9,23.8
2024-08-08,Brandon,MB,18.7,10.2,30.7
2024-08-09,Brandon,MB,19.7,11.3,12.6
2024-08-10,Brandon,MB,22.2,8.3,10.6
2024-08-11,Brandon,MB,23.3,9.5,9.5
2024-08-12,Brandon,MB,25.3,10.2,11.9
2024-08-13,Brandon,MB,25.1,13.9,20.1
2024-08-14,Brandon,MB,23.1,17.0,16.6
2024-08-15,Brandon,MB,23.4,16.6,19.8
2024-08-16,Brandon,MB,24.8,16.9,16.5
2024-08-17,Brandon,MB,24.1,12.4,10.3
2024-08-18,Brandon,MB,26.5,14.5,13.7
2024-08-19,Brandon,MB,28.8,16.1,14.7
2024-08-20,Brandon,MB,27.7,19.1,20.3
2024-08-21,Brandon,MB,27.7,16.9,19.4
2024-08-22,Brandon,MB,25.7,18.7,17.5
2024-08-23,Brandon,MB,26.5,13.5,14.1
2024-08-24,Brandon,MB,29.4,18.2,24.2
2024-08-25,Brandon,MB,27.7,18.9,22.8
2024-08-26,Brandon,MB,21.3,12.3,14.0
2024-08-27,Brandon,MB,19.9,9.8,12.2
2024-08-28,Brandon,MB,23.3,9.7,27.2
2024-08-29,Brandon,MB,18.3,14.0,28.7
2024-08-30,Brandon,MB,23.2,15.1,27.9
2024-08-31,Brandon,MB,21.1,12.5,29.9
2024-09-01,Brandon,MB,21.6,7.9,10.4
2024-09-02,Brandon,MB,26.1,11.2,17.8
2024-09-03,Brandon,MB,26.8,13.4,11.5
2024-09-04,Brandon,MB,23.6,14.7,25.7
2024-09-05,Brandon,MB,19.3,10.0,18.4
2024-09-06,Brandon,MB,17.8,6.8,11.2
2024-09-07,Brandon,MB,24.9,9.4,23.0
2024-09-08,Brandon,MB,28.8,12.1,18.7
2024-09-09,Brandon,MB,30.5,15.5,16.9
2024-09-10,Brandon,MB,26.3,16.3,24.5
2024-09-11,Brandon,MB,20.9,9.8,22.6
2024-09-12,Brandon,MB,27.3,15.2,30.0
2024-09-13,Brandon,MB,24.0,18.7,31.4
2024-09-14,Brandon,MB,25.0,13.7,19.4
2024-09-15,Brandon,MB,26.1,13.7,16.3
2024-09-16,Brandon,MB,25.5,12.0,15.8
2024-09-17,Brandon,MB,24.4,14.8,20.2
2024-09-18,Brandon,MB,25.5,15.5,24.3
2024-09-19,Brandon,MB,19.7,13.6,30.7
2024-09-20,Brandon,MB,23.0,11.1,29.4
2024-09-21,Brandon,MB,16.5,9.8,24.4
2024-09-22,Brandon,MB,17.5,5.6,17.1
2024-09-23,Brandon,MB,17.0,12.8,18.3
2024-09-24,Brandon,MB,20.9,10.2,16.9
2024-09-25,Brandon,MB,27.0,13.3,19.3
2024-09-26,Brandon,MB,27.9,16.2,26.3
2024-09-27,Brandon,MB,24.0,7.2,19.9
2024-09-28,Brandon,MB,22.7,9.8,13.8
2024-09-29,Brandon,MB,28.3,11.5,28.6
2024-09-30,Brandon,MB,26.5,10.4,47.1
2024-10-01,Brandon,MB,16.4,5.4,24.2
2024-10-02,Brandon,MB,15.0,7.9,27.2
2024-10-03,Brandon,MB,12.1,4.0,32.1
2024-10-04,Brandon,MB,18.3,1.2,22.9
2024-10-05,Brandon,MB,16.2,6.3,50.8
2024-10-06,Brandon,MB,15.1,4.3,27.4
2024-10-07,Brandon,MB,16.7,2.3,12.3
2024-10-08,Brandon,MB,22.5,4.7,12.6
2024-10-09,Brandon,MB,22.1,4.7,14.2
2024-10-10,Brandon,MB,18.3,8.3,18.5
2024-10-11,Brandon,MB,14.4,3.3,11.2
2024-10-12,Brandon,MB,14.2,5.0,23.6
2024-10-13,Brandon,MB,11.4,1.7,14.7
2024-10-14,Brandon,MB,8.8,-0.2,21.8
2024-10-15,Brandon,MB,10.7,-1.6,20.7
2024-10-16,Brandon,MB,18.2,4.5,14.8
2024-10-17,Brandon,MB,16.8,2.7,24.2
2024-10-18,Brandon,MB,12.3,4.4,17.5
2024-10-19,Brandon,MB,15.3,3.4,28.2
2024-10-20,Brandon,MB,20.7,8.6,21.5
2024-10-21,Brandon,MB,23.1,4.1,16.9
2024-10-22,Brandon,MB,13.3,3.4,21.8
2024-10-23,Brandon,MB,12.8,2.8,22.4
2024-10-24,Brandon,MB,9.9,-1.9,17.0
2024-10-25,Brandon,MB,9.9,0.9,22.0
2024-10-26,Brandon,MB,9.7,-3.9,17.5
2024-10-27,Brandon,MB,10.4,-0.5,18.4
2024-10-28,Brandon,MB,14.7,1.4,20.1
2024-10-29,Brandon,MB,9.3,1.9,14.0
2024-10-30,Brandon,MB,5.7,-3.6,14.4
2024-10-31,Brandon,MB,7.3,-2.8,8.7
2024-11-01,Brandon,MB,7.6,-1.0,12.6
2024-11-02,Brandon,MB,7.9,-4.7,19.7
2024-11-03,Brandon,MB,9.1,2.1,17.5
2024-11-04,Brandon,MB,6.4,0.3,19.2
2024-11-05,Brandon,MB,8.1,-4.0,12.2
2024-11-06,Brandon,MB,3.1,-2.4,21.3
2024-11-07,Brandon,MB,9.4,-1.7,28.6
2024-11-08,Brandon,MB,10.6,-2.7,16.9
2024-11-09,Brandon,MB,12.5,3.9,22.4
2024-11-10,Brandon,MB,6.1,0.6,27.0
2024-11-11,Brandon,MB,4.4,-2.7,16.8
2024-11-12,Brandon,MB,7.9,0.6,16.8
2024-11-13,Brandon,MB,7.7,-0.2,12.6
2024-11-14,Brandon,MB,5.5,-2.0,18.9
2024-11-15,Brandon,MB,6.4,-1.2,17.6
2024-11-16,Brandon,MB,2.9,0.6,25.3
2024-11-17,Brandon,MB,2.0,-0.4,23.1
2024-11-18,Brandon,MB,2.0,-3.6,14.3
2024-11-19,Brandon,MB,1.9,-0.9,29.4
2024-11-20,Brandon,MB,-1.9,-5.6,36.1
2024-11-21,Brandon,MB,-5.8,-10.5,19.0
2024-11-22,Brandon,MB,-4.7,-10.2,16.3
2024-11-23,Brandon,MB,-8.3,-13.9,16.1
2024-11-24,Brandon,MB,-5.1,-10.4,19.6
2024-11-25,Brandon,MB,-10.2,-15.5,25.0
2024-11-26,Brandon,MB,-14.9,-21.3,17.3
2024-11-27,Brandon,MB,-10.7,-18.1,16.3
2024-11-28,Brandon,MB,-12.4,-19.9,19.3
2024-11-29,Brandon,MB,-20.9,-26.2,17.7
2024-11-30,Brandon,MB,-20.6,-26.7,16.7
2024-12-01,Brandon,MB,-13.0,-24.1,11.1
2024-12-02,Brandon,MB,-13.2,-20.7,11.4
2024-12-03,Brandon,MB,1.6,-16.5,30.0
2024-12-04,Brandon,MB,-2.8,-19.8,30.5
2024-12-05,Brandon,MB,-4.5,-22.7,23.0
2024-12-06,Brandon,MB,0.6,-3.9,21.6
2024-12-07,Brandon,MB,2.3,-1.3,22.4
2024-12-08,Brandon,MB,0.3,-5.6,31.4
2024-12-09,Brandon,MB,-5.4,-10.2,28.7
2024-12-10,Brandon,MB,-7.8,-22.5,29.1
2024-12-11,Brandon,MB,-23.4,-29.6,17.2
2024-12-12,Brandon,MB,-28.0,-32.6,14.1
2024-12-13,Brandon,MB,-9.8,-30.3,13.6
2024-12-14,Brandon,MB,-5.4,-11.2,11.9
2024-12-15,Brandon,MB,-3.0,-7.4,9.3
2024-12-16,Brandon,MB,-3.1,-8.4,26.0
2024-12-17,Brandon,MB,-8.4,-18.6,27.0
2024-12-18,Brandon,MB,-17.8,-28.5,25.5
2024-12-19,Brandon,MB,-16.5,-21.2,28.4
2024-12-20,Brandon,MB,-16.7,-29.2,18.0
2024-12-21,Brandon,MB,-6.5,-15.1,17.5
2024-12-22,Brandon,MB,-7.3,-11.1,10.8
2024-12-23,Brandon,MB,-5.4,-12.5,10.8
2024-12-24,Brandon,MB,-2.9,-8.9,19.9
2024-12-25,Brandon,MB,1.1,-9.0,16.9
2024-12-26,Brandon,MB,-2.0,-13.7,17.7
2024-12-27,Brandon,MB,1.2,-14.3,16.7
2024-12-28,Brandon,MB,1.1,-7.9,25.0
2024-12-29,Brandon,MB,-8.6,-13.6,16.7
2024-12-30,Brandon,MB,-3.6,-13.5,27.7
2024-12-31,Brandon,MB,-7.1,-14.5,29.1
2025-01-01,Brandon,MB,-14.7,-17.9,22.9
2025-01-02,Brandon,MB,-18.3,-22.9,21.3
2025-01-03,Brandon,MB,-21.7,-28.4,16.3
2025-01-04,Brandon,MB,-24.9,-33.8,6.3
2025-01-05,Brandon,MB,-21.9,-33.0,11.5
2025-01-06,Brandon,MB,-15.6,-29.2,12.5
2025-01-07,Brandon,MB,-15.0,-26.6,15.7
2025-01-08,Brandon,MB,-3.5,-16.4,20.9
2025-01-09,Brandon,MB,0.8,-7.0,29.2
2025-01-10,Brandon,MB,-6.7,-16.4,14.6
2025-01-11,Brandon,MB,-9.3,-15.3,22.6
2025-01-12,Brandon,MB,-16.2,-23.9,21.8
2025-01-13,Brandon,MB,-21.9,-28.0,15.7
2025-01-14,Brandon,MB,-12.0,-30.3,22.3
2025-01-15,Brandon,MB,2.3,-11.4,36.6
2025-01-16,Brandon,MB,2.1,-9.0,33.3
2025-01-17,Brandon,MB,2.1,-18.6,43.9
2025-01-18,Brandon,MB,-19.3,-27.8,29.0
2025-01-19,Brandon,MB,-25.3,-28.8,20.8
2025-01-20,Brandon,MB,-27.5,-33.7,21.3
2025-01-21,Brandon,MB,-4.1,-30.2,30.2
2025-01-22,Brandon,MB,-3.6,-20.6,23.9
2025-01-23,Brandon,MB,-8.4,-22.5,19.1
2025-01-24,Brandon,MB,-1.3,-8.6,30.4
2025-01-25,Brandon,MB,-7.4,-15.4,31.9
2025-01-26,Brandon,MB,-4.6,-9.3,30.5
2025-01-27,Brandon,MB,0.7,-4.2,32.3
2025-01-28,Brandon,MB,2.5,-4.7,38.3
2025-01-29,Brandon,MB,-0.1,-10.9,17.2
2025-01-30,Brandon,MB,-3.4,-14.1,21.3
2025-01-31,Brandon,MB,-12.3,-24.8,20.4
2025-02-01,Brandon,MB,-3.9,-20.0,33.9
2025-02-02,Brandon,MB,-6.5,-22.9,31.3
2025-02-03,Brandon,MB,-21.0,-25.0,26.7
2025-02-04,Brandon,MB,-18.5,-28.1,14.8
2025-02-05,Brandon,MB,-12.5,-22.9,22.2
2025-02-06,Brandon,MB,-14.1,-20.7,35.8
2025-02-07,Brandon,MB,-13.0,-20.6,21.5
2025-02-08,Brandon,MB,-18.0,-25.8,20.5
2025-02-09,Brandon,MB,-14.5,-22.0,22.8
2025-02-10,Brandon,MB,-19.7,-27.5,23.6
2025-02-11,Brandon,MB,-21.1,-29.8,22.7
2025-02-12,Brandon,MB,-23.6,-33.0,14.1
2025-02-13,Brandon,MB,-20.7,-33.7,13.3
2025-02-14,Brandon,MB,-19.7,-31.8,18.8
2025-02-15,Brandon,MB,-18.1,-27.7,15.8
2025-02-16,Brandon,MB,-24.2,-30.4,21.2
2025-02-17,Brandon,MB,-24.1,-35.0,14.1
2025-02-18,Brandon,MB,-24.0,-35.8,18.9
2025-02-19,Brandon,MB,-21.3,-31.7,18.0
2025-02-20,Brandon,MB,-12.3,-31.9,17.6
2025-02-21,Brandon,MB,-4.5,-17.8,24.3
2025-02-22,Brandon,MB,-1.0,-8.5,24.1
2025-02-23,Brandon,MB,4.2,-10.9,35.7
2025-02-24,Brandon,MB,3.3,-5.4,36.2
2025-02-25,Brandon,MB,2.0,-9.8,18.8
2025-02-26,Brandon,MB,2.5,-9.1,27.0
2025-02-27,Brandon,MB,3.2,-8.4,33.7
2025-02-28,Brandon,MB,3.2,-20.7,42.3
2025-03-01,Brandon,MB,-4.7,-25.4,12.9
2025-03-02,Brandon,MB,1.5,-9.7,10.4
2025-03-03,Brandon,MB,2.4,-8.0,14.6
2025-03-04,Brandon,MB,-2.6,-13.1,15.6
2025-03-05,Brandon,MB,-1.3,-15.5,18.8
2025-03-06,Brandon,MB,-0.5,-12.1,21.1
2025-03-07,Brandon,MB,1.0,-12.1,21.2
2025-03-08,Brandon,MB,4.0,-4.9,19.5
2025-03-09,Brandon,MB,2.7,-2.8,17.2
2025-03-10,Brandon,MB,-3.7,-14.0,21.6
2025-03-11,Brandon,MB,-4.6,-18.0,14.0
2025-03-12,Brandon,MB,2.8,-7.3,10.2
2025-03-13,Brandon,MB,-1.5,-4.7,27.2
2025-03-14,Brandon,MB,0.2,-7.4,27.6
2025-03-15,Brandon,MB,-7.7,-12.2,30.0
2025-03-16,Brandon,MB,-7.0,-18.4,12.3
2025-03-17,Brandon,MB,-5.6,-9.4,20.3
2025-03-18,Brandon,MB,-2.2,-9.5,14.7
2025-03-19,Brandon,MB,-0.5,-13.9,21.0
2025-03-20,Brandon,MB,2.4,-8.2,12.1
2025-03-21,Brandon,MB,-2.6,-14.6,13.8
2025-03-22,Brandon,MB,-2.7,-16.1,18.6
2025-03-23,Brandon,MB,-0.6,-8.2,15.9
2025-03-24,Brandon,MB,3.4,-10.2,9.3
2025-03-25,Brandon,MB,6.0,-6.6,22.9
2025-03-26,Brandon,MB,9.5,-3.0,16.0
2025-03-27,Brandon,MB,-2.2,-7.1,24.5
2025-03-28,Brandon,MB,-5.6,-7.1,26.3
2025-03-29,Brandon,MB,-2.8,-8.3,13.5
2025-03-30,Brandon,MB,-1.8,-8.0,12.7
2025-03-31,Brandon,MB,-0.4,-13.1,15.2
2025-04-01,Brandon,MB,0.1,-5.2,21.3
2025-04-02,Brandon,MB,1.4,-0.9,13.4
2025-04-03,Brandon,MB,1.9,-2.3,18.5
2025-04-04,Brandon,MB,-1.7,-7.7,23.0
2025-04-05,Brandon,MB,6.1,-8.7,20.9
2025-04-06,Brandon,MB,4.0,-6.3,18.5
2025-04-07,Brandon,MB,-0.8,-10.0,14.6
2025-04-08,Brandon,MB,7.6,-4.7,16.9
2025-04-09,Brandon,MB,12.3,-2.5,10.8
2025-04-10,Brandon,MB,13.2,0.1,15.6
2025-04-11,Brandon,MB,17.9,-1.2,23.4
2025-04-12,Brandon,MB,16.8,3.2,15.5
2025-04-13,Brandon,MB,7.6,0.8,16.7
2025-04-14,Brandon,MB,6.4,0.8,25.8
2025-04-15,Brandon,MB,12.0,-3.7,16.9
2025-04-16,Brandon,MB,12.8,3.2,19.6
2025-04-17,Brandon,MB,7.8,1.3,19.4
2025-04-18,Brandon,MB,4.0,-3.8,18.3
2025-04-19,Brandon,MB,9.8,-3.6,20.6
2025-04-20,Brandon,MB,15.4,1.2,21.6
2025-04-21,Brandon,MB,12.1,4.9,26.8
2025-04-22,Brandon,MB,4.9,1.6,25.6
2025-04-23,Brandon,MB,9.8,0.8,15.5
2025-04-24,Brandon,MB,13.9,-2.7,13.8
2025-04-25,Brandon,MB,15.7,-1.3,11.7
2025-04-26,Brandon,MB,17.5,4.0,29.4
2025-04-27,Brandon,MB,16.8,7.4,14.7
2025-04-28,Brandon,MB,8.4,-0.5,21.7
2025-04-29,Brandon,MB,13.2,-4.8,21.1
2025-04-30,Brandon,MB,18.4,5.7,19.5
2025-05-01,Brandon,MB,16.0,2.1,16.6
2025-05-02,Brandon,MB,14.7,1.6,19.4
2025-05-03,Brandon,MB,21.8,7.7,23.1
2025-05-04,Brandon,MB,26.7,8.3,27.9
2025-05-05,Brandon,MB,19.5,9.9,25.9
2025-05-06,Brandon,MB,16.5,6.1,19.0
2025-05-07,Brandon,MB,17.2,-1.4,13.4
2025-05-08,Brandon,MB,27.4,10.0,31.5
2025-05-09,Brandon,MB,20.2,9.7,23.0
2025-05-10,Brandon,MB,26.1,7.2,24.4
2025-05-11,Brandon,MB,26.3,11.2,23.5
2025-05-12,Brandon,MB,30.4,10.3,16.9
2025-05-13,Brandon,MB,28.4,17.4,22.4
2025-05-14,Brandon,MB,17.9,7.4,22.9
2025-05-15,Brandon,MB,18.1,6.4,28.5
2025-05-16,Brandon,MB,6.2,3.7,29.6
2025-05-17,Brandon,MB,9.3,1.2,16.3
2025-05-18,Brandon,MB,8.7,2.3,21.8
2025-05-19,Brandon,MB,13.0,4.4,26.6
2025-05-20,Brandon,MB,8.8,1.8,21.4
2025-05-21,Brandon,MB,11.2,4.3,21.1
2025-05-22,Brandon,MB,19.1,2.5,13.2
2025-05-23,Brandon,MB,18.6,3.6,15.1
2025-05-24,Brandon,MB,18.8,4.0,10.7
2025-05-25,Brandon,MB,20.9,4.2,10.3
2025-05-26,Brandon,MB,22.0,6.2,9.9
2025-05-27,Brandon,MB,22.0,7.8,15.0
2025-05-28,Brandon,MB,22.0,7.9,12.7
2025-05-29,Brandon,MB,24.1,11.0,17.0
2025-05-30,Brandon,MB,26.7,12.2,19.6
2025-05-31,Brandon,MB,27.9,14.9,15.6
2025-06-01,Brandon,MB,29.2,15.8,28.9
2025-06-02,Brandon,MB,18.2,13.1,22.9
2025-06-03,Brandon,MB,19.3,9.3,24.6
2025-06-04,Brandon,MB,19.1,7.5,20.1
2025-06-05,Brandon,MB,19.9,5.1,9.2
2025-06-06,Brandon,MB,23.3,10.7,22.2
2025-06-07,Brandon,MB,20.0,11.9,33.7
2025-06-08,Brandon,MB,12.5,8.8,33.3
2025-06-09,Brandon,MB,19.4,10.2,20.4
2025-06-10,Brandon,MB,22.5,10.4,24.1
2025-06-11,Brandon,MB,21.3,8.6,11.1
2025-06-12,Brandon,MB,21.6,8.1,16.5
2025-06-13,Brandon,MB,22.2,10.2,21.0
2025-06-14,Brandon,MB,21.6,13.0,18.9
2025-06-15,Brandon,MB,25.3,13.8,13.6
2025-06-16,Brandon,MB,24.6,15.4,11.3
2025-06-17,Brandon,MB,22.5,12.4,19.4
2025-06-18,Brandon,MB,24.1,13.8,17.8
2025-06-19,Brandon,MB,24.3,11.6,19.3
2025-06-20,Brandon,MB,25.2,14.3,20.7
2025-06-21,Brandon,MB,22.9,16.1,29.5
2025-06-22,Brandon,MB,19.1,13.9,18.9
2025-06-23,Brandon,MB,16.2,9.8,29.1
2025-06-24,Brandon,MB,22.7,8.5,21.6
2025-06-25,Brandon,MB,21.0,10.8,18.0
2025-06-26,Brandon,MB,22.9,12.5,16.7
2025-06-27,Brandon,MB,23.6,13.6,20.1
2025-06-28,Brandon,MB,26.8,14.6,19.6
2025-06-29,Brandon,MB,23.0,15.2,28.0
2025-06-30,Brandon,MB,24.6,15.9,20.6
2025-07-01,Brandon,MB,26.3,15.1,13.6
2025-07-02,Brandon,MB,26.8,15.4,12.3
2025-07-03,Brandon,MB,29.9,17.3,26.5
2025-07-04,Brandon,MB,29.0,19.9,20.5
2025-07-05,Brandon,MB,22.8,13.6,16.6
2025-07-06,Brandon,MB,20.2,11.4,10.1
2025-07-07,Brandon,MB,18.3,11.4,17.5
2025-07-08,Brandon,MB,23.2,10.6,11.3
2025-07-09,Brandon,MB,29.3,15.4,21.9
2025-07-10,Brandon,MB,29.2,17.0,17.2
2025-07-11,Brandon,MB,19.8,14.4,18.0
2025-07-12,Brandon,MB,24.2,12.0,17.4
2025-07-13,Brandon,MB,25.3,16.0,22.7
2025-07-14,Brandon,MB,20.0,14.3,15.7
2025-07-15,Brandon,MB,18.2,13.2,23.3
2025-07-16,Brandon,MB,18.5,9.7,9.4
2025-07-17,Brandon,MB,19.7,9.0,11.4
2025-07-18,Brandon,MB,22.9,9.0,9.0
2025-07-19,Brandon,MB,22.9,10.2,13.6
2025-07-20,Brandon,MB,21.3,14.5,22.2
2025-07-21,Brandon,MB,25.8,16.1,16.0
2025-07-22,Brandon,MB,22.7,15.5,12.1
2025-07-23,Brandon,MB,21.6,14.8,10.4
2025-07-24,Brandon,MB,23.1,12.7,11.0
2025-07-25,Brandon,MB,29.4,15.2,17.2
2025-07-26,Brandon,MB,27.7,17.8,13.6
2025-07-27,Brandon,MB,24.9,16.0,22.1
2025-07-28,Brandon,MB,24.1,15.2,11.7
2025-07-29,Brandon,MB,22.1,12.6,10.0
2025-07-30,Brandon,MB,21.4,10.3,6.8
2025-07-31,Brandon,MB,22.7,11.4,12.7
2025-08-01,Brandon,MB,26.2,13.6,13.3
2025-08-02,Brandon,MB,25.6,15.8,17.1
2025-08-03,Brandon,MB,24.8,14.5,11.4
2025-08-04,Brandon,MB,24.5,15.3,16.2
2025-08-05,Brandon,MB,23.0,16.6,19.8
2025-08-06,Brandon,MB,24.7,16.5,21.5
2025-08-07,Brandon,MB,25.3,14.9,18.3
2025-08-08,Brandon,MB,24.0,17.5,25.7
2025-08-09,Brandon,MB,20.5,13.6,19.2
2025-08-10,Brandon,MB,23.5,14.9,17.7
2025-08-11,Brandon,MB,21.2,16.2,20.7
2025-08-12,Brandon,MB,20.3,14.0,21.8
2025-08-13,Brandon,MB,23.2,11.5,21.7
2025-08-14,Brandon,MB,24.6,16.5,19.9
2025-08-15,Brandon,MB,19.5,11.1,17.8
2025-08-16,Brandon,MB,19.7,11.6,21.9
2025-08-17,Brandon,MB,22.0,14.3,19.0
2025-08-18,Brandon,MB,24.0,13.6,10.2
2025-08-19,Brandon,MB,26.3,15.3,11.7
2025-08-20,Brandon,MB,28.9,19.1,22.9
2025-08-21,Brandon,MB,24.8,17.1,21.5
2025-08-22,Brandon,MB,18.8,12.6,35.5
2025-08-23,Brandon,MB,18.1,11.1,23.1
2025-08-24,Brandon,MB,18.3,8.2,11.5
2025-08-25,Brandon,MB,21.3,8.7,15.7
2025-08-26,Brandon,MB,25.5,12.2,18.5
2025-08-27,Brandon,MB,27.0,13.6,14.0
2025-08-28,Brandon,MB,26.1,12.7,8.6
2025-08-29,Brandon,MB,28.0,13.9,8.0
2025-08-30,Brandon,MB,28.8,14.8,13.8
2025-08-31,Brandon,MB,26.8,14.5,13.3
2025-09-01,Brandon,MB,26.9,16.8,16.6
2025-09-02,Brandon,MB,18.9,10.6,15.1
2025-09-03,Brandon,MB,13.3,6.0,20.1
2025-09-04,Brandon,MB,12.4,5.9,28.6
2025-09-05,Brandon,MB,12.4,5.8,25.8
2025-09-06,Brandon,MB,13.7,5.4,17.2
2025-09-07,Brandon,MB,19.3,3.1,14.6
2025-09-08,Brandon,MB,21.7,8.6,13.5
2025-09-09,Brandon,MB,24.0,9.5,13.9
2025-09-10,Brandon,MB,26.2,9.8,15.1
2025-09-11,Brandon,MB,22.6,15.2,19.7
2025-09-12,Brandon,MB,22.8,15.2,14.9
2025-09-13,Brandon,MB,21.5,16.5,19.6
2025-09-14,Brandon,MB,24.8,17.3,13.8
2025-09-15,Brandon,MB,23.3,17.0,18.7
2025-09-16,Brandon,MB,23.5,15.8,22.1
2025-09-17,Brandon,MB,20.6,12.7,16.8
2025-09-18,Brandon,MB,15.2,12.3,15.4
2025-09-19,Brandon,MB,17.1,12.1,13.6
2025-09-20,Brandon,MB,20.3,13.0,7.2
2025-09-21,Brandon,MB,24.1,9.1,10.6
2025-09-22,Brandon,MB,24.3,10.8,13.6
2025-09-23,Brandon,MB,22.6,12.0,14.8
2025-09-24,Brandon,MB,24.8,7.1,21.3
2025-09-25,Brandon,MB,20.3,9.9,22.0
2025-09-26,Brandon,MB,22.2,7.5,31.5
2025-09-27,Brandon,MB,23.0,6.1,23.4
2025-09-28,Brandon,MB,25.8,6.8,17.1
2025-09-29,Brandon,MB,21.0,9.8,24.1
2025-09-30,Brandon,MB,28.8,13.0,26.3
2025-10-01,Brandon,MB,25.9,17.0,17.5
2025-10-02,Brandon,MB,25.6,9.8,13.8
2025-10-03,Brandon,MB,22.1,10.9,18.8
2025-10-04,Brandon,MB,20.3,11.8,13.8
2025-10-05,Brandon,MB,13.6,6.2,22.3
2025-10-06,Brandon,MB,10.5,0.3,23.4
2025-10-07,Brandon,MB,10.1,-3.8,14.5
2025-10-08,Brandon,MB,19.7,6.7,22.0
2025-10-09,Brandon,MB,19.3,7.6,21.5
2025-10-10,Brandon,MB,17.3,1.0,13.6
2025-10-11,Brandon,MB,19.7,6.0,24.0
2025-10-12,Brandon,MB,17.3,3.7,38.2
2025-10-13,Brandon,MB,6.7,1.0,42.4
2025-10-14,Brandon,MB,5.5,-3.9,13.1
2025-10-15,Brandon,MB,10.0,1.8,10.1
2025-10-16,Brandon,MB,11.9,7.4,19.8
2025-10-17,Brandon,MB,12.5,7.6,22.3
2025-10-18,Brandon,MB,10.8,3.9,35.2
2025-10-19,Brandon,MB,12.6,-0.1,16.8
2025-10-20,Brandon,MB,9.0,5.0,29.0
2025-10-21,Brandon,MB,6.6,0.3,28.9
2025-10-22,Brandon,MB,11.2,-0.9,12.7
2025-10-23,Brandon,MB,12.3,-4.0,14.7
2025-10-24,Brandon,MB,11.6,0.7,15.4
2025-10-25,Brandon,MB,18.1,0.8,19.2
2025-10-26,Brandon,MB,17.2,10.3,29.7
2025-10-27,Brandon,MB,10.0,6.3,15.6
2025-10-28,Brandon,MB,8.5,1.6,24.7
2025-10-29,Brandon,MB,9.1,-4.1,16.3
2025-10-30,Brandon,MB,4.8,2.3,24.3
2025-10-31,Brandon,MB,4.9,2.1,18.3
2025-11-01,Brandon,MB,6.1,-0.9,19.2
2025-11-02,Brandon,MB,12.2,5.4,40.7
2025-11-03,Brandon,MB,10.3,1.3,27.3
2025-11-04,Brandon,MB,6.5,-0.8,15.3
2025-11-05,Brandon,MB,5.8,-4.0,19.4
2025-11-06,Brandon,MB,4.2,-3.7,17.7
2025-11-07,Brandon,MB,0.4,-8.9,21.4
2025-11-08,Brandon,MB,-5.7,-9.5,15.5
2025-11-09,Brandon,MB,-4.1,-11.7,17.5
2025-11-10,Brandon,MB,3.1,-11.0,23.4
2025-11-11,Brandon,MB,7.2,1.0,26.2
2025-11-12,Brandon,MB,6.8,-1.1,21.1
2025-11-13,Brandon,MB,7.8,-6.0,13.6
2025-11-14,Brandon,MB,13.1,0.6,19.5
2025-11-15,Brandon,MB,3.3,-2.6,25.5
2025-11-16,Brandon,MB,2.9,-8.3,11.7
2025-11-17,Brandon,MB,4.6,-6.2,14.5
2025-11-18,Brandon,MB,5.2,-3.5,9.9
2025-11-19,Brandon,MB,4.3,-1.5,21.2
2025-11-20,Brandon,MB,3.9,-3.8,20.8
2025-11-21,Brandon,MB,3.2,-9.7,9.4
2025-11-22,Brandon,MB,7.4,-0.2,24.1
2025-11-23,Brandon,MB,8.7,-0.2,14.9
2025-11-24,Brandon,MB,2.1,-1.5,11.0
2025-11-25,Brandon,MB,-0.4,-3.3,15.0
2025-11-26,Brandon,MB,-2.6,-5.5,16.7
2025-11-27,Brandon,MB,-4.8,-12.0,19.0
2025-11-28,Brandon,MB,-6.1,-11.4,10.1
2025-11-29,Brandon,MB,-6.3,-12.4,16.8
2025-11-30,Brandon,MB,-9.9,-16.6,17.4
2025-12-01,Brandon,MB,-11.5,-18.3,15.9
2025-12-02,Brandon,MB,-6.6,-16.3,17.0
2025-12-03,Brandon,MB,-15.4,-20.7,15.4
2025-12-04,Brandon,MB,-1.4,-19.2,23.9
2025-12-05,Brandon,MB,-6.0,-17.1,23.5
2025-12-06,Brandon,MB,-17.9,-22.8,14.7
2025-12-07,Brandon,MB,-13.4,-24.2,11.4
2025-12-08,Brandon,MB,-10.7,-16.6,9.9
2025-12-09,Brandon,MB,-8.5,-16.0,19.9
2025-12-10,Brandon,MB,-9.7,-19.7,22.3
2025-12-11,Brandon,MB,-8.9,-17.3,26.0
2025-12-12,Brandon,MB,-16.2,-26.4,31.0
2025-12-13,Brandon,MB,-23.4,-28.3,26.0
2025-12-14,Brandon,MB,-9.3,-30.4,16.5
2025-12-15,Brandon,MB,-0.3,-15.9,13.9
2025-12-16,Brandon,MB,5.0,-16.6,41.8
2025-12-17,Brandon,MB,-7.7,-17.4,33.1
2025-12-18,Brandon,MB,-12.7,-25.8,34.4
2025-12-19,Brandon,MB,-5.1,-26.5,34.5
2025-12-20,Brandon,MB,-14.3,-22.2,33.8
2025-12-21,Brandon,MB,-16.7,-25.7,15.5
2025-12-22,Brandon,MB,-14.3,-21.7,18.6
2025-12-23,Brandon,MB,-12.9,-18.4,21.8
2025-12-24,Brandon,MB,-10.9,-17.4,18.6
2025-12-25,Brandon,MB,-10.9,-17.3,20.5
2025-12-26,Brandon,MB,-9.6,-15.6,16.2
2025-12-27,Brandon,MB,-10.2,-15.0,18.6
2025-12-28,Brandon,MB,-15.4,-21.5,19.8
2025-12-29,Brandon,MB,-9.6,-24.8,13.0
2025-12-30,Brandon,MB,1.1,-8.2,20.8
2025-12-31,Brandon,MB,-9.6,-21.8,16.4
2026-01-01,Brandon,MB,-15.8,-20.6,12.4
2026-01-02,Brandon,MB,-14.6,-22.0,16.3
2026-01-03,Brandon,MB,-12.8,-19.2,11.3
2026-01-04,Brandon,MB,-8.3,-17.1,16.1
2026-01-05,Brandon,MB,-6.5,-10.8,19.4
2026-01-06,Brandon,MB,-8.8,-13.4,19.7
2026-01-07,Brandon,MB,-1.2,-11.8,17.5
2026-01-08,Brandon,MB,-0.3,-13.5,26.2
2026-01-09,Brandon,MB,-7.9,-16.1,28.8
2026-01-10,Brandon,MB,-10.5,-21.5,24.3
2026-01-11,Brandon,MB,-0.6,-13.6,21.9
2026-01-12,Brandon,MB,2.5,-7.6,24.5
2026-01-13,Brandon,MB,3.6,-13.1,34.5
2026-01-14,Brandon,MB,-2.3,-23.1,17.6
2026-01-15,Brandon,MB,1.9,-3.9,33.9
2026-01-16,Brandon,MB,-6.5,-20.2,33.4
2026-01-17,Brandon,MB,-13.9,-26.5,25.3
2026-01-18,Brandon,MB,-11.0,-23.8,32.1
2026-01-19,Brandon,MB,-18.9,-25.0,20.7
2026-01-20,Brandon,MB,-14.1,-24.5,22.1
2026-01-21,Brandon,MB,-11.6,-18.7,29.0
2026-01-22,Brandon,MB,-19.7,-31.4,26.1
2026-01-23,Brandon,MB,-27.5,-32.5,24.1
2026-01-24,Brandon,MB,-27.0,-34.9,12.1
2026-01-25,Brandon,MB,-25.5,-39.1,20.8
2026-01-26,Brandon,MB,-13.7,-25.4,33.2
2026-01-27,Brandon,MB,-18.2,-23.6,21.6
2026-01-28,Brandon,MB,-18.4,-27.6,15.1
2026-01-29,Brandon,MB,-17.9,-30.7,12.8
2026-01-30,Brandon,MB,-16.1,-31.5,10.1
2026-01-31,Brandon,MB,-2.2,-21.4,27.7
2026-02-01,Brandon,MB,-5.1,-12.0,25.1
2026-02-02,Brandon,MB,-12.8,-23.5,11.6
2026-02-03,Brandon,MB,-2.9,-23.4,19.9
2026-02-04,Brandon,MB,0.4,-6.0,25.1
2026-02-05,Brandon,MB,4.2,-0.1,29.0
2026-02-06,Brandon,MB,-0.3,-12.4,16.1
2026-02-07,Brandon,MB,-4.2,-11.2,18.0
2026-02-08,Brandon,MB,3.3,-5.4,28.5
2026-02-09,Brandon,MB,2.7,-4.8,31.0
2026-02-10,Brandon,MB,-2.9,-11.6,19.6
2026-02-11,Brandon,MB,0.6,-11.0,13.1
2026-02-12,Brandon,MB,0.3,-10.4,13.3
2026-02-13,Brandon,MB,0.5,-10.1,12.6
2026-02-14,Brandon,MB,-2.6,-10.1,13.5
2026-02-15,Brandon,MB,1.0,-8.3,19.8
2026-02-16,Brandon,MB,-1.5,-12.3,20.9
2026-02-17,Brandon,MB,-3.2,-12.4,44.7
2026-02-18,Brandon,MB,-3.5,-9.4,29.8
2026-02-19,Brandon,MB,-10.0,-18.8,23.1
2026-02-20,Brandon,MB,-17.5,-22.0,17.0
2026-02-21,Brandon,MB,-17.2,-22.4,21.0
2026-02-22,Brandon,MB,-17.5,-24.0,11.6
2026-02-23,Brandon,MB,-8.5,-24.3,18.3
2026-02-24,Brandon,MB,-5.2,-17.6,26.9
2026-02-25,Brandon,MB,-5.1,-24.2,16.8
2026-02-26,Brandon,MB,-0.8,-9.7,20.3
2026-02-27,Brandon,MB,0.1,-17.1,40.8
2026-02-28,Brandon,MB,-17.8,-25.8,9.4
2026-03-01,Brandon,MB,-7.8,-29.8,15.8
2026-03-02,Brandon,MB,-2.2,-11.6,22.6
2026-03-03,Brandon,MB,-8.0,-16.5,18.2
2026-03-04,Brandon,MB,-9.0,-15.1,23.0
2026-03-05,Brandon,MB,-11.1,-16.5,16.5
2026-03-06,Brandon,MB,-5.4,-12.0,18.8
2026-03-07,Brandon,MB,4.3,-10.0,34.7
2026-03-08,Brandon,MB,3.4,-1.8,25.8
2026-03-09,Brandon,MB,0.9,-16.0,26.6
2026-03-10,Brandon,MB,-2.2,-18.9,15.9
2026-03-11,Brandon,MB,-6.1,-17.9,13.5
2026-03-12,Brandon,MB,-2.4,-11.5,27.4
2026-03-13,Brandon,MB,-7.3,-18.5,16.0
2026-03-14,Brandon,MB,-7.2,-20.1,16.4
2026-03-15,Brandon,MB,-12.1,-24.2,14.0
2026-03-16,Brandon,MB,-10.9,-28.3,11.8
2026-03-17,Brandon,MB,-0.7,-17.5,26.5
2026-03-18,Brandon,MB,2.9,-8.3,13.3
2026-03-19,Brandon,MB,6.4,-4.1,19.3
2026-03-20,Brandon,MB,5.4,0.0,14.3
2026-03-21,Brandon,MB,1.9,-3.9,21.6
2026-03-22,Brandon,MB,0.9,-6.5,19.0
2026-03-23,Brandon,MB,3.5,-8.4,15.1
2026-03-24,Brandon,MB,0.7,-9.7,19.2
2026-03-25,Brandon,MB,-4.3,-10.9,19.9
2026-03-26,Brandon,MB,-6.7,-14.0,13.1
2026-03-27,Brandon,MB,-5.6,-14.3,20.4
2026-03-28,Brandon,MB,0.4,-8.7,16.2
2026-03-29,Brandon,MB,2.2,-7.8,14.3
2026-03-30,Brandon,MB,-1.9,-5.6,19.1
2026-03-31,Brandon,MB,-4.5,-10.4,19.2
2026-04-01,Brandon,MB,-0.1,-15.3,18.1
2026-04-02,Brandon,MB,0.9,-2.9,19.3
2026-04-03,Brandon,MB,3.4,-3.2,13.9
2026-04-04,Brandon,MB,6.1,-2.8,20.5
2026-04-05,Brandon,MB,3.3,-4.0,30.8
2026-04-06,Brandon,MB,-1.0,-10.9,14.6
2026-04-07,Brandon,MB,2.9,-7.3,27.0
2026-04-08,Brandon,MB,1.3,-2.5,26.7
2026-04-09,Brandon,MB,4.3,-6.5,18.4
2026-04-10,Brandon,MB,7.4,-3.1,14.3
2026-04-11,Brandon,MB,12.7,-0.5,22.8
2026-04-12,Brandon,MB,10.7,2.5,17.7
2026-04-13,Brandon,MB,7.8,-0.7,12.0
2026-04-14,Brandon,MB,11.5,-1.2,14.8
2026-04-15,Brandon,MB,17.8,2.8,22.5
2026-04-16,Brandon,MB,1.0,-8.8,26.7
2026-04-17,Brandon,MB,-2.8,-7.1,36.7
2026-04-18,Brandon,MB,3.7,-8.7,26.1
2026-04-19,Brandon,MB,5.1,-6.0,16.0
2026-04-20,Brandon,MB,17.1,0.4,22.6
2026-04-21,Brandon,MB,21.2,-1.5,20.7
2026-04-22,Brandon,MB,16.6,2.6,27.8
2026-04-23,Brandon,MB,18.9,1.1,38.6
2026-04-24,Brandon,MB,4.4,-1.2,33.3
2026-04-25,Brandon,MB,2.7,-4.0,24.6
2026-04-26,Brandon,MB,7.4,-3.9,22.6
2026-04-27,Brandon,MB,8.2,0.0,19.7
2026-04-28,Brandon,MB,5.2,-1.2,14.9
2026-04-29,Brandon,MB,8.0,-3.0,18.2
2026-04-30,Brandon,MB,9.0,-0.6,15.4
2026-05-01,Brandon,MB,17.4,-2.6,13.4
2026-05-02,Brandon,MB,20.1,4.1,23.4
2026-05-03,Brandon,MB,22.4,2.2,34.8
2026-05-04,Brandon,MB,8.7,1.9,32.2
2026-05-05,Brandon,MB,3.5,-2.0,17.9
2026-05-06,Brandon,MB,9.2,-2.1,17.9
2026-05-07,Brandon,MB,12.9,-5.5,17.7
2026-05-08,Brandon,MB,16.2,3.0,21.6
2026-05-09,Brandon,MB,11.3,-1.0,24.6
2026-05-10,Brandon,MB,12.6,-3.4,13.4
2026-05-11,Brandon,MB,21.9,3.2,27.3
2026-05-12,Brandon,MB,20.5,7.5,30.5
2026-05-13,Brandon,MB,25.1,3.9,22.1
2026-05-14,Brandon,MB,22.7,13.6,48.9
2026-05-15,Brandon,MB,16.7,9.5,40.4
2026-05-16,Brandon,MB,11.8,1.3,21.6
2026-05-17,Brandon,MB,6.3,0.4,23.7
2026-05-18,Brandon,MB,7.3,1.9,18.5
2026-05-19,Brandon,MB,10.4,2.5,14.1
2026-05-20,Brandon,MB,16.3,-0.3,21.7
2026-05-21,Brandon,MB,18.6,7.6,16.7
2026-05-22,Brandon,MB,19.5,7.2,18.3
2026-05-23,Brandon,MB,14.3,7.6,19.0
2026-05-24,Brandon,MB,25.2,5.8,18.1
2026-05-25,Brandon,MB,25.5,12.1,17.4
2026-05-26,Brandon,MB,26.3,10.4,24.7
2026-05-27,Brandon,MB,27.7,12.5,24.6
2026-05-28,Brandon,MB,33.9,14.1,20.4
2026-05-29,Brandon,MB,30.3,20.7,25.9
2026-05-30,Brandon,MB,26.2,17.9,22.5
2026-05-31,Brandon,MB,27.3,15.5,26.0
2026-06-01,Brandon,MB,22.7,14.4,19.3
2026-06-02,Brandon,MB,24.0,10.7,19.0
2026-06-03,Brandon,MB,21.6,13.7,19.0
2026-06-04,Brandon,MB,19.4,11.8,16.5
2026-06-05,Brandon,MB,23.0,10.1,13.1
2026-06-06,Brandon,MB,30.2,13.6,26.7
2026-06-07,Brandon,MB,29.4,17.5,29.6
2026-06-08,Brandon,MB,22.1,15.2,27.4
2026-06-09,Brandon,MB,26.6,9.7,28.0
2026-06-10,Brandon,MB,22.1,14.7,25.6
2026-06-11,Brandon,MB,19.1,12.3,25.8
2026-06-12,Brandon,MB,16.1,9.9,29.3
2026-06-13,Brandon,MB,18.7,9.7,21.5
2026-06-14,Brandon,MB,21.7,6.4,19.3
2026-06-15,Brandon,MB,18.9,10.8,18.2
2026-06-16,Brandon,MB,20.1,7.6,16.7
2026-06-17,Brandon,MB,18.8,9.6,17.6
2026-06-18,Brandon,MB,19.3,9.4,13.8
2026-06-19,Brandon,MB,18.1,11.0,24.7
2026-06-20,Brandon,MB,19.1,6.6,10.7
2026-06-21,Brandon,MB,19.7,7.2,13.0
2026-06-22,Brandon,MB,18.2,11.1,19.4
2026-06-23,Brandon,MB,17.0,12.6,19.8
2026-06-24,Brandon,MB,21.0,11.6,17.2
2026-06-25,Brandon,MB,22.2,8.7,8.7
2026-06-26,Brandon,MB,22.7,11.6,16.9
2026-06-27,Brandon,MB,21.8,14.4,28.2
2026-06-28,Brandon,MB,26.5,16.7,24.0
2026-06-29,Brandon,MB,23.8,15.5,30.9
2026-06-30,Brandon,MB,22.3,14.2,36.0
2026-07-01,Brandon,MB,20.6,15.7,24.2
2026-07-02,Brandon,MB,20.8,12.4,13.1
2026-07-03,Brandon,MB,20.4,12.7,15.6
2026-07-04,Brandon,MB,24.8,14.5,11.4
2026-07-05,Brandon,MB,30.2,17.0,18.9
2026-07-06,Brandon,MB,23.3,16.5,23.9
2026-07-07,Brandon,MB,22.7,11.3,10.0
2026-07-08,Brandon,MB,24.1,11.8,9.8
2026-07-09,Brandon,MB,24.7,13.7,16.9
2026-07-10,Brandon,MB,26.9,13.7,10.9
2026-07-11,Brandon,MB,31.5,17.6,8.9
2026-07-12,Brandon,MB,33.4,21.3,18.4
2026-07-13,Brandon,MB,32.6,22.2,25.4
2026-07-14,Brandon,MB,25.7,16.2,10.5
2026-07-15,Brandon,MB,22.7,16.9,15.5
2026-07-16,Brandon,MB,26.1,16.9,21.4
2026-07-17,Brandon,MB,26.6,16.3,12.7
2026-07-18,Brandon,MB,29.2,18.1,12.5
2026-07-19,Brandon,MB,30.8,19.9,20.2
2026-07-20,Brandon,MB,24.3,16.8,34.2
2026-07-21,Brandon,MB,22.0,13.4,13.1
2026-07-22,Brandon,MB,25.2,13.5,17.1
2026-07-23,Brandon,MB,27.9,16.3,17.8
2026-07-24,Brandon,MB,29.5,19.5,21.8
2024-01-01,Thompson,MB,-0.8,-7.5,14.0
2024-01-02,Thompson,MB,-8.7,-19.8,14.7
2024-01-03,Thompson,MB,-17.7,-24.4,9.8
2024-01-04,Thompson,MB,-11.7,-22.8,15.8
2024-01-05,Thompson,MB,-24.0,-31.3,9.7
2024-01-06,Thompson,MB,-21.1,-25.5,7.6
2024-01-07,Thompson,MB,-24.0,-29.1,9.8
2024-01-08,Thompson,MB,-25.1,-33.4,9.8
2024-01-09,Thompson,MB,-24.3,-31.7,9.7
2024-01-10,Thompson,MB,-24.4,-28.9,11.2
2024-01-11,Thompson,MB,-23.8,-30.5,9.4
2024-01-12,Thompson,MB,-26.7,-31.2,12.0
2024-01-13,Thompson,MB,-24.7,-31.2,16.5
2024-01-14,Thompson,MB,-22.4,-25.5,19.2
2024-01-15,Thompson,MB,-20.6,-23.0,23.7
2024-01-16,Thompson,MB,-17.5,-22.8,20.4
2024-01-17,Thompson,MB,-18.4,-22.9,14.9
2024-01-18,Thompson,MB,-8.9,-22.8,15.9
2024-01-19,Thompson,MB,-12.0,-24.9,11.3
2024-01-20,Thompson,MB,-15.2,-19.3,13.2
2024-01-21,Thompson,MB,-15.6,-20.8,11.2
2024-01-22,Thompson,MB,-21.2,-28.0,13.0
2024-01-23,Thompson,MB,-11.3,-25.3,16.1
2024-01-24,Thompson,MB,-10.6,-17.1,10.4
2024-01-25,Thompson,MB,-6.4,-16.2,10.9
2024-01-26,Thompson,MB,-3.5,-7.6,8.8
2024-01-27,Thompson,MB,-3.0,-11.1,13.9
2024-01-28,Thompson,MB,-1.7,-7.8,13.7
2024-01-29,Thompson,MB,-0.8,-5.7,15.3
2024-01-30,Thompson,MB,3.3,-2.0,19.1
2024-01-31,Thompson,MB,0.8,-17.7,16.1
2024-02-01,Thompson,MB,-4.8,-18.5,14.6
2024-02-02,Thompson,MB,2.7,-4.2,13.8
2024-02-03,Thompson,MB,0.8,-3.2,13.0
2024-02-04,Thompson,MB,0.9,-6.6,15.1
2024-02-05,Thompson,MB,-0.9,-6.3,16.6
2024-02-06,Thompson,MB,-6.4,-18.9,17.0
2024-02-07,Thompson,MB,-12.0,-18.4,11.0
2024-02-08,Thompson,MB,-13.2,-15.5,17.9
2024-02-09,Thompson,MB,-13.1,-17.5,15.5
2024-02-10,Thompson,MB,-12.8,-23.0,8.8
2024-02-11,Thompson,MB,-9.3,-19.8,9.5
2024-02-12,Thompson,MB,-8.4,-17.4,9.4
2024-02-13,Thompson,MB,-4.8,-10.5,12.6
2024-02-14,Thompson,MB,-6.2,-23.5,18.0
2024-02-15,Thompson,MB,-22.2,-30.7,11.2
2024-02-16,Thompson,MB,-10.6,-29.3,11.9
2024-02-17,Thompson,MB,-7.8,-15.4,20.8
2024-02-18,Thompson,MB,-16.2,-24.1,15.5
2024-02-19,Thompson,MB,-15.2,-25.9,8.2
2024-02-20,Thompson,MB,-14.3,-24.2,11.2
2024-02-21,Thompson,MB,-11.8,-22.1,9.3
2024-02-22,Thompson,MB,-11.5,-25.8,15.7
2024-02-23,Thompson,MB,-15.3,-33.0,19.9
2024-02-24,Thompson,MB,-0.9,-17.7,24.5
2024-02-25,Thompson,MB,-14.6,-29.3,15.7
2024-02-26,Thompson,MB,-20.0,-27.4,15.1
2024-02-27,Thompson,MB,-21.3,-30.5,14.8
2024-02-28,Thompson,MB,-21.7,-32.3,11.4
2024-02-29,Thompson,MB,-17.6,-33.7,16.0
2024-03-01,Thompson,MB,-13.8,-18.5,21.1
2024-03-02,Thompson,MB,-15.1,-21.5,13.8
2024-03-03,Thompson,MB,-13.7,-26.8,27.4
2024-03-04,Thompson,MB,-14.9,-19.9,27.9
2024-03-05,Thompson,MB,-14.6,-23.9,10.9
2024-03-06,Thompson,MB,-10.8,-25.2,9.2
2024-03-07,Thompson,MB,-7.2,-21.8,12.4
2024-03-08,Thompson,MB,-3.9,-21.5,13.8
2024-03-09,Thompson,MB,-2.4,-18.7,12.0
2024-03-10,Thompson,MB,0.5,-8.6,20.4
2024-03-11,Thompson,MB,9.3,-4.1,11.7
2024-03-12,Thompson,MB,0.5,-6.4,15.9
2024-03-13,Thompson,MB,-5.3,-9.3,10.5
2024-03-14,Thompson,MB,-3.6,-16.6,12.7
2024-03-15,Thompson,MB,0.8,-7.6,25.6
2024-03-16,Thompson,MB,-8.4,-16.2,19.1
2024-03-17,Thompson,MB,-12.0,-21.7,13.1
2024-03-18,Thompson,MB,0.4,-16.1,24.3
2024-03-19,Thompson,MB,-11.6,-22.3,23.5
2024-03-20,Thompson,MB,-17.4,-27.0,14.1
2024-03-21,Thompson,MB,-16.2,-26.2,16.8
2024-03-22,Thompson,MB,-15.3,-25.4,14.9
2024-03-23,Thompson,MB,-10.4,-24.7,12.7
2024-03-24,Thompson,MB,-14.6,-22.9,12.6
2024-03-25,Thompson,MB,-10.4,-26.0,11.6
2024-03-26,Thompson,MB,-7.6,-21.6,15.1
2024-03-27,Thompson,MB,-6.4,-15.6,16.6
2024-03-28,Thompson,MB,-1.6,-14.8,14.4
2024-03-29,Thompson,MB,-1.3,-15.6,10.9
2024-03-30,Thompson,MB,-4.8,-11.5,11.9
2024-03-31,Thompson,MB,-4.8,-16.5,10.1
2024-04-01,Thompson,MB,0.9,-12.9,18.8
2024-04-02,Thompson,MB,2.6,-5.0,10.2
2024-04-03,Thompson,MB,6.7,-5.9,17.6
2024-04-04,Thompson,MB,4.7,-3.5,15.1
2024-04-05,Thompson,MB,8.1,0.4,14.4
2024-04-06,Thompson,MB,8.9,-2.7,13.9
2024-04-07,Thompson,MB,10.1,-2.3,13.6
2024-04-08,Thompson,MB,11.9,-4.9,10.4
2024-04-09,Thompson,MB,13.6,-1.5,8.8
2024-04-10,Thompson,MB,11.7,1.7,13.0
2024-04-11,Thompson,MB,3.6,-1.1,14.9
2024-04-12,Thompson,MB,4.6,-2.6,11.0
2024-04-13,Thompson,MB,3.6,-1.6,12.6
2024-04-14,Thompson,MB,6.8,-0.6,10.6
2024-04-15,Thompson,MB,9.4,-0.8,13.8
2024-04-16,Thompson,MB,4.0,-1.1,15.7
2024-04-17,Thompson,MB,0.6,-3.3,23.8
2024-04-18,Thompson,MB,-3.1,-5.8,28.9
2024-04-19,Thompson,MB,-0.2,-8.4,24.1
2024-04-20,Thompson,MB,1.0,-7.8,18.4
2024-04-21,Thompson,MB,2.2,-16.1,13.2
2024-04-22,Thompson,MB,7.7,-11.2,20.4
2024-04-23,Thompson,MB,-2.6,-18.9,13.7
2024-04-24,Thompson,MB,10.2,-10.0,12.7
2024-04-25,Thompson,MB,12.7,-3.3,21.7
2024-04-26,Thompson,MB,11.8,0.4,21.7
2024-04-27,Thompson,MB,3.2,-7.6,14.8
2024-04-28,Thompson,MB,9.5,-4.5,16.9
2024-04-29,Thompson,MB,11.7,-0.1,15.5
2024-04-30,Thompson,MB,4.8,0.1,14.7
2024-05-01,Thompson,MB,2.4,0.0,15.7
2024-05-02,Thompson,MB,6.5,-0.2,12.2
2024-05-03,Thompson,MB,5.9,0.3,15.6
2024-05-04,Thompson,MB,5.7,0.6,15.8
2024-05-05,Thompson,MB,9.6,0.1,12.5
2024-05-06,Thompson,MB,16.2,-1.0,16.0
2024-05-07,Thompson,MB,13.4,1.2,20.8
2024-05-08,Thompson,MB,14.5,-0.9,15.9
2024-05-09,Thompson,MB,16.8,2.5,16.3
2024-05-10,Thompson,MB,16.3,4.4,17.1
2024-05-11,Thompson,MB,16.6,6.2,27.8
2024-05-12,Thompson,MB,6.8,-0.5,23.0
2024-05-13,Thompson,MB,9.1,-3.3,11.5
2024-05-14,Thompson,MB,13.6,-0.8,12.2
2024-05-15,Thompson,MB,17.2,4.0,18.4
2024-05-16,Thompson,MB,14.0,5.3,15.5
2024-05-17,Thompson,MB,14.5,7.9,23.1
2024-05-18,Thompson,MB,11.9,4.4,22.6
2024-05-19,Thompson,MB,3.5,1.1,20.2
2024-05-20,Thompson,MB,3.5,0.7,12.5
2024-05-21,Thompson,MB,3.0,0.7,13.1
2024-05-22,Thompson,MB,9.5,1.5,18.1
2024-05-23,Thompson,MB,8.0,-0.3,12.3
2024-05-24,Thompson,MB,11.5,-1.2,10.6
2024-05-25,Thompson,MB,9.1,4.5,15.8
2024-05-26,Thompson,MB,8.7,4.5,14.3
2024-05-27,Thompson,MB,12.9,3.5,16.8
2024-05-28,Thompson,MB,15.2,0.2,12.1
2024-05-29,Thompson,MB,19.7,4.4,21.6
2024-05-30,Thompson,MB,24.6,11.0,24.9
2024-05-31,Thompson,MB,13.6,9.5,26.1
2024-06-01,Thompson,MB,10.8,5.8,19.2
2024-06-02,Thompson,MB,12.5,5.3,9.6
2024-06-03,Thompson,MB,17.2,3.2,14.9
2024-06-04,Thompson,MB,8.9,6.2,22.3
2024-06-05,Thompson,MB,13.1,5.4,22.0
2024-06-06,Thompson,MB,6.4,3.5,18.8
2024-06-07,Thompson,MB,11.3,2.0,10.2
2024-06-08,Thompson,MB,12.3,3.3,16.5
2024-06-09,Thompson,MB,18.4,2.2,12.7
2024-06-10,Thompson,MB,18.8,6.0,15.5
2024-06-11,Thompson,MB,13.4,8.9,13.1
2024-06-12,Thompson,MB,18.9,6.7,14.7
2024-06-13,Thompson,MB,17.1,4.9,15.9
2024-06-14,Thompson,MB,21.3,4.5,15.4
2024-06-15,Thompson,MB,19.1,8.7,14.2
2024-06-16,Thompson,MB,20.3,10.9,23.0
2024-06-17,Thompson,MB,15.7,3.9,31.9
2024-06-18,Thompson,MB,13.0,6.1,18.1
2024-06-19,Thompson,MB,13.0,4.1,20.5
2024-06-20,Thompson,MB,20.7,7.1,13.4
2024-06-21,Thompson,MB,25.0,7.1,14.5
2024-06-22,Thompson,MB,26.2,11.1,13.2
2024-06-23,Thompson,MB,27.9,12.7,15.3
2024-06-24,Thompson,MB,22.1,11.3,21.1
2024-06-25,Thompson,MB,14.3,7.7,19.8
2024-06-26,Thompson,MB,18.1,7.3,14.5
2024-06-27,Thompson,MB,19.8,9.9,18.8
2024-06-28,Thompson,MB,17.3,5.8,16.9
2024-06-29,Thompson,MB,20.1,6.1,12.6
2024-06-30,Thompson,MB,25.5,10.9,17.8
2024-07-01,Thompson,MB,19.6,12.4,15.5
2024-07-02,Thompson,MB,16.7,13.0,13.8
2024-07-03,Thompson,MB,23.3,11.5,13.0
2024-07-04,Thompson,MB,22.5,7.8,14.5
2024-07-05,Thompson,MB,27.0,14.2,14.1
2024-07-06,Thompson,MB,26.2,13.7,9.8
2024-07-07,Thompson,MB,24.0,15.1,14.4
2024-07-08,Thompson,MB,27.0,14.6,15.9
2024-07-09,Thompson,MB,23.4,14.7,13.3
2024-07-10,Thompson,MB,30.3,15.2,23.2
2024-07-11,Thompson,MB,26.1,14.9,19.6
2024-07-12,Thompson,MB,23.8,11.4,15.1
2024-07-13,Thompson,MB,21.6,15.0,16.2
2024-07-14,Thompson,MB,20.9,12.9,14.5
2024-07-15,Thompson,MB,14.2,9.9,14.7
2024-07-16,Thompson,MB,21.5,8.7,12.2
2024-07-17,Thompson,MB,26.0,12.5,13.4
2024-07-18,Thompson,MB,30.5,16.1,11.4
2024-07-19,Thompson,MB,25.7,15.3,12.1
2024-07-20,Thompson,MB,25.9,13.6,11.5
2024-07-21,Thompson,MB,27.8,17.0,18.5
2024-07-22,Thompson,MB,21.6,13.7,13.8
2024-07-23,Thompson,MB,22.8,11.0,11.4
2024-07-24,Thompson,MB,26.0,15.0,15.1
2024-07-25,Thompson,MB,27.1,16.7,25.2
2024-07-26,Thompson,MB,28.3,19.2,22.6
2024-07-27,Thompson,MB,23.0,15.1,24.1
2024-07-28,Thompson,MB,22.7,13.9,15.0
2024-07-29,Thompson,MB,26.0,14.8,10.7
2024-07-30,Thompson,MB,28.5,17.4,17.6
2024-07-31,Thompson,MB,27.3,16.1,15.2
2024-08-01,Thompson,MB,24.6,17.3,29.3
2024-08-02,Thompson,MB,22.1,14.2,21.3
2024-08-03,Thompson,MB,19.3,11.9,15.0
2024-08-04,Thompson,MB,20.1,10.7,16.4
2024-08-05,Thompson,MB,22.2,10.8,11.3
2024-08-06,Thompson,MB,16.4,11.5,14.1
2024-08-07,Thompson,MB,17.8,9.6,20.3
2024-08-08,Thompson,MB,17.9,10.1,14.7
2024-08-09,Thompson,MB,23.1,11.3,11.2
2024-08-10,Thompson,MB,26.9,13.8,10.8
2024-08-11,Thompson,MB,28.2,13.9,9.8
2024-08-12,Thompson,MB,28.9,14.1,11.3
2024-08-13,Thompson,MB,28.5,15.5,13.7
2024-08-14,Thompson,MB,25.2,16.5,15.9
2024-08-15,Thompson,MB,25.1,18.0,15.8
2024-08-16,Thompson,MB,22.7,15.2,13.3
2024-08-17,Thompson,MB,22.1,12.3,13.2
2024-08-18,Thompson,MB,20.6,11.9,12.1
2024-08-19,Thompson,MB,23.0,12.1,13.4
2024-08-20,Thompson,MB,28.0,14.9,22.9
2024-08-21,Thompson,MB,27.5,18.1,18.0
2024-08-22,Thompson,MB,23.2,16.5,12.0
2024-08-23,Thompson,MB,22.9,14.8,10.7
2024-08-24,Thompson,MB,23.3,15.4,13.4
2024-08-25,Thompson,MB,24.9,17.9,23.5
2024-08-26,Thompson,MB,17.6,11.5,24.7
2024-08-27,Thompson,MB,18.9,8.3,12.2
2024-08-28,Thompson,MB,21.0,11.8,18.4
2024-08-29,Thompson,MB,17.5,14.3,13.3
2024-08-30,Thompson,MB,21.9,13.7,21.0
2024-08-31,Thompson,MB,17.1,11.0,27.2
2024-09-01,Thompson,MB,20.0,9.4,13.1
2024-09-02,Thompson,MB,26.8,14.1,13.7
2024-09-03,Thompson,MB,28.2,14.9,17.1
2024-09-04,Thompson,MB,13.9,8.5,14.1
2024-09-05,Thompson,MB,13.7,7.0,15.0
2024-09-06,Thompson,MB,15.3,5.0,19.0
2024-09-07,Thompson,MB,23.8,12.0,16.5
2024-09-08,Thompson,MB,23.6,9.1,13.3
2024-09-09,Thompson,MB,25.3,12.8,14.0
2024-09-10,Thompson,MB,21.2,12.4,17.1
2024-09-11,Thompson,MB,19.5,9.0,13.0
2024-09-12,Thompson,MB,18.0,9.1,19.1
2024-09-13,Thompson,MB,24.7,13.4,23.5
2024-09-14,Thompson,MB,20.1,14.2,23.2
2024-09-15,Thompson,MB,21.7,11.4,15.3
2024-09-16,Thompson,MB,21.0,10.0,10.3
2024-09-17,Thompson,MB,22.5,9.2,9.5
2024-09-18,Thompson,MB,24.3,12.7,12.4
2024-09-19,Thompson,MB,20.5,15.7,15.0
2024-09-20,Thompson,MB,16.1,10.2,15.1
2024-09-21,Thompson,MB,12.1,7.9,16.8
2024-09-22,Thompson,MB,12.9,4.8,12.3
2024-09-23,Thompson,MB,14.7,7.9,10.9
2024-09-24,Thompson,MB,13.8,7.0,16.6
2024-09-25,Thompson,MB,19.2,6.8,17.1
2024-09-26,Thompson,MB,24.6,15.4,19.5
2024-09-27,Thompson,MB,17.3,9.6,26.4
2024-09-28,Thompson,MB,17.0,8.0,17.3
2024-09-29,Thompson,MB,16.9,4.5,18.2
2024-09-30,Thompson,MB,14.4,4.7,34.5
2024-10-01,Thompson,MB,9.1,4.5,24.9
2024-10-02,Thompson,MB,6.9,2.8,27.1
2024-10-03,Thompson,MB,6.1,1.1,23.9
2024-10-04,Thompson,MB,6.5,-0.5,16.6
2024-10-05,Thompson,MB,5.3,2.0,24.5
2024-10-06,Thompson,MB,7.1,-1.8,16.3
2024-10-07,Thompson,MB,11.4,2.8,10.3
2024-10-08,Thompson,MB,9.1,2.8,14.1
2024-10-09,Thompson,MB,13.3,4.9,14.3
2024-10-10,Thompson,MB,11.1,5.0,12.0
2024-10-11,Thompson,MB,10.7,1.4,11.8
2024-10-12,Thompson,MB,10.2,1.2,14.9
2024-10-13,Thompson,MB,4.0,-0.1,13.5
2024-10-14,Thompson,MB,4.0,-2.7,13.8
2024-10-15,Thompson,MB,7.9,-1.2,19.6
2024-10-16,Thompson,MB,7.9,0.4,12.2
2024-10-17,Thompson,MB,11.2,4.2,17.2
2024-10-18,Thompson,MB,9.3,3.6,27.4
2024-10-19,Thompson,MB,10.3,1.6,14.7
2024-10-20,Thompson,MB,4.2,-1.3,11.7
2024-10-21,Thompson,MB,0.1,-1.2,17.9
2024-10-22,Thompson,MB,0.5,-4.5,13.3
2024-10-23,Thompson,MB,5.8,-4.5,26.3
2024-10-24,Thompson,MB,5.1,-3.0,11.8
2024-10-25,Thompson,MB,3.8,-2.1,15.7
2024-10-26,Thompson,MB,3.7,-4.0,10.8
2024-10-27,Thompson,MB,0.6,-6.5,18.4
2024-10-28,Thompson,MB,7.0,-1.1,24.2
2024-10-29,Thompson,MB,3.6,-1.2,16.1
2024-10-30,Thompson,MB,0.0,-5.5,18.9
2024-10-31,Thompson,MB,-2.2,-6.9,10.5
2024-11-01,Thompson,MB,1.2,-8.1,11.4
2024-11-02,Thompson,MB,3.7,-5.5,10.9
2024-11-03,Thompson,MB,0.7,-2.5,12.8
2024-11-04,Thompson,MB,2.7,-0.6,16.3
2024-11-05,Thompson,MB,1.4,-2.1,15.9
2024-11-06,Thompson,MB,0.0,-3.6,15.7
2024-11-07,Thompson,MB,4.6,-0.8,26.1
2024-11-08,Thompson,MB,4.8,-4.1,23.4
2024-11-09,Thompson,MB,6.5,-1.9,16.9
2024-11-10,Thompson,MB,-0.5,-4.3,12.1
2024-11-11,Thompson,MB,-1.5,-4.1,15.7
2024-11-12,Thompson,MB,5.0,-1.3,18.7
2024-11-13,Thompson,MB,2.6,-3.0,12.6
2024-11-14,Thompson,MB,-2.0,-7.2,14.8
2024-11-15,Thompson,MB,-1.1,-3.4,17.4
2024-11-16,Thompson,MB,-1.5,-3.4,6.7
2024-11-17,Thompson,MB,-0.5,-3.6,11.2
2024-11-18,Thompson,MB,1.2,-2.1,9.9
2024-11-19,Thompson,MB,0.3,-0.7,23.2
2024-11-20,Thompson,MB,0.9,-1.6,22.7
2024-11-21,Thompson,MB,-1.6,-7.7,11.8
2024-11-22,Thompson,MB,-6.7,-9.6,14.9
2024-11-23,Thompson,MB,-6.5,-15.5,16.6
2024-11-24,Thompson,MB,-14.7,-16.5,15.1
2024-11-25,Thompson,MB,-10.4,-15.0,15.6
2024-11-26,Thompson,MB,-7.6,-11.6,8.8
2024-11-27,Thompson,MB,-8.9,-11.2,6.9
2024-11-28,Thompson,MB,-10.1,-12.5,6.9
2024-11-29,Thompson,MB,-10.8,-15.2,14.4
2024-11-30,Thompson,MB,-10.9,-18.2,14.8
2024-12-01,Thompson,MB,-16.5,-22.4,9.1
2024-12-02,Thompson,MB,-21.3,-26.1,10.1
2024-12-03,Thompson,MB,-12.0,-25.3,28.2
2024-12-04,Thompson,MB,-15.9,-25.0,22.3
2024-12-05,Thompson,MB,-16.6,-26.1,12.6
2024-12-06,Thompson,MB,-14.8,-27.1,11.2
2024-12-07,Thompson,MB,-12.9,-15.9,10.7
2024-12-08,Thompson,MB,-16.3,-22.0,10.8
2024-12-09,Thompson,MB,-10.4,-18.1,13.2
2024-12-10,Thompson,MB,-12.9,-30.2,16.6
2024-12-11,Thompson,MB,-26.0,-31.9,14.1
2024-12-12,Thompson,MB,-24.5,-31.0,12.2
2024-12-13,Thompson,MB,-14.7,-32.1,18.8
2024-12-14,Thompson,MB,-9.9,-16.0,16.1
2024-12-15,Thompson,MB,-4.7,-10.9,15.4
2024-12-16,Thompson,MB,-11.6,-16.5,15.2
2024-12-17,Thompson,MB,-15.9,-23.9,14.8
2024-12-18,Thompson,MB,-24.0,-28.4,12.9
2024-12-19,Thompson,MB,-22.2,-29.4,12.9
2024-12-20,Thompson,MB,-25.7,-32.9,10.2
2024-12-21,Thompson,MB,-14.2,-26.1,14.4
2024-12-22,Thompson,MB,-12.4,-17.2,7.3
2024-12-23,Thompson,MB,-7.0,-18.4,17.2
2024-12-24,Thompson,MB,-4.3,-9.2,15.7
2024-12-25,Thompson,MB,0.4,-10.1,17.8
2024-12-26,Thompson,MB,-2.9,-10.8,12.0
2024-12-27,Thompson,MB,-2.3,-5.0,12.3
2024-12-28,Thompson,MB,1.4,-2.0,15.8
2024-12-29,Thompson,MB,0.3,-4.8,11.1
2024-12-30,Thompson,MB,-3.1,-6.2,9.8
2024-12-31,Thompson,MB,-3.9,-9.1,12.1
2025-01-01,Thompson,MB,-9.4,-21.2,12.2
2025-01-02,Thompson,MB,-21.3,-27.4,12.8
2025-01-03,Thompson,MB,-27.6,-31.3,12.3
2025-01-04,Thompson,MB,-26.6,-32.4,11.9
2025-01-05,Thompson,MB,-20.2,-29.9,9.7
2025-01-06,Thompson,MB,-18.9,-31.4,12.6
2025-01-07,Thompson,MB,-18.0,-31.4,15.9
2025-01-08,Thompson,MB,-3.3,-17.5,19.3
2025-01-09,Thompson,MB,-2.2,-19.5,18.4
2025-01-10,Thompson,MB,-20.5,-28.2,14.5
2025-01-11,Thompson,MB,-21.6,-25.8,12.2
2025-01-12,Thompson,MB,-19.5,-25.9,12.5
2025-01-13,Thompson,MB,-19.8,-29.6,7.3
2025-01-14,Thompson,MB,-14.3,-27.5,19.5
2025-01-15,Thompson,MB,0.3,-13.7,23.2
2025-01-16,Thompson,MB,-4.7,-9.7,15.2
2025-01-17,Thompson,MB,-10.1,-29.6,23.4
2025-01-18,Thompson,MB,-28.0,-32.8,17.3
2025-01-19,Thompson,MB,-30.6,-33.8,15.3
2025-01-20,Thompson,MB,-26.1,-33.8,14.5
2025-01-21,Thompson,MB,-19.8,-31.5,13.1
2025-01-22,Thompson,MB,-21.5,-29.5,12.4
2025-01-23,Thompson,MB,-12.3,-24.0,17.5
2025-01-24,Thompson,MB,-3.4,-13.7,19.5
2025-01-25,Thompson,MB,-10.8,-21.9,17.1
2025-01-26,Thompson,MB,0.2,-9.8,22.4
2025-01-27,Thompson,MB,-7.4,-21.1,19.5
2025-01-28,Thompson,MB,-17.1,-27.2,19.2
2025-01-29,Thompson,MB,-16.9,-28.2,11.2
2025-01-30,Thompson,MB,-25.0,-35.6,12.0
2025-01-31,Thompson,MB,-24.2,-33.3,10.8
2025-02-01,Thompson,MB,-18.2,-31.4,15.3
2025-02-02,Thompson,MB,-17.5,-19.3,14.4
2025-02-03,Thompson,MB,-18.8,-25.3,15.9
2025-02-04,Thompson,MB,-19.4,-27.8,21.3
2025-02-05,Thompson,MB,-15.0,-19.8,21.3
2025-02-06,Thompson,MB,-9.7,-18.9,15.2
2025-02-07,Thompson,MB,-17.4,-25.0,15.5
2025-02-08,Thompson,MB,-19.0,-28.8,9.9
2025-02-09,Thompson,MB,-18.1,-27.2,11.2
2025-02-10,Thompson,MB,-21.5,-31.3,12.3
2025-02-11,Thompson,MB,-23.6,-30.6,9.8
2025-02-12,Thompson,MB,-24.5,-36.6,7.9
2025-02-13,Thompson,MB,-24.8,-38.3,9.2
2025-02-14,Thompson,MB,-25.1,-38.4,10.6
2025-02-15,Thompson,MB,-23.1,-29.7,10.5
2025-02-16,Thompson,MB,-22.3,-28.1,18.0
2025-02-17,Thompson,MB,-22.6,-35.0,15.0
2025-02-18,Thompson,MB,-16.8,-26.8,14.2
2025-02-19,Thompson,MB,-12.6,-23.5,10.9
2025-02-20,Thompson,MB,-14.9,-27.8,17.3
2025-02-21,Thompson,MB,-9.1,-18.6,14.7
2025-02-22,Thompson,MB,-13.6,-24.1,10.4
2025-02-23,Thompson,MB,-3.9,-16.2,17.7
2025-02-24,Thompson,MB,-3.3,-15.5,18.1
2025-02-25,Thompson,MB,-8.0,-19.6,9.3
2025-02-26,Thompson,MB,-12.6,-22.2,10.5
2025-02-27,Thompson,MB,-17.2,-27.0,14.5
2025-02-28,Thompson,MB,-15.5,-29.9,12.9
2025-03-01,Thompson,MB,-11.4,-30.7,10.1
2025-03-02,Thompson,MB,-4.7,-12.1,8.8
2025-03-03,Thompson,MB,-3.9,-9.2,14.3
2025-03-04,Thompson,MB,-5.8,-18.0,11.3
2025-03-05,Thompson,MB,0.3,-12.8,22.0
2025-03-06,Thompson,MB,-10.9,-20.9,21.3
2025-03-07,Thompson,MB,-11.3,-25.9,15.4
2025-03-08,Thompson,MB,-10.1,-20.6,11.0
2025-03-09,Thompson,MB,-13.0,-24.1,16.6
2025-03-10,Thompson,MB,-18.0,-30.8,18.0
2025-03-11,Thompson,MB,-14.4,-27.6,17.6
2025-03-12,Thompson,MB,-12.4,-24.1,12.2
2025-03-13,Thompson,MB,-12.6,-30.3,10.7
2025-03-14,Thompson,MB,-14.0,-22.0,16.4
2025-03-15,Thompson,MB,-11.7,-17.0,19.1
2025-03-16,Thompson,MB,-14.4,-25.8,16.2
2025-03-17,Thompson,MB,-9.1,-29.7,12.1
2025-03-18,Thompson,MB,-7.9,-17.4,15.9
2025-03-19,Thompson,MB,-8.2,-23.0,15.4
2025-03-20,Thompson,MB,-13.6,-21.2,16.6
2025-03-21,Thompson,MB,-12.3,-28.5,10.6
2025-03-22,Thompson,MB,-7.4,-27.6,11.4
2025-03-23,Thompson,MB,-2.5,-18.6,10.6
2025-03-24,Thompson,MB,1.7,-12.4,12.2
2025-03-25,Thompson,MB,6.6,-14.7,19.3
2025-03-26,Thompson,MB,-5.4,-16.3,13.6
2025-03-27,Thompson,MB,-10.3,-27.2,10.2
2025-03-28,Thompson,MB,-8.9,-28.6,9.2
2025-03-29,Thompson,MB,-4.9,-26.9,7.5
2025-03-30,Thompson,MB,-2.9,-23.7,16.4
2025-03-31,Thompson,MB,-12.3,-27.1,10.6
2025-04-01,Thompson,MB,-4.2,-23.1,11.7
2025-04-02,Thompson,MB,-0.9,-14.0,11.1
2025-04-03,Thompson,MB,-1.4,-11.2,14.8
2025-04-04,Thompson,MB,-6.6,-11.7,17.7
2025-04-05,Thompson,MB,-2.8,-18.9,13.9
2025-04-06,Thompson,MB,-6.0,-18.0,16.0
2025-04-07,Thompson,MB,-2.2,-21.5,12.2
2025-04-08,Thompson,MB,1.4,-8.6,13.6
2025-04-09,Thompson,MB,6.9,-5.9,12.1
2025-04-10,Thompson,MB,12.1,-3.2,13.9
2025-04-11,Thompson,MB,12.2,-2.0,14.5
2025-04-12,Thompson,MB,4.4,-3.6,18.2
2025-04-13,Thompson,MB,2.7,-5.7,10.0
2025-04-14,Thompson,MB,1.0,-5.0,13.8
2025-04-15,Thompson,MB,3.0,-7.9,12.8
2025-04-16,Thompson,MB,3.5,-2.1,19.4
2025-04-17,Thompson,MB,-1.0,-9.0,20.2
2025-04-18,Thompson,MB,-0.7,-14.2,15.6
2025-04-19,Thompson,MB,3.7,-10.2,20.4
2025-04-20,Thompson,MB,11.4,-0.5,14.3
2025-04-21,Thompson,MB,1.0,-5.5,12.4
2025-04-22,Thompson,MB,3.9,-12.1,7.4
2025-04-23,Thompson,MB,7.1,-9.7,11.6
2025-04-24,Thompson,MB,7.5,-3.6,11.1
2025-04-25,Thompson,MB,12.9,-5.1,18.4
2025-04-26,Thompson,MB,19.0,3.1,22.9
2025-04-27,Thompson,MB,14.4,-7.0,18.9
2025-04-28,Thompson,MB,-0.6,-10.3,19.1
2025-04-29,Thompson,MB,6.0,-9.8,24.5
2025-04-30,Thompson,MB,10.0,-2.3,15.2
2025-05-01,Thompson,MB,2.2,-7.0,12.1
2025-05-02,Thompson,MB,8.0,-4.7,16.0
2025-05-03,Thompson,MB,10.9,-1.9,15.2
2025-05-04,Thompson,MB,21.5,1.1,22.5
2025-05-05,Thompson,MB,16.0,1.1,21.0
2025-05-06,Thompson,MB,5.0,-4.3,17.6
2025-05-07,Thompson,MB,13.9,-1.8,23.6
2025-05-08,Thompson,MB,19.4,5.9,24.5
2025-05-09,Thompson,MB,11.2,1.3,25.2
2025-05-10,Thompson,MB,14.6,2.0,21.5
2025-05-11,Thompson,MB,17.7,1.3,15.3
2025-05-12,Thompson,MB,19.2,8.2,16.7
2025-05-13,Thompson,MB,20.7,1.9,27.1
2025-05-14,Thompson,MB,10.6,-0.1,18.4
2025-05-15,Thompson,MB,6.4,0.3,19.5
2025-05-16,Thompson,MB,5.8,-1.5,26.8
2025-05-17,Thompson,MB,5.3,-0.9,14.7
2025-05-18,Thompson,MB,8.1,0.1,10.3
2025-05-19,Thompson,MB,13.5,-2.3,12.3
2025-05-20,Thompson,MB,15.9,1.8,17.8
2025-05-21,Thompson,MB,17.0,4.8,15.5
2025-05-22,Thompson,MB,18.0,4.5,12.4
2025-05-23,Thompson,MB,19.2,4.4,13.1
2025-05-24,Thompson,MB,20.9,5.0,11.6
2025-05-25,Thompson,MB,23.4,6.7,12.0
2025-05-26,Thompson,MB,25.7,8.9,16.6
2025-05-27,Thompson,MB,26.5,10.0,18.8
2025-05-28,Thompson,MB,28.6,12.7,16.3
2025-05-29,Thompson,MB,30.7,12.3,20.2
2025-05-30,Thompson,MB,23.5,8.0,15.9
2025-05-31,Thompson,MB,24.9,11.3,10.1
2025-06-01,Thompson,MB,26.5,12.5,23.9
2025-06-02,Thompson,MB,18.3,10.2,29.9
2025-06-03,Thompson,MB,10.5,7.4,29.8
2025-06-04,Thompson,MB,9.9,5.1,22.1
2025-06-05,Thompson,MB,16.5,3.3,18.4
2025-06-06,Thompson,MB,18.8,7.8,17.7
2025-06-07,Thompson,MB,20.9,12.4,17.9
2025-06-08,Thompson,MB,13.5,6.2,22.4
2025-06-09,Thompson,MB,10.2,4.7,17.6
2025-06-10,Thompson,MB,10.9,5.0,15.0
2025-06-11,Thompson,MB,10.0,2.5,13.0
2025-06-12,Thompson,MB,12.4,2.4,8.6
2025-06-13,Thompson,MB,19.3,4.1,12.8
2025-06-14,Thompson,MB,18.4,6.8,13.7
2025-06-15,Thompson,MB,18.4,9.4,15.5
2025-06-16,Thompson,MB,22.2,6.3,11.6
2025-06-17,Thompson,MB,22.7,10.7,19.8
2025-06-18,Thompson,MB,14.6,7.8,15.6
2025-06-19,Thompson,MB,17.9,7.5,15.6
2025-06-20,Thompson,MB,21.3,10.3,16.7
2025-06-21,Thompson,MB,15.6,6.6,16.8
2025-06-22,Thompson,MB,15.8,8.8,18.7
2025-06-23,Thompson,MB,10.3,5.7,15.8
2025-06-24,Thompson,MB,15.8,5.4,10.5
2025-06-25,Thompson,MB,21.4,8.2,16.3
2025-06-26,Thompson,MB,24.1,9.9,20.4
2025-06-27,Thompson,MB,26.3,13.9,16.2
2025-06-28,Thompson,MB,27.9,14.3,10.1
2025-06-29,Thompson,MB,21.8,13.8,12.0
2025-06-30,Thompson,MB,23.1,12.0,23.1
2025-07-01,Thompson,MB,18.3,11.9,25.0
2025-07-02,Thompson,MB,22.2,9.9,11.1
2025-07-03,Thompson,MB,27.4,14.2,26.5
2025-07-04,Thompson,MB,24.9,16.6,29.0
2025-07-05,Thompson,MB,19.2,11.6,22.2
2025-07-06,Thompson,MB,22.9,11.5,10.1
2025-07-07,Thompson,MB,23.1,13.0,8.6
2025-07-08,Thompson,MB,26.4,15.1,16.7
2025-07-09,Thompson,MB,27.7,16.0,25.0
2025-07-10,Thompson,MB,25.9,16.1,21.5
2025-07-11,Thompson,MB,22.6,13.5,13.0
2025-07-12,Thompson,MB,26.3,14.6,16.9
2025-07-13,Thompson,MB,22.7,15.3,18.9
2025-07-14,Thompson,MB,15.8,11.7,14.3
2025-07-15,Thompson,MB,18.4,9.2,18.1
2025-07-16,Thompson,MB,22.1,10.3,15.6
2025-07-17,Thompson,MB,23.3,12.2,13.9
2025-07-18,Thompson,MB,21.3,11.7,14.6
2025-07-19,Thompson,MB,26.2,12.1,11.7
2025-07-20,Thompson,MB,28.3,14.6,14.5
2025-07-21,Thompson,MB,19.6,14.6,21.4
2025-07-22,Thompson,MB,20.3,13.4,18.6
2025-07-23,Thompson,MB,19.4,11.5,22.9
2025-07-24,Thompson,MB,22.8,10.2,9.1
2025-07-25,Thompson,MB,26.6,14.3,23.5
2025-07-26,Thompson,MB,23.0,14.3,15.0
2025-07-27,Thompson,MB,20.3,12.7,18.3
2025-07-28,Thompson,MB,17.4,10.1,23.1
2025-07-29,Thompson,MB,17.0,9.3,21.6
2025-07-30,Thompson,MB,21.8,8.1,9.6
2025-07-31,Thompson,MB,24.7,11.4,10.8
2025-08-01,Thompson,MB,31.0,15.7,12.5
2025-08-02,Thompson,MB,30.3,15.4,22.7
2025-08-03,Thompson,MB,21.3,10.2,17.6
2025-08-04,Thompson,MB,27.1,12.9,14.8
2025-08-05,Thompson,MB,27.5,18.4,23.2
2025-08-06,Thompson,MB,24.9,17.6,14.4
2025-08-07,Thompson,MB,23.5,15.9,16.4
2025-08-08,Thompson,MB,19.1,12.9,11.8
2025-08-09,Thompson,MB,17.5,14.0,19.6
2025-08-10,Thompson,MB,20.2,11.2,12.6
2025-08-11,Thompson,MB,22.3,14.3,17.9
2025-08-12,Thompson,MB,15.4,11.1,20.7
2025-08-13,Thompson,MB,15.3,7.1,13.0
2025-08-14,Thompson,MB,15.2,9.5,21.4
2025-08-15,Thompson,MB,12.5,8.6,26.1
2025-08-16,Thompson,MB,17.1,5.9,8.3
2025-08-17,Thompson,MB,14.2,10.2,17.3
2025-08-18,Thompson,MB,21.3,11.0,11.4
2025-08-19,Thompson,MB,24.3,12.0,11.6
2025-08-20,Thompson,MB,25.4,13.4,9.8
2025-08-21,Thompson,MB,20.9,15.1,21.3
2025-08-22,Thompson,MB,14.0,11.0,22.7
2025-08-23,Thompson,MB,17.0,10.9,21.9
2025-08-24,Thompson,MB,18.3,7.8,9.6
2025-08-25,Thompson,MB,22.0,9.9,11.3
2025-08-26,Thompson,MB,24.7,12.4,16.2
2025-08-27,Thompson,MB,18.2,9.9,14.3
2025-08-28,Thompson,MB,25.1,11.7,14.2
2025-08-29,Thompson,MB,30.2,14.7,11.3
2025-08-30,Thompson,MB,31.0,14.5,10.5
2025-08-31,Thompson,MB,30.8,16.9,17.2
2025-09-01,Thompson,MB,19.6,10.4,17.5
2025-09-02,Thompson,MB,9.8,4.6,24.4
2025-09-03,Thompson,MB,10.6,2.7,9.7
2025-09-04,Thompson,MB,12.9,5.0,17.5
2025-09-05,Thompson,MB,13.1,3.9,23.0
2025-09-06,Thompson,MB,12.0,6.0,16.8
2025-09-07,Thompson,MB,16.1,4.9,14.2
2025-09-08,Thompson,MB,20.4,8.8,12.3
2025-09-09,Thompson,MB,15.2,4.5,9.4
2025-09-10,Thompson,MB,21.0,8.0,19.6
2025-09-11,Thompson,MB,24.7,12.8,14.8
2025-09-12,Thompson,MB,20.7,7.5,9.0
2025-09-13,Thompson,MB,23.6,9.5,9.4
2025-09-14,Thompson,MB,23.7,11.3,11.7
2025-09-15,Thompson,MB,20.9,15.4,11.0
2025-09-16,Thompson,MB,19.1,12.8,19.9
2025-09-17,Thompson,MB,15.2,10.6,12.9
2025-09-18,Thompson,MB,14.8,7.5,7.8
2025-09-19,Thompson,MB,18.3,5.9,10.8
2025-09-20,Thompson,MB,20.9,8.9,9.5
2025-09-21,Thompson,MB,21.0,9.0,11.6
2025-09-22,Thompson,MB,21.8,11.7,14.6
2025-09-23,Thompson,MB,21.8,11.6,12.5
2025-09-24,Thompson,MB,20.6,9.9,21.2
2025-09-25,Thompson,MB,16.2,7.8,17.8
2025-09-26,Thompson,MB,15.4,7.5,23.0
2025-09-27,Thompson,MB,14.7,7.9,27.0
2025-09-28,Thompson,MB,15.8,7.1,15.9
2025-09-29,Thompson,MB,15.1,2.3,13.3
2025-09-30,Thompson,MB,18.8,8.1,15.4
2025-10-01,Thompson,MB,23.0,14.2,22.2
2025-10-02,Thompson,MB,16.7,6.8,18.9
2025-10-03,Thompson,MB,11.8,1.8,10.8
2025-10-04,Thompson,MB,15.0,7.8,14.6
2025-10-05,Thompson,MB,7.6,2.6,15.4
2025-10-06,Thompson,MB,5.7,0.7,11.2
2025-10-07,Thompson,MB,5.8,0.3,15.5
2025-10-08,Thompson,MB,11.9,2.3,18.3
2025-10-09,Thompson,MB,12.2,6.7,19.4
2025-10-10,Thompson,MB,13.5,3.5,14.9
2025-10-11,Thompson,MB,16.7,6.4,28.0
2025-10-12,Thompson,MB,12.2,1.0,29.2
2025-10-13,Thompson,MB,1.6,-0.5,34.2
2025-10-14,Thompson,MB,4.4,-1.4,22.7
2025-10-15,Thompson,MB,6.2,-0.8,15.1
2025-10-16,Thompson,MB,11.0,1.9,16.3
2025-10-17,Thompson,MB,5.5,-1.7,10.7
2025-10-18,Thompson,MB,3.6,1.2,16.3
2025-10-19,Thompson,MB,5.8,2.2,17.0
2025-10-20,Thompson,MB,4.3,0.8,10.8
2025-10-21,Thompson,MB,3.3,0.3,8.2
2025-10-22,Thompson,MB,3.4,1.3,9.9
2025-10-23,Thompson,MB,4.6,1.0,10.4
2025-10-24,Thompson,MB,7.5,0.5,16.0
2025-10-25,Thompson,MB,10.5,3.3,20.6
2025-10-26,Thompson,MB,10.5,5.8,18.2
2025-10-27,Thompson,MB,11.7,5.8,17.7
2025-10-28,Thompson,MB,6.6,2.4,13.5
2025-10-29,Thompson,MB,4.8,0.7,16.7
2025-10-30,Thompson,MB,2.3,-0.6,14.0
2025-10-31,Thompson,MB,1.2,-1.7,8.4
2025-11-01,Thompson,MB,2.6,-3.5,24.9
2025-11-02,Thompson,MB,5.0,0.2,20.1
2025-11-03,Thompson,MB,6.2,0.8,22.8
2025-11-04,Thompson,MB,3.7,-0.1,21.5
2025-11-05,Thompson,MB,-0.5,-7.1,18.5
2025-11-06,Thompson,MB,-4.5,-11.1,14.2
2025-11-07,Thompson,MB,-6.1,-11.4,17.8
2025-11-08,Thompson,MB,-5.7,-7.8,26.7
2025-11-09,Thompson,MB,-3.4,-10.4,17.3
2025-11-10,Thompson,MB,0.2,-7.3,22.1
2025-11-11,Thompson,MB,2.9,-3.2,18.2
2025-11-12,Thompson,MB,0.7,-1.4,22.6
2025-11-13,Thompson,MB,-0.9,-4.8,19.8
2025-11-14,Thompson,MB,4.3,-4.8,40.8
2025-11-15,Thompson,MB,-1.7,-4.6,30.3
2025-11-16,Thompson,MB,-4.4,-10.2,25.8
2025-11-17,Thompson,MB,-6.2,-12.0,9.4
2025-11-18,Thompson,MB,-1.2,-10.4,10.0
2025-11-19,Thompson,MB,-1.2,-3.4,8.0
2025-11-20,Thompson,MB,-2.0,-7.0,16.9
2025-11-21,Thompson,MB,-6.5,-11.7,12.7
2025-11-22,Thompson,MB,0.3,-5.8,13.0
2025-11-23,Thompson,MB,-2.2,-7.4,11.8
2025-11-24,Thompson,MB,-3.8,-6.8,19.0
2025-11-25,Thompson,MB,-4.7,-6.5,13.1
2025-11-26,Thompson,MB,-6.1,-10.4,14.5
2025-11-27,Thompson,MB,-10.5,-16.9,13.2
2025-11-28,Thompson,MB,-10.1,-16.0,12.6
2025-11-29,Thompson,MB,-12.6,-18.0,13.5
2025-11-30,Thompson,MB,-9.0,-14.6,15.7
2025-12-01,Thompson,MB,-13.1,-21.1,8.9
2025-12-02,Thompson,MB,-15.5,-25.8,14.9
2025-12-03,Thompson,MB,-22.2,-27.8,17.3
2025-12-04,Thompson,MB,-16.1,-23.2,11.4
2025-12-05,Thompson,MB,-17.3,-21.4,16.5
2025-12-06,Thompson,MB,-21.8,-25.7,15.4
2025-12-07,Thompson,MB,-23.8,-30.6,12.4
2025-12-08,Thompson,MB,-18.6,-24.4,10.4
2025-12-09,Thompson,MB,-19.0,-23.0,12.0
2025-12-10,Thompson,MB,-18.6,-22.8,7.7
2025-12-11,Thompson,MB,-14.8,-21.1,16.8
2025-12-12,Thompson,MB,-19.6,-23.6,19.4
2025-12-13,Thompson,MB,-20.2,-26.7,25.6
2025-12-14,Thompson,MB,-16.6,-26.9,15.2
2025-12-15,Thompson,MB,-15.9,-24.4,14.2
2025-12-16,Thompson,MB,-15.5,-26.0,18.5
2025-12-17,Thompson,MB,-22.6,-35.5,11.5
2025-12-18,Thompson,MB,-29.3,-37.6,8.5
2025-12-19,Thompson,MB,-22.8,-34.8,11.3
2025-12-20,Thompson,MB,-23.2,-28.9,11.1
2025-12-21,Thompson,MB,-23.1,-29.1,9.7
2025-12-22,Thompson,MB,-27.0,-33.0,8.7
2025-12-23,Thompson,MB,-23.7,-29.6,10.3
2025-12-24,Thompson,MB,-22.2,-26.1,15.1
2025-12-25,Thompson,MB,-17.2,-26.7,14.0
2025-12-26,Thompson,MB,-15.6,-22.1,16.9
2025-12-27,Thompson,MB,-19.1,-25.3,13.7
2025-12-28,Thompson,MB,-23.4,-29.6,11.8
2025-12-29,Thompson,MB,-22.4,-31.6,9.6
2025-12-30,Thompson,MB,-20.7,-24.7,13.9
2025-12-31,Thompson,MB,-25.8,-32.7,17.6
2026-01-01,Thompson,MB,-21.7,-30.6,26.0
2026-01-02,Thompson,MB,-19.3,-22.4,23.8
2026-01-03,Thompson,MB,-22.7,-27.7,14.6
2026-01-04,Thompson,MB,-25.3,-31.7,7.4
2026-01-05,Thompson,MB,-18.6,-24.8,6.5
2026-01-06,Thompson,MB,-17.5,-22.7,15.8
2026-01-07,Thompson,MB,-13.4,-17.9,14.0
2026-01-08,Thompson,MB,-8.3,-18.1,5.3
2026-01-09,Thompson,MB,-11.0,-21.8,8.9
2026-01-10,Thompson,MB,-16.7,-28.8,17.7
2026-01-11,Thompson,MB,-5.5,-16.0,18.3
2026-01-12,Thompson,MB,-3.8,-12.4,21.3
2026-01-13,Thompson,MB,-14.7,-25.1,21.5
2026-01-14,Thompson,MB,-13.2,-29.4,18.6
2026-01-15,Thompson,MB,1.1,-12.7,21.7
2026-01-16,Thompson,MB,-11.2,-26.5,25.9
2026-01-17,Thompson,MB,-25.1,-34.4,13.9
2026-01-18,Thompson,MB,-24.3,-28.7,17.9
2026-01-19,Thompson,MB,-22.8,-26.8,17.5
2026-01-20,Thompson,MB,-21.6,-28.8,14.4
2026-01-21,Thompson,MB,-22.4,-35.1,19.9
2026-01-22,Thompson,MB,-26.2,-38.1,19.7
2026-01-23,Thompson,MB,-27.9,-33.0,18.6
2026-01-24,Thompson,MB,-27.0,-38.9,13.9
2026-01-25,Thompson,MB,-20.4,-28.0,16.5
2026-01-26,Thompson,MB,-18.5,-22.4,16.2
2026-01-27,Thompson,MB,-19.9,-25.1,17.5
2026-01-28,Thompson,MB,-17.9,-24.2,18.8
2026-01-29,Thompson,MB,-20.7,-29.7,7.9
2026-01-30,Thompson,MB,-15.8,-26.6,19.6
2026-01-31,Thompson,MB,-11.8,-16.1,16.5
2026-02-01,Thompson,MB,-11.7,-24.7,18.8
2026-02-02,Thompson,MB,-18.5,-32.3,11.2
2026-02-03,Thompson,MB,-10.4,-21.6,15.4
2026-02-04,Thompson,MB,-4.8,-24.3,22.4
2026-02-05,Thompson,MB,-2.2,-22.7,22.5
2026-02-06,Thompson,MB,-22.6,-32.6,13.5
2026-02-07,Thompson,MB,-12.6,-26.8,17.8
2026-02-08,Thompson,MB,-9.6,-12.3,14.5
2026-02-09,Thompson,MB,-10.9,-14.6,14.4
2026-02-10,Thompson,MB,-13.1,-19.6,12.2
2026-02-11,Thompson,MB,-7.7,-20.3,16.8
2026-02-12,Thompson,MB,-4.4,-9.0,11.5
2026-02-13,Thompson,MB,-1.5,-10.5,17.1
2026-02-14,Thompson,MB,-3.2,-13.0,16.7
2026-02-15,Thompson,MB,-4.4,-12.6,11.6
2026-02-16,Thompson,MB,-5.5,-23.7,16.0
2026-02-17,Thompson,MB,-15.5,-29.4,17.2
2026-02-18,Thompson,MB,-17.0,-23.7,24.1
2026-02-19,Thompson,MB,-16.7,-25.2,18.8
2026-02-20,Thompson,MB,-13.6,-21.3,13.7
2026-02-21,Thompson,MB,-16.1,-24.2,19.3
2026-02-22,Thompson,MB,-25.0,-36.7,15.7
2026-02-23,Thompson,MB,-19.0,-34.6,17.3
2026-02-24,Thompson,MB,-17.5,-25.1,13.9
2026-02-25,Thompson,MB,-16.9,-34.3,7.1
2026-02-26,Thompson,MB,-14.2,-29.6,13.7
2026-02-27,Thompson,MB,-20.7,-32.9,19.1
2026-02-28,Thompson,MB,-21.8,-36.9,12.0
2026-03-01,Thompson,MB,-14.4,-35.2,18.9
2026-03-02,Thompson,MB,-11.8,-28.8,21.2
2026-03-03,Thompson,MB,-20.0,-32.5,7.4
2026-03-04,Thompson,MB,-20.2,-33.5,12.2
2026-03-05,Thompson,MB,-14.8,-25.2,11.2
2026-03-06,Thompson,MB,-4.3,-14.9,12.3
2026-03-07,Thompson,MB,-7.8,-25.5,18.8
2026-03-08,Thompson,MB,-14.3,-22.2,14.1
2026-03-09,Thompson,MB,-19.2,-31.2,12.4
2026-03-10,Thompson,MB,-12.5,-32.1,10.3
2026-03-11,Thompson,MB,-11.7,-32.7,12.6
2026-03-12,Thompson,MB,-9.6,-19.4,19.9
2026-03-13,Thompson,MB,-18.3,-32.5,14.4
2026-03-14,Thompson,MB,-16.7,-32.9,9.7
2026-03-15,Thompson,MB,-12.5,-32.2,17.9
2026-03-16,Thompson,MB,-13.5,-33.9,8.6
2026-03-17,Thompson,MB,-11.3,-24.3,18.5
2026-03-18,Thompson,MB,-6.5,-17.5,10.7
2026-03-19,Thompson,MB,-4.1,-15.7,8.4
2026-03-20,Thompson,MB,-2.4,-9.3,9.2
2026-03-21,Thompson,MB,-6.3,-16.4,13.9
2026-03-22,Thompson,MB,-1.1,-17.8,17.8
2026-03-23,Thompson,MB,-13.2,-27.3,16.3
2026-03-24,Thompson,MB,-16.1,-36.3,9.7
2026-03-25,Thompson,MB,-12.4,-33.0,11.1
2026-03-26,Thompson,MB,-11.6,-28.7,17.8
2026-03-27,Thompson,MB,-8.8,-21.6,22.1
2026-03-28,Thompson,MB,-4.2,-23.8,18.4
2026-03-29,Thompson,MB,-3.1,-13.8,13.5
2026-03-30,Thompson,MB,-5.2,-14.6,9.4
2026-03-31,Thompson,MB,-3.2,-19.2,13.8
2026-04-01,Thompson,MB,1.2,-12.2,17.3
2026-04-02,Thompson,MB,3.9,-13.2,11.4
2026-04-03,Thompson,MB,4.0,-14.2,11.3
2026-04-04,Thompson,MB,6.2,-6.2,20.2
2026-04-05,Thompson,MB,-7.4,-15.6,19.1
2026-04-06,Thompson,MB,-4.3,-23.6,14.8
2026-04-07,Thompson,MB,1.3,-20.6,11.8
2026-04-08,Thompson,MB,1.5,-15.0,11.1
2026-04-09,Thompson,MB,4.5,-12.1,18.3
2026-04-10,Thompson,MB,-0.7,-13.5,12.6
2026-04-11,Thompson,MB,2.9,-6.9,13.3
2026-04-12,Thompson,MB,0.8,-4.8,16.0
2026-04-13,Thompson,MB,1.3,-13.1,15.2
2026-04-14,Thompson,MB,-8.9,-14.0,14.3
2026-04-15,Thompson,MB,-11.8,-14.5,22.2
2026-04-16,Thompson,MB,-7.0,-19.5,14.7
2026-04-17,Thompson,MB,-7.2,-16.8,16.8
2026-04-18,Thompson,MB,-4.5,-13.7,16.9
2026-04-19,Thompson,MB,1.0,-22.2,18.9
2026-04-20,Thompson,MB,4.9,-5.0,29.1
2026-04-21,Thompson,MB,-0.9,-8.5,12.7
2026-04-22,Thompson,MB,1.1,-8.8,21.3
2026-04-23,Thompson,MB,0.2,-7.1,31.0
2026-04-24,Thompson,MB,2.2,-3.3,26.2
2026-04-25,Thompson,MB,3.9,-2.0,22.1
2026-04-26,Thompson,MB,4.4,-3.3,16.1
2026-04-27,Thompson,MB,1.9,-6.7,16.1
2026-04-28,Thompson,MB,0.5,-5.8,10.6
2026-04-29,Thompson,MB,1.7,-6.0,8.9
2026-04-30,Thompson,MB,7.1,-9.1,10.0
2026-05-01,Thompson,MB,8.0,-6.0,14.4
2026-05-02,Thompson,MB,9.9,0.6,16.9
2026-05-03,Thompson,MB,5.5,-4.5,19.7
2026-05-04,Thompson,MB,-2.4,-6.9,21.4
2026-05-05,Thompson,MB,-2.7,-6.6,19.0
2026-05-06,Thompson,MB,0.8,-9.8,13.9
2026-05-07,Thompson,MB,3.6,-11.3,16.7
2026-05-08,Thompson,MB,2.4,-4.6,21.7
2026-05-09,Thompson,MB,2.6,-2.5,22.2
2026-05-10,Thompson,MB,7.9,-2.2,10.3
2026-05-11,Thompson,MB,11.6,-1.4,17.6
2026-05-12,Thompson,MB,10.6,0.8,14.4
2026-05-13,Thompson,MB,16.2,-2.0,14.8
2026-05-14,Thompson,MB,14.8,4.0,26.0
2026-05-15,Thompson,MB,3.0,-4.0,27.9
2026-05-16,Thompson,MB,3.9,-3.6,17.2
2026-05-17,Thompson,MB,7.1,-4.2,8.8
2026-05-18,Thompson,MB,7.5,-3.1,9.6
2026-05-19,Thompson,MB,9.8,-1.2,11.8
2026-05-20,Thompson,MB,15.3,1.1,13.1
2026-05-21,Thompson,MB,17.9,0.5,11.3
2026-05-22,Thompson,MB,19.4,4.1,16.6
2026-05-23,Thompson,MB,20.8,7.8,17.4
2026-05-24,Thompson,MB,22.0,5.5,11.2
2026-05-25,Thompson,MB,18.0,10.3,19.9
2026-05-26,Thompson,MB,17.1,4.4,11.9
2026-05-27,Thompson,MB,20.4,5.2,14.4
2026-05-28,Thompson,MB,29.0,9.6,15.0
2026-05-29,Thompson,MB,30.6,15.2,15.3
2026-05-30,Thompson,MB,30.5,15.4,14.2
2026-05-31,Thompson,MB,28.8,17.5,16.7
2026-06-01,Thompson,MB,29.0,16.1,18.0
2026-06-02,Thompson,MB,26.0,8.9,20.9
2026-06-03,Thompson,MB,14.4,5.9,17.2
2026-06-04,Thompson,MB,16.3,5.4,13.1
2026-06-05,Thompson,MB,20.0,7.4,12.7
2026-06-06,Thompson,MB,25.8,9.8,22.1
2026-06-07,Thompson,MB,21.6,13.8,13.0
2026-06-08,Thompson,MB,24.3,15.9,27.7
2026-06-09,Thompson,MB,27.1,13.5,26.5
2026-06-10,Thompson,MB,16.9,11.7,19.9
2026-06-11,Thompson,MB,11.4,8.0,25.5
2026-06-12,Thompson,MB,7.7,3.8,23.9
2026-06-13,Thompson,MB,17.6,5.2,26.8
2026-06-14,Thompson,MB,20.1,5.2,22.0
2026-06-15,Thompson,MB,10.9,6.7,15.7
2026-06-16,Thompson,MB,12.4,5.4,16.2
2026-06-17,Thompson,MB,11.6,5.3,17.0
2026-06-18,Thompson,MB,13.0,6.2,12.3
2026-06-19,Thompson,MB,12.1,6.5,16.0
2026-06-20,Thompson,MB,17.4,8.4,15.6
2026-06-21,Thompson,MB,20.3,6.9,12.9
2026-06-22,Thompson,MB,20.9,7.6,8.6
2026-06-23,Thompson,MB,23.3,8.5,9.5
2026-06-24,Thompson,MB,25.0,10.4,8.5
2026-06-25,Thompson,MB,24.8,10.5,13.9
2026-06-26,Thompson,MB,25.3,11.5,9.4
2026-06-27,Thompson,MB,26.8,12.3,12.6
2026-06-28,Thompson,MB,27.9,14.2,11.9
2026-06-29,Thompson,MB,22.0,14.8,15.4
2026-06-30,Thompson,MB,17.0,13.9,30.5
2026-07-01,Thompson,MB,19.8,11.9,26.3
2026-07-02,Thompson,MB,21.1,8.6,15.8
2026-07-03,Thompson,MB,23.6,9.8,10.1
2026-07-04,Thompson,MB,23.8,12.5,19.5
2026-07-05,Thompson,MB,23.3,15.2,15.4
2026-07-06,Thompson,MB,23.5,13.8,24.5
2026-07-07,Thompson,MB,22.6,13.3,20.6
2026-07-08,Thompson,MB,21.7,10.3,12.2
2026-07-09,Thompson,MB,22.3,12.9,16.5
2026-07-10,Thompson,MB,21.6,13.5,13.1
2026-07-11,Thompson,MB,24.0,13.4,14.5
2026-07-12,Thompson,MB,30.3,15.2,21.4
2026-07-13,Thompson,MB,24.7,17.6,27.6
2026-07-14,Thompson,MB,25.3,16.2,20.7
2026-07-15,Thompson,MB,27.1,14.4,14.1
2026-07-16,Thompson,MB,25.0,16.4,10.8
2026-07-17,Thompson,MB,25.6,16.0,9.7
2026-07-18,Thompson,MB,27.8,15.4,11.3
2026-07-19,Thompson,MB,28.3,18.0,17.9
2026-07-20,Thompson,MB,22.2,14.2,24.7
2026-07-21,Thompson,MB,19.9,11.5,10.4
2026-07-22,Thompson,MB,25.5,13.4,14.7
2026-07-23,Thompson,MB,24.3,13.5,13.8
2026-07-24,Thompson,MB,19.4,13.1,19.5
2024-01-01,Portage la Prairie,MB,2.0,-6.3,22.8
2024-01-02,Portage la Prairie,MB,-0.3,-4.5,19.9
2024-01-03,Portage la Prairie,MB,-4.7,-10.0,17.7
2024-01-04,Portage la Prairie,MB,-4.1,-11.0,19.9
2024-01-05,Portage la Prairie,MB,-4.6,-6.1,13.3
2024-01-06,Portage la Prairie,MB,-6.2,-14.4,18.7
2024-01-07,Portage la Prairie,MB,-13.9,-15.8,12.1
2024-01-08,Portage la Prairie,MB,-11.6,-16.0,9.3
2024-01-09,Portage la Prairie,MB,-10.5,-22.0,18.1
2024-01-10,Portage la Prairie,MB,-8.1,-14.3,22.3
2024-01-11,Portage la Prairie,MB,-10.1,-19.8,32.6
2024-01-12,Portage la Prairie,MB,-18.9,-21.9,21.9
2024-01-13,Portage la Prairie,MB,-20.0,-25.1,25.8
2024-01-14,Portage la Prairie,MB,-21.4,-26.8,21.3
2024-01-15,Portage la Prairie,MB,-17.9,-24.3,27.7
2024-01-16,Portage la Prairie,MB,-14.4,-20.2,26.5
2024-01-17,Portage la Prairie,MB,-15.9,-20.5,18.7
2024-01-18,Portage la Prairie,MB,-17.4,-22.7,20.5
2024-01-19,Portage la Prairie,MB,-14.2,-19.0,13.5
2024-01-20,Portage la Prairie,MB,-11.0,-19.6,26.0
2024-01-21,Portage la Prairie,MB,-5.7,-12.2,19.8
2024-01-22,Portage la Prairie,MB,-9.4,-13.1,17.5
2024-01-23,Portage la Prairie,MB,-1.8,-13.9,21.1
2024-01-24,Portage la Prairie,MB,-1.1,-4.6,21.1
2024-01-25,Portage la Prairie,MB,-0.5,-4.1,11.8
2024-01-26,Portage la Prairie,MB,1.3,-2.9,16.6
2024-01-27,Portage la Prairie,MB,1.0,-8.1,11.5
2024-01-28,Portage la Prairie,MB,2.2,-4.2,15.9
2024-01-29,Portage la Prairie,MB,4.1,-2.5,20.0
2024-01-30,Portage la Prairie,MB,7.9,-5.2,23.6
2024-01-31,Portage la Prairie,MB,9.2,-2.2,25.3
2024-02-01,Portage la Prairie,MB,3.2,-4.7,13.9
2024-02-02,Portage la Prairie,MB,4.3,-3.4,20.8
2024-02-03,Portage la Prairie,MB,6.8,-2.3,16.0
2024-02-04,Portage la Prairie,MB,3.7,-0.7,7.9
2024-02-05,Portage la Prairie,MB,5.3,-0.7,16.9
2024-02-06,Portage la Prairie,MB,2.7,-0.4,11.0
2024-02-07,Portage la Prairie,MB,3.0,-0.1,22.9
2024-02-08,Portage la Prairie,MB,1.0,-7.0,31.3
2024-02-09,Portage la Prairie,MB,-4.6,-8.7,29.0
2024-02-10,Portage la Prairie,MB,-0.4,-8.5,14.2
2024-02-11,Portage la Prairie,MB,-0.6,-8.7,17.9
2024-02-12,Portage la Prairie,MB,-1.3,-5.6,13.4
2024-02-13,Portage la Prairie,MB,-0.1,-5.0,25.5
2024-02-14,Portage la Prairie,MB,-3.8,-9.1,24.4
2024-02-15,Portage la Prairie,MB,-10.2,-15.9,17.9
2024-02-16,Portage la Prairie,MB,-7.8,-19.4,21.3
2024-02-17,Portage la Prairie,MB,3.5,-8.4,30.1
2024-02-18,Portage la Prairie,MB,-4.4,-10.5,17.3
2024-02-19,Portage la Prairie,MB,0.1,-13.7,14.2
2024-02-20,Portage la Prairie,MB,0.4,-8.6,13.6
2024-02-21,Portage la Prairie,MB,-0.2,-10.0,7.9
2024-02-22,Portage la Prairie,MB,6.2,-7.2,25.3
2024-02-23,Portage la Prairie,MB,-5.8,-13.2,19.6
2024-02-24,Portage la Prairie,MB,7.9,-6.1,27.7
2024-02-25,Portage la Prairie,MB,-0.3,-7.4,19.7
2024-02-26,Portage la Prairie,MB,2.8,-11.9,32.0
2024-02-27,Portage la Prairie,MB,-12.3,-19.1,34.5
2024-02-28,Portage la Prairie,MB,-11.6,-21.5,12.2
2024-02-29,Portage la Prairie,MB,-5.6,-17.6,24.3
2024-03-01,Portage la Prairie,MB,7.3,-8.9,28.6
2024-03-02,Portage la Prairie,MB,-4.7,-10.6,22.3
2024-03-03,Portage la Prairie,MB,0.4,-6.7,32.2
2024-03-04,Portage la Prairie,MB,-4.0,-14.8,41.8
2024-03-05,Portage la Prairie,MB,-8.6,-19.1,18.6
2024-03-06,Portage la Prairie,MB,-3.7,-15.7,25.1
2024-03-07,Portage la Prairie,MB,-7.9,-11.2,26.3
2024-03-08,Portage la Prairie,MB,-7.2,-15.1,10.2
2024-03-09,Portage la Prairie,MB,-3.6,-16.9,16.9
2024-03-10,Portage la Prairie,MB,2.5,-6.1,26.0
2024-03-11,Portage la Prairie,MB,4.5,-3.1,20.5
2024-03-12,Portage la Prairie,MB,5.1,-2.9,18.6
2024-03-13,Portage la Prairie,MB,5.4,-4.1,11.7
2024-03-14,Portage la Prairie,MB,1.6,-2.0,17.6
2024-03-15,Portage la Prairie,MB,7.5,-2.8,34.9
2024-03-16,Portage la Prairie,MB,1.7,-7.6,36.6
2024-03-17,Portage la Prairie,MB,-6.9,-10.2,30.9
2024-03-18,Portage la Prairie,MB,8.1,-10.6,27.4
2024-03-19,Portage la Prairie,MB,1.2,-10.8,33.9
2024-03-20,Portage la Prairie,MB,-7.4,-15.0,22.7
2024-03-21,Portage la Prairie,MB,-3.4,-13.2,14.6
2024-03-22,Portage la Prairie,MB,-5.8,-13.4,20.9
2024-03-23,Portage la Prairie,MB,-3.6,-15.0,13.8
2024-03-24,Portage la Prairie,MB,-2.6,-12.3,18.8
2024-03-25,Portage la Prairie,MB,-5.3,-11.1,28.2
2024-03-26,Portage la Prairie,MB,-7.4,-12.2,31.8
2024-03-27,Portage la Prairie,MB,-2.3,-12.1,25.5
2024-03-28,Portage la Prairie,MB,1.1,-10.5,15.3
2024-03-29,Portage la Prairie,MB,2.0,-5.5,16.3
2024-03-30,Portage la Prairie,MB,3.4,-4.3,20.3
2024-03-31,Portage la Prairie,MB,0.7,-8.1,16.2
2024-04-01,Portage la Prairie,MB,7.8,-8.0,22.8
2024-04-02,Portage la Prairie,MB,4.1,-1.6,31.9
2024-04-03,Portage la Prairie,MB,9.3,-5.0,11.0
2024-04-04,Portage la Prairie,MB,11.2,-4.7,12.8
2024-04-05,Portage la Prairie,MB,13.0,-2.1,25.5
2024-04-06,Portage la Prairie,MB,14.7,2.0,31.8
2024-04-07,Portage la Prairie,MB,14.7,0.0,22.0
2024-04-08,Portage la Prairie,MB,11.9,-2.0,17.1
2024-04-09,Portage la Prairie,MB,14.1,-1.9,10.2
2024-04-10,Portage la Prairie,MB,11.9,1.5,14.8
2024-04-11,Portage la Prairie,MB,10.9,1.1,25.0
2024-04-12,Portage la Prairie,MB,11.9,-1.7,21.4
2024-04-13,Portage la Prairie,MB,17.8,4.0,26.8
2024-04-14,Portage la Prairie,MB,13.8,4.1,19.5
2024-04-15,Portage la Prairie,MB,13.3,1.7,21.5
2024-04-16,Portage la Prairie,MB,14.1,5.5,28.5
2024-04-17,Portage la Prairie,MB,10.2,1.2,25.2
2024-04-18,Portage la Prairie,MB,4.3,-1.5,30.8
2024-04-19,Portage la Prairie,MB,-0.1,-3.1,34.3
2024-04-20,Portage la Prairie,MB,11.1,-4.5,22.1
2024-04-21,Portage la Prairie,MB,14.7,-0.4,20.9
2024-04-22,Portage la Prairie,MB,14.4,5.5,28.2
2024-04-23,Portage la Prairie,MB,8.3,1.0,24.5
2024-04-24,Portage la Prairie,MB,18.5,-1.0,22.1
2024-04-25,Portage la Prairie,MB,22.2,6.7,30.5
2024-04-26,Portage la Prairie,MB,17.0,7.2,31.7
2024-04-27,Portage la Prairie,MB,8.1,1.1,31.0
2024-04-28,Portage la Prairie,MB,11.0,-2.9,17.8
2024-04-29,Portage la Prairie,MB,5.8,1.6,14.5
2024-04-30,Portage la Prairie,MB,13.3,-1.4,14.8
2024-05-01,Portage la Prairie,MB,14.8,3.2,16.4
2024-05-02,Portage la Prairie,MB,9.3,4.5,16.2
2024-05-03,Portage la Prairie,MB,10.3,5.0,18.4
2024-05-04,Portage la Prairie,MB,11.8,3.9,14.8
2024-05-05,Portage la Prairie,MB,17.0,2.6,16.9
2024-05-06,Portage la Prairie,MB,19.5,7.2,34.7
2024-05-07,Portage la Prairie,MB,16.2,11.7,29.9
2024-05-08,Portage la Prairie,MB,20.0,8.6,21.2
2024-05-09,Portage la Prairie,MB,19.7,3.8,16.7
2024-05-10,Portage la Prairie,MB,18.1,9.2,29.7
2024-05-11,Portage la Prairie,MB,26.2,7.2,27.4
2024-05-12,Portage la Prairie,MB,13.5,7.6,26.6
2024-05-13,Portage la Prairie,MB,9.9,2.0,13.7
2024-05-14,Portage la Prairie,MB,10.5,6.2,18.7
2024-05-15,Portage la Prairie,MB,15.9,7.1,19.7
2024-05-16,Portage la Prairie,MB,20.4,5.4,16.3
2024-05-17,Portage la Prairie,MB,22.6,9.5,20.6
2024-05-18,Portage la Prairie,MB,16.2,10.5,40.0
2024-05-19,Portage la Prairie,MB,19.0,8.0,21.4
2024-05-20,Portage la Prairie,MB,16.3,8.5,12.7
2024-05-21,Portage la Prairie,MB,17.3,5.0,14.0
2024-05-22,Portage la Prairie,MB,15.6,7.1,23.5
2024-05-23,Portage la Prairie,MB,14.8,4.3,24.5
2024-05-24,Portage la Prairie,MB,9.4,5.4,28.7
2024-05-25,Portage la Prairie,MB,9.5,3.3,30.3
2024-05-26,Portage la Prairie,MB,17.4,2.7,18.7
2024-05-27,Portage la Prairie,MB,16.5,6.3,18.1
2024-05-28,Portage la Prairie,MB,14.4,8.3,16.4
2024-05-29,Portage la Prairie,MB,20.5,6.6,28.7
2024-05-30,Portage la Prairie,MB,21.4,13.6,35.7
2024-05-31,Portage la Prairie,MB,19.7,10.8,37.6
2024-06-01,Portage la Prairie,MB,20.3,10.4,31.6
2024-06-02,Portage la Prairie,MB,24.0,12.5,21.1
2024-06-03,Portage la Prairie,MB,21.4,10.6,14.1
2024-06-04,Portage la Prairie,MB,21.6,14.7,27.0
2024-06-05,Portage la Prairie,MB,18.8,13.2,40.1
2024-06-06,Portage la Prairie,MB,16.9,11.0,34.9
2024-06-07,Portage la Prairie,MB,20.7,9.7,24.7
2024-06-08,Portage la Prairie,MB,20.2,8.7,27.4
2024-06-09,Portage la Prairie,MB,15.4,7.9,22.6
2024-06-10,Portage la Prairie,MB,20.0,6.1,24.3
2024-06-11,Portage la Prairie,MB,20.4,12.7,41.1
2024-06-12,Portage la Prairie,MB,21.8,11.5,11.4
2024-06-13,Portage la Prairie,MB,20.0,11.3,19.1
2024-06-14,Portage la Prairie,MB,24.4,11.7,14.8
2024-06-15,Portage la Prairie,MB,28.2,14.7,23.7
2024-06-16,Portage la Prairie,MB,21.7,16.6,38.3
2024-06-17,Portage la Prairie,MB,19.1,10.0,22.9
2024-06-18,Portage la Prairie,MB,14.9,11.2,22.0
2024-06-19,Portage la Prairie,MB,19.7,9.6,21.4
2024-06-20,Portage la Prairie,MB,23.3,11.4,17.1
2024-06-21,Portage la Prairie,MB,23.6,10.7,9.5
2024-06-22,Portage la Prairie,MB,23.8,14.8,12.4
2024-06-23,Portage la Prairie,MB,21.7,13.2,19.7
2024-06-24,Portage la Prairie,MB,28.2,16.0,37.2
2024-06-25,Portage la Prairie,MB,20.6,14.1,30.9
2024-06-26,Portage la Prairie,MB,19.3,12.4,17.0
2024-06-27,Portage la Prairie,MB,22.2,10.0,19.5
2024-06-28,Portage la Prairie,MB,15.5,11.9,29.7
2024-06-29,Portage la Prairie,MB,17.4,10.1,22.3
2024-06-30,Portage la Prairie,MB,20.4,8.7,18.5
2024-07-01,Portage la Prairie,MB,22.0,15.2,29.4
2024-07-02,Portage la Prairie,MB,21.7,15.8,23.1
2024-07-03,Portage la Prairie,MB,22.8,14.7,19.5
2024-07-04,Portage la Prairie,MB,22.6,13.6,14.0
2024-07-05,Portage la Prairie,MB,24.2,13.8,12.0
2024-07-06,Portage la Prairie,MB,25.3,15.8,23.0
2024-07-07,Portage la Prairie,MB,24.9,15.3,13.8
2024-07-08,Portage la Prairie,MB,25.1,15.6,8.0
2024-07-09,Portage la Prairie,MB,26.4,15.8,21.1
2024-07-10,Portage la Prairie,MB,28.0,15.9,12.6
2024-07-11,Portage la Prairie,MB,30.4,19.3,26.2
2024-07-12,Portage la Prairie,MB,30.6,20.1,21.3
2024-07-13,Portage la Prairie,MB,26.0,18.0,17.3
2024-07-14,Portage la Prairie,MB,26.1,14.8,17.2
2024-07-15,Portage la Prairie,MB,21.7,16.0,21.0
2024-07-16,Portage la Prairie,MB,18.8,12.9,27.1
2024-07-17,Portage la Prairie,MB,21.2,10.2,13.4
2024-07-18,Portage la Prairie,MB,26.6,13.6,14.1
2024-07-19,Portage la Prairie,MB,27.9,16.4,11.2
2024-07-20,Portage la Prairie,MB,26.3,17.2,12.8
2024-07-21,Portage la Prairie,MB,28.5,17.7,11.0
2024-07-22,Portage la Prairie,MB,24.8,18.2,19.9
2024-07-23,Portage la Prairie,MB,24.2,17.3,13.2
2024-07-24,Portage la Prairie,MB,26.9,15.9,20.1
2024-07-25,Portage la Prairie,MB,30.1,19.4,27.0
2024-07-26,Portage la Prairie,MB,29.2,21.7,25.7
2024-07-27,Portage la Prairie,MB,29.1,17.9,24.7
2024-07-28,Portage la Prairie,MB,25.0,16.0,16.1
2024-07-29,Portage la Prairie,MB,25.5,17.3,14.3
2024-07-30,Portage la Prairie,MB,31.3,18.3,25.8
2024-07-31,Portage la Prairie,MB,27.5,20.0,18.6
2024-08-01,Portage la Prairie,MB,31.4,18.5,19.1
2024-08-02,Portage la Prairie,MB,27.9,16.2,11.2
2024-08-03,Portage la Prairie,MB,23.0,16.6,24.1
2024-08-04,Portage la Prairie,MB,20.9,12.4,9.6
2024-08-05,Portage la Prairie,MB,23.0,13.7,11.6
2024-08-06,Portage la Prairie,MB,23.7,12.4,20.3
2024-08-07,Portage la Prairie,MB,19.2,12.3,28.4
2024-08-08,Portage la Prairie,MB,17.9,11.0,38.6
2024-08-09,Portage la Prairie,MB,18.3,11.3,21.3
2024-08-10,Portage la Prairie,MB,22.7,9.9,13.7
2024-08-11,Portage la Prairie,MB,24.3,12.3,10.9
2024-08-12,Portage la Prairie,MB,25.0,12.9,11.3
2024-08-13,Portage la Prairie,MB,25.3,15.2,21.7
2024-08-14,Portage la Prairie,MB,24.4,18.4,25.0
2024-08-15,Portage la Prairie,MB,20.5,17.8,17.3
2024-08-16,Portage la Prairie,MB,23.4,18.5,25.0
2024-08-17,Portage la Prairie,MB,23.6,15.2,12.3
2024-08-18,Portage la Prairie,MB,25.4,14.7,9.1
2024-08-19,Portage la Prairie,MB,27.1,16.4,15.5
2024-08-20,Portage la Prairie,MB,27.7,18.4,23.6
2024-08-21,Portage la Prairie,MB,26.5,17.5,28.0
2024-08-22,Portage la Prairie,MB,25.5,18.7,19.4
2024-08-23,Portage la Prairie,MB,25.8,16.4,13.0
2024-08-24,Portage la Prairie,MB,28.5,18.3,29.2
2024-08-25,Portage la Prairie,MB,28.4,19.6,28.6
2024-08-26,Portage la Prairie,MB,21.0,14.5,18.4
2024-08-27,Portage la Prairie,MB,19.1,11.6,11.5
2024-08-28,Portage la Prairie,MB,22.8,12.6,26.5
2024-08-29,Portage la Prairie,MB,21.0,15.4,31.5
2024-08-30,Portage la Prairie,MB,23.5,15.7,25.9
2024-08-31,Portage la Prairie,MB,21.5,14.7,30.4
2024-09-01,Portage la Prairie,MB,21.8,11.0,12.7
2024-09-02,Portage la Prairie,MB,24.4,13.2,22.1
2024-09-03,Portage la Prairie,MB,26.9,14.8,17.3
2024-09-04,Portage la Prairie,MB,22.8,15.6,24.7
2024-09-05,Portage la Prairie,MB,18.9,11.7,20.5
2024-09-06,Portage la Prairie,MB,16.7,10.7,16.5
2024-09-07,Portage la Prairie,MB,23.7,10.2,24.6
2024-09-08,Portage la Prairie,MB,25.2,12.6,23.1
2024-09-09,Portage la Prairie,MB,28.2,13.4,21.7
2024-09-10,Portage la Prairie,MB,27.0,17.3,20.5
2024-09-11,Portage la Prairie,MB,22.0,12.7,24.0
2024-09-12,Portage la Prairie,MB,27.8,15.8,32.9
2024-09-13,Portage la Prairie,MB,23.1,17.2,30.4
2024-09-14,Portage la Prairie,MB,25.2,14.9,22.4
2024-09-15,Portage la Prairie,MB,26.4,16.7,16.3
2024-09-16,Portage la Prairie,MB,23.8,14.6,15.1
2024-09-17,Portage la Prairie,MB,23.3,16.5,14.3
2024-09-18,Portage la Prairie,MB,24.1,15.8,29.1
2024-09-19,Portage la Prairie,MB,21.5,16.8,28.5
2024-09-20,Portage la Prairie,MB,22.2,14.4,32.0
2024-09-21,Portage la Prairie,MB,16.8,11.0,27.1
2024-09-22,Portage la Prairie,MB,17.6,6.5,15.0
2024-09-23,Portage la Prairie,MB,17.5,12.6,19.7
2024-09-24,Portage la Prairie,MB,21.5,10.6,16.9
2024-09-25,Portage la Prairie,MB,26.0,14.3,19.1
2024-09-26,Portage la Prairie,MB,26.9,17.1,30.3
2024-09-27,Portage la Prairie,MB,22.6,9.9,23.1
2024-09-28,Portage la Prairie,MB,22.6,12.8,14.2
2024-09-29,Portage la Prairie,MB,25.9,12.4,39.3
2024-09-30,Portage la Prairie,MB,25.1,11.7,49.7
2024-10-01,Portage la Prairie,MB,15.9,6.6,29.4
2024-10-02,Portage la Prairie,MB,16.4,8.6,29.1
2024-10-03,Portage la Prairie,MB,12.1,4.4,33.4
2024-10-04,Portage la Prairie,MB,15.9,2.4,26.6
2024-10-05,Portage la Prairie,MB,16.2,6.9,47.3
2024-10-06,Portage la Prairie,MB,14.1,4.7,40.1
2024-10-07,Portage la Prairie,MB,15.9,5.2,20.8
2024-10-08,Portage la Prairie,MB,19.2,7.6,22.6
2024-10-09,Portage la Prairie,MB,21.3,8.8,20.2
2024-10-10,Portage la Prairie,MB,20.4,10.8,23.3
2024-10-11,Portage la Prairie,MB,14.6,6.0,21.6
2024-10-12,Portage la Prairie,MB,13.2,6.4,20.0
2024-10-13,Portage la Prairie,MB,9.9,4.5,23.8
2024-10-14,Portage la Prairie,MB,7.5,1.8,16.9
2024-10-15,Portage la Prairie,MB,9.3,-1.5,23.9
2024-10-16,Portage la Prairie,MB,16.4,5.9,20.8
2024-10-17,Portage la Prairie,MB,18.6,7.1,20.7
2024-10-18,Portage la Prairie,MB,13.0,6.4,18.4
2024-10-19,Portage la Prairie,MB,14.7,4.5,26.1
2024-10-20,Portage la Prairie,MB,20.0,10.3,23.9
2024-10-21,Portage la Prairie,MB,20.0,4.8,16.1
2024-10-22,Portage la Prairie,MB,14.5,3.6,24.9
2024-10-23,Portage la Prairie,MB,13.0,2.7,21.6
2024-10-24,Portage la Prairie,MB,10.3,0.4,14.4
2024-10-25,Portage la Prairie,MB,10.1,2.1,24.1
2024-10-26,Portage la Prairie,MB,9.7,-1.5,16.5
2024-10-27,Portage la Prairie,MB,11.5,1.2,24.8
2024-10-28,Portage la Prairie,MB,15.8,5.6,24.5
2024-10-29,Portage la Prairie,MB,10.0,3.7,13.2
2024-10-30,Portage la Prairie,MB,6.9,-1.0,14.2
2024-10-31,Portage la Prairie,MB,6.4,-1.4,12.0
2024-11-01,Portage la Prairie,MB,8.1,-1.4,15.7
2024-11-02,Portage la Prairie,MB,7.6,-2.2,24.0
2024-11-03,Portage la Prairie,MB,10.3,3.9,23.9
2024-11-04,Portage la Prairie,MB,7.4,1.7,21.7
2024-11-05,Portage la Prairie,MB,7.5,-2.1,14.3
2024-11-06,Portage la Prairie,MB,4.3,-3.1,19.7
2024-11-07,Portage la Prairie,MB,10.1,-0.7,31.3
2024-11-08,Portage la Prairie,MB,9.1,-2.1,23.3
2024-11-09,Portage la Prairie,MB,14.2,3.4,22.7
2024-11-10,Portage la Prairie,MB,6.8,-0.4,35.8
2024-11-11,Portage la Prairie,MB,4.7,0.3,25.5
2024-11-12,Portage la Prairie,MB,7.5,0.1,28.3
2024-11-13,Portage la Prairie,MB,8.5,0.2,16.5
2024-11-14,Portage la Prairie,MB,5.0,-1.3,19.0
2024-11-15,Portage la Prairie,MB,8.4,0.7,18.8
2024-11-16,Portage la Prairie,MB,5.4,2.3,19.1
2024-11-17,Portage la Prairie,MB,5.4,0.9,29.9
2024-11-18,Portage la Prairie,MB,5.3,-1.8,13.3
2024-11-19,Portage la Prairie,MB,3.3,0.5,23.9
2024-11-20,Portage la Prairie,MB,0.6,-2.6,32.2
2024-11-21,Portage la Prairie,MB,-2.9,-10.3,19.1
2024-11-22,Portage la Prairie,MB,-3.6,-10.6,13.0
2024-11-23,Portage la Prairie,MB,-5.6,-10.8,14.6
2024-11-24,Portage la Prairie,MB,-3.2,-7.9,16.7
2024-11-25,Portage la Prairie,MB,-7.5,-10.9,23.2
2024-11-26,Portage la Prairie,MB,-7.6,-11.2,19.5
2024-11-27,Portage la Prairie,MB,-7.2,-9.9,12.8
2024-11-28,Portage la Prairie,MB,-9.6,-15.6,19.0
2024-11-29,Portage la Prairie,MB,-16.6,-22.4,16.0
2024-11-30,Portage la Prairie,MB,-13.7,-23.1,16.5
2024-12-01,Portage la Prairie,MB,-9.3,-14.9,16.3
2024-12-02,Portage la Prairie,MB,-9.2,-15.4,16.0
2024-12-03,Portage la Prairie,MB,0.6,-14.9,23.2
2024-12-04,Portage la Prairie,MB,-2.9,-16.6,34.0
2024-12-05,Portage la Prairie,MB,-5.4,-20.6,18.5
2024-12-06,Portage la Prairie,MB,-1.0,-7.2,16.4
2024-12-07,Portage la Prairie,MB,3.4,0.2,20.6
2024-12-08,Portage la Prairie,MB,1.2,-3.5,20.8
2024-12-09,Portage la Prairie,MB,-4.0,-10.1,27.6
2024-12-10,Portage la Prairie,MB,-7.3,-20.4,25.1
2024-12-11,Portage la Prairie,MB,-21.2,-28.1,18.3
2024-12-12,Portage la Prairie,MB,-24.3,-30.3,15.2
2024-12-13,Portage la Prairie,MB,-10.8,-26.5,22.4
2024-12-14,Portage la Prairie,MB,-4.4,-10.5,22.2
2024-12-15,Portage la Prairie,MB,-1.2,-5.3,18.7
2024-12-16,Portage la Prairie,MB,-1.5,-6.9,24.8
2024-12-17,Portage la Prairie,MB,-7.1,-11.9,19.1
2024-12-18,Portage la Prairie,MB,-12.8,-24.7,17.4
2024-12-19,Portage la Prairie,MB,-15.9,-20.9,16.3
2024-12-20,Portage la Prairie,MB,-20.3,-29.8,17.5
2024-12-21,Portage la Prairie,MB,-8.4,-22.2,26.6
2024-12-22,Portage la Prairie,MB,-7.3,-10.9,9.4
2024-12-23,Portage la Prairie,MB,-6.5,-10.2,16.9
2024-12-24,Portage la Prairie,MB,-0.9,-7.4,16.8
2024-12-25,Portage la Prairie,MB,-0.1,-7.4,24.8
2024-12-26,Portage la Prairie,MB,0.1,-9.5,18.0
2024-12-27,Portage la Prairie,MB,1.2,-10.3,16.2
2024-12-28,Portage la Prairie,MB,1.2,-5.9,16.0
2024-12-29,Portage la Prairie,MB,-5.0,-10.8,10.2
2024-12-30,Portage la Prairie,MB,-3.5,-11.2,13.5
2024-12-31,Portage la Prairie,MB,-4.9,-12.7,19.0
2025-01-01,Portage la Prairie,MB,-12.3,-17.1,16.2
2025-01-02,Portage la Prairie,MB,-15.8,-20.2,16.4
2025-01-03,Portage la Prairie,MB,-20.5,-26.0,16.6
2025-01-04,Portage la Prairie,MB,-25.3,-29.8,12.1
2025-01-05,Portage la Prairie,MB,-21.0,-32.1,9.0
2025-01-06,Portage la Prairie,MB,-17.0,-27.8,13.0
2025-01-07,Portage la Prairie,MB,-15.9,-22.1,13.6
2025-01-08,Portage la Prairie,MB,-5.7,-18.4,18.3
2025-01-09,Portage la Prairie,MB,0.3,-8.8,24.1
2025-01-10,Portage la Prairie,MB,-9.5,-16.0,19.6
2025-01-11,Portage la Prairie,MB,-9.6,-12.5,24.3
2025-01-12,Portage la Prairie,MB,-13.5,-24.2,27.2
2025-01-13,Portage la Prairie,MB,-22.3,-27.0,13.0
2025-01-14,Portage la Prairie,MB,-14.7,-29.0,18.1
2025-01-15,Portage la Prairie,MB,2.4,-13.0,30.0
2025-01-16,Portage la Prairie,MB,0.7,-8.1,27.5
2025-01-17,Portage la Prairie,MB,2.3,-17.3,50.8
2025-01-18,Portage la Prairie,MB,-17.9,-29.7,25.1
2025-01-19,Portage la Prairie,MB,-25.2,-30.0,19.5
2025-01-20,Portage la Prairie,MB,-27.5,-34.3,23.2
2025-01-21,Portage la Prairie,MB,-8.9,-28.5,23.4
2025-01-22,Portage la Prairie,MB,-10.3,-22.2,29.8
2025-01-23,Portage la Prairie,MB,-10.2,-25.5,17.9
2025-01-24,Portage la Prairie,MB,-0.9,-10.9,26.2
2025-01-25,Portage la Prairie,MB,-3.2,-14.0,32.5
2025-01-26,Portage la Prairie,MB,-4.2,-8.9,31.6
2025-01-27,Portage la Prairie,MB,-0.6,-7.8,34.5
2025-01-28,Portage la Prairie,MB,3.2,-7.3,40.6
2025-01-29,Portage la Prairie,MB,-1.2,-12.3,18.6
2025-01-30,Portage la Prairie,MB,-2.6,-11.3,20.7
2025-01-31,Portage la Prairie,MB,-12.4,-23.7,22.2
2025-02-01,Portage la Prairie,MB,-4.9,-19.9,36.2
2025-02-02,Portage la Prairie,MB,-4.8,-21.9,37.5
2025-02-03,Portage la Prairie,MB,-19.0,-24.2,26.2
2025-02-04,Portage la Prairie,MB,-17.4,-28.9,14.5
2025-02-05,Portage la Prairie,MB,-12.0,-22.7,17.4
2025-02-06,Portage la Prairie,MB,-12.0,-18.0,33.7
2025-02-07,Portage la Prairie,MB,-10.9,-18.5,21.2
2025-02-08,Portage la Prairie,MB,-16.0,-24.9,19.6
2025-02-09,Portage la Prairie,MB,-14.2,-19.9,19.2
2025-02-10,Portage la Prairie,MB,-18.3,-26.9,23.6
2025-02-11,Portage la Prairie,MB,-19.9,-27.9,21.5
2025-02-12,Portage la Prairie,MB,-21.2,-30.1,16.2
2025-02-13,Portage la Prairie,MB,-18.2,-29.9,12.3
2025-02-14,Portage la Prairie,MB,-21.0,-27.0,14.2
2025-02-15,Portage la Prairie,MB,-17.5,-28.6,19.3
2025-02-16,Portage la Prairie,MB,-23.8,-29.5,22.3
2025-02-17,Portage la Prairie,MB,-24.0,-30.8,18.5
2025-02-18,Portage la Prairie,MB,-20.4,-32.2,15.5
2025-02-19,Portage la Prairie,MB,-17.7,-30.3,13.8
2025-02-20,Portage la Prairie,MB,-12.2,-26.7,22.1
2025-02-21,Portage la Prairie,MB,-4.8,-15.9,22.7
2025-02-22,Portage la Prairie,MB,-2.4,-7.7,18.7
2025-02-23,Portage la Prairie,MB,3.9,-11.5,33.1
2025-02-24,Portage la Prairie,MB,3.5,-1.0,35.4
2025-02-25,Portage la Prairie,MB,2.5,-5.8,15.1
2025-02-26,Portage la Prairie,MB,2.0,-5.7,23.7
2025-02-27,Portage la Prairie,MB,3.2,-5.9,32.3
2025-02-28,Portage la Prairie,MB,3.0,-19.0,37.8
2025-03-01,Portage la Prairie,MB,-6.9,-25.4,14.0
2025-03-02,Portage la Prairie,MB,2.3,-7.7,13.9
2025-03-03,Portage la Prairie,MB,0.3,-4.8,19.7
2025-03-04,Portage la Prairie,MB,-1.7,-8.0,21.0
2025-03-05,Portage la Prairie,MB,-1.2,-15.1,16.0
2025-03-06,Portage la Prairie,MB,-1.9,-12.3,23.8
2025-03-07,Portage la Prairie,MB,-1.0,-17.5,13.7
2025-03-08,Portage la Prairie,MB,3.0,-6.2,20.1
2025-03-09,Portage la Prairie,MB,3.1,-4.2,23.1
2025-03-10,Portage la Prairie,MB,-3.0,-16.4,31.4
2025-03-11,Portage la Prairie,MB,-5.2,-19.9,10.9
2025-03-12,Portage la Prairie,MB,2.4,-8.9,10.6
2025-03-13,Portage la Prairie,MB,0.5,-5.5,22.4
2025-03-14,Portage la Prairie,MB,-0.1,-7.7,23.5
2025-03-15,Portage la Prairie,MB,-6.5,-11.3,29.2
2025-03-16,Portage la Prairie,MB,-4.6,-17.5,12.5
2025-03-17,Portage la Prairie,MB,-1.4,-8.9,14.3
2025-03-18,Portage la Prairie,MB,-0.2,-7.9,8.8
2025-03-19,Portage la Prairie,MB,0.0,-7.1,18.0
2025-03-20,Portage la Prairie,MB,5.0,-7.0,17.4
2025-03-21,Portage la Prairie,MB,-2.6,-14.4,21.9
2025-03-22,Portage la Prairie,MB,-3.1,-15.0,18.2
2025-03-23,Portage la Prairie,MB,-1.6,-8.5,15.3
2025-03-24,Portage la Prairie,MB,3.1,-10.6,9.4
2025-03-25,Portage la Prairie,MB,7.6,-6.4,16.3
2025-03-26,Portage la Prairie,MB,9.5,-1.7,20.8
2025-03-27,Portage la Prairie,MB,-1.9,-6.6,17.8
2025-03-28,Portage la Prairie,MB,-3.8,-5.0,20.7
2025-03-29,Portage la Prairie,MB,-3.4,-7.8,14.8
2025-03-30,Portage la Prairie,MB,-3.3,-8.3,16.9
2025-03-31,Portage la Prairie,MB,2.0,-12.5,14.2
2025-04-01,Portage la Prairie,MB,3.8,-5.8,22.5
2025-04-02,Portage la Prairie,MB,2.7,-0.3,17.8
2025-04-03,Portage la Prairie,MB,3.8,-2.5,15.1
2025-04-04,Portage la Prairie,MB,3.1,-4.0,24.4
2025-04-05,Portage la Prairie,MB,6.4,-5.6,24.6
2025-04-06,Portage la Prairie,MB,1.6,-6.0,29.2
2025-04-07,Portage la Prairie,MB,2.2,-8.7,12.7
2025-04-08,Portage la Prairie,MB,9.5,-4.2,22.5
2025-04-09,Portage la Prairie,MB,10.6,-1.3,14.9
2025-04-10,Portage la Prairie,MB,11.5,-0.4,12.6
2025-04-11,Portage la Prairie,MB,18.0,-0.6,25.6
2025-04-12,Portage la Prairie,MB,18.2,4.1,18.6
2025-04-13,Portage la Prairie,MB,6.7,0.2,23.2
2025-04-14,Portage la Prairie,MB,6.1,-0.2,31.2
2025-04-15,Portage la Prairie,MB,9.9,-3.0,13.8
2025-04-16,Portage la Prairie,MB,14.2,1.1,24.8
2025-04-17,Portage la Prairie,MB,8.4,1.7,27.5
2025-04-18,Portage la Prairie,MB,2.0,-2.2,24.1
2025-04-19,Portage la Prairie,MB,8.7,-4.4,19.5
2025-04-20,Portage la Prairie,MB,18.5,2.0,22.7
2025-04-21,Portage la Prairie,MB,13.7,2.5,16.3
2025-04-22,Portage la Prairie,MB,8.1,3.1,20.4
2025-04-23,Portage la Prairie,MB,11.1,1.2,23.8
2025-04-24,Portage la Prairie,MB,14.4,-0.5,11.7
2025-04-25,Portage la Prairie,MB,16.1,-0.1,9.6
2025-04-26,Portage la Prairie,MB,18.5,4.4,24.4
2025-04-27,Portage la Prairie,MB,17.0,8.2,19.2
2025-04-28,Portage la Prairie,MB,7.6,-1.2,33.9
2025-04-29,Portage la Prairie,MB,9.9,-5.6,23.6
2025-04-30,Portage la Prairie,MB,18.5,5.5,25.1
2025-05-01,Portage la Prairie,MB,15.0,1.4,17.8
2025-05-02,Portage la Prairie,MB,14.2,1.2,18.3
2025-05-03,Portage la Prairie,MB,19.3,8.5,26.0
2025-05-04,Portage la Prairie,MB,26.9,8.6,28.5
2025-05-05,Portage la Prairie,MB,20.9,8.3,32.1
2025-05-06,Portage la Prairie,MB,14.1,5.3,23.3
2025-05-07,Portage la Prairie,MB,18.1,-0.8,12.8
2025-05-08,Portage la Prairie,MB,27.1,8.8,32.7
2025-05-09,Portage la Prairie,MB,21.7,9.1,27.7
2025-05-10,Portage la Prairie,MB,25.5,6.3,32.8
2025-05-11,Portage la Prairie,MB,31.1,13.1,23.4
2025-05-12,Portage la Prairie,MB,34.3,16.7,27.8
2025-05-13,Portage la Prairie,MB,32.6,19.2,22.7
2025-05-14,Portage la Prairie,MB,14.8,8.2,25.8
2025-05-15,Portage la Prairie,MB,18.9,6.7,35.6
2025-05-16,Portage la Prairie,MB,7.6,2.6,37.5
2025-05-17,Portage la Prairie,MB,6.2,2.3,29.0
2025-05-18,Portage la Prairie,MB,9.4,2.4,16.2
2025-05-19,Portage la Prairie,MB,14.5,3.3,25.0
2025-05-20,Portage la Prairie,MB,12.1,4.4,19.4
2025-05-21,Portage la Prairie,MB,17.8,5.8,19.9
2025-05-22,Portage la Prairie,MB,19.9,3.0,11.7
2025-05-23,Portage la Prairie,MB,19.4,6.8,14.8
2025-05-24,Portage la Prairie,MB,19.9,4.0,13.4
2025-05-25,Portage la Prairie,MB,22.8,4.4,13.8
2025-05-26,Portage la Prairie,MB,24.8,6.4,13.5
2025-05-27,Portage la Prairie,MB,24.6,11.0,16.4
2025-05-28,Portage la Prairie,MB,25.2,11.0,13.4
2025-05-29,Portage la Prairie,MB,26.8,13.5,20.4
2025-05-30,Portage la Prairie,MB,30.0,15.6,17.2
2025-05-31,Portage la Prairie,MB,30.5,15.9,12.0
2025-06-01,Portage la Prairie,MB,31.1,16.0,22.3
2025-06-02,Portage la Prairie,MB,22.1,13.8,20.0
2025-06-03,Portage la Prairie,MB,21.4,12.3,32.7
2025-06-04,Portage la Prairie,MB,21.2,10.2,25.9
2025-06-05,Portage la Prairie,MB,22.1,7.7,11.8
2025-06-06,Portage la Prairie,MB,25.5,11.6,22.8
2025-06-07,Portage la Prairie,MB,24.2,14.1,27.6
2025-06-08,Portage la Prairie,MB,14.3,9.9,29.6
2025-06-09,Portage la Prairie,MB,17.4,10.2,23.0
2025-06-10,Portage la Prairie,MB,21.5,9.9,21.7
2025-06-11,Portage la Prairie,MB,20.9,9.6,9.6
2025-06-12,Portage la Prairie,MB,22.7,9.4,15.0
2025-06-13,Portage la Prairie,MB,23.8,11.0,15.4
2025-06-14,Portage la Prairie,MB,24.0,14.1,16.9
2025-06-15,Portage la Prairie,MB,25.7,13.7,16.2
2025-06-16,Portage la Prairie,MB,24.7,17.1,13.0
2025-06-17,Portage la Prairie,MB,23.4,13.6,14.5
2025-06-18,Portage la Prairie,MB,23.9,15.1,17.1
2025-06-19,Portage la Prairie,MB,24.5,13.5,12.2
2025-06-20,Portage la Prairie,MB,27.8,15.4,18.4
2025-06-21,Portage la Prairie,MB,26.5,17.1,22.4
2025-06-22,Portage la Prairie,MB,20.0,14.4,23.9
2025-06-23,Portage la Prairie,MB,18.2,10.3,33.9
2025-06-24,Portage la Prairie,MB,24.5,8.7,19.3
2025-06-25,Portage la Prairie,MB,22.2,11.7,15.0
2025-06-26,Portage la Prairie,MB,24.7,14.7,20.2
2025-06-27,Portage la Prairie,MB,26.3,13.5,19.3
2025-06-28,Portage la Prairie,MB,30.0,16.1,23.0
2025-06-29,Portage la Prairie,MB,25.2,17.3,27.4
2025-06-30,Portage la Prairie,MB,26.9,15.9,22.1
2025-07-01,Portage la Prairie,MB,28.9,17.6,20.6
2025-07-02,Portage la Prairie,MB,28.9,17.0,13.3
2025-07-03,Portage la Prairie,MB,31.6,16.9,22.8
2025-07-04,Portage la Prairie,MB,31.1,21.3,22.2
2025-07-05,Portage la Prairie,MB,23.7,17.3,22.9
2025-07-06,Portage la Prairie,MB,21.9,13.3,14.6
2025-07-07,Portage la Prairie,MB,18.8,14.2,12.8
2025-07-08,Portage la Prairie,MB,24.7,11.9,10.1
2025-07-09,Portage la Prairie,MB,27.3,15.9,28.9
2025-07-10,Portage la Prairie,MB,30.5,18.6,19.9
2025-07-11,Portage la Prairie,MB,21.7,14.7,16.9
2025-07-12,Portage la Prairie,MB,24.6,13.2,19.3
2025-07-13,Portage la Prairie,MB,25.9,17.1,23.1
2025-07-14,Portage la Prairie,MB,20.8,16.0,15.5
2025-07-15,Portage la Prairie,MB,18.9,14.6,27.3
2025-07-16,Portage la Prairie,MB,19.3,11.7,12.0
2025-07-17,Portage la Prairie,MB,21.0,10.4,11.5
2025-07-18,Portage la Prairie,MB,23.7,11.4,8.3
2025-07-19,Portage la Prairie,MB,23.2,12.8,9.8
2025-07-20,Portage la Prairie,MB,21.3,14.6,21.0
2025-07-21,Portage la Prairie,MB,26.6,17.3,19.4
2025-07-22,Portage la Prairie,MB,22.9,16.6,13.7
2025-07-23,Portage la Prairie,MB,21.3,15.5,10.5
2025-07-24,Portage la Prairie,MB,23.9,15.0,9.3
2025-07-25,Portage la Prairie,MB,28.0,16.2,23.8
2025-07-26,Portage la Prairie,MB,29.4,20.6,17.1
2025-07-27,Portage la Prairie,MB,24.6,18.1,19.4
2025-07-28,Portage la Prairie,MB,23.7,17.0,12.9
2025-07-29,Portage la Prairie,MB,22.1,14.6,11.4
2025-07-30,Portage la Prairie,MB,22.4,13.3,11.1
2025-07-31,Portage la Prairie,MB,24.0,12.8,12.9
2025-08-01,Portage la Prairie,MB,26.4,13.6,12.9
2025-08-02,Portage la Prairie,MB,26.0,16.7,17.0
2025-08-03,Portage la Prairie,MB,26.7,16.2,12.2
2025-08-04,Portage la Prairie,MB,25.7,17.0,19.0
2025-08-05,Portage la Prairie,MB,25.6,18.0,23.1
2025-08-06,Portage la Prairie,MB,25.4,17.8,18.5
2025-08-07,Portage la Prairie,MB,26.9,17.1,14.8
2025-08-08,Portage la Prairie,MB,23.9,18.3,19.1
2025-08-09,Portage la Prairie,MB,21.9,15.5,17.4
2025-08-10,Portage la Prairie,MB,23.3,14.9,18.9
2025-08-11,Portage la Prairie,MB,22.6,17.3,19.0
2025-08-12,Portage la Prairie,MB,20.2,14.0,25.4
2025-08-13,Portage la Prairie,MB,21.8,11.6,20.1
2025-08-14,Portage la Prairie,MB,26.7,15.7,24.4
2025-08-15,Portage la Prairie,MB,20.9,13.2,19.4
2025-08-16,Portage la Prairie,MB,19.9,11.8,16.8
2025-08-17,Portage la Prairie,MB,18.9,14.1,19.3
2025-08-18,Portage la Prairie,MB,23.5,16.0,8.9
2025-08-19,Portage la Prairie,MB,25.9,14.7,11.9
2025-08-20,Portage la Prairie,MB,27.3,18.1,26.8
2025-08-21,Portage la Prairie,MB,26.5,19.8,23.8
2025-08-22,Portage la Prairie,MB,19.7,13.6,37.2
2025-08-23,Portage la Prairie,MB,17.9,12.7,31.2
2025-08-24,Portage la Prairie,MB,17.2,10.6,22.7
2025-08-25,Portage la Prairie,MB,19.7,9.0,13.5
2025-08-26,Portage la Prairie,MB,25.8,13.9,16.6
2025-08-27,Portage la Prairie,MB,25.1,16.3,18.5
2025-08-28,Portage la Prairie,MB,25.9,14.2,8.4
2025-08-29,Portage la Prairie,MB,28.1,15.2,9.3
2025-08-30,Portage la Prairie,MB,29.6,17.3,13.0
2025-08-31,Portage la Prairie,MB,27.9,17.2,16.9
2025-09-01,Portage la Prairie,MB,24.7,18.5,17.1
2025-09-02,Portage la Prairie,MB,19.4,12.0,24.6
2025-09-03,Portage la Prairie,MB,12.7,8.1,21.3
2025-09-04,Portage la Prairie,MB,8.7,5.9,17.6
2025-09-05,Portage la Prairie,MB,14.5,6.4,34.9
2025-09-06,Portage la Prairie,MB,13.5,7.5,21.8
2025-09-07,Portage la Prairie,MB,18.4,4.7,16.6
2025-09-08,Portage la Prairie,MB,21.1,9.3,16.4
2025-09-09,Portage la Prairie,MB,23.0,9.3,9.4
2025-09-10,Portage la Prairie,MB,25.6,10.7,17.3
2025-09-11,Portage la Prairie,MB,20.2,15.0,23.3
2025-09-12,Portage la Prairie,MB,23.8,15.8,14.1
2025-09-13,Portage la Prairie,MB,24.4,15.6,17.8
2025-09-14,Portage la Prairie,MB,24.6,17.6,19.2
2025-09-15,Portage la Prairie,MB,24.5,18.2,24.5
2025-09-16,Portage la Prairie,MB,24.2,16.8,23.4
2025-09-17,Portage la Prairie,MB,21.4,15.0,17.6
2025-09-18,Portage la Prairie,MB,16.0,13.2,13.6
2025-09-19,Portage la Prairie,MB,18.7,13.4,13.1
2025-09-20,Portage la Prairie,MB,19.3,14.0,8.2
2025-09-21,Portage la Prairie,MB,21.7,12.3,13.0
2025-09-22,Portage la Prairie,MB,25.4,12.1,14.0
2025-09-23,Portage la Prairie,MB,21.9,15.5,17.8
2025-09-24,Portage la Prairie,MB,25.4,9.7,19.8
2025-09-25,Portage la Prairie,MB,20.0,10.9,25.9
2025-09-26,Portage la Prairie,MB,23.5,7.0,32.0
2025-09-27,Portage la Prairie,MB,22.5,8.7,20.7
2025-09-28,Portage la Prairie,MB,27.5,8.4,20.9
2025-09-29,Portage la Prairie,MB,22.5,11.3,21.9
2025-09-30,Portage la Prairie,MB,28.4,14.6,23.6
2025-10-01,Portage la Prairie,MB,27.4,19.0,27.1
2025-10-02,Portage la Prairie,MB,26.8,13.9,18.0
2025-10-03,Portage la Prairie,MB,25.0,12.1,15.8
2025-10-04,Portage la Prairie,MB,17.9,13.4,18.8
2025-10-05,Portage la Prairie,MB,13.9,7.6,28.8
2025-10-06,Portage la Prairie,MB,12.5,2.4,25.8
2025-10-07,Portage la Prairie,MB,9.8,-1.1,17.0
2025-10-08,Portage la Prairie,MB,17.8,5.4,27.0
2025-10-09,Portage la Prairie,MB,18.8,9.0,24.0
2025-10-10,Portage la Prairie,MB,17.0,2.9,17.4
2025-10-11,Portage la Prairie,MB,17.7,6.2,29.7
2025-10-12,Portage la Prairie,MB,19.0,6.4,39.5
2025-10-13,Portage la Prairie,MB,8.2,1.8,43.4
2025-10-14,Portage la Prairie,MB,5.9,-2.9,13.4
2025-10-15,Portage la Prairie,MB,12.1,3.8,13.4
2025-10-16,Portage la Prairie,MB,11.5,8.8,15.9
2025-10-17,Portage la Prairie,MB,12.2,8.9,22.2
2025-10-18,Portage la Prairie,MB,10.9,4.5,36.0
2025-10-19,Portage la Prairie,MB,11.9,2.3,21.5
2025-10-20,Portage la Prairie,MB,8.1,6.0,21.5
2025-10-21,Portage la Prairie,MB,6.3,0.7,28.1
2025-10-22,Portage la Prairie,MB,7.1,-1.5,11.5
2025-10-23,Portage la Prairie,MB,9.0,-3.1,15.8
2025-10-24,Portage la Prairie,MB,8.5,0.7,20.6
2025-10-25,Portage la Prairie,MB,14.7,0.6,25.8
2025-10-26,Portage la Prairie,MB,16.4,10.1,33.6
2025-10-27,Portage la Prairie,MB,11.6,7.1,15.6
2025-10-28,Portage la Prairie,MB,9.6,4.2,18.6
2025-10-29,Portage la Prairie,MB,9.4,-0.9,15.3
2025-10-30,Portage la Prairie,MB,6.3,3.0,22.2
2025-10-31,Portage la Prairie,MB,5.4,2.4,23.6
2025-11-01,Portage la Prairie,MB,5.8,0.4,22.7
2025-11-02,Portage la Prairie,MB,14.1,5.0,42.2
2025-11-03,Portage la Prairie,MB,9.9,2.9,29.1
2025-11-04,Portage la Prairie,MB,8.8,0.7,20.3
2025-11-05,Portage la Prairie,MB,5.9,-2.0,17.1
2025-11-06,Portage la Prairie,MB,4.8,-4.2,18.6
2025-11-07,Portage la Prairie,MB,0.6,-6.1,25.9
2025-11-08,Portage la Prairie,MB,-4.2,-8.0,20.9
2025-11-09,Portage la Prairie,MB,-3.0,-10.0,22.8
2025-11-10,Portage la Prairie,MB,2.3,-7.9,31.7
2025-11-11,Portage la Prairie,MB,7.4,0.7,24.1
2025-11-12,Portage la Prairie,MB,7.3,0.6,23.8
2025-11-13,Portage la Prairie,MB,6.8,-4.3,21.2
2025-11-14,Portage la Prairie,MB,12.8,2.2,20.6
2025-11-15,Portage la Prairie,MB,4.7,-1.7,23.3
2025-11-16,Portage la Prairie,MB,2.0,-5.9,15.0
2025-11-17,Portage la Prairie,MB,3.9,-5.4,12.9
2025-11-18,Portage la Prairie,MB,2.8,-3.5,17.4
2025-11-19,Portage la Prairie,MB,4.8,-1.1,16.8
2025-11-20,Portage la Prairie,MB,4.3,-2.3,20.9
2025-11-21,Portage la Prairie,MB,2.7,-8.4,16.0
2025-11-22,Portage la Prairie,MB,7.5,-0.3,25.3
2025-11-23,Portage la Prairie,MB,10.3,-0.1,16.2
2025-11-24,Portage la Prairie,MB,3.2,-2.3,11.3
2025-11-25,Portage la Prairie,MB,-1.3,-3.2,22.8
2025-11-26,Portage la Prairie,MB,-1.9,-4.2,20.6
2025-11-27,Portage la Prairie,MB,-3.6,-8.0,20.9
2025-11-28,Portage la Prairie,MB,-5.7,-7.3,13.0
2025-11-29,Portage la Prairie,MB,-5.2,-11.5,17.4
2025-11-30,Portage la Prairie,MB,-9.8,-13.7,15.7
2025-12-01,Portage la Prairie,MB,-10.7,-15.0,14.9
2025-12-02,Portage la Prairie,MB,-8.0,-14.9,27.9
2025-12-03,Portage la Prairie,MB,-12.9,-19.9,23.1
2025-12-04,Portage la Prairie,MB,-3.1,-19.4,20.4
2025-12-05,Portage la Prairie,MB,-7.9,-13.4,21.7
2025-12-06,Portage la Prairie,MB,-13.9,-21.8,14.6
2025-12-07,Portage la Prairie,MB,-15.6,-25.5,15.0
2025-12-08,Portage la Prairie,MB,-11.2,-16.7,17.1
2025-12-09,Portage la Prairie,MB,-8.5,-15.3,19.0
2025-12-10,Portage la Prairie,MB,-9.0,-18.3,21.3
2025-12-11,Portage la Prairie,MB,-8.2,-16.3,13.9
2025-12-12,Portage la Prairie,MB,-8.9,-24.5,26.4
2025-12-13,Portage la Prairie,MB,-20.3,-26.7,20.7
2025-12-14,Portage la Prairie,MB,-11.9,-27.0,28.7
2025-12-15,Portage la Prairie,MB,-7.7,-17.0,23.1
2025-12-16,Portage la Prairie,MB,4.5,-12.6,38.5
2025-12-17,Portage la Prairie,MB,-6.6,-15.0,22.9
2025-12-18,Portage la Prairie,MB,-9.0,-26.4,44.8
2025-12-19,Portage la Prairie,MB,-10.8,-29.6,31.6
2025-12-20,Portage la Prairie,MB,-12.4,-21.4,30.2
2025-12-21,Portage la Prairie,MB,-18.0,-26.1,13.4
2025-12-22,Portage la Prairie,MB,-12.4,-20.5,17.2
2025-12-23,Portage la Prairie,MB,-12.8,-16.9,20.8
2025-12-24,Portage la Prairie,MB,-8.7,-15.9,19.4
2025-12-25,Portage la Prairie,MB,-7.9,-17.1,20.6
2025-12-26,Portage la Prairie,MB,-9.5,-11.9,11.8
2025-12-27,Portage la Prairie,MB,-9.5,-14.6,19.2
2025-12-28,Portage la Prairie,MB,-14.9,-19.9,28.4
2025-12-29,Portage la Prairie,MB,-14.4,-24.9,19.0
2025-12-30,Portage la Prairie,MB,-5.1,-13.2,20.9
2025-12-31,Portage la Prairie,MB,-12.9,-22.2,22.5
2026-01-01,Portage la Prairie,MB,-17.7,-22.2,13.0
2026-01-02,Portage la Prairie,MB,-13.4,-22.6,13.5
2026-01-03,Portage la Prairie,MB,-12.0,-22.7,12.1
2026-01-04,Portage la Prairie,MB,-9.3,-21.9,17.0
2026-01-05,Portage la Prairie,MB,-6.0,-9.1,10.3
2026-01-06,Portage la Prairie,MB,-8.0,-11.1,13.6
2026-01-07,Portage la Prairie,MB,-2.8,-11.7,16.6
2026-01-08,Portage la Prairie,MB,-1.6,-14.6,24.8
2026-01-09,Portage la Prairie,MB,-10.5,-16.0,18.3
2026-01-10,Portage la Prairie,MB,-9.1,-19.3,22.8
2026-01-11,Portage la Prairie,MB,-0.3,-18.4,26.6
2026-01-12,Portage la Prairie,MB,2.5,-5.2,26.2
2026-01-13,Portage la Prairie,MB,3.4,-13.6,29.4
2026-01-14,Portage la Prairie,MB,-5.9,-19.5,19.1
2026-01-15,Portage la Prairie,MB,1.9,-5.5,32.1
2026-01-16,Portage la Prairie,MB,-3.2,-18.1,32.4
2026-01-17,Portage la Prairie,MB,-18.0,-24.1,31.5
2026-01-18,Portage la Prairie,MB,-13.6,-23.1,35.8
2026-01-19,Portage la Prairie,MB,-18.3,-25.9,18.5
2026-01-20,Portage la Prairie,MB,-15.6,-24.2,19.5
2026-01-21,Portage la Prairie,MB,-13.9,-22.5,25.9
2026-01-22,Portage la Prairie,MB,-21.4,-30.2,25.2
2026-01-23,Portage la Prairie,MB,-25.4,-30.1,20.0
2026-01-24,Portage la Prairie,MB,-24.6,-30.9,13.4
2026-01-25,Portage la Prairie,MB,-25.3,-34.6,19.3
2026-01-26,Portage la Prairie,MB,-13.9,-25.3,25.6
2026-01-27,Portage la Prairie,MB,-18.3,-23.8,23.3
2026-01-28,Portage la Prairie,MB,-19.5,-24.1,12.4
2026-01-29,Portage la Prairie,MB,-19.1,-26.2,13.3
2026-01-30,Portage la Prairie,MB,-15.5,-30.4,16.2
2026-01-31,Portage la Prairie,MB,-4.3,-19.7,29.4
2026-02-01,Portage la Prairie,MB,-5.0,-15.5,26.7
2026-02-02,Portage la Prairie,MB,-14.8,-22.1,13.3
2026-02-03,Portage la Prairie,MB,-6.3,-23.8,19.7
2026-02-04,Portage la Prairie,MB,-1.7,-11.1,21.2
2026-02-05,Portage la Prairie,MB,3.0,-2.5,26.0
2026-02-06,Portage la Prairie,MB,-3.6,-15.2,27.0
2026-02-07,Portage la Prairie,MB,-6.8,-15.0,24.3
2026-02-08,Portage la Prairie,MB,2.7,-7.2,23.6
2026-02-09,Portage la Prairie,MB,3.2,-4.4,28.5
2026-02-10,Portage la Prairie,MB,-4.6,-9.5,18.8
2026-02-11,Portage la Prairie,MB,-1.6,-10.3,15.7
2026-02-12,Portage la Prairie,MB,1.8,-7.6,15.0
2026-02-13,Portage la Prairie,MB,2.7,-10.5,15.8
2026-02-14,Portage la Prairie,MB,0.1,-8.2,9.4
2026-02-15,Portage la Prairie,MB,3.8,-4.5,20.4
2026-02-16,Portage la Prairie,MB,0.0,-9.2,12.5
2026-02-17,Portage la Prairie,MB,-1.2,-12.1,30.0
2026-02-18,Portage la Prairie,MB,-2.1,-6.3,24.2
2026-02-19,Portage la Prairie,MB,-6.1,-11.4,18.6
2026-02-20,Portage la Prairie,MB,-11.6,-17.8,20.0
2026-02-21,Portage la Prairie,MB,-14.6,-20.0,18.2
2026-02-22,Portage la Prairie,MB,-17.4,-22.9,20.1
2026-02-23,Portage la Prairie,MB,-9.3,-24.3,29.7
2026-02-24,Portage la Prairie,MB,-8.4,-17.5,26.4
2026-02-25,Portage la Prairie,MB,-11.5,-23.3,17.1
2026-02-26,Portage la Prairie,MB,-5.8,-14.3,11.4
2026-02-27,Portage la Prairie,MB,1.1,-18.0,40.2
2026-02-28,Portage la Prairie,MB,-18.5,-25.0,13.0
2026-03-01,Portage la Prairie,MB,-8.9,-26.0,18.5
2026-03-02,Portage la Prairie,MB,-3.6,-12.9,17.0
2026-03-03,Portage la Prairie,MB,-8.6,-17.0,10.1
2026-03-04,Portage la Prairie,MB,-10.5,-13.8,24.5
2026-03-05,Portage la Prairie,MB,-10.2,-14.9,12.0
2026-03-06,Portage la Prairie,MB,-6.2,-12.0,19.3
2026-03-07,Portage la Prairie,MB,4.0,-9.6,30.3
2026-03-08,Portage la Prairie,MB,5.5,-2.4,24.4
2026-03-09,Portage la Prairie,MB,-3.8,-15.5,21.0
2026-03-10,Portage la Prairie,MB,-2.4,-15.6,16.5
2026-03-11,Portage la Prairie,MB,-7.8,-13.4,11.8
2026-03-12,Portage la Prairie,MB,-1.4,-11.8,28.9
2026-03-13,Portage la Prairie,MB,-7.0,-10.8,29.0
2026-03-14,Portage la Prairie,MB,-8.7,-16.1,16.8
2026-03-15,Portage la Prairie,MB,-12.8,-19.3,17.1
2026-03-16,Portage la Prairie,MB,-11.5,-21.1,11.4
2026-03-17,Portage la Prairie,MB,-8.2,-18.4,28.7
2026-03-18,Portage la Prairie,MB,0.3,-9.3,13.6
2026-03-19,Portage la Prairie,MB,7.1,-7.6,18.1
2026-03-20,Portage la Prairie,MB,10.7,-1.9,14.8
2026-03-21,Portage la Prairie,MB,1.2,-2.7,27.7
2026-03-22,Portage la Prairie,MB,2.4,-4.9,22.3
2026-03-23,Portage la Prairie,MB,7.3,-4.9,22.0
2026-03-24,Portage la Prairie,MB,2.1,-9.7,16.5
2026-03-25,Portage la Prairie,MB,-3.2,-9.8,21.7
2026-03-26,Portage la Prairie,MB,-7.7,-13.0,25.1
2026-03-27,Portage la Prairie,MB,-3.4,-12.1,19.1
2026-03-28,Portage la Prairie,MB,2.0,-8.7,16.4
2026-03-29,Portage la Prairie,MB,4.5,-6.9,15.3
2026-03-30,Portage la Prairie,MB,-2.7,-5.0,14.6
2026-03-31,Portage la Prairie,MB,-2.6,-7.4,18.6
2026-04-01,Portage la Prairie,MB,2.5,-11.9,22.8
2026-04-02,Portage la Prairie,MB,4.5,-1.4,16.6
2026-04-03,Portage la Prairie,MB,7.9,-2.9,16.7
2026-04-04,Portage la Prairie,MB,7.7,-2.7,22.3
2026-04-05,Portage la Prairie,MB,4.1,-5.6,29.7
2026-04-06,Portage la Prairie,MB,-0.5,-8.0,24.4
2026-04-07,Portage la Prairie,MB,-1.0,-7.2,30.4
2026-04-08,Portage la Prairie,MB,4.8,-1.6,26.8
2026-04-09,Portage la Prairie,MB,6.0,-6.1,23.5
2026-04-10,Portage la Prairie,MB,8.5,-1.7,17.6
2026-04-11,Portage la Prairie,MB,9.2,0.2,28.9
2026-04-12,Portage la Prairie,MB,7.3,1.9,22.4
2026-04-13,Portage la Prairie,MB,6.2,-1.1,14.8
2026-04-14,Portage la Prairie,MB,10.6,-0.5,16.4
2026-04-15,Portage la Prairie,MB,18.1,-1.2,28.8
2026-04-16,Portage la Prairie,MB,-2.7,-8.1,25.6
2026-04-17,Portage la Prairie,MB,-2.1,-8.2,29.4
2026-04-18,Portage la Prairie,MB,1.7,-8.6,26.3
2026-04-19,Portage la Prairie,MB,3.4,-7.5,17.9
2026-04-20,Portage la Prairie,MB,18.0,-1.3,25.3
2026-04-21,Portage la Prairie,MB,18.9,-1.3,23.4
2026-04-22,Portage la Prairie,MB,20.3,1.5,27.9
2026-04-23,Portage la Prairie,MB,22.0,2.9,36.7
2026-04-24,Portage la Prairie,MB,8.1,-0.4,29.1
2026-04-25,Portage la Prairie,MB,3.5,-1.3,22.0
2026-04-26,Portage la Prairie,MB,8.6,-3.3,21.2
2026-04-27,Portage la Prairie,MB,6.6,0.4,22.0
2026-04-28,Portage la Prairie,MB,5.4,-3.2,16.2
2026-04-29,Portage la Prairie,MB,6.1,-2.3,16.7
2026-04-30,Portage la Prairie,MB,5.3,-3.1,20.2
2026-05-01,Portage la Prairie,MB,13.1,-3.7,15.4
2026-05-02,Portage la Prairie,MB,17.7,1.6,26.4
2026-05-03,Portage la Prairie,MB,22.2,2.8,36.5
2026-05-04,Portage la Prairie,MB,10.1,-0.6,33.1
2026-05-05,Portage la Prairie,MB,2.5,-3.2,21.5
2026-05-06,Portage la Prairie,MB,5.8,-1.9,14.8
2026-05-07,Portage la Prairie,MB,12.7,-4.7,18.8
2026-05-08,Portage la Prairie,MB,13.3,1.4,20.4
2026-05-09,Portage la Prairie,MB,10.0,0.0,27.2
2026-05-10,Portage la Prairie,MB,10.5,-1.1,14.3
2026-05-11,Portage la Prairie,MB,16.3,1.2,32.7
2026-05-12,Portage la Prairie,MB,16.7,5.2,30.3
2026-05-13,Portage la Prairie,MB,23.8,3.7,26.0
2026-05-14,Portage la Prairie,MB,24.3,13.2,39.8
2026-05-15,Portage la Prairie,MB,16.7,4.9,42.7
2026-05-16,Portage la Prairie,MB,7.7,1.1,23.0
2026-05-17,Portage la Prairie,MB,10.0,-0.7,19.9
2026-05-18,Portage la Prairie,MB,6.1,3.6,22.5
2026-05-19,Portage la Prairie,MB,7.7,2.6,20.1
2026-05-20,Portage la Prairie,MB,16.6,-0.1,23.2
2026-05-21,Portage la Prairie,MB,20.7,7.9,28.7
2026-05-22,Portage la Prairie,MB,21.0,9.6,24.2
2026-05-23,Portage la Prairie,MB,12.3,8.2,14.1
2026-05-24,Portage la Prairie,MB,24.5,7.2,19.2
2026-05-25,Portage la Prairie,MB,23.9,12.5,19.9
2026-05-26,Portage la Prairie,MB,27.8,10.2,22.7
2026-05-27,Portage la Prairie,MB,29.0,13.5,21.1
2026-05-28,Portage la Prairie,MB,34.5,16.1,19.7
2026-05-29,Portage la Prairie,MB,33.4,20.0,19.7
2026-05-30,Portage la Prairie,MB,29.3,19.5,23.7
2026-05-31,Portage la Prairie,MB,30.8,19.1,24.5
2026-06-01,Portage la Prairie,MB,25.2,17.2,22.5
2026-06-02,Portage la Prairie,MB,29.5,14.1,28.7
2026-06-03,Portage la Prairie,MB,24.0,16.0,17.4
2026-06-04,Portage la Prairie,MB,21.7,13.3,13.4
2026-06-05,Portage la Prairie,MB,21.4,12.5,13.2
2026-06-06,Portage la Prairie,MB,32.2,13.9,25.6
2026-06-07,Portage la Prairie,MB,33.9,20.2,32.7
2026-06-08,Portage la Prairie,MB,26.9,19.3,28.5
2026-06-09,Portage la Prairie,MB,30.5,13.4,32.7
2026-06-10,Portage la Prairie,MB,26.6,17.7,28.0
2026-06-11,Portage la Prairie,MB,21.2,13.2,24.5
2026-06-12,Portage la Prairie,MB,18.4,11.4,33.1
2026-06-13,Portage la Prairie,MB,16.2,9.9,26.8
2026-06-14,Portage la Prairie,MB,23.1,8.1,18.8
2026-06-15,Portage la Prairie,MB,18.5,12.5,21.7
2026-06-16,Portage la Prairie,MB,23.5,9.3,18.8
2026-06-17,Portage la Prairie,MB,18.2,10.2,25.5
2026-06-18,Portage la Prairie,MB,19.9,8.5,21.1
2026-06-19,Portage la Prairie,MB,18.7,11.7,20.2
2026-06-20,Portage la Prairie,MB,18.0,9.1,11.2
2026-06-21,Portage la Prairie,MB,20.2,9.0,15.3
2026-06-22,Portage la Prairie,MB,21.7,11.1,13.9
2026-06-23,Portage la Prairie,MB,17.6,13.6,22.5
2026-06-24,Portage la Prairie,MB,20.5,13.2,23.9
2026-06-25,Portage la Prairie,MB,23.5,11.5,8.9
2026-06-26,Portage la Prairie,MB,25.3,13.5,18.1
2026-06-27,Portage la Prairie,MB,23.3,15.5,26.5
2026-06-28,Portage la Prairie,MB,25.2,16.6,28.9
2026-06-29,Portage la Prairie,MB,24.6,17.4,23.9
2026-06-30,Portage la Prairie,MB,23.9,15.9,37.0
2026-07-01,Portage la Prairie,MB,21.8,16.4,27.0
2026-07-02,Portage la Prairie,MB,19.1,13.7,14.5
2026-07-03,Portage la Prairie,MB,20.3,12.5,10.2
2026-07-04,Portage la Prairie,MB,25.6,13.1,8.4
2026-07-05,Portage la Prairie,MB,30.9,17.0,22.9
2026-07-06,Portage la Prairie,MB,25.6,18.2,23.1
2026-07-07,Portage la Prairie,MB,23.3,13.5,10.0
2026-07-08,Portage la Prairie,MB,25.3,14.7,8.2
2026-07-09,Portage la Prairie,MB,26.3,14.4,18.8
2026-07-10,Portage la Prairie,MB,28.8,15.9,9.2
2026-07-11,Portage la Prairie,MB,33.3,19.1,16.5
2026-07-12,Portage la Prairie,MB,36.7,23.6,18.4
2026-07-13,Portage la Prairie,MB,35.1,26.9,24.3
2026-07-14,Portage la Prairie,MB,29.3,19.6,14.6
2026-07-15,Portage la Prairie,MB,24.6,18.7,13.8
2026-07-16,Portage la Prairie,MB,25.8,17.0,21.3
2026-07-17,Portage la Prairie,MB,26.2,19.4,17.6
2026-07-18,Portage la Prairie,MB,29.8,19.2,11.5
2026-07-19,Portage la Prairie,MB,31.1,20.8,24.3
2026-07-20,Portage la Prairie,MB,26.2,18.1,30.1
2026-07-21,Portage la Prairie,MB,21.4,15.4,20.0
2026-07-22,Portage la Prairie,MB,27.0,14.4,17.7
2026-07-23,Portage la Prairie,MB,29.3,17.7,20.6
2026-07-24,Portage la Prairie,MB,30.5,20.2,20.1
2024-01-01,Steinbach,MB,-0.7,-9.5,24.4
2024-01-02,Steinbach,MB,-0.8,-4.3,17.9
2024-01-03,Steinbach,MB,-4.5,-12.5,17.1
2024-01-04,Steinbach,MB,-6.3,-12.6,23.1
2024-01-05,Steinbach,MB,-3.8,-6.6,15.3
2024-01-06,Steinbach,MB,-5.1,-12.4,17.9
2024-01-07,Steinbach,MB,-12.7,-18.1,10.8
2024-01-08,Steinbach,MB,-10.2,-20.2,12.6
2024-01-09,Steinbach,MB,-12.6,-22.2,13.6
2024-01-10,Steinbach,MB,-5.5,-14.3,17.9
2024-01-11,Steinbach,MB,-6.4,-17.9,22.6
2024-01-12,Steinbach,MB,-17.7,-22.0,18.5
2024-01-13,Steinbach,MB,-19.4,-25.8,20.3
2024-01-14,Steinbach,MB,-21.9,-26.0,20.8
2024-01-15,Steinbach,MB,-18.0,-24.9,28.0
2024-01-16,Steinbach,MB,-15.4,-22.5,22.1
2024-01-17,Steinbach,MB,-16.1,-25.7,14.9
2024-01-18,Steinbach,MB,-17.9,-28.9,16.3
2024-01-19,Steinbach,MB,-18.6,-27.6,11.3
2024-01-20,Steinbach,MB,-12.8,-28.2,29.6
2024-01-21,Steinbach,MB,-7.8,-13.4,31.7
2024-01-22,Steinbach,MB,-9.0,-14.3,15.5
2024-01-23,Steinbach,MB,-1.0,-16.3,24.5
2024-01-24,Steinbach,MB,-0.4,-2.4,26.6
2024-01-25,Steinbach,MB,0.1,-2.9,7.1
2024-01-26,Steinbach,MB,0.4,-4.0,19.5
2024-01-27,Steinbach,MB,-0.9,-9.1,13.0
2024-01-28,Steinbach,MB,1.5,-4.8,16.6
2024-01-29,Steinbach,MB,2.7,-3.2,22.7
2024-01-30,Steinbach,MB,2.9,-4.5,23.7
2024-01-31,Steinbach,MB,6.0,0.3,17.1
2024-02-01,Steinbach,MB,4.7,-6.0,10.8
2024-02-02,Steinbach,MB,2.9,-3.2,16.1
2024-02-03,Steinbach,MB,3.4,-2.6,14.4
2024-02-04,Steinbach,MB,5.1,-0.1,8.7
2024-02-05,Steinbach,MB,2.3,-0.2,18.2
2024-02-06,Steinbach,MB,1.9,-0.1,10.0
2024-02-07,Steinbach,MB,3.8,-0.1,19.9
2024-02-08,Steinbach,MB,2.5,-4.7,24.2
2024-02-09,Steinbach,MB,-5.1,-9.3,24.2
2024-02-10,Steinbach,MB,-1.6,-7.6,14.6
2024-02-11,Steinbach,MB,-2.9,-10.2,14.8
2024-02-12,Steinbach,MB,-2.3,-7.1,9.8
2024-02-13,Steinbach,MB,-0.4,-10.3,21.2
2024-02-14,Steinbach,MB,-2.6,-9.0,18.9
2024-02-15,Steinbach,MB,-10.4,-17.1,18.4
2024-02-16,Steinbach,MB,-9.4,-22.0,14.5
2024-02-17,Steinbach,MB,0.2,-10.4,24.3
2024-02-18,Steinbach,MB,-5.3,-13.4,17.6
2024-02-19,Steinbach,MB,0.2,-16.8,11.6
2024-02-20,Steinbach,MB,-2.2,-10.7,10.8
2024-02-21,Steinbach,MB,-0.4,-11.0,9.4
2024-02-22,Steinbach,MB,3.6,-6.2,20.9
2024-02-23,Steinbach,MB,-6.3,-13.7,17.3
2024-02-24,Steinbach,MB,7.5,-8.9,27.4
2024-02-25,Steinbach,MB,0.8,-7.9,17.3
2024-02-26,Steinbach,MB,5.2,-6.7,32.8
2024-02-27,Steinbach,MB,-6.1,-20.2,32.2
2024-02-28,Steinbach,MB,-14.3,-24.5,11.5
2024-02-29,Steinbach,MB,-6.2,-21.5,19.4
2024-03-01,Steinbach,MB,7.1,-7.2,22.1
2024-03-02,Steinbach,MB,-2.4,-9.3,24.5
2024-03-03,Steinbach,MB,2.8,-3.3,40.4
2024-03-04,Steinbach,MB,-1.1,-12.4,44.5
2024-03-05,Steinbach,MB,-5.6,-15.8,13.6
2024-03-06,Steinbach,MB,1.0,-13.8,34.6
2024-03-07,Steinbach,MB,-6.8,-12.1,25.6
2024-03-08,Steinbach,MB,-3.6,-14.6,9.0
2024-03-09,Steinbach,MB,0.1,-17.7,12.2
2024-03-10,Steinbach,MB,9.4,-5.6,23.7
2024-03-11,Steinbach,MB,14.9,-3.1,19.1
2024-03-12,Steinbach,MB,9.1,-2.6,13.6
2024-03-13,Steinbach,MB,9.4,-3.8,10.9
2024-03-14,Steinbach,MB,6.8,-4.4,15.1
2024-03-15,Steinbach,MB,5.2,-2.4,29.6
2024-03-16,Steinbach,MB,1.8,-8.4,32.3
2024-03-17,Steinbach,MB,-5.2,-10.6,28.4
2024-03-18,Steinbach,MB,5.1,-12.0,30.6
2024-03-19,Steinbach,MB,1.5,-10.5,30.9
2024-03-20,Steinbach,MB,-7.2,-14.2,20.5
2024-03-21,Steinbach,MB,-2.7,-13.7,12.0
2024-03-22,Steinbach,MB,-3.7,-12.8,21.1
2024-03-23,Steinbach,MB,-3.5,-15.8,10.6
2024-03-24,Steinbach,MB,-0.2,-12.4,19.8
2024-03-25,Steinbach,MB,-1.8,-8.0,26.6
2024-03-26,Steinbach,MB,-6.1,-9.7,29.6
2024-03-27,Steinbach,MB,-3.6,-10.0,25.0
2024-03-28,Steinbach,MB,2.6,-10.5,15.8
2024-03-29,Steinbach,MB,3.0,-7.0,15.8
2024-03-30,Steinbach,MB,3.6,-6.4,15.9
2024-03-31,Steinbach,MB,0.9,-8.2,13.2
2024-04-01,Steinbach,MB,6.2,-7.7,15.6
2024-04-02,Steinbach,MB,4.5,-3.3,22.8
2024-04-03,Steinbach,MB,9.7,-4.7,14.8
2024-04-04,Steinbach,MB,11.3,-4.7,11.2
2024-04-05,Steinbach,MB,12.6,-2.0,20.4
2024-04-06,Steinbach,MB,14.6,1.4,25.9
2024-04-07,Steinbach,MB,14.6,0.6,22.9
2024-04-08,Steinbach,MB,12.0,0.3,12.4
2024-04-09,Steinbach,MB,12.6,-0.8,10.6
2024-04-10,Steinbach,MB,14.4,-1.1,10.5
2024-04-11,Steinbach,MB,12.6,1.2,26.4
2024-04-12,Steinbach,MB,11.8,-3.1,13.8
2024-04-13,Steinbach,MB,19.4,4.5,24.2
2024-04-14,Steinbach,MB,13.9,2.1,23.1
2024-04-15,Steinbach,MB,15.4,-1.1,15.0
2024-04-16,Steinbach,MB,14.2,4.0,31.7
2024-04-17,Steinbach,MB,10.4,1.1,16.7
2024-04-18,Steinbach,MB,5.5,-1.9,27.4
2024-04-19,Steinbach,MB,-0.3,-3.4,28.0
2024-04-20,Steinbach,MB,9.4,-5.2,22.0
2024-04-21,Steinbach,MB,14.6,-1.1,18.8
2024-04-22,Steinbach,MB,15.7,4.7,20.9
2024-04-23,Steinbach,MB,8.6,-1.9,22.6
2024-04-24,Steinbach,MB,15.6,-3.2,16.9
2024-04-25,Steinbach,MB,21.5,6.0,34.2
2024-04-26,Steinbach,MB,16.3,6.9,29.2
2024-04-27,Steinbach,MB,8.5,0.7,26.1
2024-04-28,Steinbach,MB,11.7,-2.6,18.8
2024-04-29,Steinbach,MB,4.0,1.1,16.8
2024-04-30,Steinbach,MB,12.9,-1.2,13.6
2024-05-01,Steinbach,MB,14.2,3.8,12.6
2024-05-02,Steinbach,MB,10.2,4.7,20.3
2024-05-03,Steinbach,MB,9.7,4.4,20.9
2024-05-04,Steinbach,MB,11.4,4.2,19.7
2024-05-05,Steinbach,MB,15.8,2.5,16.4
2024-05-06,Steinbach,MB,20.1,7.9,29.2
2024-05-07,Steinbach,MB,15.6,11.0,31.7
2024-05-08,Steinbach,MB,21.6,8.3,19.8
2024-05-09,Steinbach,MB,18.8,4.9,13.0
2024-05-10,Steinbach,MB,17.9,7.0,28.3
2024-05-11,Steinbach,MB,25.9,5.3,29.8
2024-05-12,Steinbach,MB,15.3,6.9,25.7
2024-05-13,Steinbach,MB,12.8,1.6,11.6
2024-05-14,Steinbach,MB,12.4,4.4,19.9
2024-05-15,Steinbach,MB,14.5,8.5,17.5
2024-05-16,Steinbach,MB,18.5,9.0,13.5
2024-05-17,Steinbach,MB,23.1,9.3,19.3
2024-05-18,Steinbach,MB,17.3,11.8,35.7
2024-05-19,Steinbach,MB,19.9,8.0,21.4
2024-05-20,Steinbach,MB,17.5,9.8,13.6
2024-05-21,Steinbach,MB,16.9,5.7,18.8
2024-05-22,Steinbach,MB,15.5,8.6,15.9
2024-05-23,Steinbach,MB,15.5,1.9,18.4
2024-05-24,Steinbach,MB,12.7,6.0,25.8
2024-05-25,Steinbach,MB,10.4,4.5,30.8
2024-05-26,Steinbach,MB,18.0,2.2,16.2
2024-05-27,Steinbach,MB,16.4,9.6,16.3
2024-05-28,Steinbach,MB,14.6,5.5,19.1
2024-05-29,Steinbach,MB,21.2,6.5,20.8
2024-05-30,Steinbach,MB,22.5,13.6,37.3
2024-05-31,Steinbach,MB,19.9,10.3,32.4
2024-06-01,Steinbach,MB,19.9,9.1,28.3
2024-06-02,Steinbach,MB,23.2,11.5,22.3
2024-06-03,Steinbach,MB,21.8,13.3,15.2
2024-06-04,Steinbach,MB,22.2,15.3,26.8
2024-06-05,Steinbach,MB,19.2,13.0,32.2
2024-06-06,Steinbach,MB,14.5,9.2,29.7
2024-06-07,Steinbach,MB,20.4,8.0,19.8
2024-06-08,Steinbach,MB,19.8,8.7,22.8
2024-06-09,Steinbach,MB,17.3,7.7,20.8
2024-06-10,Steinbach,MB,21.1,6.1,21.0
2024-06-11,Steinbach,MB,19.9,13.7,32.1
2024-06-12,Steinbach,MB,22.7,11.6,16.8
2024-06-13,Steinbach,MB,20.0,10.2,17.1
2024-06-14,Steinbach,MB,24.2,9.6,12.9
2024-06-15,Steinbach,MB,27.3,14.8,27.9
2024-06-16,Steinbach,MB,23.2,16.9,32.1
2024-06-17,Steinbach,MB,19.6,11.1,22.5
2024-06-18,Steinbach,MB,18.9,11.4,27.9
2024-06-19,Steinbach,MB,19.2,9.8,17.5
2024-06-20,Steinbach,MB,22.7,10.5,17.2
2024-06-21,Steinbach,MB,24.9,12.1,12.3
2024-06-22,Steinbach,MB,24.8,14.9,13.8
2024-06-23,Steinbach,MB,22.2,13.7,14.2
2024-06-24,Steinbach,MB,29.0,14.3,31.6
2024-06-25,Steinbach,MB,21.5,15.3,30.8
2024-06-26,Steinbach,MB,18.6,12.5,19.5
2024-06-27,Steinbach,MB,21.8,9.1,17.2
2024-06-28,Steinbach,MB,16.7,12.2,26.6
2024-06-29,Steinbach,MB,16.9,9.7,26.4
2024-06-30,Steinbach,MB,20.8,6.6,10.6
2024-07-01,Steinbach,MB,20.7,13.8,28.7
2024-07-02,Steinbach,MB,21.5,15.5,25.6
2024-07-03,Steinbach,MB,22.2,14.0,20.4
2024-07-04,Steinbach,MB,25.4,12.2,19.3
2024-07-05,Steinbach,MB,23.7,12.8,12.1
2024-07-06,Steinbach,MB,25.5,14.6,16.8
2024-07-07,Steinbach,MB,25.2,14.0,8.6
2024-07-08,Steinbach,MB,24.9,13.1,11.7
2024-07-09,Steinbach,MB,26.7,13.8,14.8
2024-07-10,Steinbach,MB,26.9,14.2,9.0
2024-07-11,Steinbach,MB,29.2,18.3,23.9
2024-07-12,Steinbach,MB,29.9,19.4,21.0
2024-07-13,Steinbach,MB,27.3,19.1,18.6
2024-07-14,Steinbach,MB,26.6,15.8,12.1
2024-07-15,Steinbach,MB,22.9,15.0,17.9
2024-07-16,Steinbach,MB,18.9,12.3,19.8
2024-07-17,Steinbach,MB,20.2,9.6,9.4
2024-07-18,Steinbach,MB,25.1,11.7,14.2
2024-07-19,Steinbach,MB,27.9,16.1,11.7
2024-07-20,Steinbach,MB,25.9,16.7,10.4
2024-07-21,Steinbach,MB,27.7,16.9,8.3
2024-07-22,Steinbach,MB,25.1,17.9,13.2
2024-07-23,Steinbach,MB,23.9,16.7,14.0
2024-07-24,Steinbach,MB,25.5,15.0,15.2
2024-07-25,Steinbach,MB,29.4,18.4,26.8
2024-07-26,Steinbach,MB,31.3,21.7,29.0
2024-07-27,Steinbach,MB,29.1,17.5,18.3
2024-07-28,Steinbach,MB,26.3,18.6,18.9
2024-07-29,Steinbach,MB,26.1,17.5,12.2
2024-07-30,Steinbach,MB,30.1,19.6,23.9
2024-07-31,Steinbach,MB,28.6,19.1,16.1
2024-08-01,Steinbach,MB,30.5,15.7,19.1
2024-08-02,Steinbach,MB,27.7,16.9,12.4
2024-08-03,Steinbach,MB,23.3,16.5,23.2
2024-08-04,Steinbach,MB,21.0,11.4,11.6
2024-08-05,Steinbach,MB,22.7,12.6,13.1
2024-08-06,Steinbach,MB,23.9,9.9,22.1
2024-08-07,Steinbach,MB,21.0,13.6,27.0
2024-08-08,Steinbach,MB,16.7,10.5,30.0
2024-08-09,Steinbach,MB,18.8,11.4,23.6
2024-08-10,Steinbach,MB,22.6,9.5,16.0
2024-08-11,Steinbach,MB,25.0,12.0,10.0
2024-08-12,Steinbach,MB,25.7,12.3,11.0
2024-08-13,Steinbach,MB,26.7,13.9,15.1
2024-08-14,Steinbach,MB,26.2,18.6,27.3
2024-08-15,Steinbach,MB,19.6,18.4,17.9
2024-08-16,Steinbach,MB,23.4,16.8,23.9
2024-08-17,Steinbach,MB,25.3,15.7,14.2
2024-08-18,Steinbach,MB,25.8,14.0,9.7
2024-08-19,Steinbach,MB,27.2,14.4,13.2
2024-08-20,Steinbach,MB,27.1,17.7,22.1
2024-08-21,Steinbach,MB,25.4,16.4,26.7
2024-08-22,Steinbach,MB,24.4,18.5,24.9
2024-08-23,Steinbach,MB,27.9,17.2,10.4
2024-08-24,Steinbach,MB,29.5,18.6,24.2
2024-08-25,Steinbach,MB,30.5,20.8,25.4
2024-08-26,Steinbach,MB,22.1,15.5,16.5
2024-08-27,Steinbach,MB,20.1,12.5,10.3
2024-08-28,Steinbach,MB,23.4,13.5,24.8
2024-08-29,Steinbach,MB,23.6,15.3,30.9
2024-08-30,Steinbach,MB,23.4,15.1,24.0
2024-08-31,Steinbach,MB,21.4,13.0,29.0
2024-09-01,Steinbach,MB,20.9,10.2,14.8
2024-09-02,Steinbach,MB,24.0,12.6,21.7
2024-09-03,Steinbach,MB,27.3,15.6,21.4
2024-09-04,Steinbach,MB,24.3,16.5,19.5
2024-09-05,Steinbach,MB,18.1,11.2,16.4
2024-09-06,Steinbach,MB,17.3,9.8,13.8
2024-09-07,Steinbach,MB,20.9,9.2,22.1
2024-09-08,Steinbach,MB,25.0,13.3,20.4
2024-09-09,Steinbach,MB,27.2,14.6,19.5
2024-09-10,Steinbach,MB,27.6,18.2,20.7
2024-09-11,Steinbach,MB,22.8,13.0,17.4
2024-09-12,Steinbach,MB,28.7,17.0,26.1
2024-09-13,Steinbach,MB,27.4,19.1,31.5
2024-09-14,Steinbach,MB,25.1,16.7,18.0
2024-09-15,Steinbach,MB,26.6,16.9,23.5
2024-09-16,Steinbach,MB,25.8,14.1,19.1
2024-09-17,Steinbach,MB,22.7,17.5,17.7
2024-09-18,Steinbach,MB,26.3,18.1,25.1
2024-09-19,Steinbach,MB,22.3,18.7,29.3
2024-09-20,Steinbach,MB,21.7,15.1,25.5
2024-09-21,Steinbach,MB,18.1,11.8,28.9
2024-09-22,Steinbach,MB,16.9,7.8,14.9
2024-09-23,Steinbach,MB,18.3,13.3,24.9
2024-09-24,Steinbach,MB,20.9,9.3,11.3
2024-09-25,Steinbach,MB,24.5,12.9,13.9
2024-09-26,Steinbach,MB,26.7,17.0,34.1
2024-09-27,Steinbach,MB,21.0,11.2,20.8
2024-09-28,Steinbach,MB,24.2,11.0,14.5
2024-09-29,Steinbach,MB,25.3,14.0,34.1
2024-09-30,Steinbach,MB,23.6,11.6,42.0
2024-10-01,Steinbach,MB,15.4,6.4,26.7
2024-10-02,Steinbach,MB,16.4,10.2,21.4
2024-10-03,Steinbach,MB,11.5,3.7,28.4
2024-10-04,Steinbach,MB,15.6,2.1,29.5
2024-10-05,Steinbach,MB,18.7,7.3,37.5
2024-10-06,Steinbach,MB,12.8,6.5,41.2
2024-10-07,Steinbach,MB,15.8,5.3,16.5
2024-10-08,Steinbach,MB,18.1,4.6,17.5
2024-10-09,Steinbach,MB,20.2,9.1,21.4
2024-10-10,Steinbach,MB,22.5,11.2,20.9
2024-10-11,Steinbach,MB,14.7,5.8,21.6
2024-10-12,Steinbach,MB,13.6,4.3,20.1
2024-10-13,Steinbach,MB,10.4,2.0,25.1
2024-10-14,Steinbach,MB,7.2,1.2,14.2
2024-10-15,Steinbach,MB,9.3,-2.2,21.1
2024-10-16,Steinbach,MB,13.7,5.2,25.3
2024-10-17,Steinbach,MB,18.3,9.0,27.1
2024-10-18,Steinbach,MB,12.0,7.4,14.2
2024-10-19,Steinbach,MB,13.1,2.7,24.4
2024-10-20,Steinbach,MB,19.9,8.1,18.6
2024-10-21,Steinbach,MB,19.7,6.9,14.7
2024-10-22,Steinbach,MB,15.5,4.5,22.9
2024-10-23,Steinbach,MB,10.8,2.0,23.9
2024-10-24,Steinbach,MB,10.7,-0.1,14.4
2024-10-25,Steinbach,MB,9.1,0.6,24.0
2024-10-26,Steinbach,MB,9.8,-3.6,14.9
2024-10-27,Steinbach,MB,12.6,1.8,19.5
2024-10-28,Steinbach,MB,14.8,5.8,22.7
2024-10-29,Steinbach,MB,9.7,4.0,15.5
2024-10-30,Steinbach,MB,6.8,-0.5,16.2
2024-10-31,Steinbach,MB,5.6,-2.4,10.1
2024-11-01,Steinbach,MB,6.5,-3.0,12.3
2024-11-02,Steinbach,MB,8.0,-1.7,16.9
2024-11-03,Steinbach,MB,9.7,3.4,23.1
2024-11-04,Steinbach,MB,7.5,1.6,20.4
2024-11-05,Steinbach,MB,6.7,-1.5,12.9
2024-11-06,Steinbach,MB,6.3,-2.2,16.9
2024-11-07,Steinbach,MB,9.7,-0.3,27.3
2024-11-08,Steinbach,MB,8.4,-1.9,19.9
2024-11-09,Steinbach,MB,12.9,4.8,26.6
2024-11-10,Steinbach,MB,12.0,2.2,35.0
2024-11-11,Steinbach,MB,4.0,-0.5,29.7
2024-11-12,Steinbach,MB,7.5,-0.1,29.1
2024-11-13,Steinbach,MB,6.9,2.3,24.9
2024-11-14,Steinbach,MB,6.8,2.2,15.8
2024-11-15,Steinbach,MB,8.8,1.2,17.9
2024-11-16,Steinbach,MB,9.1,3.2,24.4
2024-11-17,Steinbach,MB,6.6,1.4,25.6
2024-11-18,Steinbach,MB,7.0,-1.4,15.9
2024-11-19,Steinbach,MB,6.1,1.4,21.2
2024-11-20,Steinbach,MB,2.3,0.2,20.9
2024-11-21,Steinbach,MB,0.6,-5.2,19.0
2024-11-22,Steinbach,MB,-3.9,-7.8,10.5
2024-11-23,Steinbach,MB,-4.0,-7.5,14.9
2024-11-24,Steinbach,MB,-1.4,-5.5,15.0
2024-11-25,Steinbach,MB,-2.6,-11.6,18.0
2024-11-26,Steinbach,MB,-4.5,-8.2,17.8
2024-11-27,Steinbach,MB,-5.2,-8.2,12.1
2024-11-28,Steinbach,MB,-8.1,-11.8,20.1
2024-11-29,Steinbach,MB,-12.3,-19.0,16.6
2024-11-30,Steinbach,MB,-12.7,-21.0,15.6
2024-12-01,Steinbach,MB,-9.5,-12.5,14.6
2024-12-02,Steinbach,MB,-9.4,-15.7,13.7
2024-12-03,Steinbach,MB,-2.4,-14.9,26.5
2024-12-04,Steinbach,MB,-1.8,-15.4,33.8
2024-12-05,Steinbach,MB,-8.7,-18.6,25.1
2024-12-06,Steinbach,MB,-3.5,-7.9,17.4
2024-12-07,Steinbach,MB,2.6,-2.6,16.5
2024-12-08,Steinbach,MB,1.4,-1.5,21.5
2024-12-09,Steinbach,MB,-1.7,-10.1,25.4
2024-12-10,Steinbach,MB,-8.7,-16.4,21.5
2024-12-11,Steinbach,MB,-17.8,-27.9,22.0
2024-12-12,Steinbach,MB,-25.6,-29.2,11.4
2024-12-13,Steinbach,MB,-10.3,-25.6,25.6
2024-12-14,Steinbach,MB,-4.1,-9.8,23.6
2024-12-15,Steinbach,MB,0.7,-4.0,18.0
2024-12-16,Steinbach,MB,0.4,-8.4,25.6
2024-12-17,Steinbach,MB,-8.7,-11.5,17.2
2024-12-18,Steinbach,MB,-9.5,-24.1,18.0
2024-12-19,Steinbach,MB,-13.7,-19.1,18.5
2024-12-20,Steinbach,MB,-19.5,-26.0,10.3
2024-12-21,Steinbach,MB,-8.1,-23.5,27.0
2024-12-22,Steinbach,MB,-7.2,-10.5,13.1
2024-12-23,Steinbach,MB,-6.6,-11.5,17.4
2024-12-24,Steinbach,MB,-3.6,-8.3,24.9
2024-12-25,Steinbach,MB,-0.4,-6.2,26.2
2024-12-26,Steinbach,MB,0.1,-2.9,26.8
2024-12-27,Steinbach,MB,2.1,-0.5,18.2
2024-12-28,Steinbach,MB,1.4,-4.0,16.3
2024-12-29,Steinbach,MB,-3.7,-9.1,7.1
2024-12-30,Steinbach,MB,-4.1,-6.6,12.7
2024-12-31,Steinbach,MB,-4.0,-10.8,17.3
2025-01-01,Steinbach,MB,-11.2,-13.6,15.2
2025-01-02,Steinbach,MB,-13.4,-18.5,15.6
2025-01-03,Steinbach,MB,-19.2,-23.9,15.1
2025-01-04,Steinbach,MB,-23.7,-27.7,12.0
2025-01-05,Steinbach,MB,-22.2,-29.7,10.7
2025-01-06,Steinbach,MB,-18.0,-28.4,12.7
2025-01-07,Steinbach,MB,-16.0,-21.5,12.6
2025-01-08,Steinbach,MB,-8.8,-18.6,24.4
2025-01-09,Steinbach,MB,-1.1,-8.6,21.4
2025-01-10,Steinbach,MB,-8.9,-18.2,20.4
2025-01-11,Steinbach,MB,-8.6,-15.7,15.3
2025-01-12,Steinbach,MB,-11.2,-25.5,24.7
2025-01-13,Steinbach,MB,-22.0,-26.2,13.0
2025-01-14,Steinbach,MB,-18.8,-29.3,22.3
2025-01-15,Steinbach,MB,1.1,-19.5,28.2
2025-01-16,Steinbach,MB,-0.5,-7.2,32.0
2025-01-17,Steinbach,MB,1.8,-18.4,40.7
2025-01-18,Steinbach,MB,-18.6,-28.2,22.4
2025-01-19,Steinbach,MB,-25.7,-29.5,15.9
2025-01-20,Steinbach,MB,-28.3,-34.0,15.7
2025-01-21,Steinbach,MB,-12.3,-31.2,31.0
2025-01-22,Steinbach,MB,-12.2,-23.5,21.7
2025-01-23,Steinbach,MB,-14.7,-25.9,18.0
2025-01-24,Steinbach,MB,-3.0,-14.2,23.1
2025-01-25,Steinbach,MB,-3.4,-16.7,27.3
2025-01-26,Steinbach,MB,-3.9,-13.5,23.7
2025-01-27,Steinbach,MB,-1.6,-9.5,25.1
2025-01-28,Steinbach,MB,2.3,-12.1,33.3
2025-01-29,Steinbach,MB,-2.3,-17.9,19.0
2025-01-30,Steinbach,MB,-2.3,-11.8,16.6
2025-01-31,Steinbach,MB,-9.3,-23.0,20.5
2025-02-01,Steinbach,MB,-5.4,-20.1,37.8
2025-02-02,Steinbach,MB,-3.3,-19.8,28.3
2025-02-03,Steinbach,MB,-19.1,-22.0,22.6
2025-02-04,Steinbach,MB,-18.4,-27.0,12.8
2025-02-05,Steinbach,MB,-10.3,-22.8,16.3
2025-02-06,Steinbach,MB,-11.0,-16.6,27.9
2025-02-07,Steinbach,MB,-11.3,-20.1,12.9
2025-02-08,Steinbach,MB,-16.2,-20.6,11.7
2025-02-09,Steinbach,MB,-14.1,-22.0,12.6
2025-02-10,Steinbach,MB,-18.5,-26.5,17.1
2025-02-11,Steinbach,MB,-19.8,-28.9,16.7
2025-02-12,Steinbach,MB,-21.3,-28.1,12.7
2025-02-13,Steinbach,MB,-18.0,-31.8,14.2
2025-02-14,Steinbach,MB,-16.5,-25.5,16.7
2025-02-15,Steinbach,MB,-20.3,-27.1,13.6
2025-02-16,Steinbach,MB,-21.6,-30.1,18.6
2025-02-17,Steinbach,MB,-23.2,-30.5,17.4
2025-02-18,Steinbach,MB,-20.8,-30.4,13.3
2025-02-19,Steinbach,MB,-18.3,-27.1,11.5
2025-02-20,Steinbach,MB,-12.8,-27.5,18.4
2025-02-21,Steinbach,MB,-8.2,-16.7,24.3
2025-02-22,Steinbach,MB,-1.2,-8.1,14.9
2025-02-23,Steinbach,MB,2.7,-8.1,25.8
2025-02-24,Steinbach,MB,3.2,-1.4,27.2
2025-02-25,Steinbach,MB,3.0,-2.5,16.1
2025-02-26,Steinbach,MB,1.3,-3.7,17.4
2025-02-27,Steinbach,MB,2.5,-7.3,27.6
2025-02-28,Steinbach,MB,2.7,-16.5,38.8
2025-03-01,Steinbach,MB,-9.5,-21.7,15.4
2025-03-02,Steinbach,MB,2.1,-9.4,17.4
2025-03-03,Steinbach,MB,7.0,-4.1,19.7
2025-03-04,Steinbach,MB,-2.0,-6.3,21.3
2025-03-05,Steinbach,MB,-1.4,-11.0,18.3
2025-03-06,Steinbach,MB,-1.7,-11.0,24.3
2025-03-07,Steinbach,MB,-4.6,-17.8,16.4
2025-03-08,Steinbach,MB,6.5,-5.0,18.1
2025-03-09,Steinbach,MB,5.6,-1.6,19.0
2025-03-10,Steinbach,MB,-0.5,-15.5,29.5
2025-03-11,Steinbach,MB,-4.8,-17.4,14.8
2025-03-12,Steinbach,MB,4.4,-10.8,12.8
2025-03-13,Steinbach,MB,3.6,-4.4,23.7
2025-03-14,Steinbach,MB,12.8,-2.0,23.4
2025-03-15,Steinbach,MB,-3.0,-10.4,31.0
2025-03-16,Steinbach,MB,-3.0,-14.0,16.7
2025-03-17,Steinbach,MB,1.9,-8.0,15.2
2025-03-18,Steinbach,MB,3.6,-5.4,15.6
2025-03-19,Steinbach,MB,0.5,-6.2,16.6
2025-03-20,Steinbach,MB,7.1,-6.1,21.8
2025-03-21,Steinbach,MB,-1.4,-13.5,24.6
2025-03-22,Steinbach,MB,-1.7,-15.3,16.6
2025-03-23,Steinbach,MB,-1.0,-9.3,20.7
2025-03-24,Steinbach,MB,1.0,-14.2,7.6
2025-03-25,Steinbach,MB,7.9,-7.8,11.7
2025-03-26,Steinbach,MB,11.7,-2.3,23.1
2025-03-27,Steinbach,MB,1.9,-5.8,19.3
2025-03-28,Steinbach,MB,-1.6,-2.6,22.2
2025-03-29,Steinbach,MB,2.0,-5.2,14.5
2025-03-30,Steinbach,MB,2.3,-5.7,18.1
2025-03-31,Steinbach,MB,2.0,-8.4,13.5
2025-04-01,Steinbach,MB,5.5,-4.8,20.9
2025-04-02,Steinbach,MB,3.5,-0.3,17.5
2025-04-03,Steinbach,MB,4.2,-1.5,14.3
2025-04-04,Steinbach,MB,3.7,-3.9,19.8
2025-04-05,Steinbach,MB,5.7,-6.1,23.7
2025-04-06,Steinbach,MB,1.4,-5.0,27.1
2025-04-07,Steinbach,MB,0.6,-8.9,14.5
2025-04-08,Steinbach,MB,9.0,-5.5,17.2
2025-04-09,Steinbach,MB,6.5,0.9,19.7
2025-04-10,Steinbach,MB,9.5,-1.8,11.1
2025-04-11,Steinbach,MB,16.3,-1.4,26.7
2025-04-12,Steinbach,MB,18.1,5.2,28.9
2025-04-13,Steinbach,MB,11.3,1.3,20.7
2025-04-14,Steinbach,MB,5.7,0.3,27.5
2025-04-15,Steinbach,MB,7.4,-1.4,16.7
2025-04-16,Steinbach,MB,15.4,0.0,26.6
2025-04-17,Steinbach,MB,12.3,1.9,25.8
2025-04-18,Steinbach,MB,3.0,-2.8,23.4
2025-04-19,Steinbach,MB,7.6,-4.2,19.8
2025-04-20,Steinbach,MB,17.7,1.6,25.1
2025-04-21,Steinbach,MB,12.9,3.4,21.0
2025-04-22,Steinbach,MB,10.7,4.1,23.4
2025-04-23,Steinbach,MB,11.0,3.3,20.4
2025-04-24,Steinbach,MB,13.9,-1.4,11.3
2025-04-25,Steinbach,MB,16.1,0.1,13.9
2025-04-26,Steinbach,MB,17.2,3.7,21.8
2025-04-27,Steinbach,MB,14.2,8.3,23.6
2025-04-28,Steinbach,MB,10.2,-0.8,29.7
2025-04-29,Steinbach,MB,8.8,-5.2,21.4
2025-04-30,Steinbach,MB,16.9,3.1,23.3
2025-05-01,Steinbach,MB,15.6,2.9,16.2
2025-05-02,Steinbach,MB,12.8,0.2,12.4
2025-05-03,Steinbach,MB,20.6,6.4,22.8
2025-05-04,Steinbach,MB,25.1,7.3,23.9
2025-05-05,Steinbach,MB,26.3,10.2,25.3
2025-05-06,Steinbach,MB,16.9,4.7,23.4
2025-05-07,Steinbach,MB,18.7,1.5,17.4
2025-05-08,Steinbach,MB,22.1,8.3,28.8
2025-05-09,Steinbach,MB,19.6,10.0,28.4
2025-05-10,Steinbach,MB,22.2,5.2,29.5
2025-05-11,Steinbach,MB,32.2,17.1,25.5
2025-05-12,Steinbach,MB,32.4,22.0,28.3
2025-05-13,Steinbach,MB,34.5,22.1,32.1
2025-05-14,Steinbach,MB,29.0,10.9,23.1
2025-05-15,Steinbach,MB,26.6,10.2,29.2
2025-05-16,Steinbach,MB,16.1,3.4,27.5
2025-05-17,Steinbach,MB,6.5,1.7,26.6
2025-05-18,Steinbach,MB,10.7,2.5,14.5
2025-05-19,Steinbach,MB,14.2,3.6,23.1
2025-05-20,Steinbach,MB,14.2,4.6,21.9
2025-05-21,Steinbach,MB,17.8,8.2,19.3
2025-05-22,Steinbach,MB,20.0,5.1,13.1
2025-05-23,Steinbach,MB,18.5,6.5,14.0
2025-05-24,Steinbach,MB,21.0,6.2,17.0
2025-05-25,Steinbach,MB,22.0,6.0,8.8
2025-05-26,Steinbach,MB,23.5,8.2,21.4
2025-05-27,Steinbach,MB,24.5,11.4,21.4
2025-05-28,Steinbach,MB,23.8,10.6,13.5
2025-05-29,Steinbach,MB,26.7,12.5,20.7
2025-05-30,Steinbach,MB,29.8,14.8,17.8
2025-05-31,Steinbach,MB,31.5,15.3,17.1
2025-06-01,Steinbach,MB,31.6,16.3,17.4
2025-06-02,Steinbach,MB,22.9,12.1,21.7
2025-06-03,Steinbach,MB,21.1,9.9,27.7
2025-06-04,Steinbach,MB,20.8,9.6,22.6
2025-06-05,Steinbach,MB,22.4,7.7,14.7
2025-06-06,Steinbach,MB,25.3,10.8,18.0
2025-06-07,Steinbach,MB,25.3,12.7,31.6
2025-06-08,Steinbach,MB,16.7,9.9,18.5
2025-06-09,Steinbach,MB,15.5,9.9,22.0
2025-06-10,Steinbach,MB,23.1,8.0,17.0
2025-06-11,Steinbach,MB,20.3,9.4,13.3
2025-06-12,Steinbach,MB,22.5,9.4,13.6
2025-06-13,Steinbach,MB,22.9,10.9,16.2
2025-06-14,Steinbach,MB,23.3,11.5,16.7
2025-06-15,Steinbach,MB,25.9,13.0,15.5
2025-06-16,Steinbach,MB,25.2,16.1,14.6
2025-06-17,Steinbach,MB,24.5,13.3,17.8
2025-06-18,Steinbach,MB,25.7,14.3,19.6
2025-06-19,Steinbach,MB,26.1,14.0,13.1
2025-06-20,Steinbach,MB,30.1,15.9,17.9
2025-06-21,Steinbach,MB,27.6,17.6,22.9
2025-06-22,Steinbach,MB,21.4,16.0,21.8
2025-06-23,Steinbach,MB,18.4,11.8,32.2
2025-06-24,Steinbach,MB,23.0,6.9,23.2
2025-06-25,Steinbach,MB,22.6,13.0,13.2
2025-06-26,Steinbach,MB,24.2,15.2,15.3
2025-06-27,Steinbach,MB,24.7,11.3,17.0
2025-06-28,Steinbach,MB,27.9,16.7,20.9
2025-06-29,Steinbach,MB,25.5,17.7,23.1
2025-06-30,Steinbach,MB,26.2,15.6,19.4
2025-07-01,Steinbach,MB,27.7,16.7,19.7
2025-07-02,Steinbach,MB,27.6,16.1,11.9
2025-07-03,Steinbach,MB,30.4,15.6,18.6
2025-07-04,Steinbach,MB,30.7,21.6,21.4
2025-07-05,Steinbach,MB,24.2,16.3,21.0
2025-07-06,Steinbach,MB,21.8,12.9,12.2
2025-07-07,Steinbach,MB,22.7,12.8,14.6
2025-07-08,Steinbach,MB,24.3,12.2,10.2
2025-07-09,Steinbach,MB,27.1,14.0,29.4
2025-07-10,Steinbach,MB,30.8,20.2,23.4
2025-07-11,Steinbach,MB,23.3,16.8,15.8
2025-07-12,Steinbach,MB,23.9,13.5,18.6
2025-07-13,Steinbach,MB,25.2,16.9,21.8
2025-07-14,Steinbach,MB,20.1,15.1,12.2
2025-07-15,Steinbach,MB,19.0,14.0,25.0
2025-07-16,Steinbach,MB,18.8,9.8,13.5
2025-07-17,Steinbach,MB,20.6,8.7,12.3
2025-07-18,Steinbach,MB,21.3,11.1,10.7
2025-07-19,Steinbach,MB,22.6,11.5,8.8
2025-07-20,Steinbach,MB,21.5,13.4,13.6
2025-07-21,Steinbach,MB,24.3,16.7,18.9
2025-07-22,Steinbach,MB,22.8,17.5,18.4
2025-07-23,Steinbach,MB,22.9,13.9,14.2
2025-07-24,Steinbach,MB,23.2,13.9,7.5
2025-07-25,Steinbach,MB,27.4,16.4,25.4
2025-07-26,Steinbach,MB,30.0,20.2,24.9
2025-07-27,Steinbach,MB,24.3,18.3,14.9
2025-07-28,Steinbach,MB,23.2,15.9,13.7
2025-07-29,Steinbach,MB,21.7,13.6,11.0
2025-07-30,Steinbach,MB,20.8,11.7,13.6
2025-07-31,Steinbach,MB,23.6,10.5,14.8
2025-08-01,Steinbach,MB,24.3,12.0,13.6
2025-08-02,Steinbach,MB,24.5,16.0,15.9
2025-08-03,Steinbach,MB,25.7,14.3,14.6
2025-08-04,Steinbach,MB,25.0,16.2,16.9
2025-08-05,Steinbach,MB,25.7,17.1,23.0
2025-08-06,Steinbach,MB,23.9,18.1,24.6
2025-08-07,Steinbach,MB,29.3,16.7,13.1
2025-08-08,Steinbach,MB,25.4,18.8,22.5
2025-08-09,Steinbach,MB,24.0,16.8,26.6
2025-08-10,Steinbach,MB,23.2,14.4,18.1
2025-08-11,Steinbach,MB,25.1,16.5,21.1
2025-08-12,Steinbach,MB,20.8,13.5,21.9
2025-08-13,Steinbach,MB,21.6,10.7,16.2
2025-08-14,Steinbach,MB,26.9,15.0,30.5
2025-08-15,Steinbach,MB,21.2,14.0,18.8
2025-08-16,Steinbach,MB,20.6,11.6,15.0
2025-08-17,Steinbach,MB,21.5,14.7,21.6
2025-08-18,Steinbach,MB,24.0,16.7,17.5
2025-08-19,Steinbach,MB,23.6,14.3,7.2
2025-08-20,Steinbach,MB,25.8,15.9,23.4
2025-08-21,Steinbach,MB,25.7,18.3,32.7
2025-08-22,Steinbach,MB,21.0,13.2,29.1
2025-08-23,Steinbach,MB,17.4,12.5,28.5
2025-08-24,Steinbach,MB,16.8,9.6,24.0
2025-08-25,Steinbach,MB,19.1,6.5,11.5
2025-08-26,Steinbach,MB,25.6,13.4,14.6
2025-08-27,Steinbach,MB,24.8,16.1,17.8
2025-08-28,Steinbach,MB,24.7,13.0,13.0
2025-08-29,Steinbach,MB,26.7,15.2,12.8
2025-08-30,Steinbach,MB,28.2,16.6,16.3
2025-08-31,Steinbach,MB,27.0,16.6,15.7
2025-09-01,Steinbach,MB,25.1,16.5,18.9
2025-09-02,Steinbach,MB,17.1,11.6,23.1
2025-09-03,Steinbach,MB,12.7,7.0,22.9
2025-09-04,Steinbach,MB,8.4,3.9,18.7
2025-09-05,Steinbach,MB,14.1,6.3,34.7
2025-09-06,Steinbach,MB,13.2,6.7,20.2
2025-09-07,Steinbach,MB,16.0,3.7,17.9
2025-09-08,Steinbach,MB,20.3,9.0,18.7
2025-09-09,Steinbach,MB,23.1,9.7,8.1
2025-09-10,Steinbach,MB,24.5,11.1,14.3
2025-09-11,Steinbach,MB,19.0,14.4,24.6
2025-09-12,Steinbach,MB,25.4,15.7,18.9
2025-09-13,Steinbach,MB,24.5,15.1,18.2
2025-09-14,Steinbach,MB,25.6,18.2,21.0
2025-09-15,Steinbach,MB,23.9,19.3,26.8
2025-09-16,Steinbach,MB,24.6,17.4,24.0
2025-09-17,Steinbach,MB,21.0,13.2,15.8
2025-09-18,Steinbach,MB,17.2,11.6,15.0
2025-09-19,Steinbach,MB,19.4,13.8,14.9
2025-09-20,Steinbach,MB,17.9,15.3,13.4
2025-09-21,Steinbach,MB,20.8,14.7,8.9
2025-09-22,Steinbach,MB,23.6,12.7,12.1
2025-09-23,Steinbach,MB,22.9,12.3,12.4
2025-09-24,Steinbach,MB,23.0,11.2,16.2
2025-09-25,Steinbach,MB,17.6,9.2,25.0
2025-09-26,Steinbach,MB,21.0,7.7,32.5
2025-09-27,Steinbach,MB,20.6,8.7,20.3
2025-09-28,Steinbach,MB,23.4,11.0,17.0
2025-09-29,Steinbach,MB,22.7,11.6,20.7
2025-09-30,Steinbach,MB,27.0,16.5,24.8
2025-10-01,Steinbach,MB,24.1,19.0,28.1
2025-10-02,Steinbach,MB,26.0,14.3,17.9
2025-10-03,Steinbach,MB,27.0,13.0,21.7
2025-10-04,Steinbach,MB,21.6,13.2,37.8
2025-10-05,Steinbach,MB,13.4,7.6,35.1
2025-10-06,Steinbach,MB,11.2,2.8,22.8
2025-10-07,Steinbach,MB,9.1,0.3,21.9
2025-10-08,Steinbach,MB,16.4,3.1,24.2
2025-10-09,Steinbach,MB,19.6,9.3,24.8
2025-10-10,Steinbach,MB,15.2,2.5,12.6
2025-10-11,Steinbach,MB,19.1,5.1,29.1
2025-10-12,Steinbach,MB,17.8,9.0,33.3
2025-10-13,Steinbach,MB,9.1,2.2,36.5
2025-10-14,Steinbach,MB,6.3,-2.7,8.7
2025-10-15,Steinbach,MB,12.9,3.1,11.6
2025-10-16,Steinbach,MB,11.5,8.0,16.2
2025-10-17,Steinbach,MB,14.3,9.5,23.5
2025-10-18,Steinbach,MB,11.2,4.4,27.3
2025-10-19,Steinbach,MB,10.9,1.9,18.6
2025-10-20,Steinbach,MB,7.7,4.0,18.3
2025-10-21,Steinbach,MB,7.1,3.9,32.1
2025-10-22,Steinbach,MB,5.7,-0.7,15.0
2025-10-23,Steinbach,MB,7.2,-3.6,9.4
2025-10-24,Steinbach,MB,9.8,-0.6,21.3
2025-10-25,Steinbach,MB,15.9,4.1,26.4
2025-10-26,Steinbach,MB,16.7,10.3,37.9
2025-10-27,Steinbach,MB,15.8,9.0,28.7
2025-10-28,Steinbach,MB,9.5,4.3,20.2
2025-10-29,Steinbach,MB,8.0,-0.9,12.3
2025-10-30,Steinbach,MB,6.3,1.6,16.8
2025-10-31,Steinbach,MB,5.5,1.7,22.4
2025-11-01,Steinbach,MB,4.5,-0.2,27.5
2025-11-02,Steinbach,MB,14.4,3.4,36.2
2025-11-03,Steinbach,MB,9.6,3.2,26.9
2025-11-04,Steinbach,MB,6.5,0.0,14.8
2025-11-05,Steinbach,MB,5.7,-2.8,18.3
2025-11-06,Steinbach,MB,5.2,-3.9,17.7
2025-11-07,Steinbach,MB,0.5,-6.1,23.5
2025-11-08,Steinbach,MB,-4.1,-8.5,22.6
2025-11-09,Steinbach,MB,-1.0,-7.8,23.2
2025-11-10,Steinbach,MB,0.3,-4.4,33.1
2025-11-11,Steinbach,MB,7.4,-1.6,23.1
2025-11-12,Steinbach,MB,6.4,-1.0,23.5
2025-11-13,Steinbach,MB,7.4,-3.8,18.3
2025-11-14,Steinbach,MB,11.2,2.5,26.5
2025-11-15,Steinbach,MB,5.2,-1.7,27.1
2025-11-16,Steinbach,MB,2.4,-6.0,14.0
2025-11-17,Steinbach,MB,4.4,-5.5,11.3
2025-11-18,Steinbach,MB,3.4,-4.6,17.7
2025-11-19,Steinbach,MB,5.6,1.2,17.9
2025-11-20,Steinbach,MB,4.3,-2.4,17.6
2025-11-21,Steinbach,MB,2.2,-6.7,15.1
2025-11-22,Steinbach,MB,6.4,-0.4,22.6
2025-11-23,Steinbach,MB,8.4,-2.4,17.0
2025-11-24,Steinbach,MB,3.5,-2.9,10.6
2025-11-25,Steinbach,MB,-2.1,-3.0,24.4
2025-11-26,Steinbach,MB,-2.2,-4.3,22.4
2025-11-27,Steinbach,MB,-3.2,-7.8,21.8
2025-11-28,Steinbach,MB,-6.5,-8.4,14.0
2025-11-29,Steinbach,MB,-6.0,-9.3,16.7
2025-11-30,Steinbach,MB,-8.7,-12.6,16.7
2025-12-01,Steinbach,MB,-10.2,-15.4,19.1
2025-12-02,Steinbach,MB,-9.1,-13.1,27.4
2025-12-03,Steinbach,MB,-13.5,-21.4,22.5
2025-12-04,Steinbach,MB,-5.6,-21.3,28.7
2025-12-05,Steinbach,MB,-9.0,-16.6,21.6
2025-12-06,Steinbach,MB,-15.1,-23.7,13.2
2025-12-07,Steinbach,MB,-17.3,-26.0,13.1
2025-12-08,Steinbach,MB,-9.9,-17.3,18.3
2025-12-09,Steinbach,MB,-6.6,-14.8,15.3
2025-12-10,Steinbach,MB,-8.3,-18.1,18.3
2025-12-11,Steinbach,MB,-10.5,-18.2,13.0
2025-12-12,Steinbach,MB,-10.9,-23.2,25.1
2025-12-13,Steinbach,MB,-21.6,-26.7,20.2
2025-12-14,Steinbach,MB,-12.5,-28.4,33.0
2025-12-15,Steinbach,MB,-7.8,-15.6,23.8
2025-12-16,Steinbach,MB,4.3,-13.6,37.0
2025-12-17,Steinbach,MB,-1.7,-18.3,20.2
2025-12-18,Steinbach,MB,-2.9,-25.0,35.7
2025-12-19,Steinbach,MB,-7.4,-29.2,41.0
2025-12-20,Steinbach,MB,-7.1,-21.1,27.8
2025-12-21,Steinbach,MB,-14.9,-24.3,10.8
2025-12-22,Steinbach,MB,-6.4,-17.9,12.1
2025-12-23,Steinbach,MB,-11.0,-15.8,21.1
2025-12-24,Steinbach,MB,-8.2,-15.3,18.9
2025-12-25,Steinbach,MB,-3.6,-15.9,27.7
2025-12-26,Steinbach,MB,-6.1,-11.1,14.5
2025-12-27,Steinbach,MB,-4.7,-12.0,16.8
2025-12-28,Steinbach,MB,-12.4,-19.6,26.1
2025-12-29,Steinbach,MB,-16.8,-25.7,21.7
2025-12-30,Steinbach,MB,-8.9,-16.6,19.9
2025-12-31,Steinbach,MB,-13.2,-25.0,20.9
2026-01-01,Steinbach,MB,-17.1,-25.0,13.7
2026-01-02,Steinbach,MB,-14.3,-22.4,13.1
2026-01-03,Steinbach,MB,-12.5,-20.7,10.4
2026-01-04,Steinbach,MB,-8.3,-21.1,16.3
2026-01-05,Steinbach,MB,-4.4,-8.7,10.8
2026-01-06,Steinbach,MB,-4.3,-9.3,17.3
2026-01-07,Steinbach,MB,-2.7,-9.2,17.2
2026-01-08,Steinbach,MB,-1.3,-12.6,18.2
2026-01-09,Steinbach,MB,-6.2,-17.2,15.7
2026-01-10,Steinbach,MB,-8.4,-13.7,24.3
2026-01-11,Steinbach,MB,-3.3,-16.9,26.2
2026-01-12,Steinbach,MB,0.8,-8.0,17.2
2026-01-13,Steinbach,MB,2.5,-13.2,33.1
2026-01-14,Steinbach,MB,-13.0,-22.4,24.1
2026-01-15,Steinbach,MB,0.9,-12.0,31.7
2026-01-16,Steinbach,MB,-1.3,-15.7,28.8
2026-01-17,Steinbach,MB,-15.8,-23.7,27.8
2026-01-18,Steinbach,MB,-15.8,-24.2,35.5
2026-01-19,Steinbach,MB,-20.6,-27.6,19.6
2026-01-20,Steinbach,MB,-18.1,-26.9,13.8
2026-01-21,Steinbach,MB,-14.9,-22.5,28.6
2026-01-22,Steinbach,MB,-23.0,-31.9,24.1
2026-01-23,Steinbach,MB,-27.5,-31.8,17.8
2026-01-24,Steinbach,MB,-21.8,-31.8,13.0
2026-01-25,Steinbach,MB,-26.2,-38.7,13.5
2026-01-26,Steinbach,MB,-15.2,-26.5,30.7
2026-01-27,Steinbach,MB,-18.6,-23.6,23.4
2026-01-28,Steinbach,MB,-19.4,-25.7,12.6
2026-01-29,Steinbach,MB,-17.6,-25.9,11.8
2026-01-30,Steinbach,MB,-16.9,-29.6,15.7
2026-01-31,Steinbach,MB,-5.9,-21.4,41.9
2026-02-01,Steinbach,MB,-4.9,-17.1,25.7
2026-02-02,Steinbach,MB,-15.9,-25.7,12.1
2026-02-03,Steinbach,MB,-10.9,-29.7,20.8
2026-02-04,Steinbach,MB,-3.5,-12.9,28.1
2026-02-05,Steinbach,MB,1.6,-7.0,26.8
2026-02-06,Steinbach,MB,-3.1,-20.3,28.7
2026-02-07,Steinbach,MB,-6.1,-17.5,22.8
2026-02-08,Steinbach,MB,-1.6,-6.3,25.5
2026-02-09,Steinbach,MB,2.3,-5.6,24.0
2026-02-10,Steinbach,MB,-5.5,-13.1,21.0
2026-02-11,Steinbach,MB,-4.8,-18.5,17.3
2026-02-12,Steinbach,MB,0.6,-7.4,16.3
2026-02-13,Steinbach,MB,1.9,-11.5,12.7
2026-02-14,Steinbach,MB,-1.8,-9.3,13.0
2026-02-15,Steinbach,MB,1.8,-6.0,27.0
2026-02-16,Steinbach,MB,-1.3,-11.4,11.6
2026-02-17,Steinbach,MB,0.3,-8.0,36.7
2026-02-18,Steinbach,MB,-1.5,-4.3,38.0
2026-02-19,Steinbach,MB,-4.5,-8.1,16.7
2026-02-20,Steinbach,MB,-8.1,-17.8,19.8
2026-02-21,Steinbach,MB,-14.3,-20.3,18.2
2026-02-22,Steinbach,MB,-16.5,-24.2,22.3
2026-02-23,Steinbach,MB,-8.5,-25.3,29.4
2026-02-24,Steinbach,MB,-6.2,-19.4,26.1
2026-02-25,Steinbach,MB,-11.6,-26.0,16.3
2026-02-26,Steinbach,MB,-3.5,-13.7,13.5
2026-02-27,Steinbach,MB,0.8,-20.2,42.2
2026-02-28,Steinbach,MB,-20.4,-28.3,14.7
2026-03-01,Steinbach,MB,-9.8,-28.7,22.4
2026-03-02,Steinbach,MB,-2.9,-11.9,22.8
2026-03-03,Steinbach,MB,-7.3,-12.6,13.2
2026-03-04,Steinbach,MB,-6.3,-12.6,19.3
2026-03-05,Steinbach,MB,-1.5,-13.0,16.7
2026-03-06,Steinbach,MB,0.4,-9.4,20.5
2026-03-07,Steinbach,MB,2.9,-8.6,30.0
2026-03-08,Steinbach,MB,4.7,-1.4,27.0
2026-03-09,Steinbach,MB,-3.7,-14.3,20.2
2026-03-10,Steinbach,MB,-2.7,-19.5,12.3
2026-03-11,Steinbach,MB,-6.9,-15.0,12.2
2026-03-12,Steinbach,MB,-0.3,-16.1,23.6
2026-03-13,Steinbach,MB,-6.4,-14.9,29.1
2026-03-14,Steinbach,MB,-8.8,-17.3,18.6
2026-03-15,Steinbach,MB,-14.8,-20.7,23.7
2026-03-16,Steinbach,MB,-12.4,-25.8,13.3
2026-03-17,Steinbach,MB,-8.1,-21.5,28.9
2026-03-18,Steinbach,MB,0.9,-7.6,13.5
2026-03-19,Steinbach,MB,6.4,-8.2,17.9
2026-03-20,Steinbach,MB,8.0,-2.5,11.7
2026-03-21,Steinbach,MB,4.2,-1.7,23.7
2026-03-22,Steinbach,MB,0.2,-5.1,17.7
2026-03-23,Steinbach,MB,3.3,-7.5,31.1
2026-03-24,Steinbach,MB,5.1,-7.9,14.2
2026-03-25,Steinbach,MB,1.3,-4.1,14.9
2026-03-26,Steinbach,MB,-3.8,-10.7,25.3
2026-03-27,Steinbach,MB,-5.4,-11.5,19.0
2026-03-28,Steinbach,MB,4.4,-8.7,16.0
2026-03-29,Steinbach,MB,8.2,-3.8,13.6
2026-03-30,Steinbach,MB,-1.2,-3.5,15.2
2026-03-31,Steinbach,MB,-2.0,-6.2,21.6
2026-04-01,Steinbach,MB,2.6,-11.5,17.5
2026-04-02,Steinbach,MB,3.6,-2.4,15.8
2026-04-03,Steinbach,MB,8.3,-2.3,14.5
2026-04-04,Steinbach,MB,7.0,-0.5,24.4
2026-04-05,Steinbach,MB,7.5,-6.3,29.5
2026-04-06,Steinbach,MB,-1.4,-9.0,26.2
2026-04-07,Steinbach,MB,0.3,-7.9,24.8
2026-04-08,Steinbach,MB,3.8,-0.7,22.5
2026-04-09,Steinbach,MB,2.9,-3.9,21.7
2026-04-10,Steinbach,MB,7.1,-2.7,15.3
2026-04-11,Steinbach,MB,11.1,0.4,28.3
2026-04-12,Steinbach,MB,8.3,3.7,18.4
2026-04-13,Steinbach,MB,6.7,-0.4,15.7
2026-04-14,Steinbach,MB,10.4,0.6,13.2
2026-04-15,Steinbach,MB,18.6,1.2,24.9
2026-04-16,Steinbach,MB,6.3,-5.7,23.0
2026-04-17,Steinbach,MB,-0.6,-6.7,29.0
2026-04-18,Steinbach,MB,1.0,-8.6,31.4
2026-04-19,Steinbach,MB,1.6,-7.8,14.9
2026-04-20,Steinbach,MB,14.6,-3.1,30.1
2026-04-21,Steinbach,MB,17.2,-1.2,18.2
2026-04-22,Steinbach,MB,24.4,5.9,26.5
2026-04-23,Steinbach,MB,23.7,4.9,31.9
2026-04-24,Steinbach,MB,10.6,1.3,22.3
2026-04-25,Steinbach,MB,5.7,-1.3,21.8
2026-04-26,Steinbach,MB,10.7,-3.1,14.6
2026-04-27,Steinbach,MB,10.4,1.8,27.3
2026-04-28,Steinbach,MB,6.6,-2.2,20.4
2026-04-29,Steinbach,MB,3.8,-1.9,18.7
2026-04-30,Steinbach,MB,5.3,-3.4,17.3
2026-05-01,Steinbach,MB,11.0,-3.1,9.3
2026-05-02,Steinbach,MB,16.9,2.4,17.1
2026-05-03,Steinbach,MB,21.1,0.9,30.8
2026-05-04,Steinbach,MB,8.3,-0.6,32.3
2026-05-05,Steinbach,MB,2.0,-2.5,20.4
2026-05-06,Steinbach,MB,5.6,-2.3,17.9
2026-05-07,Steinbach,MB,10.7,-4.6,17.2
2026-05-08,Steinbach,MB,14.1,-0.9,25.7
2026-05-09,Steinbach,MB,9.2,-0.1,27.8
2026-05-10,Steinbach,MB,8.6,-1.6,16.4
2026-05-11,Steinbach,MB,16.3,-0.4,26.6
2026-05-12,Steinbach,MB,14.9,5.8,26.1
2026-05-13,Steinbach,MB,20.9,3.1,22.2
2026-05-14,Steinbach,MB,23.6,11.5,36.1
2026-05-15,Steinbach,MB,19.6,9.1,41.5
2026-05-16,Steinbach,MB,8.1,2.4,18.7
2026-05-17,Steinbach,MB,12.1,1.2,22.5
2026-05-18,Steinbach,MB,8.7,4.0,20.9
2026-05-19,Steinbach,MB,7.4,2.9,21.5
2026-05-20,Steinbach,MB,15.8,-1.5,19.0
2026-05-21,Steinbach,MB,19.3,7.4,25.5
2026-05-22,Steinbach,MB,19.9,10.1,22.8
2026-05-23,Steinbach,MB,12.2,7.9,16.4
2026-05-24,Steinbach,MB,22.2,6.3,17.6
2026-05-25,Steinbach,MB,26.6,12.8,24.3
2026-05-26,Steinbach,MB,27.7,10.0,16.9
2026-05-27,Steinbach,MB,26.8,13.7,19.1
2026-05-28,Steinbach,MB,30.3,15.5,17.8
2026-05-29,Steinbach,MB,32.3,19.9,21.2
2026-05-30,Steinbach,MB,30.0,19.9,22.2
2026-05-31,Steinbach,MB,28.6,18.3,19.8
2026-06-01,Steinbach,MB,25.7,15.6,17.1
2026-06-02,Steinbach,MB,29.4,16.3,21.9
2026-06-03,Steinbach,MB,22.3,15.6,16.8
2026-06-04,Steinbach,MB,23.1,13.1,17.9
2026-06-05,Steinbach,MB,20.3,12.4,11.4
2026-06-06,Steinbach,MB,28.7,12.2,20.0
2026-06-07,Steinbach,MB,31.1,19.4,28.5
2026-06-08,Steinbach,MB,26.1,17.9,25.6
2026-06-09,Steinbach,MB,28.3,12.2,30.3
2026-06-10,Steinbach,MB,25.4,17.7,28.8
2026-06-11,Steinbach,MB,19.1,13.0,22.5
2026-06-12,Steinbach,MB,17.3,11.6,29.8
2026-06-13,Steinbach,MB,13.5,8.9,22.9
2026-06-14,Steinbach,MB,20.6,7.3,21.4
2026-06-15,Steinbach,MB,19.9,11.3,23.8
2026-06-16,Steinbach,MB,23.2,7.9,18.0
2026-06-17,Steinbach,MB,20.7,10.3,21.7
2026-06-18,Steinbach,MB,18.4,7.5,18.5
2026-06-19,Steinbach,MB,19.2,11.0,20.6
2026-06-20,Steinbach,MB,18.2,7.8,14.0
2026-06-21,Steinbach,MB,20.6,7.3,19.9
2026-06-22,Steinbach,MB,21.6,10.1,11.3
2026-06-23,Steinbach,MB,17.8,13.7,18.0
2026-06-24,Steinbach,MB,21.0,12.0,16.6
2026-06-25,Steinbach,MB,23.7,10.6,16.6
2026-06-26,Steinbach,MB,24.7,12.6,14.8
2026-06-27,Steinbach,MB,22.7,15.2,19.5
2026-06-28,Steinbach,MB,25.1,17.0,24.3
2026-06-29,Steinbach,MB,29.3,18.2,29.5
2026-06-30,Steinbach,MB,25.0,15.9,32.4
2026-07-01,Steinbach,MB,22.8,16.9,27.1
2026-07-02,Steinbach,MB,20.3,14.8,14.5
2026-07-03,Steinbach,MB,23.1,12.5,12.1
2026-07-04,Steinbach,MB,26.5,13.7,8.6
2026-07-05,Steinbach,MB,29.3,17.1,16.7
2026-07-06,Steinbach,MB,26.5,19.6,24.7
2026-07-07,Steinbach,MB,24.1,14.6,10.9
2026-07-08,Steinbach,MB,26.0,14.7,11.0
2026-07-09,Steinbach,MB,26.5,13.7,16.4
2026-07-10,Steinbach,MB,28.9,15.8,10.2
2026-07-11,Steinbach,MB,32.1,19.1,16.7
2026-07-12,Steinbach,MB,35.6,22.8,25.8
2026-07-13,Steinbach,MB,35.3,24.9,27.3
2026-07-14,Steinbach,MB,28.4,20.0,12.9
2026-07-15,Steinbach,MB,23.2,18.1,12.5
2026-07-16,Steinbach,MB,25.6,17.9,21.1
2026-07-17,Steinbach,MB,25.1,18.8,21.6
2026-07-18,Steinbach,MB,29.1,16.7,11.3
2026-07-19,Steinbach,MB,30.5,20.2,23.6
2026-07-20,Steinbach,MB,25.5,17.7,31.6
2026-07-21,Steinbach,MB,20.1,13.5,23.0
2026-07-22,Steinbach,MB,25.3,10.7,15.9
2026-07-23,Steinbach,MB,27.0,16.2,22.1
2026-07-24,Steinbach,MB,28.9,17.7,30.4
2024-01-01,Regina,SK,0.2,-5.3,20.3
2024-01-02,Regina,SK,-3.5,-11.5,14.6
2024-01-03,Regina,SK,-7.3,-14.8,16.0
2024-01-04,Regina,SK,-1.4,-10.5,15.0
2024-01-05,Regina,SK,-4.1,-7.7,17.1
2024-01-06,Regina,SK,-3.9,-10.0,17.3
2024-01-07,Regina,SK,-7.6,-11.0,16.1
2024-01-08,Regina,SK,-11.1,-18.6,11.5
2024-01-09,Regina,SK,-7.3,-19.2,21.6
2024-01-10,Regina,SK,-6.7,-21.2,31.2
2024-01-11,Regina,SK,-21.7,-27.6,17.9
2024-01-12,Regina,SK,-27.0,-32.1,20.1
2024-01-13,Regina,SK,-30.1,-33.2,21.1
2024-01-14,Regina,SK,-28.5,-33.8,21.9
2024-01-15,Regina,SK,-24.8,-28.8,26.9
2024-01-16,Regina,SK,-19.6,-26.3,22.1
2024-01-17,Regina,SK,-17.8,-22.4,20.5
2024-01-18,Regina,SK,-18.3,-25.2,28.8
2024-01-19,Regina,SK,-15.9,-20.6,21.8
2024-01-20,Regina,SK,-8.4,-18.8,23.2
2024-01-21,Regina,SK,-8.9,-15.0,8.9
2024-01-22,Regina,SK,-8.0,-10.4,19.9
2024-01-23,Regina,SK,0.8,-9.1,24.8
2024-01-24,Regina,SK,-2.1,-6.0,13.5
2024-01-25,Regina,SK,1.4,-5.4,17.6
2024-01-26,Regina,SK,3.5,-8.2,13.5
2024-01-27,Regina,SK,5.4,-9.0,13.7
2024-01-28,Regina,SK,7.8,-6.5,16.7
2024-01-29,Regina,SK,5.3,-4.8,12.9
2024-01-30,Regina,SK,12.1,-0.9,19.2
2024-01-31,Regina,SK,9.0,-1.9,14.1
2024-02-01,Regina,SK,8.2,0.1,21.4
2024-02-02,Regina,SK,8.0,-0.3,22.8
2024-02-03,Regina,SK,4.7,-0.7,18.8
2024-02-04,Regina,SK,2.5,0.5,16.5
2024-02-05,Regina,SK,3.5,-1.6,13.9
2024-02-06,Regina,SK,0.5,-3.8,15.3
2024-02-07,Regina,SK,-0.3,-2.3,21.7
2024-02-08,Regina,SK,-3.0,-5.0,20.8
2024-02-09,Regina,SK,-2.6,-5.7,19.5
2024-02-10,Regina,SK,-5.7,-11.5,20.0
2024-02-11,Regina,SK,1.1,-11.0,20.7
2024-02-12,Regina,SK,1.3,-11.8,14.3
2024-02-13,Regina,SK,-2.9,-7.0,26.1
2024-02-14,Regina,SK,-4.0,-13.3,17.9
2024-02-15,Regina,SK,-6.6,-17.0,17.6
2024-02-16,Regina,SK,-6.8,-17.4,24.0
2024-02-17,Regina,SK,1.6,-9.4,28.5
2024-02-18,Regina,SK,0.9,-13.5,14.2
2024-02-19,Regina,SK,-1.9,-12.4,11.2
2024-02-20,Regina,SK,2.9,-13.7,8.8
2024-02-21,Regina,SK,4.0,-8.0,12.6
2024-02-22,Regina,SK,6.0,-7.5,22.3
2024-02-23,Regina,SK,5.7,-8.0,16.3
2024-02-24,Regina,SK,2.8,-3.8,24.1
2024-02-25,Regina,SK,1.8,-8.4,21.6
2024-02-26,Regina,SK,2.6,-17.6,24.6
2024-02-27,Regina,SK,-15.5,-21.7,20.0
2024-02-28,Regina,SK,-9.8,-22.2,24.6
2024-02-29,Regina,SK,8.7,-10.3,24.4
2024-03-01,Regina,SK,2.7,-9.8,25.5
2024-03-02,Regina,SK,-3.4,-10.0,29.2
2024-03-03,Regina,SK,-6.9,-15.9,28.5
2024-03-04,Regina,SK,-16.2,-20.1,27.1
2024-03-05,Regina,SK,-15.0,-22.6,11.9
2024-03-06,Regina,SK,-11.0,-17.4,15.1
2024-03-07,Regina,SK,-10.9,-19.8,14.0
2024-03-08,Regina,SK,-1.3,-18.0,14.8
2024-03-09,Regina,SK,2.6,-12.8,17.0
2024-03-10,Regina,SK,6.9,-6.5,15.6
2024-03-11,Regina,SK,10.0,-3.2,23.8
2024-03-12,Regina,SK,5.8,-3.8,12.2
2024-03-13,Regina,SK,8.2,-2.6,17.1
2024-03-14,Regina,SK,4.9,-2.6,15.0
2024-03-15,Regina,SK,10.3,-1.7,40.0
2024-03-16,Regina,SK,2.2,-5.7,27.5
2024-03-17,Regina,SK,-0.1,-9.3,13.6
2024-03-18,Regina,SK,12.9,-5.8,29.3
2024-03-19,Regina,SK,0.1,-8.6,21.1
2024-03-20,Regina,SK,-3.9,-10.9,10.9
2024-03-21,Regina,SK,-2.9,-10.7,12.4
2024-03-22,Regina,SK,-3.2,-12.4,12.6
2024-03-23,Regina,SK,-1.3,-13.0,16.0
2024-03-24,Regina,SK,-2.0,-9.9,15.7
2024-03-25,Regina,SK,-1.4,-12.4,16.8
2024-03-26,Regina,SK,-4.1,-15.5,11.2
2024-03-27,Regina,SK,1.2,-15.3,15.3
2024-03-28,Regina,SK,4.6,-8.1,26.7
2024-03-29,Regina,SK,0.8,-2.7,25.2
2024-03-30,Regina,SK,-0.2,-8.7,22.3
2024-03-31,Regina,SK,4.5,-10.8,14.4
2024-04-01,Regina,SK,11.5,-3.5,30.2
2024-04-02,Regina,SK,11.4,-4.5,14.7
2024-04-03,Regina,SK,18.4,0.6,22.2
2024-04-04,Regina,SK,17.3,-1.9,28.2
2024-04-05,Regina,SK,16.7,2.9,29.8
2024-04-06,Regina,SK,13.8,3.2,25.2
2024-04-07,Regina,SK,14.9,0.8,15.1
2024-04-08,Regina,SK,13.6,-2.7,16.9
2024-04-09,Regina,SK,13.8,-2.0,14.8
2024-04-10,Regina,SK,11.1,-0.2,31.4
2024-04-11,Regina,SK,9.1,-2.2,20.4
2024-04-12,Regina,SK,14.8,0.5,28.1
2024-04-13,Regina,SK,18.6,0.4,23.2
2024-04-14,Regina,SK,14.5,-0.7,16.6
2024-04-15,Regina,SK,18.6,5.4,29.6
2024-04-16,Regina,SK,16.1,4.3,29.8
2024-04-17,Regina,SK,3.2,-2.8,39.7
2024-04-18,Regina,SK,-2.8,-5.2,32.4
2024-04-19,Regina,SK,-0.2,-5.6,29.0
2024-04-20,Regina,SK,9.2,-6.7,19.2
2024-04-21,Regina,SK,17.4,-3.7,24.5
2024-04-22,Regina,SK,11.6,2.5,29.7
2024-04-23,Regina,SK,17.7,-2.2,13.7
2024-04-24,Regina,SK,20.3,1.3,23.6
2024-04-25,Regina,SK,22.2,7.0,24.2
2024-04-26,Regina,SK,18.1,5.2,25.3
2024-04-27,Regina,SK,15.5,2.6,19.0
2024-04-28,Regina,SK,15.9,3.9,26.1
2024-04-29,Regina,SK,20.1,4.0,20.6
2024-04-30,Regina,SK,9.7,4.7,15.9
2024-05-01,Regina,SK,6.8,1.4,23.8
2024-05-02,Regina,SK,11.3,-1.3,12.1
2024-05-03,Regina,SK,5.7,2.4,18.9
2024-05-04,Regina,SK,12.4,2.3,11.3
2024-05-05,Regina,SK,19.0,1.3,29.5
2024-05-06,Regina,SK,14.3,9.5,29.9
2024-05-07,Regina,SK,12.9,9.1,32.9
2024-05-08,Regina,SK,19.2,7.3,22.8
2024-05-09,Regina,SK,20.1,5.0,27.0
2024-05-10,Regina,SK,20.5,4.5,12.7
2024-05-11,Regina,SK,24.5,10.2,32.0
2024-05-12,Regina,SK,18.4,4.4,16.0
2024-05-13,Regina,SK,20.0,7.1,27.1
2024-05-14,Regina,SK,15.7,5.9,20.3
2024-05-15,Regina,SK,19.7,3.6,20.7
2024-05-16,Regina,SK,18.6,6.1,11.5
2024-05-17,Regina,SK,19.0,9.2,21.4
2024-05-18,Regina,SK,13.8,6.7,32.0
2024-05-19,Regina,SK,17.0,1.6,16.0
2024-05-20,Regina,SK,14.7,3.0,19.5
2024-05-21,Regina,SK,14.4,2.8,19.7
2024-05-22,Regina,SK,14.2,1.7,17.7
2024-05-23,Regina,SK,12.6,4.4,14.2
2024-05-24,Regina,SK,14.2,2.1,15.4
2024-05-25,Regina,SK,16.7,-0.6,13.0
2024-05-26,Regina,SK,17.2,5.7,13.5
2024-05-27,Regina,SK,19.0,5.3,23.7
2024-05-28,Regina,SK,22.3,3.9,21.8
2024-05-29,Regina,SK,26.7,10.8,27.7
2024-05-30,Regina,SK,15.4,8.9,26.9
2024-05-31,Regina,SK,18.7,8.6,31.2
2024-06-01,Regina,SK,21.3,7.8,32.8
2024-06-02,Regina,SK,23.1,8.8,16.7
2024-06-03,Regina,SK,20.4,8.0,26.2
2024-06-04,Regina,SK,17.1,9.6,30.3
2024-06-05,Regina,SK,15.1,11.8,46.7
2024-06-06,Regina,SK,19.7,9.9,40.2
2024-06-07,Regina,SK,20.0,9.2,29.8
2024-06-08,Regina,SK,16.9,7.6,27.3
2024-06-09,Regina,SK,18.3,3.8,12.3
2024-06-10,Regina,SK,15.0,10.9,28.6
2024-06-11,Regina,SK,24.2,8.1,25.6
2024-06-12,Regina,SK,21.7,10.1,34.4
2024-06-13,Regina,SK,20.0,11.1,25.5
2024-06-14,Regina,SK,25.7,7.3,23.2
2024-06-15,Regina,SK,27.5,13.3,16.2
2024-06-16,Regina,SK,15.9,10.1,41.2
2024-06-17,Regina,SK,16.0,5.5,13.6
2024-06-18,Regina,SK,15.0,7.4,22.5
2024-06-19,Regina,SK,15.8,3.7,14.3
2024-06-20,Regina,SK,21.1,5.0,11.4
2024-06-21,Regina,SK,21.6,10.7,20.9
2024-06-22,Regina,SK,22.7,11.2,16.1
2024-06-23,Regina,SK,26.1,8.6,24.9
2024-06-24,Regina,SK,23.9,16.4,29.6
2024-06-25,Regina,SK,21.9,12.9,26.7
2024-06-26,Regina,SK,21.3,9.1,14.1
2024-06-27,Regina,SK,20.6,13.2,27.0
2024-06-28,Regina,SK,17.5,9.2,37.7
2024-06-29,Regina,SK,18.6,5.3,10.3
2024-06-30,Regina,SK,21.9,8.8,22.9
2024-07-01,Regina,SK,24.0,13.6,20.2
2024-07-02,Regina,SK,20.6,13.4,26.0
2024-07-03,Regina,SK,22.8,12.1,15.1
2024-07-04,Regina,SK,22.3,12.7,17.0
2024-07-05,Regina,SK,23.0,11.2,19.3
2024-07-06,Regina,SK,23.6,11.5,15.5
2024-07-07,Regina,SK,23.9,13.1,17.1
2024-07-08,Regina,SK,25.5,12.0,7.6
2024-07-09,Regina,SK,28.6,13.7,15.3
2024-07-10,Regina,SK,31.5,15.2,17.4
2024-07-11,Regina,SK,34.1,17.4,16.1
2024-07-12,Regina,SK,30.3,16.0,25.8
2024-07-13,Regina,SK,25.1,15.4,14.7
2024-07-14,Regina,SK,22.9,15.4,17.6
2024-07-15,Regina,SK,22.0,12.7,14.6
2024-07-16,Regina,SK,24.2,11.9,14.1
2024-07-17,Regina,SK,27.3,11.9,11.7
2024-07-18,Regina,SK,30.2,15.0,11.6
2024-07-19,Regina,SK,30.4,16.4,11.2
2024-07-20,Regina,SK,30.6,17.4,14.1
2024-07-21,Regina,SK,30.6,16.2,13.0
2024-07-22,Regina,SK,27.7,17.4,16.8
2024-07-23,Regina,SK,28.7,17.4,24.6
2024-07-24,Regina,SK,34.8,19.7,20.9
2024-07-25,Regina,SK,33.8,22.0,19.6
2024-07-26,Regina,SK,25.9,16.4,24.6
2024-07-27,Regina,SK,25.3,13.8,27.2
2024-07-28,Regina,SK,26.0,13.8,18.5
2024-07-29,Regina,SK,29.8,15.2,16.2
2024-07-30,Regina,SK,29.2,15.1,17.4
2024-07-31,Regina,SK,29.6,14.1,16.4
2024-08-01,Regina,SK,27.3,17.2,17.7
2024-08-02,Regina,SK,34.7,15.6,25.6
2024-08-03,Regina,SK,25.6,15.4,17.0
2024-08-04,Regina,SK,22.1,15.5,24.6
2024-08-05,Regina,SK,23.1,13.6,17.0
2024-08-06,Regina,SK,21.8,13.1,21.4
2024-08-07,Regina,SK,17.3,10.4,20.9
2024-08-08,Regina,SK,17.5,7.6,16.5
2024-08-09,Regina,SK,20.7,7.5,13.6
2024-08-10,Regina,SK,22.0,9.0,12.7
2024-08-11,Regina,SK,25.3,10.7,13.9
2024-08-12,Regina,SK,26.1,12.1,22.8
2024-08-13,Regina,SK,28.3,16.5,25.9
2024-08-14,Regina,SK,28.1,18.3,19.2
2024-08-15,Regina,SK,25.8,15.8,20.2
2024-08-16,Regina,SK,24.9,14.5,14.4
2024-08-17,Regina,SK,25.7,14.8,21.5
2024-08-18,Regina,SK,29.4,16.1,17.6
2024-08-19,Regina,SK,31.0,18.4,23.5
2024-08-20,Regina,SK,32.2,17.6,27.2
2024-08-21,Regina,SK,27.8,17.5,24.9
2024-08-22,Regina,SK,25.0,14.1,17.3
2024-08-23,Regina,SK,29.2,13.7,27.2
2024-08-24,Regina,SK,30.0,19.0,31.7
2024-08-25,Regina,SK,25.1,15.9,27.5
2024-08-26,Regina,SK,24.5,11.0,16.6
2024-08-27,Regina,SK,26.1,13.4,25.9
2024-08-28,Regina,SK,21.7,10.1,23.7
2024-08-29,Regina,SK,21.0,9.7,32.2
2024-08-30,Regina,SK,25.9,13.2,17.7
2024-08-31,Regina,SK,21.6,12.0,27.6
2024-09-01,Regina,SK,26.9,9.6,18.4
2024-09-02,Regina,SK,30.3,14.2,16.8
2024-09-03,Regina,SK,32.7,13.3,23.9
2024-09-04,Regina,SK,19.1,11.4,23.2
2024-09-05,Regina,SK,21.3,6.3,20.7
2024-09-06,Regina,SK,24.8,7.5,17.4
2024-09-07,Regina,SK,31.2,11.9,15.8
2024-09-08,Regina,SK,33.3,12.2,12.6
2024-09-09,Regina,SK,33.5,14.4,22.2
2024-09-10,Regina,SK,21.5,13.8,24.0
2024-09-11,Regina,SK,20.1,10.5,30.2
2024-09-12,Regina,SK,26.3,14.0,30.0
2024-09-13,Regina,SK,19.5,12.7,33.4
2024-09-14,Regina,SK,24.1,10.3,18.7
2024-09-15,Regina,SK,23.4,9.2,13.3
2024-09-16,Regina,SK,27.0,11.7,17.4
2024-09-17,Regina,SK,26.8,12.8,23.7
2024-09-18,Regina,SK,24.7,16.3,29.2
2024-09-19,Regina,SK,17.6,12.1,34.4
2024-09-20,Regina,SK,19.5,5.8,21.6
2024-09-21,Regina,SK,14.8,7.1,20.9
2024-09-22,Regina,SK,19.0,4.5,18.4
2024-09-23,Regina,SK,19.1,9.6,24.1
2024-09-24,Regina,SK,25.2,7.7,15.6
2024-09-25,Regina,SK,29.1,13.0,25.2
2024-09-26,Regina,SK,25.0,11.4,35.3
2024-09-27,Regina,SK,25.5,9.9,26.4
2024-09-28,Regina,SK,25.0,6.2,20.6
2024-09-29,Regina,SK,30.7,15.4,27.6
2024-09-30,Regina,SK,14.7,6.5,43.6
2024-10-01,Regina,SK,16.7,3.2,23.4
2024-10-02,Regina,SK,11.4,6.1,26.3
2024-10-03,Regina,SK,10.7,3.0,19.1
2024-10-04,Regina,SK,13.2,1.9,22.5
2024-10-05,Regina,SK,14.1,7.8,53.5
2024-10-06,Regina,SK,18.2,0.2,20.0
2024-10-07,Regina,SK,18.2,4.8,15.0
2024-10-08,Regina,SK,21.0,3.6,12.0
2024-10-09,Regina,SK,21.3,6.3,13.9
2024-10-10,Regina,SK,15.5,5.2,22.7
2024-10-11,Regina,SK,14.7,0.6,12.6
2024-10-12,Regina,SK,12.9,3.1,24.9
2024-10-13,Regina,SK,9.1,-2.6,14.2
2024-10-14,Regina,SK,12.9,0.7,27.1
2024-10-15,Regina,SK,15.2,4.9,28.6
2024-10-16,Regina,SK,20.4,5.4,16.4
2024-10-17,Regina,SK,12.8,5.0,29.5
2024-10-18,Regina,SK,13.7,-1.0,23.7
2024-10-19,Regina,SK,17.3,7.5,25.1
2024-10-20,Regina,SK,17.1,10.2,20.7
2024-10-21,Regina,SK,20.1,7.3,25.2
2024-10-22,Regina,SK,6.6,1.9,21.3
2024-10-23,Regina,SK,9.6,-0.5,16.7
2024-10-24,Regina,SK,6.7,-1.8,16.6
2024-10-25,Regina,SK,8.7,-3.2,14.1
2024-10-26,Regina,SK,8.9,-0.9,19.2
2024-10-27,Regina,SK,10.8,-0.7,19.9
2024-10-28,Regina,SK,13.3,2.5,17.2
2024-10-29,Regina,SK,4.1,-1.9,17.3
2024-10-30,Regina,SK,7.2,-7.2,13.0
2024-10-31,Regina,SK,7.0,-1.9,15.1
2024-11-01,Regina,SK,7.1,-1.6,15.8
2024-11-02,Regina,SK,7.6,-3.0,20.7
2024-11-03,Regina,SK,8.1,-1.1,17.8
2024-11-04,Regina,SK,7.1,-4.7,16.3
2024-11-05,Regina,SK,1.2,-1.3,24.2
2024-11-06,Regina,SK,1.2,-2.7,21.2
2024-11-07,Regina,SK,9.5,-0.4,17.5
2024-11-08,Regina,SK,9.4,-2.1,21.4
2024-11-09,Regina,SK,9.4,1.4,16.0
2024-11-10,Regina,SK,3.8,-0.8,28.9
2024-11-11,Regina,SK,4.0,-1.6,27.2
2024-11-12,Regina,SK,6.5,-0.6,20.6
2024-11-13,Regina,SK,6.1,-3.7,15.8
2024-11-14,Regina,SK,4.8,1.7,19.7
2024-11-15,Regina,SK,4.4,0.2,11.8
2024-11-16,Regina,SK,0.7,-2.0,17.9
2024-11-17,Regina,SK,3.1,-4.4,14.7
2024-11-18,Regina,SK,1.4,-1.5,11.6
2024-11-19,Regina,SK,0.2,-7.4,35.0
2024-11-20,Regina,SK,-7.6,-11.9,33.6
2024-11-21,Regina,SK,-6.8,-10.0,10.9
2024-11-22,Regina,SK,-7.4,-11.5,15.5
2024-11-23,Regina,SK,-8.6,-12.3,20.2
2024-11-24,Regina,SK,-8.9,-14.8,26.1
2024-11-25,Regina,SK,-15.2,-21.8,18.8
2024-11-26,Regina,SK,-12.7,-23.4,11.9
2024-11-27,Regina,SK,-12.0,-16.1,21.4
2024-11-28,Regina,SK,-16.1,-25.7,16.1
2024-11-29,Regina,SK,-23.7,-28.5,9.0
2024-11-30,Regina,SK,-17.2,-26.5,15.4
2024-12-01,Regina,SK,-15.0,-27.2,20.1
2024-12-02,Regina,SK,-13.1,-27.5,23.4
2024-12-03,Regina,SK,2.1,-12.4,31.2
2024-12-04,Regina,SK,-9.6,-19.5,27.4
2024-12-05,Regina,SK,-2.1,-18.6,20.5
2024-12-06,Regina,SK,1.0,-8.6,13.6
2024-12-07,Regina,SK,2.1,-1.1,13.9
2024-12-08,Regina,SK,1.7,-4.2,32.8
2024-12-09,Regina,SK,-3.0,-8.4,21.8
2024-12-10,Regina,SK,-3.5,-22.7,24.5
2024-12-11,Regina,SK,-22.0,-26.8,10.3
2024-12-12,Regina,SK,-18.1,-28.7,20.2
2024-12-13,Regina,SK,-9.2,-17.8,22.2
2024-12-14,Regina,SK,-3.4,-12.1,18.9
2024-12-15,Regina,SK,-1.2,-8.5,21.4
2024-12-16,Regina,SK,-7.5,-9.9,22.1
2024-12-17,Regina,SK,-10.1,-23.5,16.6
2024-12-18,Regina,SK,-14.4,-27.2,27.1
2024-12-19,Regina,SK,-17.2,-22.2,19.6
2024-12-20,Regina,SK,-10.8,-22.9,27.5
2024-12-21,Regina,SK,-5.8,-13.8,15.2
2024-12-22,Regina,SK,-8.9,-13.1,8.7
2024-12-23,Regina,SK,-2.3,-10.4,14.5
2024-12-24,Regina,SK,-0.3,-10.2,21.7
2024-12-25,Regina,SK,1.4,-7.6,20.6
2024-12-26,Regina,SK,-5.0,-13.1,14.8
2024-12-27,Regina,SK,0.1,-5.6,18.8
2024-12-28,Regina,SK,-0.9,-12.4,20.6
2024-12-29,Regina,SK,-11.1,-15.9,5.5
2024-12-30,Regina,SK,-4.2,-13.9,21.0
2024-12-31,Regina,SK,-8.3,-14.1,24.1
2025-01-01,Regina,SK,-13.8,-20.4,17.2
2025-01-02,Regina,SK,-19.6,-24.8,12.7
2025-01-03,Regina,SK,-24.0,-30.5,10.3
2025-01-04,Regina,SK,-21.0,-30.1,17.0
2025-01-05,Regina,SK,-17.8,-24.9,20.0
2025-01-06,Regina,SK,-15.6,-20.9,15.8
2025-01-07,Regina,SK,-10.0,-24.5,11.7
2025-01-08,Regina,SK,0.5,-11.5,26.7
2025-01-09,Regina,SK,-2.0,-10.3,27.4
2025-01-10,Regina,SK,-3.0,-17.1,22.7
2025-01-11,Regina,SK,-2.8,-20.2,27.8
2025-01-12,Regina,SK,-20.6,-25.1,16.2
2025-01-13,Regina,SK,-19.9,-27.0,19.6
2025-01-14,Regina,SK,-3.5,-20.4,17.7
2025-01-15,Regina,SK,1.5,-4.7,24.7
2025-01-16,Regina,SK,3.2,-9.1,33.0
2025-01-17,Regina,SK,-0.4,-18.8,34.8
2025-01-18,Regina,SK,-19.3,-27.7,23.3
2025-01-19,Regina,SK,-25.6,-30.9,24.8
2025-01-20,Regina,SK,-23.6,-33.4,19.4
2025-01-21,Regina,SK,-2.0,-22.1,26.3
2025-01-22,Regina,SK,-3.4,-12.6,24.0
2025-01-23,Regina,SK,-4.1,-12.2,20.0
2025-01-24,Regina,SK,-2.6,-11.4,33.2
2025-01-25,Regina,SK,-5.4,-15.5,25.8
2025-01-26,Regina,SK,-3.6,-11.9,21.9
2025-01-27,Regina,SK,-1.3,-5.7,22.1
2025-01-28,Regina,SK,1.5,-1.6,29.6
2025-01-29,Regina,SK,0.1,-8.2,15.4
2025-01-30,Regina,SK,-1.3,-9.1,15.1
2025-01-31,Regina,SK,-10.2,-14.7,34.0
2025-02-01,Regina,SK,-4.8,-14.4,32.0
2025-02-02,Regina,SK,-15.3,-24.6,25.7
2025-02-03,Regina,SK,-24.8,-30.6,18.7
2025-02-04,Regina,SK,-17.6,-30.9,15.9
2025-02-05,Regina,SK,-15.4,-20.6,21.8
2025-02-06,Regina,SK,-16.5,-20.7,28.4
2025-02-07,Regina,SK,-14.6,-24.5,13.8
2025-02-08,Regina,SK,-17.6,-26.8,6.5
2025-02-09,Regina,SK,-14.9,-25.3,27.2
2025-02-10,Regina,SK,-26.0,-31.5,18.9
2025-02-11,Regina,SK,-22.2,-29.1,15.3
2025-02-12,Regina,SK,-23.8,-35.0,13.7
2025-02-13,Regina,SK,-23.1,-30.7,13.1
2025-02-14,Regina,SK,-19.7,-31.5,9.2
2025-02-15,Regina,SK,-19.9,-25.1,13.3
2025-02-16,Regina,SK,-24.9,-33.9,15.0
2025-02-17,Regina,SK,-27.8,-39.7,7.3
2025-02-18,Regina,SK,-27.3,-41.4,6.4
2025-02-19,Regina,SK,-21.5,-38.0,23.2
2025-02-20,Regina,SK,-14.8,-26.6,28.1
2025-02-21,Regina,SK,-0.8,-18.0,15.6
2025-02-22,Regina,SK,-1.7,-14.8,10.7
2025-02-23,Regina,SK,4.4,-9.0,31.7
2025-02-24,Regina,SK,2.6,-4.4,29.2
2025-02-25,Regina,SK,1.2,-7.7,11.8
2025-02-26,Regina,SK,2.3,-8.8,26.8
2025-02-27,Regina,SK,5.4,-5.4,39.7
2025-02-28,Regina,SK,2.9,-7.5,34.5
2025-03-01,Regina,SK,1.1,-8.4,18.1
2025-03-02,Regina,SK,1.2,-7.2,14.2
2025-03-03,Regina,SK,1.1,-8.2,18.4
2025-03-04,Regina,SK,-2.9,-10.1,19.5
2025-03-05,Regina,SK,-1.0,-13.6,22.7
2025-03-06,Regina,SK,-0.6,-16.1,16.7
2025-03-07,Regina,SK,2.3,-10.6,18.0
2025-03-08,Regina,SK,3.2,-3.6,17.9
2025-03-09,Regina,SK,4.0,-6.1,19.6
2025-03-10,Regina,SK,2.9,-13.7,21.0
2025-03-11,Regina,SK,-2.4,-14.0,17.7
2025-03-12,Regina,SK,-0.4,-10.8,15.7
2025-03-13,Regina,SK,1.9,-3.0,28.6
2025-03-14,Regina,SK,-1.1,-11.5,29.0
2025-03-15,Regina,SK,-10.7,-16.8,20.3
2025-03-16,Regina,SK,-6.3,-14.3,17.3
2025-03-17,Regina,SK,-4.9,-8.9,16.8
2025-03-18,Regina,SK,-4.6,-15.3,13.9
2025-03-19,Regina,SK,0.2,-11.7,12.4
2025-03-20,Regina,SK,1.1,-8.5,13.7
2025-03-21,Regina,SK,-2.5,-11.9,22.3
2025-03-22,Regina,SK,-0.1,-8.7,21.9
2025-03-23,Regina,SK,1.7,-8.1,14.0
2025-03-24,Regina,SK,3.0,-4.6,10.2
2025-03-25,Regina,SK,5.4,-4.2,17.6
2025-03-26,Regina,SK,8.8,-2.2,14.8
2025-03-27,Regina,SK,2.0,-4.4,28.1
2025-03-28,Regina,SK,-4.7,-7.7,17.1
2025-03-29,Regina,SK,-3.2,-8.3,11.0
2025-03-30,Regina,SK,-4.0,-8.3,8.4
2025-03-31,Regina,SK,1.3,-10.1,18.4
2025-04-01,Regina,SK,0.3,-2.7,19.3
2025-04-02,Regina,SK,1.7,-4.9,17.0
2025-04-03,Regina,SK,1.7,-10.0,21.3
2025-04-04,Regina,SK,0.9,-11.2,17.4
2025-04-05,Regina,SK,9.9,-7.6,11.1
2025-04-06,Regina,SK,8.4,-4.4,16.6
2025-04-07,Regina,SK,7.0,-6.2,23.9
2025-04-08,Regina,SK,14.0,0.4,22.5
2025-04-09,Regina,SK,12.8,1.6,23.0
2025-04-10,Regina,SK,16.0,0.4,16.7
2025-04-11,Regina,SK,19.4,4.2,20.4
2025-04-12,Regina,SK,15.1,1.3,15.5
2025-04-13,Regina,SK,6.3,2.2,26.2
2025-04-14,Regina,SK,9.8,-1.5,22.2
2025-04-15,Regina,SK,14.9,-1.5,21.0
2025-04-16,Regina,SK,11.2,2.4,26.9
2025-04-17,Regina,SK,4.4,-1.6,22.5
2025-04-18,Regina,SK,3.1,-4.9,15.4
2025-04-19,Regina,SK,14.4,-4.3,23.6
2025-04-20,Regina,SK,15.0,2.3,14.9
2025-04-21,Regina,SK,11.3,1.7,19.5
2025-04-22,Regina,SK,3.5,-0.1,18.1
2025-04-23,Regina,SK,8.6,-4.3,13.9
2025-04-24,Regina,SK,14.3,-1.4,11.1
2025-04-25,Regina,SK,15.4,0.2,17.6
2025-04-26,Regina,SK,15.2,3.9,27.9
2025-04-27,Regina,SK,17.5,4.4,23.4
2025-04-28,Regina,SK,9.4,0.6,19.8
2025-04-29,Regina,SK,14.8,1.8,23.7
2025-04-30,Regina,SK,14.7,4.3,20.3
2025-05-01,Regina,SK,13.3,2.5,21.0
2025-05-02,Regina,SK,21.0,1.6,15.4
2025-05-03,Regina,SK,26.1,8.1,18.7
2025-05-04,Regina,SK,27.3,10.9,25.6
2025-05-05,Regina,SK,14.2,7.2,26.4
2025-05-06,Regina,SK,16.0,4.6,15.4
2025-05-07,Regina,SK,21.4,4.0,30.3
2025-05-08,Regina,SK,28.1,12.9,30.6
2025-05-09,Regina,SK,20.4,6.7,23.7
2025-05-10,Regina,SK,29.4,11.7,24.8
2025-05-11,Regina,SK,30.3,14.4,18.9
2025-05-12,Regina,SK,31.0,13.1,27.0
2025-05-13,Regina,SK,19.0,12.1,21.4
2025-05-14,Regina,SK,15.6,6.6,19.5
2025-05-15,Regina,SK,7.2,5.0,30.7
2025-05-16,Regina,SK,14.8,5.9,30.9
2025-05-17,Regina,SK,13.0,3.7,18.0
2025-05-18,Regina,SK,9.1,1.6,24.1
2025-05-19,Regina,SK,9.9,3.8,19.3
2025-05-20,Regina,SK,6.4,3.9,14.3
2025-05-21,Regina,SK,8.5,2.7,12.8
2025-05-22,Regina,SK,15.7,3.9,15.1
2025-05-23,Regina,SK,17.8,5.5,22.0
2025-05-24,Regina,SK,19.8,5.9,15.8
2025-05-25,Regina,SK,20.3,6.7,21.5
2025-05-26,Regina,SK,21.8,8.8,24.2
2025-05-27,Regina,SK,22.9,9.9,24.2
2025-05-28,Regina,SK,25.3,11.1,17.5
2025-05-29,Regina,SK,27.3,12.9,17.5
2025-05-30,Regina,SK,25.5,13.1,25.8
2025-05-31,Regina,SK,27.1,12.9,16.5
2025-06-01,Regina,SK,22.2,16.4,25.1
2025-06-02,Regina,SK,19.0,10.0,22.1
2025-06-03,Regina,SK,19.4,9.3,27.2
2025-06-04,Regina,SK,20.5,8.0,18.7
2025-06-05,Regina,SK,23.2,8.5,13.3
2025-06-06,Regina,SK,27.4,13.7,30.4
2025-06-07,Regina,SK,21.8,10.3,37.8
2025-06-08,Regina,SK,16.3,9.1,37.7
2025-06-09,Regina,SK,26.4,7.8,20.8
2025-06-10,Regina,SK,22.2,12.8,20.5
2025-06-11,Regina,SK,22.4,9.6,8.4
2025-06-12,Regina,SK,24.3,12.3,20.0
2025-06-13,Regina,SK,21.8,14.2,25.9
2025-06-14,Regina,SK,23.0,14.5,19.9
2025-06-15,Regina,SK,27.8,13.9,15.5
2025-06-16,Regina,SK,24.0,15.3,15.8
2025-06-17,Regina,SK,26.1,12.0,13.1
2025-06-18,Regina,SK,24.5,13.1,19.4
2025-06-19,Regina,SK,28.4,12.2,19.8
2025-06-20,Regina,SK,24.0,12.5,14.1
2025-06-21,Regina,SK,18.4,11.6,24.6
2025-06-22,Regina,SK,13.2,9.2,18.9
2025-06-23,Regina,SK,17.0,8.2,24.4
2025-06-24,Regina,SK,18.5,8.7,13.5
2025-06-25,Regina,SK,23.6,11.1,22.1
2025-06-26,Regina,SK,25.1,14.7,21.8
2025-06-27,Regina,SK,25.9,14.7,14.8
2025-06-28,Regina,SK,24.1,15.1,23.0
2025-06-29,Regina,SK,20.0,14.1,27.0
2025-06-30,Regina,SK,25.8,13.7,18.6
2025-07-01,Regina,SK,29.5,14.5,10.0
2025-07-02,Regina,SK,30.6,15.7,20.7
2025-07-03,Regina,SK,31.4,21.3,28.3
2025-07-04,Regina,SK,24.9,17.2,22.4
2025-07-05,Regina,SK,21.7,13.1,11.9
2025-07-06,Regina,SK,22.6,14.0,16.7
2025-07-07,Regina,SK,20.7,13.8,12.8
2025-07-08,Regina,SK,25.6,12.7,22.0
2025-07-09,Regina,SK,32.4,18.3,24.1
2025-07-10,Regina,SK,25.7,15.5,15.6
2025-07-11,Regina,SK,21.0,12.9,17.4
2025-07-12,Regina,SK,26.1,12.4,14.0
2025-07-13,Regina,SK,27.2,14.8,21.5
2025-07-14,Regina,SK,19.1,13.6,15.2
2025-07-15,Regina,SK,18.4,11.9,17.6
2025-07-16,Regina,SK,20.0,10.6,11.9
2025-07-17,Regina,SK,21.2,10.8,14.9
2025-07-18,Regina,SK,23.0,11.7,12.8
2025-07-19,Regina,SK,23.2,12.7,25.8
2025-07-20,Regina,SK,23.3,14.7,22.8
2025-07-21,Regina,SK,21.7,12.8,17.9
2025-07-22,Regina,SK,21.1,14.0,11.6
2025-07-23,Regina,SK,19.0,12.7,12.8
2025-07-24,Regina,SK,25.0,10.4,17.8
2025-07-25,Regina,SK,30.0,16.8,18.0
2025-07-26,Regina,SK,24.8,15.8,11.4
2025-07-27,Regina,SK,24.0,15.4,12.4
2025-07-28,Regina,SK,23.1,13.6,13.1
2025-07-29,Regina,SK,22.3,12.6,15.6
2025-07-30,Regina,SK,22.3,9.6,10.9
2025-07-31,Regina,SK,25.2,11.9,16.2
2025-08-01,Regina,SK,27.4,15.9,18.9
2025-08-02,Regina,SK,26.2,16.8,19.8
2025-08-03,Regina,SK,24.6,17.0,20.9
2025-08-04,Regina,SK,26.4,17.0,17.7
2025-08-05,Regina,SK,22.6,15.9,16.9
2025-08-06,Regina,SK,24.3,14.9,16.3
2025-08-07,Regina,SK,25.0,15.2,12.2
2025-08-08,Regina,SK,21.0,14.6,15.7
2025-08-09,Regina,SK,17.6,13.8,25.4
2025-08-10,Regina,SK,23.0,13.0,16.8
2025-08-11,Regina,SK,21.6,16.4,24.8
2025-08-12,Regina,SK,22.9,11.4,13.2
2025-08-13,Regina,SK,26.0,14.3,27.4
2025-08-14,Regina,SK,21.9,14.4,23.9
2025-08-15,Regina,SK,18.6,8.1,15.3
2025-08-16,Regina,SK,24.7,13.1,24.1
2025-08-17,Regina,SK,26.5,17.1,19.4
2025-08-18,Regina,SK,26.5,15.0,10.9
2025-08-19,Regina,SK,30.6,14.8,17.3
2025-08-20,Regina,SK,32.9,19.0,20.8
2025-08-21,Regina,SK,24.2,16.1,25.3
2025-08-22,Regina,SK,18.5,13.0,32.6
2025-08-23,Regina,SK,18.6,7.4,17.9
2025-08-24,Regina,SK,21.1,5.2,17.4
2025-08-25,Regina,SK,25.6,8.3,13.0
2025-08-26,Regina,SK,29.7,13.0,12.7
2025-08-27,Regina,SK,29.4,13.3,12.6
2025-08-28,Regina,SK,28.9,13.1,9.0
2025-08-29,Regina,SK,28.5,15.3,10.0
2025-08-30,Regina,SK,29.7,14.8,13.2
2025-08-31,Regina,SK,29.9,14.3,19.3
2025-09-01,Regina,SK,29.5,14.1,20.4
2025-09-02,Regina,SK,19.3,12.7,17.9
2025-09-03,Regina,SK,15.0,4.6,15.0
2025-09-04,Regina,SK,14.4,9.2,39.7
2025-09-05,Regina,SK,12.7,6.1,18.8
2025-09-06,Regina,SK,15.8,0.7,12.4
2025-09-07,Regina,SK,22.5,4.1,15.4
2025-09-08,Regina,SK,24.7,8.2,14.1
2025-09-09,Regina,SK,25.7,7.6,8.8
2025-09-10,Regina,SK,27.5,10.4,17.8
2025-09-11,Regina,SK,27.3,15.9,17.6
2025-09-12,Regina,SK,24.6,14.9,20.4
2025-09-13,Regina,SK,19.7,16.0,16.3
2025-09-14,Regina,SK,23.7,15.4,14.5
2025-09-15,Regina,SK,23.1,13.8,11.2
2025-09-16,Regina,SK,22.4,12.8,15.1
2025-09-17,Regina,SK,18.6,10.3,16.1
2025-09-18,Regina,SK,18.3,12.9,17.5
2025-09-19,Regina,SK,19.7,9.5,12.4
2025-09-20,Regina,SK,23.4,9.1,16.2
2025-09-21,Regina,SK,26.8,11.3,18.2
2025-09-22,Regina,SK,20.2,12.1,20.1
2025-09-23,Regina,SK,22.0,4.3,12.8
2025-09-24,Regina,SK,27.9,10.1,21.0
2025-09-25,Regina,SK,18.0,5.5,22.3
2025-09-26,Regina,SK,17.7,11.2,36.6
2025-09-27,Regina,SK,20.8,4.7,14.1
2025-09-28,Regina,SK,19.7,10.8,17.8
2025-09-29,Regina,SK,21.7,7.7,22.7
2025-09-30,Regina,SK,27.1,15.2,25.3
2025-10-01,Regina,SK,24.1,13.9,21.6
2025-10-02,Regina,SK,22.3,8.0,12.2
2025-10-03,Regina,SK,14.9,9.0,18.2
2025-10-04,Regina,SK,15.9,7.5,17.2
2025-10-05,Regina,SK,8.7,1.8,25.2
2025-10-06,Regina,SK,6.2,-2.9,14.8
2025-10-07,Regina,SK,12.8,-3.2,16.5
2025-10-08,Regina,SK,19.6,4.9,19.7
2025-10-09,Regina,SK,14.8,4.2,15.9
2025-10-10,Regina,SK,16.6,0.0,26.3
2025-10-11,Regina,SK,22.3,10.0,23.2
2025-10-12,Regina,SK,13.6,0.8,36.5
2025-10-13,Regina,SK,1.7,-0.2,28.3
2025-10-14,Regina,SK,7.9,-0.1,18.1
2025-10-15,Regina,SK,8.9,4.9,14.2
2025-10-16,Regina,SK,11.2,6.0,9.7
2025-10-17,Regina,SK,11.2,3.6,24.5
2025-10-18,Regina,SK,10.3,3.2,33.2
2025-10-19,Regina,SK,8.0,-2.6,22.2
2025-10-20,Regina,SK,5.1,2.5,34.0
2025-10-21,Regina,SK,6.4,-4.3,13.1
2025-10-22,Regina,SK,11.2,-0.5,11.1
2025-10-23,Regina,SK,11.5,-1.1,18.8
2025-10-24,Regina,SK,10.6,-2.6,15.6
2025-10-25,Regina,SK,17.3,4.8,18.8
2025-10-26,Regina,SK,12.8,6.8,23.5
2025-10-27,Regina,SK,11.1,0.9,20.0
2025-10-28,Regina,SK,5.9,0.1,25.5
2025-10-29,Regina,SK,8.6,-4.4,22.8
2025-10-30,Regina,SK,4.1,0.9,33.8
2025-10-31,Regina,SK,1.4,-1.5,19.5
2025-11-01,Regina,SK,12.2,-2.6,22.5
2025-11-02,Regina,SK,13.5,3.6,32.0
2025-11-03,Regina,SK,8.0,-0.6,21.0
2025-11-04,Regina,SK,7.4,-1.1,14.8
2025-11-05,Regina,SK,4.2,-7.4,20.4
2025-11-06,Regina,SK,8.1,0.6,21.1
2025-11-07,Regina,SK,-0.2,-5.1,17.7
2025-11-08,Regina,SK,-6.3,-11.9,12.3
2025-11-09,Regina,SK,-5.4,-14.9,18.3
2025-11-10,Regina,SK,10.2,-6.0,23.3
2025-11-11,Regina,SK,6.8,0.9,21.2
2025-11-12,Regina,SK,6.2,-2.7,16.8
2025-11-13,Regina,SK,6.7,-3.2,17.9
2025-11-14,Regina,SK,9.4,-0.4,19.0
2025-11-15,Regina,SK,1.9,-5.2,18.9
2025-11-16,Regina,SK,2.0,-1.9,15.9
2025-11-17,Regina,SK,3.6,-1.6,20.0
2025-11-18,Regina,SK,2.1,-1.8,17.3
2025-11-19,Regina,SK,2.9,-2.8,19.7
2025-11-20,Regina,SK,3.3,-5.5,11.9
2025-11-21,Regina,SK,4.8,-4.7,11.8
2025-11-22,Regina,SK,6.7,-2.1,17.0
2025-11-23,Regina,SK,4.9,-0.8,12.5
2025-11-24,Regina,SK,0.1,-3.9,15.3
2025-11-25,Regina,SK,-2.9,-7.8,18.5
2025-11-26,Regina,SK,-5.7,-10.6,8.6
2025-11-27,Regina,SK,-7.0,-11.1,11.1
2025-11-28,Regina,SK,-7.1,-10.5,13.9
2025-11-29,Regina,SK,-9.2,-15.7,19.3
2025-11-30,Regina,SK,-12.0,-19.0,15.1
2025-12-01,Regina,SK,-8.6,-17.5,13.1
2025-12-02,Regina,SK,-1.0,-14.5,18.8
2025-12-03,Regina,SK,-11.9,-20.8,19.7
2025-12-04,Regina,SK,0.8,-9.8,20.8
2025-12-05,Regina,SK,-5.0,-18.5,23.2
2025-12-06,Regina,SK,-17.6,-21.7,9.1
2025-12-07,Regina,SK,-12.1,-21.0,17.9
2025-12-08,Regina,SK,-6.8,-14.8,22.2
2025-12-09,Regina,SK,-1.3,-15.4,29.1
2025-12-10,Regina,SK,-8.1,-22.5,23.3
2025-12-11,Regina,SK,-8.7,-21.6,23.9
2025-12-12,Regina,SK,-22.1,-26.7,24.5
2025-12-13,Regina,SK,-20.2,-30.3,22.0
2025-12-14,Regina,SK,-5.0,-20.2,33.0
2025-12-15,Regina,SK,5.2,-15.9,21.7
2025-12-16,Regina,SK,7.2,-10.7,33.8
2025-12-17,Regina,SK,-0.4,-16.1,38.3
2025-12-18,Regina,SK,-17.3,-24.2,35.3
2025-12-19,Regina,SK,-1.2,-19.8,40.1
2025-12-20,Regina,SK,-19.9,-23.8,29.0
2025-12-21,Regina,SK,-15.0,-23.2,15.1
2025-12-22,Regina,SK,-9.8,-18.5,23.2
2025-12-23,Regina,SK,-12.1,-23.5,23.1
2025-12-24,Regina,SK,-13.3,-17.4,21.3
2025-12-25,Regina,SK,-11.0,-15.2,28.5
2025-12-26,Regina,SK,-8.0,-11.8,17.5
2025-12-27,Regina,SK,-7.7,-18.3,19.5
2025-12-28,Regina,SK,-18.6,-23.5,17.5
2025-12-29,Regina,SK,-2.3,-20.2,16.9
2025-12-30,Regina,SK,0.0,-6.3,19.9
2025-12-31,Regina,SK,-3.5,-14.6,16.3
2026-01-01,Regina,SK,-12.0,-15.6,13.2
2026-01-02,Regina,SK,-11.0,-14.7,12.4
2026-01-03,Regina,SK,-10.5,-16.0,20.8
2026-01-04,Regina,SK,-4.8,-11.9,22.0
2026-01-05,Regina,SK,-9.9,-13.7,15.6
2026-01-06,Regina,SK,-3.8,-14.3,15.0
2026-01-07,Regina,SK,-2.8,-8.2,19.9
2026-01-08,Regina,SK,-6.3,-15.3,16.8
2026-01-09,Regina,SK,-8.9,-18.3,22.5
2026-01-10,Regina,SK,-2.8,-17.9,12.9
2026-01-11,Regina,SK,0.6,-3.8,19.2
2026-01-12,Regina,SK,3.3,-4.6,28.3
2026-01-13,Regina,SK,3.1,0.2,27.5
2026-01-14,Regina,SK,2.1,-4.7,19.0
2026-01-15,Regina,SK,2.1,-8.1,38.3
2026-01-16,Regina,SK,-8.3,-22.3,41.0
2026-01-17,Regina,SK,-4.2,-25.6,26.9
2026-01-18,Regina,SK,-3.1,-23.2,35.6
2026-01-19,Regina,SK,-14.3,-22.9,12.8
2026-01-20,Regina,SK,-6.7,-15.5,23.2
2026-01-21,Regina,SK,-5.3,-18.8,30.6
2026-01-22,Regina,SK,-21.5,-33.9,24.1
2026-01-23,Regina,SK,-28.1,-36.0,13.0
2026-01-24,Regina,SK,-25.4,-34.3,8.8
2026-01-25,Regina,SK,-19.3,-37.3,16.6
2026-01-26,Regina,SK,-12.2,-21.3,27.3
2026-01-27,Regina,SK,-16.1,-26.1,14.3
2026-01-28,Regina,SK,-12.7,-20.7,10.7
2026-01-29,Regina,SK,-10.7,-16.2,19.0
2026-01-30,Regina,SK,-9.0,-19.0,27.0
2026-01-31,Regina,SK,1.4,-9.2,31.0
2026-02-01,Regina,SK,-0.9,-7.0,23.3
2026-02-02,Regina,SK,-6.5,-8.1,18.4
2026-02-03,Regina,SK,-1.2,-8.3,18.8
2026-02-04,Regina,SK,4.1,-4.4,21.0
2026-02-05,Regina,SK,7.5,0.3,24.1
2026-02-06,Regina,SK,0.5,-2.0,21.3
2026-02-07,Regina,SK,2.6,-3.9,19.9
2026-02-08,Regina,SK,7.9,-2.8,31.5
2026-02-09,Regina,SK,2.8,-5.8,25.4
2026-02-10,Regina,SK,3.7,-5.7,13.7
2026-02-11,Regina,SK,3.5,-7.9,11.2
2026-02-12,Regina,SK,3.9,-8.5,6.8
2026-02-13,Regina,SK,3.1,-7.6,10.4
2026-02-14,Regina,SK,0.7,-6.7,12.5
2026-02-15,Regina,SK,2.1,-4.5,13.7
2026-02-16,Regina,SK,3.4,-7.9,21.2
2026-02-17,Regina,SK,-1.2,-7.9,31.1
2026-02-18,Regina,SK,-5.6,-19.1,26.5
2026-02-19,Regina,SK,-21.0,-27.0,23.0
2026-02-20,Regina,SK,-20.1,-26.2,9.8
2026-02-21,Regina,SK,-19.3,-28.4,15.3
2026-02-22,Regina,SK,-17.0,-28.1,24.8
2026-02-23,Regina,SK,-3.1,-17.0,26.4
2026-02-24,Regina,SK,-12.0,-17.0,20.4
2026-02-25,Regina,SK,1.8,-16.9,14.8
2026-02-26,Regina,SK,5.6,-4.4,14.6
2026-02-27,Regina,SK,0.5,-15.8,33.8
2026-02-28,Regina,SK,-13.9,-19.6,9.9
2026-03-01,Regina,SK,-4.0,-18.9,13.1
2026-03-02,Regina,SK,-3.0,-13.5,13.2
2026-03-03,Regina,SK,-2.7,-12.1,16.0
2026-03-04,Regina,SK,-7.2,-13.6,18.4
2026-03-05,Regina,SK,-9.3,-12.8,17.9
2026-03-06,Regina,SK,-2.4,-11.6,13.6
2026-03-07,Regina,SK,6.0,-8.9,30.9
2026-03-08,Regina,SK,4.6,-2.6,26.3
2026-03-09,Regina,SK,-3.4,-13.6,24.0
2026-03-10,Regina,SK,-2.6,-8.5,16.7
2026-03-11,Regina,SK,-0.5,-6.7,15.6
2026-03-12,Regina,SK,-3.3,-9.8,24.7
2026-03-13,Regina,SK,-4.7,-16.1,17.2
2026-03-14,Regina,SK,-8.5,-18.1,15.4
2026-03-15,Regina,SK,-7.2,-18.9,12.9
2026-03-16,Regina,SK,-5.8,-16.9,22.8
2026-03-17,Regina,SK,12.4,-9.4,32.3
2026-03-18,Regina,SK,10.4,0.3,13.9
2026-03-19,Regina,SK,15.0,1.5,24.4
2026-03-20,Regina,SK,9.7,-0.3,15.5
2026-03-21,Regina,SK,2.7,-2.6,16.8
2026-03-22,Regina,SK,3.5,-4.3,13.3
2026-03-23,Regina,SK,4.9,-3.1,16.8
2026-03-24,Regina,SK,6.7,-3.8,20.5
2026-03-25,Regina,SK,-1.6,-11.8,16.8
2026-03-26,Regina,SK,-7.8,-13.9,16.7
2026-03-27,Regina,SK,1.9,-18.5,17.9
2026-03-28,Regina,SK,4.8,-4.3,16.1
2026-03-29,Regina,SK,-0.5,-4.7,14.1
2026-03-30,Regina,SK,-4.1,-6.9,22.7
2026-03-31,Regina,SK,-2.7,-12.0,16.5
2026-04-01,Regina,SK,1.7,-8.1,22.2
2026-04-02,Regina,SK,2.2,-1.0,21.5
2026-04-03,Regina,SK,5.3,-1.4,11.8
2026-04-04,Regina,SK,8.2,-1.2,19.6
2026-04-05,Regina,SK,3.4,-5.6,23.6
2026-04-06,Regina,SK,1.6,-8.7,20.8
2026-04-07,Regina,SK,9.0,-3.2,30.8
2026-04-08,Regina,SK,-0.1,-4.6,32.2
2026-04-09,Regina,SK,7.3,-5.1,25.0
2026-04-10,Regina,SK,10.6,-4.5,19.6
2026-04-11,Regina,SK,16.1,1.7,20.2
2026-04-12,Regina,SK,9.5,-1.1,18.8
2026-04-13,Regina,SK,6.9,-1.1,14.7
2026-04-14,Regina,SK,16.8,1.3,16.6
2026-04-15,Regina,SK,13.6,-4.0,24.4
2026-04-16,Regina,SK,-4.0,-9.7,19.3
2026-04-17,Regina,SK,-5.1,-11.1,30.8
2026-04-18,Regina,SK,0.8,-11.6,15.7
2026-04-19,Regina,SK,7.4,-9.1,22.8
2026-04-20,Regina,SK,15.0,1.5,21.0
2026-04-21,Regina,SK,22.4,4.2,20.5
2026-04-22,Regina,SK,18.4,6.4,26.1
2026-04-23,Regina,SK,7.6,-0.2,42.4
2026-04-24,Regina,SK,-2.1,-5.3,25.4
2026-04-25,Regina,SK,-0.7,-6.7,24.2
2026-04-26,Regina,SK,1.1,-4.5,12.6
2026-04-27,Regina,SK,1.7,-5.2,10.9
2026-04-28,Regina,SK,6.4,-5.3,13.0
2026-04-29,Regina,SK,9.4,-3.9,21.5
2026-04-30,Regina,SK,12.8,-2.9,10.6
2026-05-01,Regina,SK,19.3,2.0,14.3
2026-05-02,Regina,SK,17.5,7.2,23.8
2026-05-03,Regina,SK,20.6,5.1,37.6
2026-05-04,Regina,SK,4.3,1.5,28.5
2026-05-05,Regina,SK,6.0,-3.3,24.4
2026-05-06,Regina,SK,9.2,-4.6,10.2
2026-05-07,Regina,SK,14.3,-3.2,10.9
2026-05-08,Regina,SK,19.2,2.5,29.1
2026-05-09,Regina,SK,12.7,-1.5,18.4
2026-05-10,Regina,SK,18.9,-0.5,20.5
2026-05-11,Regina,SK,22.9,9.3,35.4
2026-05-12,Regina,SK,21.8,6.8,20.1
2026-05-13,Regina,SK,25.7,6.4,27.8
2026-05-14,Regina,SK,18.3,11.2,42.1
2026-05-15,Regina,SK,11.3,0.9,33.2
2026-05-16,Regina,SK,13.9,-2.0,18.6
2026-05-17,Regina,SK,7.9,0.8,22.0
2026-05-18,Regina,SK,6.8,-0.2,15.2
2026-05-19,Regina,SK,14.0,-2.5,17.6
2026-05-20,Regina,SK,18.1,4.2,22.1
2026-05-21,Regina,SK,15.9,6.0,16.7
2026-05-22,Regina,SK,16.7,4.3,11.2
2026-05-23,Regina,SK,19.6,4.4,15.3
2026-05-24,Regina,SK,26.5,9.3,21.5
2026-05-25,Regina,SK,27.7,10.8,20.1
2026-05-26,Regina,SK,30.3,13.6,25.6
2026-05-27,Regina,SK,33.1,16.5,28.4
2026-05-28,Regina,SK,34.9,22.0,30.1
2026-05-29,Regina,SK,30.6,21.5,31.5
2026-05-30,Regina,SK,24.8,16.4,24.5
2026-05-31,Regina,SK,24.5,17.1,28.0
2026-06-01,Regina,SK,17.0,11.9,24.1
2026-06-02,Regina,SK,20.1,9.8,21.9
2026-06-03,Regina,SK,18.4,9.4,15.8
2026-06-04,Regina,SK,17.9,10.4,11.1
2026-06-05,Regina,SK,25.5,10.5,13.9
2026-06-06,Regina,SK,23.8,14.6,19.6
2026-06-07,Regina,SK,25.2,12.0,26.3
2026-06-08,Regina,SK,21.7,9.1,26.0
2026-06-09,Regina,SK,22.8,9.0,25.0
2026-06-10,Regina,SK,18.4,12.0,23.8
2026-06-11,Regina,SK,16.3,11.3,27.3
2026-06-12,Regina,SK,14.7,8.5,27.5
2026-06-13,Regina,SK,19.4,9.3,22.5
2026-06-14,Regina,SK,22.9,7.3,18.6
2026-06-15,Regina,SK,21.0,11.6,22.1
2026-06-16,Regina,SK,20.3,10.8,14.9
2026-06-17,Regina,SK,18.3,11.6,22.3
2026-06-18,Regina,SK,18.8,8.7,16.3
2026-06-19,Regina,SK,18.5,9.5,21.2
2026-06-20,Regina,SK,21.8,7.6,19.2
2026-06-21,Regina,SK,14.9,12.5,22.0
2026-06-22,Regina,SK,20.5,11.0,18.0
2026-06-23,Regina,SK,18.0,10.2,15.5
2026-06-24,Regina,SK,19.4,8.7,9.3
2026-06-25,Regina,SK,21.9,9.2,14.4
2026-06-26,Regina,SK,23.6,13.1,23.6
2026-06-27,Regina,SK,20.4,15.9,22.9
2026-06-28,Regina,SK,20.5,14.1,24.3
2026-06-29,Regina,SK,22.1,12.3,11.5
2026-06-30,Regina,SK,20.1,13.1,21.8
2026-07-01,Regina,SK,19.4,14.2,20.1
2026-07-02,Regina,SK,21.4,11.3,13.8
2026-07-03,Regina,SK,24.7,14.0,15.9
2026-07-04,Regina,SK,26.0,13.8,15.4
2026-07-05,Regina,SK,26.2,14.3,14.4
2026-07-06,Regina,SK,21.6,13.8,20.8
2026-07-07,Regina,SK,21.2,11.0,11.2
2026-07-08,Regina,SK,22.5,10.6,16.2
2026-07-09,Regina,SK,24.3,15.6,19.7
2026-07-10,Regina,SK,28.9,15.3,15.4
2026-07-11,Regina,SK,32.4,18.3,18.8
2026-07-12,Regina,SK,34.8,19.6,16.8
2026-07-13,Regina,SK,28.2,20.1,14.0
2026-07-14,Regina,SK,27.6,15.7,13.8
2026-07-15,Regina,SK,23.4,18.0,18.8
2026-07-16,Regina,SK,25.8,17.0,14.3
2026-07-17,Regina,SK,30.1,14.3,11.3
2026-07-18,Regina,SK,32.3,18.6,20.4
2026-07-19,Regina,SK,28.2,18.3,29.1
2026-07-20,Regina,SK,24.4,17.2,27.1
2026-07-21,Regina,SK,24.7,13.2,9.5
2026-07-22,Regina,SK,27.2,13.7,13.1
2026-07-23,Regina,SK,32.5,15.3,16.1
2026-07-24,Regina,SK,29.4,19.4,15.9
2024-01-01,Saskatoon,SK,0.3,-7.0,18.9
2024-01-02,Saskatoon,SK,-3.4,-10.1,11.8
2024-01-03,Saskatoon,SK,-6.1,-13.3,14.8
2024-01-04,Saskatoon,SK,-2.8,-10.7,15.8
2024-01-05,Saskatoon,SK,-5.2,-8.0,13.1
2024-01-06,Saskatoon,SK,-6.3,-10.5,19.9
2024-01-07,Saskatoon,SK,-10.7,-17.1,17.5
2024-01-08,Saskatoon,SK,-12.4,-22.0,13.4
2024-01-09,Saskatoon,SK,-12.0,-17.6,35.9
2024-01-10,Saskatoon,SK,-18.1,-24.8,29.0
2024-01-11,Saskatoon,SK,-25.2,-29.2,16.9
2024-01-12,Saskatoon,SK,-29.2,-31.9,14.6
2024-01-13,Saskatoon,SK,-31.5,-34.2,13.8
2024-01-14,Saskatoon,SK,-28.0,-33.8,21.1
2024-01-15,Saskatoon,SK,-26.1,-29.6,21.9
2024-01-16,Saskatoon,SK,-20.2,-29.3,28.6
2024-01-17,Saskatoon,SK,-19.1,-24.9,23.1
2024-01-18,Saskatoon,SK,-18.6,-25.8,24.5
2024-01-19,Saskatoon,SK,-18.8,-23.9,17.1
2024-01-20,Saskatoon,SK,-10.8,-19.8,20.6
2024-01-21,Saskatoon,SK,-11.5,-16.2,15.2
2024-01-22,Saskatoon,SK,-9.7,-14.9,19.7
2024-01-23,Saskatoon,SK,-2.1,-9.0,20.4
2024-01-24,Saskatoon,SK,-3.7,-7.4,14.3
2024-01-25,Saskatoon,SK,-1.5,-9.6,15.9
2024-01-26,Saskatoon,SK,0.3,-10.2,13.6
2024-01-27,Saskatoon,SK,0.3,-8.7,13.0
2024-01-28,Saskatoon,SK,2.2,-7.5,12.4
2024-01-29,Saskatoon,SK,0.9,-8.3,15.4
2024-01-30,Saskatoon,SK,7.4,-0.7,21.1
2024-01-31,Saskatoon,SK,5.0,-3.8,16.2
2024-02-01,Saskatoon,SK,6.6,0.3,19.9
2024-02-02,Saskatoon,SK,6.1,-0.5,19.7
2024-02-03,Saskatoon,SK,2.8,-0.8,21.2
2024-02-04,Saskatoon,SK,-0.2,-2.3,20.4
2024-02-05,Saskatoon,SK,0.3,-4.0,16.8
2024-02-06,Saskatoon,SK,-1.6,-4.3,13.9
2024-02-07,Saskatoon,SK,-1.1,-3.7,18.9
2024-02-08,Saskatoon,SK,-4.1,-6.6,17.4
2024-02-09,Saskatoon,SK,-3.5,-8.5,21.4
2024-02-10,Saskatoon,SK,-7.1,-14.3,13.7
2024-02-11,Saskatoon,SK,0.3,-7.2,20.7
2024-02-12,Saskatoon,SK,-2.1,-14.2,11.9
2024-02-13,Saskatoon,SK,-3.7,-10.5,23.8
2024-02-14,Saskatoon,SK,-8.4,-17.0,15.6
2024-02-15,Saskatoon,SK,-11.9,-21.8,12.6
2024-02-16,Saskatoon,SK,-6.1,-15.8,19.7
2024-02-17,Saskatoon,SK,-0.8,-9.2,26.7
2024-02-18,Saskatoon,SK,-2.4,-17.8,12.1
2024-02-19,Saskatoon,SK,-7.4,-19.2,12.3
2024-02-20,Saskatoon,SK,-2.4,-17.1,11.3
2024-02-21,Saskatoon,SK,1.4,-8.6,11.9
2024-02-22,Saskatoon,SK,2.7,-5.7,15.0
2024-02-23,Saskatoon,SK,4.4,-10.8,16.7
2024-02-24,Saskatoon,SK,1.9,-7.4,24.5
2024-02-25,Saskatoon,SK,-1.0,-12.0,28.7
2024-02-26,Saskatoon,SK,-4.3,-21.0,41.1
2024-02-27,Saskatoon,SK,-19.9,-27.7,16.2
2024-02-28,Saskatoon,SK,-13.1,-27.7,23.7
2024-02-29,Saskatoon,SK,3.0,-12.7,23.5
2024-03-01,Saskatoon,SK,1.1,-13.5,30.4
2024-03-02,Saskatoon,SK,-10.5,-14.4,33.7
2024-03-03,Saskatoon,SK,-10.9,-16.8,32.0
2024-03-04,Saskatoon,SK,-17.4,-25.8,36.2
2024-03-05,Saskatoon,SK,-21.0,-32.6,20.2
2024-03-06,Saskatoon,SK,-16.2,-25.1,13.5
2024-03-07,Saskatoon,SK,-17.3,-28.6,11.8
2024-03-08,Saskatoon,SK,-6.6,-27.1,14.5
2024-03-09,Saskatoon,SK,0.3,-16.2,24.5
2024-03-10,Saskatoon,SK,2.4,-5.1,29.7
2024-03-11,Saskatoon,SK,1.5,-6.8,17.8
2024-03-12,Saskatoon,SK,0.3,-11.1,13.2
2024-03-13,Saskatoon,SK,-0.4,-6.4,19.8
2024-03-14,Saskatoon,SK,1.9,-9.7,22.2
2024-03-15,Saskatoon,SK,3.7,-3.0,30.4
2024-03-16,Saskatoon,SK,-1.3,-8.4,17.4
2024-03-17,Saskatoon,SK,-2.6,-13.5,17.8
2024-03-18,Saskatoon,SK,6.3,-4.3,21.4
2024-03-19,Saskatoon,SK,-0.9,-11.5,20.9
2024-03-20,Saskatoon,SK,-8.3,-14.1,11.6
2024-03-21,Saskatoon,SK,-7.0,-19.8,12.8
2024-03-22,Saskatoon,SK,-8.7,-18.3,10.4
2024-03-23,Saskatoon,SK,-5.4,-19.7,12.8
2024-03-24,Saskatoon,SK,-4.5,-19.1,12.4
2024-03-25,Saskatoon,SK,-2.0,-14.8,18.3
2024-03-26,Saskatoon,SK,-5.8,-15.6,14.7
2024-03-27,Saskatoon,SK,-1.4,-15.3,19.8
2024-03-28,Saskatoon,SK,0.2,-8.0,21.2
2024-03-29,Saskatoon,SK,-1.2,-5.2,21.4
2024-03-30,Saskatoon,SK,-3.3,-11.8,17.1
2024-03-31,Saskatoon,SK,1.3,-10.5,17.0
2024-04-01,Saskatoon,SK,9.5,-3.9,33.7
2024-04-02,Saskatoon,SK,13.4,-5.7,21.8
2024-04-03,Saskatoon,SK,20.1,1.5,33.9
2024-04-04,Saskatoon,SK,5.1,0.3,30.1
2024-04-05,Saskatoon,SK,14.6,0.7,23.7
2024-04-06,Saskatoon,SK,14.3,2.0,17.4
2024-04-07,Saskatoon,SK,15.0,-0.1,13.9
2024-04-08,Saskatoon,SK,12.3,-0.5,17.2
2024-04-09,Saskatoon,SK,14.4,-1.4,15.4
2024-04-10,Saskatoon,SK,8.9,0.5,30.4
2024-04-11,Saskatoon,SK,9.4,-2.9,18.4
2024-04-12,Saskatoon,SK,15.7,1.5,25.3
2024-04-13,Saskatoon,SK,14.8,-1.2,24.5
2024-04-14,Saskatoon,SK,13.4,-0.7,13.7
2024-04-15,Saskatoon,SK,17.3,4.9,33.0
2024-04-16,Saskatoon,SK,9.2,0.9,30.9
2024-04-17,Saskatoon,SK,1.1,-3.1,42.8
2024-04-18,Saskatoon,SK,-3.4,-5.5,31.5
2024-04-19,Saskatoon,SK,0.9,-5.2,22.7
2024-04-20,Saskatoon,SK,8.7,-6.4,20.5
2024-04-21,Saskatoon,SK,14.4,-3.7,23.5
2024-04-22,Saskatoon,SK,14.4,2.3,30.7
2024-04-23,Saskatoon,SK,17.0,-1.3,18.2
2024-04-24,Saskatoon,SK,21.9,3.2,28.1
2024-04-25,Saskatoon,SK,18.5,6.1,21.3
2024-04-26,Saskatoon,SK,13.0,4.9,24.3
2024-04-27,Saskatoon,SK,13.8,-0.7,23.6
2024-04-28,Saskatoon,SK,16.8,5.0,30.8
2024-04-29,Saskatoon,SK,18.7,4.7,20.6
2024-04-30,Saskatoon,SK,14.4,3.4,20.7
2024-05-01,Saskatoon,SK,7.8,1.0,22.4
2024-05-02,Saskatoon,SK,4.1,0.6,25.8
2024-05-03,Saskatoon,SK,7.6,1.0,19.8
2024-05-04,Saskatoon,SK,9.7,1.3,13.3
2024-05-05,Saskatoon,SK,17.5,0.3,24.1
2024-05-06,Saskatoon,SK,16.9,9.9,28.0
2024-05-07,Saskatoon,SK,19.6,10.0,29.2
2024-05-08,Saskatoon,SK,19.8,6.9,21.9
2024-05-09,Saskatoon,SK,19.5,7.6,29.3
2024-05-10,Saskatoon,SK,23.9,4.4,22.4
2024-05-11,Saskatoon,SK,21.9,10.8,32.0
2024-05-12,Saskatoon,SK,18.0,3.8,16.3
2024-05-13,Saskatoon,SK,18.7,6.9,22.1
2024-05-14,Saskatoon,SK,18.5,6.6,13.8
2024-05-15,Saskatoon,SK,18.5,7.0,23.5
2024-05-16,Saskatoon,SK,18.2,5.5,25.5
2024-05-17,Saskatoon,SK,15.9,9.3,27.6
2024-05-18,Saskatoon,SK,12.5,5.9,30.5
2024-05-19,Saskatoon,SK,15.9,2.1,21.6
2024-05-20,Saskatoon,SK,11.5,4.4,11.9
2024-05-21,Saskatoon,SK,9.3,3.6,19.8
2024-05-22,Saskatoon,SK,10.5,4.3,20.8
2024-05-23,Saskatoon,SK,11.6,1.0,11.4
2024-05-24,Saskatoon,SK,15.1,3.6,18.1
2024-05-25,Saskatoon,SK,15.3,2.9,14.9
2024-05-26,Saskatoon,SK,18.4,4.9,23.4
2024-05-27,Saskatoon,SK,18.9,3.6,17.4
2024-05-28,Saskatoon,SK,24.8,7.8,28.3
2024-05-29,Saskatoon,SK,22.6,15.2,26.9
2024-05-30,Saskatoon,SK,15.6,9.9,29.4
2024-05-31,Saskatoon,SK,17.9,9.3,37.1
2024-06-01,Saskatoon,SK,21.1,9.6,34.0
2024-06-02,Saskatoon,SK,19.7,9.1,15.3
2024-06-03,Saskatoon,SK,18.5,8.3,21.9
2024-06-04,Saskatoon,SK,18.9,12.1,28.8
2024-06-05,Saskatoon,SK,14.1,10.5,42.7
2024-06-06,Saskatoon,SK,19.3,9.3,39.9
2024-06-07,Saskatoon,SK,19.6,9.0,39.3
2024-06-08,Saskatoon,SK,10.8,5.2,22.7
2024-06-09,Saskatoon,SK,16.3,4.1,11.6
2024-06-10,Saskatoon,SK,13.7,8.3,19.5
2024-06-11,Saskatoon,SK,22.0,6.3,22.5
2024-06-12,Saskatoon,SK,17.9,9.4,31.0
2024-06-13,Saskatoon,SK,19.1,10.3,19.8
2024-06-14,Saskatoon,SK,23.8,8.3,22.9
2024-06-15,Saskatoon,SK,23.3,11.7,20.4
2024-06-16,Saskatoon,SK,17.4,9.0,36.2
2024-06-17,Saskatoon,SK,16.0,5.0,15.3
2024-06-18,Saskatoon,SK,12.2,4.8,22.1
2024-06-19,Saskatoon,SK,16.6,4.2,11.0
2024-06-20,Saskatoon,SK,19.8,5.9,10.2
2024-06-21,Saskatoon,SK,21.9,10.4,18.8
2024-06-22,Saskatoon,SK,22.4,10.9,17.4
2024-06-23,Saskatoon,SK,26.7,11.2,31.3
2024-06-24,Saskatoon,SK,23.3,13.9,33.6
2024-06-25,Saskatoon,SK,17.3,10.5,22.8
2024-06-26,Saskatoon,SK,22.2,9.4,11.9
2024-06-27,Saskatoon,SK,19.9,14.4,31.7
2024-06-28,Saskatoon,SK,15.8,9.0,36.6
2024-06-29,Saskatoon,SK,19.7,6.8,15.7
2024-06-30,Saskatoon,SK,22.1,9.7,20.1
2024-07-01,Saskatoon,SK,21.2,14.0,17.6
2024-07-02,Saskatoon,SK,22.0,12.2,21.2
2024-07-03,Saskatoon,SK,24.0,13.1,21.6
2024-07-04,Saskatoon,SK,23.6,13.5,12.9
2024-07-05,Saskatoon,SK,24.5,14.0,16.6
2024-07-06,Saskatoon,SK,25.1,13.5,15.5
2024-07-07,Saskatoon,SK,24.1,14.0,12.1
2024-07-08,Saskatoon,SK,27.3,14.0,10.4
2024-07-09,Saskatoon,SK,28.9,16.6,12.6
2024-07-10,Saskatoon,SK,30.5,16.6,16.7
2024-07-11,Saskatoon,SK,32.4,19.5,20.1
2024-07-12,Saskatoon,SK,26.8,18.1,21.4
2024-07-13,Saskatoon,SK,23.9,11.7,17.1
2024-07-14,Saskatoon,SK,20.2,14.3,18.1
2024-07-15,Saskatoon,SK,21.7,11.1,13.2
2024-07-16,Saskatoon,SK,25.1,12.8,10.7
2024-07-17,Saskatoon,SK,28.5,14.9,13.2
2024-07-18,Saskatoon,SK,30.5,16.9,16.9
2024-07-19,Saskatoon,SK,30.2,16.9,7.9
2024-07-20,Saskatoon,SK,30.5,18.5,17.0
2024-07-21,Saskatoon,SK,30.0,17.9,12.9
2024-07-22,Saskatoon,SK,25.9,19.6,17.7
2024-07-23,Saskatoon,SK,26.3,17.0,26.3
2024-07-24,Saskatoon,SK,29.9,19.7,17.9
2024-07-25,Saskatoon,SK,31.4,19.1,21.3
2024-07-26,Saskatoon,SK,22.6,13.8,43.1
2024-07-27,Saskatoon,SK,20.9,15.2,36.7
2024-07-28,Saskatoon,SK,25.8,13.8,12.4
2024-07-29,Saskatoon,SK,28.4,15.7,13.2
2024-07-30,Saskatoon,SK,25.0,15.8,21.6
2024-07-31,Saskatoon,SK,28.7,13.5,13.8
2024-08-01,Saskatoon,SK,25.5,16.5,19.5
2024-08-02,Saskatoon,SK,26.2,14.9,20.6
2024-08-03,Saskatoon,SK,23.8,12.9,17.9
2024-08-04,Saskatoon,SK,23.2,14.9,20.9
2024-08-05,Saskatoon,SK,22.8,13.8,21.8
2024-08-06,Saskatoon,SK,19.0,14.3,21.5
2024-08-07,Saskatoon,SK,18.4,10.8,17.7
2024-08-08,Saskatoon,SK,18.3,6.6,10.1
2024-08-09,Saskatoon,SK,23.2,8.2,12.5
2024-08-10,Saskatoon,SK,23.1,9.5,11.6
2024-08-11,Saskatoon,SK,24.3,10.7,12.8
2024-08-12,Saskatoon,SK,27.0,12.9,23.0
2024-08-13,Saskatoon,SK,27.7,16.9,25.8
2024-08-14,Saskatoon,SK,27.1,14.6,22.7
2024-08-15,Saskatoon,SK,24.0,15.6,19.1
2024-08-16,Saskatoon,SK,24.1,11.9,12.1
2024-08-17,Saskatoon,SK,24.2,14.9,22.2
2024-08-18,Saskatoon,SK,26.8,12.6,13.7
2024-08-19,Saskatoon,SK,29.5,17.8,21.4
2024-08-20,Saskatoon,SK,30.4,18.8,21.5
2024-08-21,Saskatoon,SK,28.1,14.4,16.7
2024-08-22,Saskatoon,SK,22.5,13.5,16.3
2024-08-23,Saskatoon,SK,25.8,12.8,21.9
2024-08-24,Saskatoon,SK,27.7,17.4,27.9
2024-08-25,Saskatoon,SK,20.6,13.5,28.9
2024-08-26,Saskatoon,SK,21.8,8.3,17.4
2024-08-27,Saskatoon,SK,27.2,14.4,31.7
2024-08-28,Saskatoon,SK,20.7,9.1,26.3
2024-08-29,Saskatoon,SK,21.4,8.8,27.5
2024-08-30,Saskatoon,SK,24.0,11.5,18.1
2024-08-31,Saskatoon,SK,20.8,11.3,22.4
2024-09-01,Saskatoon,SK,27.6,11.3,21.1
2024-09-02,Saskatoon,SK,28.3,14.2,19.7
2024-09-03,Saskatoon,SK,26.0,13.4,22.0
2024-09-04,Saskatoon,SK,18.3,10.8,22.7
2024-09-05,Saskatoon,SK,21.3,7.2,20.4
2024-09-06,Saskatoon,SK,25.8,8.9,18.2
2024-09-07,Saskatoon,SK,29.3,13.0,13.7
2024-09-08,Saskatoon,SK,27.5,8.0,9.0
2024-09-09,Saskatoon,SK,31.9,12.1,31.5
2024-09-10,Saskatoon,SK,20.0,11.1,24.8
2024-09-11,Saskatoon,SK,21.7,10.0,28.0
2024-09-12,Saskatoon,SK,20.0,13.0,24.9
2024-09-13,Saskatoon,SK,17.5,12.4,23.9
2024-09-14,Saskatoon,SK,22.7,9.7,21.4
2024-09-15,Saskatoon,SK,20.6,10.9,23.9
2024-09-16,Saskatoon,SK,21.1,8.6,12.6
2024-09-17,Saskatoon,SK,25.5,13.0,16.5
2024-09-18,Saskatoon,SK,18.7,15.4,22.5
2024-09-19,Saskatoon,SK,18.6,11.9,30.6
2024-09-20,Saskatoon,SK,15.2,5.6,13.8
2024-09-21,Saskatoon,SK,15.1,6.3,17.8
2024-09-22,Saskatoon,SK,17.2,6.7,16.6
2024-09-23,Saskatoon,SK,18.4,9.8,21.9
2024-09-24,Saskatoon,SK,25.8,8.9,18.1
2024-09-25,Saskatoon,SK,28.3,12.0,22.9
2024-09-26,Saskatoon,SK,21.5,9.8,34.1
2024-09-27,Saskatoon,SK,22.7,8.7,22.6
2024-09-28,Saskatoon,SK,21.3,7.0,19.1
2024-09-29,Saskatoon,SK,24.8,11.3,28.2
2024-09-30,Saskatoon,SK,12.5,6.3,39.4
2024-10-01,Saskatoon,SK,13.7,2.9,17.1
2024-10-02,Saskatoon,SK,10.4,5.0,32.1
2024-10-03,Saskatoon,SK,11.3,1.8,26.1
2024-10-04,Saskatoon,SK,16.9,2.2,23.8
2024-10-05,Saskatoon,SK,14.4,4.3,49.0
2024-10-06,Saskatoon,SK,17.4,3.1,17.4
2024-10-07,Saskatoon,SK,19.4,5.4,17.3
2024-10-08,Saskatoon,SK,19.5,3.8,11.3
2024-10-09,Saskatoon,SK,17.3,6.4,11.5
2024-10-10,Saskatoon,SK,14.1,5.5,18.2
2024-10-11,Saskatoon,SK,14.2,-1.4,15.9
2024-10-12,Saskatoon,SK,11.4,1.5,21.1
2024-10-13,Saskatoon,SK,10.0,-3.4,17.1
2024-10-14,Saskatoon,SK,13.1,2.7,30.3
2024-10-15,Saskatoon,SK,16.0,6.9,28.8
2024-10-16,Saskatoon,SK,18.4,3.8,12.6
2024-10-17,Saskatoon,SK,11.9,5.3,27.6
2024-10-18,Saskatoon,SK,12.7,-0.4,21.5
2024-10-19,Saskatoon,SK,16.0,6.3,22.9
2024-10-20,Saskatoon,SK,12.8,8.5,24.4
2024-10-21,Saskatoon,SK,11.9,4.1,28.5
2024-10-22,Saskatoon,SK,3.3,-1.0,23.1
2024-10-23,Saskatoon,SK,8.3,0.2,18.4
2024-10-24,Saskatoon,SK,9.8,2.1,30.1
2024-10-25,Saskatoon,SK,8.9,-2.6,20.2
2024-10-26,Saskatoon,SK,8.6,-1.2,20.9
2024-10-27,Saskatoon,SK,11.2,-0.2,24.3
2024-10-28,Saskatoon,SK,10.2,0.0,20.8
2024-10-29,Saskatoon,SK,3.9,-4.1,19.9
2024-10-30,Saskatoon,SK,6.0,-3.6,12.5
2024-10-31,Saskatoon,SK,6.3,-3.8,16.2
2024-11-01,Saskatoon,SK,5.4,-3.9,13.4
2024-11-02,Saskatoon,SK,5.2,-4.5,20.0
2024-11-03,Saskatoon,SK,4.1,-3.4,20.6
2024-11-04,Saskatoon,SK,5.2,-4.1,14.2
2024-11-05,Saskatoon,SK,1.8,-2.5,25.4
2024-11-06,Saskatoon,SK,1.6,-3.1,18.9
2024-11-07,Saskatoon,SK,11.4,-0.1,18.6
2024-11-08,Saskatoon,SK,12.2,-0.4,22.1
2024-11-09,Saskatoon,SK,8.6,1.1,17.9
2024-11-10,Saskatoon,SK,4.6,0.9,20.9
2024-11-11,Saskatoon,SK,5.7,-0.6,25.4
2024-11-12,Saskatoon,SK,7.9,1.6,20.3
2024-11-13,Saskatoon,SK,4.8,-3.4,12.7
2024-11-14,Saskatoon,SK,2.5,0.4,13.7
2024-11-15,Saskatoon,SK,1.0,-1.2,10.8
2024-11-16,Saskatoon,SK,-0.2,-2.3,11.3
2024-11-17,Saskatoon,SK,5.5,-2.6,16.7
2024-11-18,Saskatoon,SK,1.9,-3.0,20.8
2024-11-19,Saskatoon,SK,-3.5,-8.5,30.0
2024-11-20,Saskatoon,SK,-7.9,-11.1,28.7
2024-11-21,Saskatoon,SK,-8.7,-12.6,7.7
2024-11-22,Saskatoon,SK,-8.7,-15.7,12.6
2024-11-23,Saskatoon,SK,-8.6,-14.3,20.2
2024-11-24,Saskatoon,SK,-8.4,-15.5,22.6
2024-11-25,Saskatoon,SK,-17.0,-27.1,11.1
2024-11-26,Saskatoon,SK,-18.8,-26.7,14.8
2024-11-27,Saskatoon,SK,-14.0,-19.5,18.1
2024-11-28,Saskatoon,SK,-17.5,-27.1,17.5
2024-11-29,Saskatoon,SK,-27.6,-32.8,9.9
2024-11-30,Saskatoon,SK,-18.0,-30.1,12.3
2024-12-01,Saskatoon,SK,-16.9,-30.3,14.9
2024-12-02,Saskatoon,SK,-11.5,-30.4,20.4
2024-12-03,Saskatoon,SK,2.9,-12.5,30.6
2024-12-04,Saskatoon,SK,-13.8,-19.8,20.6
2024-12-05,Saskatoon,SK,-2.7,-15.7,21.1
2024-12-06,Saskatoon,SK,1.2,-7.8,17.1
2024-12-07,Saskatoon,SK,3.1,-0.7,19.2
2024-12-08,Saskatoon,SK,1.6,-2.8,28.8
2024-12-09,Saskatoon,SK,-3.4,-8.2,19.1
2024-12-10,Saskatoon,SK,-3.5,-23.2,24.2
2024-12-11,Saskatoon,SK,-22.5,-28.1,7.3
2024-12-12,Saskatoon,SK,-11.6,-28.4,20.0
2024-12-13,Saskatoon,SK,-8.6,-14.6,18.7
2024-12-14,Saskatoon,SK,-2.6,-14.1,14.5
2024-12-15,Saskatoon,SK,-3.8,-9.2,18.1
2024-12-16,Saskatoon,SK,-7.8,-15.0,18.5
2024-12-17,Saskatoon,SK,-15.3,-26.8,17.6
2024-12-18,Saskatoon,SK,-17.8,-30.3,23.7
2024-12-19,Saskatoon,SK,-18.6,-25.3,17.1
2024-12-20,Saskatoon,SK,-11.6,-24.9,31.2
2024-12-21,Saskatoon,SK,-5.7,-12.2,9.0
2024-12-22,Saskatoon,SK,-8.2,-11.1,9.3
2024-12-23,Saskatoon,SK,-4.5,-11.5,14.4
2024-12-24,Saskatoon,SK,0.9,-11.0,25.8
2024-12-25,Saskatoon,SK,0.4,-9.9,19.0
2024-12-26,Saskatoon,SK,-4.7,-10.3,17.3
2024-12-27,Saskatoon,SK,-0.2,-8.4,22.5
2024-12-28,Saskatoon,SK,-1.0,-6.5,19.3
2024-12-29,Saskatoon,SK,-5.5,-12.9,14.8
2024-12-30,Saskatoon,SK,-4.1,-10.0,23.3
2024-12-31,Saskatoon,SK,-10.9,-17.0,22.6
2025-01-01,Saskatoon,SK,-17.6,-23.4,15.0
2025-01-02,Saskatoon,SK,-21.4,-27.1,11.2
2025-01-03,Saskatoon,SK,-26.3,-32.2,10.7
2025-01-04,Saskatoon,SK,-23.3,-31.5,16.4
2025-01-05,Saskatoon,SK,-14.5,-22.7,15.4
2025-01-06,Saskatoon,SK,-15.4,-24.6,15.5
2025-01-07,Saskatoon,SK,-7.8,-24.1,17.6
2025-01-08,Saskatoon,SK,1.7,-6.5,30.4
2025-01-09,Saskatoon,SK,-1.8,-14.2,29.1
2025-01-10,Saskatoon,SK,-1.9,-14.3,21.8
2025-01-11,Saskatoon,SK,-1.0,-21.5,30.6
2025-01-12,Saskatoon,SK,-20.6,-26.6,12.3
2025-01-13,Saskatoon,SK,-11.0,-25.1,14.8
2025-01-14,Saskatoon,SK,-0.1,-16.1,23.8
2025-01-15,Saskatoon,SK,2.9,-4.9,32.0
2025-01-16,Saskatoon,SK,3.3,-7.4,42.6
2025-01-17,Saskatoon,SK,-5.9,-19.9,33.6
2025-01-18,Saskatoon,SK,-20.9,-28.7,21.2
2025-01-19,Saskatoon,SK,-24.7,-31.2,24.8
2025-01-20,Saskatoon,SK,-18.2,-33.9,20.6
2025-01-21,Saskatoon,SK,-2.0,-16.1,35.3
2025-01-22,Saskatoon,SK,-2.7,-11.5,25.9
2025-01-23,Saskatoon,SK,-2.0,-12.4,23.1
2025-01-24,Saskatoon,SK,-2.1,-12.1,36.3
2025-01-25,Saskatoon,SK,-6.1,-14.0,21.8
2025-01-26,Saskatoon,SK,-1.3,-10.7,24.4
2025-01-27,Saskatoon,SK,0.6,-3.6,28.1
2025-01-28,Saskatoon,SK,2.0,-2.3,32.5
2025-01-29,Saskatoon,SK,-0.9,-7.0,17.8
2025-01-30,Saskatoon,SK,-0.8,-15.5,21.3
2025-01-31,Saskatoon,SK,-11.7,-21.4,30.9
2025-02-01,Saskatoon,SK,-10.5,-16.0,29.1
2025-02-02,Saskatoon,SK,-16.9,-27.6,27.9
2025-02-03,Saskatoon,SK,-24.9,-30.6,20.5
2025-02-04,Saskatoon,SK,-21.0,-32.5,8.9
2025-02-05,Saskatoon,SK,-18.2,-20.8,24.7
2025-02-06,Saskatoon,SK,-13.7,-19.0,28.0
2025-02-07,Saskatoon,SK,-16.4,-25.3,15.5
2025-02-08,Saskatoon,SK,-17.6,-28.0,14.7
2025-02-09,Saskatoon,SK,-16.1,-25.9,30.8
2025-02-10,Saskatoon,SK,-24.1,-30.8,21.9
2025-02-11,Saskatoon,SK,-22.0,-28.0,17.2
2025-02-12,Saskatoon,SK,-24.5,-35.4,12.3
2025-02-13,Saskatoon,SK,-25.9,-35.8,7.7
2025-02-14,Saskatoon,SK,-23.9,-33.7,12.0
2025-02-15,Saskatoon,SK,-22.0,-31.1,17.0
2025-02-16,Saskatoon,SK,-24.9,-35.0,15.6
2025-02-17,Saskatoon,SK,-27.4,-41.1,11.1
2025-02-18,Saskatoon,SK,-28.2,-41.7,12.3
2025-02-19,Saskatoon,SK,-21.4,-34.2,21.9
2025-02-20,Saskatoon,SK,-13.0,-25.0,23.1
2025-02-21,Saskatoon,SK,-0.2,-17.3,18.0
2025-02-22,Saskatoon,SK,-3.6,-13.0,14.7
2025-02-23,Saskatoon,SK,4.4,-7.6,35.9
2025-02-24,Saskatoon,SK,2.1,-4.9,23.9
2025-02-25,Saskatoon,SK,1.3,-7.9,13.5
2025-02-26,Saskatoon,SK,2.7,-6.8,25.9
2025-02-27,Saskatoon,SK,5.2,-0.9,38.0
2025-02-28,Saskatoon,SK,2.7,-8.5,31.1
2025-03-01,Saskatoon,SK,1.1,-7.2,13.8
2025-03-02,Saskatoon,SK,-1.2,-8.8,11.7
2025-03-03,Saskatoon,SK,0.9,-5.2,19.5
2025-03-04,Saskatoon,SK,-0.5,-6.1,18.2
2025-03-05,Saskatoon,SK,0.4,-11.8,21.8
2025-03-06,Saskatoon,SK,0.4,-14.1,22.5
2025-03-07,Saskatoon,SK,2.1,-8.2,19.6
2025-03-08,Saskatoon,SK,3.1,-2.3,16.9
2025-03-09,Saskatoon,SK,0.9,-5.3,22.6
2025-03-10,Saskatoon,SK,-6.1,-14.0,23.3
2025-03-11,Saskatoon,SK,-2.4,-11.8,13.4
2025-03-12,Saskatoon,SK,-0.4,-5.7,15.8
2025-03-13,Saskatoon,SK,-3.0,-7.6,25.6
2025-03-14,Saskatoon,SK,-4.4,-13.2,24.9
2025-03-15,Saskatoon,SK,-10.1,-17.0,18.0
2025-03-16,Saskatoon,SK,-8.0,-15.9,17.0
2025-03-17,Saskatoon,SK,-5.2,-13.9,11.5
2025-03-18,Saskatoon,SK,-2.7,-8.7,20.2
2025-03-19,Saskatoon,SK,1.4,-7.7,23.1
2025-03-20,Saskatoon,SK,0.5,-9.6,14.5
2025-03-21,Saskatoon,SK,-5.6,-14.5,17.9
2025-03-22,Saskatoon,SK,-5.6,-11.3,16.4
2025-03-23,Saskatoon,SK,1.6,-10.6,13.6
2025-03-24,Saskatoon,SK,1.6,-6.9,13.3
2025-03-25,Saskatoon,SK,2.9,-1.6,19.0
2025-03-26,Saskatoon,SK,1.7,-2.7,12.4
2025-03-27,Saskatoon,SK,-0.2,-4.9,29.2
2025-03-28,Saskatoon,SK,-5.1,-9.9,27.1
2025-03-29,Saskatoon,SK,-6.9,-13.7,11.3
2025-03-30,Saskatoon,SK,-7.5,-19.0,9.6
2025-03-31,Saskatoon,SK,-3.7,-16.3,19.2
2025-04-01,Saskatoon,SK,0.1,-4.8,16.1
2025-04-02,Saskatoon,SK,-0.3,-8.2,21.4
2025-04-03,Saskatoon,SK,-2.7,-11.5,23.4
2025-04-04,Saskatoon,SK,-0.5,-15.4,15.3
2025-04-05,Saskatoon,SK,3.0,-10.3,12.4
2025-04-06,Saskatoon,SK,0.3,-7.5,17.6
2025-04-07,Saskatoon,SK,2.7,-6.5,23.9
2025-04-08,Saskatoon,SK,6.5,1.1,21.3
2025-04-09,Saskatoon,SK,8.9,0.8,16.0
2025-04-10,Saskatoon,SK,10.8,-2.1,15.4
2025-04-11,Saskatoon,SK,18.5,5.1,22.5
2025-04-12,Saskatoon,SK,13.8,0.9,14.8
2025-04-13,Saskatoon,SK,8.6,1.3,21.9
2025-04-14,Saskatoon,SK,10.3,-2.6,15.0
2025-04-15,Saskatoon,SK,13.9,0.2,13.5
2025-04-16,Saskatoon,SK,9.7,1.7,30.6
2025-04-17,Saskatoon,SK,3.0,-2.7,19.5
2025-04-18,Saskatoon,SK,4.7,-5.7,15.9
2025-04-19,Saskatoon,SK,13.2,-1.0,20.9
2025-04-20,Saskatoon,SK,12.2,0.3,15.3
2025-04-21,Saskatoon,SK,5.2,1.3,21.0
2025-04-22,Saskatoon,SK,7.9,0.5,15.5
2025-04-23,Saskatoon,SK,11.7,-2.6,8.9
2025-04-24,Saskatoon,SK,13.9,-1.0,8.5
2025-04-25,Saskatoon,SK,17.0,1.5,20.4
2025-04-26,Saskatoon,SK,18.3,5.1,19.8
2025-04-27,Saskatoon,SK,10.7,3.2,23.4
2025-04-28,Saskatoon,SK,10.2,-2.7,15.6
2025-04-29,Saskatoon,SK,17.7,4.7,18.2
2025-04-30,Saskatoon,SK,14.7,3.2,16.5
2025-05-01,Saskatoon,SK,12.8,4.0,14.4
2025-05-02,Saskatoon,SK,22.8,4.2,17.5
2025-05-03,Saskatoon,SK,26.6,6.8,20.3
2025-05-04,Saskatoon,SK,19.4,12.0,25.2
2025-05-05,Saskatoon,SK,16.0,7.6,20.3
2025-05-06,Saskatoon,SK,16.2,2.2,17.1
2025-05-07,Saskatoon,SK,23.3,6.4,30.5
2025-05-08,Saskatoon,SK,25.4,11.6,32.2
2025-05-09,Saskatoon,SK,18.6,4.5,18.4
2025-05-10,Saskatoon,SK,24.4,10.5,18.0
2025-05-11,Saskatoon,SK,26.4,13.1,18.9
2025-05-12,Saskatoon,SK,24.9,11.0,24.7
2025-05-13,Saskatoon,SK,19.6,8.6,23.2
2025-05-14,Saskatoon,SK,17.5,7.3,14.2
2025-05-15,Saskatoon,SK,14.7,7.5,23.0
2025-05-16,Saskatoon,SK,13.6,5.8,21.8
2025-05-17,Saskatoon,SK,15.9,3.9,19.2
2025-05-18,Saskatoon,SK,12.5,4.2,20.5
2025-05-19,Saskatoon,SK,8.6,5.0,20.8
2025-05-20,Saskatoon,SK,10.6,6.0,17.3
2025-05-21,Saskatoon,SK,10.7,4.9,13.5
2025-05-22,Saskatoon,SK,16.5,4.3,17.7
2025-05-23,Saskatoon,SK,18.6,6.9,20.9
2025-05-24,Saskatoon,SK,21.0,6.5,15.9
2025-05-25,Saskatoon,SK,22.6,10.0,23.7
2025-05-26,Saskatoon,SK,24.7,12.8,25.7
2025-05-27,Saskatoon,SK,25.7,14.5,23.9
2025-05-28,Saskatoon,SK,28.6,14.8,11.0
2025-05-29,Saskatoon,SK,30.3,16.6,18.9
2025-05-30,Saskatoon,SK,24.4,17.1,29.4
2025-05-31,Saskatoon,SK,26.9,11.3,21.0
2025-06-01,Saskatoon,SK,21.3,13.7,28.3
2025-06-02,Saskatoon,SK,18.4,9.3,25.8
2025-06-03,Saskatoon,SK,17.4,9.1,24.9
2025-06-04,Saskatoon,SK,19.0,7.1,13.9
2025-06-05,Saskatoon,SK,23.0,8.0,14.2
2025-06-06,Saskatoon,SK,24.8,14.6,22.2
2025-06-07,Saskatoon,SK,15.9,11.5,35.4
2025-06-08,Saskatoon,SK,18.0,8.7,32.0
2025-06-09,Saskatoon,SK,26.7,8.1,23.0
2025-06-10,Saskatoon,SK,20.8,11.5,20.9
2025-06-11,Saskatoon,SK,22.6,10.1,13.9
2025-06-12,Saskatoon,SK,24.1,11.6,19.6
2025-06-13,Saskatoon,SK,18.5,13.8,23.4
2025-06-14,Saskatoon,SK,23.7,13.1,18.9
2025-06-15,Saskatoon,SK,22.8,12.3,15.4
2025-06-16,Saskatoon,SK,20.8,11.3,12.0
2025-06-17,Saskatoon,SK,24.2,11.0,13.7
2025-06-18,Saskatoon,SK,23.3,11.5,15.4
2025-06-19,Saskatoon,SK,22.4,12.2,17.3
2025-06-20,Saskatoon,SK,21.3,11.1,14.3
2025-06-21,Saskatoon,SK,16.8,9.0,28.5
2025-06-22,Saskatoon,SK,11.9,7.1,23.3
2025-06-23,Saskatoon,SK,15.9,6.3,13.8
2025-06-24,Saskatoon,SK,17.1,6.0,11.6
2025-06-25,Saskatoon,SK,23.8,9.7,18.5
2025-06-26,Saskatoon,SK,25.4,16.3,21.4
2025-06-27,Saskatoon,SK,24.6,13.3,10.7
2025-06-28,Saskatoon,SK,21.2,13.6,18.0
2025-06-29,Saskatoon,SK,21.5,13.4,22.8
2025-06-30,Saskatoon,SK,24.4,13.5,21.1
2025-07-01,Saskatoon,SK,26.0,14.1,8.7
2025-07-02,Saskatoon,SK,27.8,15.6,20.8
2025-07-03,Saskatoon,SK,29.8,19.1,21.4
2025-07-04,Saskatoon,SK,20.7,14.4,27.5
2025-07-05,Saskatoon,SK,21.3,11.2,12.8
2025-07-06,Saskatoon,SK,19.5,13.2,10.9
2025-07-07,Saskatoon,SK,21.5,13.0,10.8
2025-07-08,Saskatoon,SK,27.2,13.6,21.0
2025-07-09,Saskatoon,SK,27.1,18.7,21.0
2025-07-10,Saskatoon,SK,21.7,15.8,18.4
2025-07-11,Saskatoon,SK,22.8,13.0,18.9
2025-07-12,Saskatoon,SK,25.0,14.3,21.6
2025-07-13,Saskatoon,SK,22.9,14.0,20.1
2025-07-14,Saskatoon,SK,19.3,13.5,12.1
2025-07-15,Saskatoon,SK,17.1,9.8,12.5
2025-07-16,Saskatoon,SK,19.7,8.7,13.9
2025-07-17,Saskatoon,SK,21.8,12.1,13.3
2025-07-18,Saskatoon,SK,22.6,9.7,11.4
2025-07-19,Saskatoon,SK,21.5,13.4,17.6
2025-07-20,Saskatoon,SK,19.4,14.8,20.6
2025-07-21,Saskatoon,SK,22.7,13.1,15.8
2025-07-22,Saskatoon,SK,16.1,12.2,16.2
2025-07-23,Saskatoon,SK,19.5,9.7,10.2
2025-07-24,Saskatoon,SK,24.9,11.8,13.2
2025-07-25,Saskatoon,SK,25.4,15.9,15.4
2025-07-26,Saskatoon,SK,21.3,13.5,16.9
2025-07-27,Saskatoon,SK,22.7,12.8,14.7
2025-07-28,Saskatoon,SK,19.0,10.6,12.1
2025-07-29,Saskatoon,SK,21.2,10.0,9.7
2025-07-30,Saskatoon,SK,23.2,11.1,11.9
2025-07-31,Saskatoon,SK,24.6,11.3,12.7
2025-08-01,Saskatoon,SK,28.4,15.1,13.5
2025-08-02,Saskatoon,SK,25.6,17.5,13.9
2025-08-03,Saskatoon,SK,25.9,16.8,17.6
2025-08-04,Saskatoon,SK,25.9,17.6,19.5
2025-08-05,Saskatoon,SK,21.2,16.8,9.5
2025-08-06,Saskatoon,SK,24.2,14.8,13.0
2025-08-07,Saskatoon,SK,23.4,15.8,17.7
2025-08-08,Saskatoon,SK,19.6,13.9,9.2
2025-08-09,Saskatoon,SK,21.0,15.3,28.3
2025-08-10,Saskatoon,SK,23.0,14.3,19.8
2025-08-11,Saskatoon,SK,21.5,16.2,23.3
2025-08-12,Saskatoon,SK,22.9,10.8,13.5
2025-08-13,Saskatoon,SK,26.7,15.2,22.1
2025-08-14,Saskatoon,SK,17.5,12.1,27.9
2025-08-15,Saskatoon,SK,16.0,6.7,14.7
2025-08-16,Saskatoon,SK,22.7,12.0,23.6
2025-08-17,Saskatoon,SK,25.7,15.6,19.6
2025-08-18,Saskatoon,SK,23.8,11.9,11.5
2025-08-19,Saskatoon,SK,27.5,14.7,14.1
2025-08-20,Saskatoon,SK,29.2,16.4,19.6
2025-08-21,Saskatoon,SK,21.0,13.1,30.7
2025-08-22,Saskatoon,SK,19.6,12.3,30.0
2025-08-23,Saskatoon,SK,19.3,6.8,11.7
2025-08-24,Saskatoon,SK,21.6,7.6,12.3
2025-08-25,Saskatoon,SK,27.1,11.2,12.3
2025-08-26,Saskatoon,SK,27.9,11.9,8.3
2025-08-27,Saskatoon,SK,28.9,12.4,11.6
2025-08-28,Saskatoon,SK,29.0,13.8,11.1
2025-08-29,Saskatoon,SK,28.7,14.6,12.9
2025-08-30,Saskatoon,SK,28.0,15.4,11.9
2025-08-31,Saskatoon,SK,27.6,13.7,9.7
2025-09-01,Saskatoon,SK,24.9,14.1,16.2
2025-09-02,Saskatoon,SK,19.6,10.8,15.7
2025-09-03,Saskatoon,SK,17.9,4.5,19.1
2025-09-04,Saskatoon,SK,15.0,10.4,32.8
2025-09-05,Saskatoon,SK,15.1,4.5,12.7
2025-09-06,Saskatoon,SK,17.6,2.2,14.7
2025-09-07,Saskatoon,SK,21.1,5.5,12.5
2025-09-08,Saskatoon,SK,24.3,11.8,10.9
2025-09-09,Saskatoon,SK,24.6,8.4,15.3
2025-09-10,Saskatoon,SK,27.7,12.6,13.1
2025-09-11,Saskatoon,SK,22.9,13.5,12.3
2025-09-12,Saskatoon,SK,23.4,11.0,9.7
2025-09-13,Saskatoon,SK,20.7,13.4,12.6
2025-09-14,Saskatoon,SK,24.8,13.7,16.0
2025-09-15,Saskatoon,SK,24.7,12.7,13.7
2025-09-16,Saskatoon,SK,21.5,12.5,17.2
2025-09-17,Saskatoon,SK,19.6,8.0,11.8
2025-09-18,Saskatoon,SK,19.3,10.4,15.3
2025-09-19,Saskatoon,SK,22.0,10.4,14.7
2025-09-20,Saskatoon,SK,24.0,9.2,16.3
2025-09-21,Saskatoon,SK,25.6,11.9,15.8
2025-09-22,Saskatoon,SK,19.8,12.6,22.1
2025-09-23,Saskatoon,SK,24.1,4.2,13.8
2025-09-24,Saskatoon,SK,21.9,10.6,21.9
2025-09-25,Saskatoon,SK,18.6,1.9,19.0
2025-09-26,Saskatoon,SK,17.1,8.9,30.8
2025-09-27,Saskatoon,SK,19.3,4.0,13.8
2025-09-28,Saskatoon,SK,17.9,6.5,17.0
2025-09-29,Saskatoon,SK,21.2,7.5,22.7
2025-09-30,Saskatoon,SK,27.8,13.5,21.4
2025-10-01,Saskatoon,SK,20.5,12.1,20.1
2025-10-02,Saskatoon,SK,17.2,5.5,10.3
2025-10-03,Saskatoon,SK,14.9,6.2,12.2
2025-10-04,Saskatoon,SK,13.9,5.9,15.9
2025-10-05,Saskatoon,SK,7.6,1.6,22.9
2025-10-06,Saskatoon,SK,11.5,1.5,23.0
2025-10-07,Saskatoon,SK,19.3,-0.7,18.4
2025-10-08,Saskatoon,SK,20.3,8.6,19.0
2025-10-09,Saskatoon,SK,15.1,3.2,14.8
2025-10-10,Saskatoon,SK,21.1,-0.1,21.6
2025-10-11,Saskatoon,SK,23.2,10.5,20.4
2025-10-12,Saskatoon,SK,10.7,1.0,29.2
2025-10-13,Saskatoon,SK,2.2,-0.3,22.5
2025-10-14,Saskatoon,SK,5.7,-1.4,14.4
2025-10-15,Saskatoon,SK,9.4,0.8,12.9
2025-10-16,Saskatoon,SK,11.1,-0.7,11.8
2025-10-17,Saskatoon,SK,11.4,0.5,23.5
2025-10-18,Saskatoon,SK,11.5,3.5,27.7
2025-10-19,Saskatoon,SK,7.1,-1.1,22.7
2025-10-20,Saskatoon,SK,5.9,1.8,27.6
2025-10-21,Saskatoon,SK,8.1,-2.5,12.2
2025-10-22,Saskatoon,SK,11.9,-1.0,13.9
2025-10-23,Saskatoon,SK,12.9,1.3,18.2
2025-10-24,Saskatoon,SK,11.6,-1.6,18.5
2025-10-25,Saskatoon,SK,16.5,7.7,24.6
2025-10-26,Saskatoon,SK,12.3,7.6,25.1
2025-10-27,Saskatoon,SK,10.0,1.8,25.8
2025-10-28,Saskatoon,SK,5.6,-0.2,25.9
2025-10-29,Saskatoon,SK,10.1,-3.8,25.2
2025-10-30,Saskatoon,SK,3.2,0.7,30.2
2025-10-31,Saskatoon,SK,2.7,-0.9,19.8
2025-11-01,Saskatoon,SK,12.5,-0.7,23.9
2025-11-02,Saskatoon,SK,11.1,3.5,28.1
2025-11-03,Saskatoon,SK,7.9,0.0,22.0
2025-11-04,Saskatoon,SK,8.2,-2.4,17.9
2025-11-05,Saskatoon,SK,3.5,-8.0,18.7
2025-11-06,Saskatoon,SK,4.2,-3.3,19.2
2025-11-07,Saskatoon,SK,-4.3,-9.9,16.4
2025-11-08,Saskatoon,SK,-7.3,-13.6,12.1
2025-11-09,Saskatoon,SK,-1.8,-13.9,22.6
2025-11-10,Saskatoon,SK,11.8,-1.5,24.4
2025-11-11,Saskatoon,SK,7.8,1.9,21.8
2025-11-12,Saskatoon,SK,6.3,-2.5,15.7
2025-11-13,Saskatoon,SK,8.8,-2.9,18.9
2025-11-14,Saskatoon,SK,11.2,-1.3,29.2
2025-11-15,Saskatoon,SK,1.2,-6.9,20.3
2025-11-16,Saskatoon,SK,2.7,-5.7,17.2
2025-11-17,Saskatoon,SK,4.7,-1.5,20.2
2025-11-18,Saskatoon,SK,2.5,0.4,10.2
2025-11-19,Saskatoon,SK,0.5,-5.0,18.7
2025-11-20,Saskatoon,SK,-2.8,-10.1,12.3
2025-11-21,Saskatoon,SK,-1.2,-7.3,12.2
2025-11-22,Saskatoon,SK,2.3,-3.5,15.5
2025-11-23,Saskatoon,SK,1.7,-5.4,13.3
2025-11-24,Saskatoon,SK,-2.5,-7.8,13.7
2025-11-25,Saskatoon,SK,-3.6,-8.7,13.1
2025-11-26,Saskatoon,SK,-8.2,-12.5,5.0
2025-11-27,Saskatoon,SK,-6.7,-10.9,11.4
2025-11-28,Saskatoon,SK,-7.0,-12.8,20.3
2025-11-29,Saskatoon,SK,-11.9,-18.6,13.1
2025-11-30,Saskatoon,SK,-14.6,-23.8,16.1
2025-12-01,Saskatoon,SK,-6.1,-20.1,13.8
2025-12-02,Saskatoon,SK,-4.1,-15.0,16.8
2025-12-03,Saskatoon,SK,-7.9,-22.8,18.0
2025-12-04,Saskatoon,SK,0.0,-7.1,18.1
2025-12-05,Saskatoon,SK,-6.2,-22.4,18.1
2025-12-06,Saskatoon,SK,-22.8,-27.2,10.3
2025-12-07,Saskatoon,SK,-13.8,-23.8,18.6
2025-12-08,Saskatoon,SK,-10.6,-15.8,14.4
2025-12-09,Saskatoon,SK,-8.0,-19.2,24.5
2025-12-10,Saskatoon,SK,-10.0,-23.8,20.8
2025-12-11,Saskatoon,SK,-12.0,-23.6,21.9
2025-12-12,Saskatoon,SK,-24.9,-29.0,22.1
2025-12-13,Saskatoon,SK,-16.2,-30.4,22.4
2025-12-14,Saskatoon,SK,-10.1,-16.7,27.3
2025-12-15,Saskatoon,SK,4.4,-17.9,19.2
2025-12-16,Saskatoon,SK,3.3,-16.5,32.2
2025-12-17,Saskatoon,SK,-13.1,-19.5,34.2
2025-12-18,Saskatoon,SK,-16.4,-24.1,21.3
2025-12-19,Saskatoon,SK,-11.5,-18.3,27.5
2025-12-20,Saskatoon,SK,-18.8,-25.6,21.3
2025-12-21,Saskatoon,SK,-22.0,-26.1,16.7
2025-12-22,Saskatoon,SK,-17.6,-23.6,13.8
2025-12-23,Saskatoon,SK,-16.3,-24.4,13.0
2025-12-24,Saskatoon,SK,-15.9,-22.3,18.1
2025-12-25,Saskatoon,SK,-12.3,-17.6,19.1
2025-12-26,Saskatoon,SK,-15.1,-19.0,16.8
2025-12-27,Saskatoon,SK,-16.4,-18.9,18.6
2025-12-28,Saskatoon,SK,-19.3,-28.4,16.6
2025-12-29,Saskatoon,SK,1.4,-19.8,20.5
2025-12-30,Saskatoon,SK,2.3,-10.3,19.6
2025-12-31,Saskatoon,SK,-11.4,-17.8,18.9
2026-01-01,Saskatoon,SK,-15.2,-18.4,9.7
2026-01-02,Saskatoon,SK,-15.5,-21.1,11.5
2026-01-03,Saskatoon,SK,-12.8,-23.2,19.1
2026-01-04,Saskatoon,SK,-10.1,-14.2,16.3
2026-01-05,Saskatoon,SK,-13.6,-17.3,11.7
2026-01-06,Saskatoon,SK,-13.3,-24.4,15.2
2026-01-07,Saskatoon,SK,-11.8,-17.1,13.0
2026-01-08,Saskatoon,SK,-12.5,-19.4,14.8
2026-01-09,Saskatoon,SK,-9.8,-20.0,21.3
2026-01-10,Saskatoon,SK,-3.9,-18.9,16.1
2026-01-11,Saskatoon,SK,-0.2,-5.0,18.3
2026-01-12,Saskatoon,SK,4.5,-5.3,31.3
2026-01-13,Saskatoon,SK,3.4,-5.5,23.8
2026-01-14,Saskatoon,SK,4.3,-6.1,25.5
2026-01-15,Saskatoon,SK,3.4,-6.7,45.3
2026-01-16,Saskatoon,SK,-6.0,-24.0,36.7
2026-01-17,Saskatoon,SK,-1.1,-26.0,27.4
2026-01-18,Saskatoon,SK,-0.6,-23.9,28.1
2026-01-19,Saskatoon,SK,-14.4,-23.4,14.1
2026-01-20,Saskatoon,SK,-4.6,-14.2,29.7
2026-01-21,Saskatoon,SK,-6.0,-21.6,33.7
2026-01-22,Saskatoon,SK,-24.1,-34.2,18.0
2026-01-23,Saskatoon,SK,-29.9,-37.8,11.3
2026-01-24,Saskatoon,SK,-28.3,-35.1,7.4
2026-01-25,Saskatoon,SK,-15.8,-36.8,19.4
2026-01-26,Saskatoon,SK,-14.6,-21.5,23.7
2026-01-27,Saskatoon,SK,-15.6,-26.6,9.8
2026-01-28,Saskatoon,SK,-13.3,-18.2,10.8
2026-01-29,Saskatoon,SK,-10.4,-17.5,17.4
2026-01-30,Saskatoon,SK,-4.6,-12.8,24.8
2026-01-31,Saskatoon,SK,0.5,-5.3,27.8
2026-02-01,Saskatoon,SK,-2.8,-9.5,16.1
2026-02-02,Saskatoon,SK,-5.4,-9.3,15.6
2026-02-03,Saskatoon,SK,-0.4,-8.0,16.2
2026-02-04,Saskatoon,SK,4.0,-4.0,21.2
2026-02-05,Saskatoon,SK,5.8,-4.1,25.8
2026-02-06,Saskatoon,SK,0.2,-5.7,19.4
2026-02-07,Saskatoon,SK,-0.6,-6.8,12.3
2026-02-08,Saskatoon,SK,2.2,-2.4,26.1
2026-02-09,Saskatoon,SK,1.5,-7.3,22.0
2026-02-10,Saskatoon,SK,-1.9,-10.9,11.0
2026-02-11,Saskatoon,SK,-0.8,-8.5,11.3
2026-02-12,Saskatoon,SK,1.3,-6.6,13.0
2026-02-13,Saskatoon,SK,-0.2,-8.3,11.6
2026-02-14,Saskatoon,SK,1.5,-11.1,15.6
2026-02-15,Saskatoon,SK,0.6,-9.0,15.9
2026-02-16,Saskatoon,SK,-7.4,-11.9,25.1
2026-02-17,Saskatoon,SK,-8.1,-10.5,32.9
2026-02-18,Saskatoon,SK,-14.0,-24.4,24.4
2026-02-19,Saskatoon,SK,-22.5,-30.6,19.4
2026-02-20,Saskatoon,SK,-22.5,-33.2,11.0
2026-02-21,Saskatoon,SK,-18.1,-29.0,10.3
2026-02-22,Saskatoon,SK,-16.2,-25.3,21.4
2026-02-23,Saskatoon,SK,-13.6,-17.7,23.5
2026-02-24,Saskatoon,SK,-12.7,-19.6,16.8
2026-02-25,Saskatoon,SK,0.3,-17.1,17.3
2026-02-26,Saskatoon,SK,2.3,-4.9,27.8
2026-02-27,Saskatoon,SK,0.7,-22.7,36.3
2026-02-28,Saskatoon,SK,-19.0,-24.9,10.1
2026-03-01,Saskatoon,SK,-5.2,-24.4,12.8
2026-03-02,Saskatoon,SK,-6.6,-16.2,21.3
2026-03-03,Saskatoon,SK,-10.3,-18.1,26.6
2026-03-04,Saskatoon,SK,-13.5,-16.5,26.5
2026-03-05,Saskatoon,SK,-9.5,-14.8,14.7
2026-03-06,Saskatoon,SK,0.6,-16.8,13.8
2026-03-07,Saskatoon,SK,5.7,-6.8,35.0
2026-03-08,Saskatoon,SK,2.8,-9.8,29.8
2026-03-09,Saskatoon,SK,-1.4,-17.1,19.9
2026-03-10,Saskatoon,SK,-4.6,-13.8,13.7
2026-03-11,Saskatoon,SK,1.0,-15.0,17.5
2026-03-12,Saskatoon,SK,-8.6,-13.3,23.3
2026-03-13,Saskatoon,SK,-10.3,-19.3,17.1
2026-03-14,Saskatoon,SK,-11.7,-20.7,16.0
2026-03-15,Saskatoon,SK,-9.0,-26.3,11.0
2026-03-16,Saskatoon,SK,-6.0,-20.4,28.4
2026-03-17,Saskatoon,SK,6.2,-5.9,27.0
2026-03-18,Saskatoon,SK,3.2,-2.2,13.5
2026-03-19,Saskatoon,SK,6.0,-0.4,14.2
2026-03-20,Saskatoon,SK,4.2,-1.0,22.9
2026-03-21,Saskatoon,SK,-1.3,-4.6,25.1
2026-03-22,Saskatoon,SK,3.4,-5.3,17.6
2026-03-23,Saskatoon,SK,3.6,-5.5,17.4
2026-03-24,Saskatoon,SK,-0.2,-12.5,21.7
2026-03-25,Saskatoon,SK,-13.6,-16.0,18.4
2026-03-26,Saskatoon,SK,-11.3,-17.7,11.7
2026-03-27,Saskatoon,SK,0.1,-17.5,15.8
2026-03-28,Saskatoon,SK,-1.3,-13.9,16.1
2026-03-29,Saskatoon,SK,-3.4,-8.9,12.8
2026-03-30,Saskatoon,SK,-5.7,-8.6,16.3
2026-03-31,Saskatoon,SK,-2.7,-15.1,15.1
2026-04-01,Saskatoon,SK,1.4,-7.9,14.8
2026-04-02,Saskatoon,SK,2.2,-4.0,18.0
2026-04-03,Saskatoon,SK,5.2,-1.2,11.6
2026-04-04,Saskatoon,SK,10.7,-1.9,21.8
2026-04-05,Saskatoon,SK,1.6,-4.9,20.5
2026-04-06,Saskatoon,SK,2.8,-6.9,20.1
2026-04-07,Saskatoon,SK,4.6,-4.0,23.8
2026-04-08,Saskatoon,SK,-2.8,-6.3,25.0
2026-04-09,Saskatoon,SK,3.0,-4.5,22.1
2026-04-10,Saskatoon,SK,9.5,-5.3,20.7
2026-04-11,Saskatoon,SK,11.0,1.0,17.5
2026-04-12,Saskatoon,SK,6.2,-0.2,14.9
2026-04-13,Saskatoon,SK,9.0,0.2,12.9
2026-04-14,Saskatoon,SK,11.9,0.5,17.5
2026-04-15,Saskatoon,SK,1.6,-8.1,22.8
2026-04-16,Saskatoon,SK,-7.9,-9.6,24.6
2026-04-17,Saskatoon,SK,-3.3,-9.4,15.0
2026-04-18,Saskatoon,SK,1.3,-7.5,13.7
2026-04-19,Saskatoon,SK,9.4,-6.0,22.7
2026-04-20,Saskatoon,SK,17.2,4.6,18.6
2026-04-21,Saskatoon,SK,21.0,5.1,20.2
2026-04-22,Saskatoon,SK,13.4,2.0,22.3
2026-04-23,Saskatoon,SK,2.2,-3.4,32.4
2026-04-24,Saskatoon,SK,-4.2,-5.7,26.1
2026-04-25,Saskatoon,SK,-2.4,-6.1,23.3
2026-04-26,Saskatoon,SK,-0.3,-6.6,16.6
2026-04-27,Saskatoon,SK,2.4,-5.6,10.6
2026-04-28,Saskatoon,SK,6.6,-5.3,10.4
2026-04-29,Saskatoon,SK,11.8,-1.8,20.6
2026-04-30,Saskatoon,SK,15.6,-2.1,14.8
2026-05-01,Saskatoon,SK,21.6,3.6,26.0
2026-05-02,Saskatoon,SK,18.6,5.9,16.3
2026-05-03,Saskatoon,SK,19.6,5.1,34.3
2026-05-04,Saskatoon,SK,4.9,0.7,26.8
2026-05-05,Saskatoon,SK,7.6,-2.9,19.8
2026-05-06,Saskatoon,SK,10.4,-4.1,9.4
2026-05-07,Saskatoon,SK,17.4,-0.9,14.6
2026-05-08,Saskatoon,SK,15.9,3.8,22.2
2026-05-09,Saskatoon,SK,13.6,-0.9,15.8
2026-05-10,Saskatoon,SK,20.2,1.3,22.0
2026-05-11,Saskatoon,SK,20.9,12.0,25.1
2026-05-12,Saskatoon,SK,23.0,7.7,19.6
2026-05-13,Saskatoon,SK,27.8,10.6,26.3
2026-05-14,Saskatoon,SK,21.0,8.8,38.0
2026-05-15,Saskatoon,SK,8.1,0.6,27.3
2026-05-16,Saskatoon,SK,4.9,-0.8,17.6
2026-05-17,Saskatoon,SK,3.3,1.1,23.0
2026-05-18,Saskatoon,SK,10.0,0.3,12.4
2026-05-19,Saskatoon,SK,15.4,1.5,17.4
2026-05-20,Saskatoon,SK,16.9,4.5,12.7
2026-05-21,Saskatoon,SK,18.5,5.6,16.6
2026-05-22,Saskatoon,SK,18.9,5.4,14.7
2026-05-23,Saskatoon,SK,22.2,7.1,17.6
2026-05-24,Saskatoon,SK,25.7,11.0,24.5
2026-05-25,Saskatoon,SK,27.1,10.9,21.5
2026-05-26,Saskatoon,SK,30.4,14.9,26.1
2026-05-27,Saskatoon,SK,31.6,16.8,25.1
2026-05-28,Saskatoon,SK,34.9,22.7,23.7
2026-05-29,Saskatoon,SK,32.2,22.0,23.9
2026-05-30,Saskatoon,SK,30.2,19.2,18.1
2026-05-31,Saskatoon,SK,24.3,17.5,22.9
2026-06-01,Saskatoon,SK,20.6,14.1,17.7
2026-06-02,Saskatoon,SK,20.0,10.7,19.7
2026-06-03,Saskatoon,SK,18.6,12.3,18.0
2026-06-04,Saskatoon,SK,16.8,10.8,10.0
2026-06-05,Saskatoon,SK,23.0,10.7,17.2
2026-06-06,Saskatoon,SK,21.7,10.6,17.7
2026-06-07,Saskatoon,SK,22.1,11.2,15.8
2026-06-08,Saskatoon,SK,20.9,9.6,36.7
2026-06-09,Saskatoon,SK,27.1,10.9,21.6
2026-06-10,Saskatoon,SK,18.9,12.5,13.5
2026-06-11,Saskatoon,SK,14.7,10.7,24.9
2026-06-12,Saskatoon,SK,15.1,9.7,25.8
2026-06-13,Saskatoon,SK,20.6,8.6,16.7
2026-06-14,Saskatoon,SK,24.5,7.9,19.9
2026-06-15,Saskatoon,SK,23.9,11.9,18.7
2026-06-16,Saskatoon,SK,20.0,13.1,12.7
2026-06-17,Saskatoon,SK,17.6,10.8,18.5
2026-06-18,Saskatoon,SK,18.2,8.7,19.0
2026-06-19,Saskatoon,SK,18.7,8.6,16.2
2026-06-20,Saskatoon,SK,21.6,9.7,19.3
2026-06-21,Saskatoon,SK,15.5,12.0,24.4
2026-06-22,Saskatoon,SK,16.4,10.8,20.4
2026-06-23,Saskatoon,SK,19.1,11.1,17.5
2026-06-24,Saskatoon,SK,21.2,8.2,10.3
2026-06-25,Saskatoon,SK,22.7,11.0,14.2
2026-06-26,Saskatoon,SK,23.6,13.0,21.8
2026-06-27,Saskatoon,SK,19.7,16.3,20.7
2026-06-28,Saskatoon,SK,21.6,15.5,27.7
2026-06-29,Saskatoon,SK,19.6,14.2,14.1
2026-06-30,Saskatoon,SK,19.1,14.2,17.4
2026-07-01,Saskatoon,SK,19.8,14.0,12.6
2026-07-02,Saskatoon,SK,20.4,12.7,17.3
2026-07-03,Saskatoon,SK,24.1,13.7,16.6
2026-07-04,Saskatoon,SK,25.2,12.2,23.5
2026-07-05,Saskatoon,SK,22.8,12.6,13.0
2026-07-06,Saskatoon,SK,21.2,12.0,16.6
2026-07-07,Saskatoon,SK,23.3,10.6,12.8
2026-07-08,Saskatoon,SK,24.4,11.6,20.4
2026-07-09,Saskatoon,SK,23.6,12.8,15.0
2026-07-10,Saskatoon,SK,27.6,14.1,19.5
2026-07-11,Saskatoon,SK,30.2,15.2,18.3
2026-07-12,Saskatoon,SK,31.5,15.9,15.0
2026-07-13,Saskatoon,SK,25.8,17.4,13.4
2026-07-14,Saskatoon,SK,26.3,15.2,13.1
2026-07-15,Saskatoon,SK,24.5,17.8,12.8
2026-07-16,Saskatoon,SK,26.2,16.0,8.4
2026-07-17,Saskatoon,SK,30.3,16.2,12.7
2026-07-18,Saskatoon,SK,30.6,18.0,17.1
2026-07-19,Saskatoon,SK,24.1,18.7,32.4
2026-07-20,Saskatoon,SK,23.1,17.0,20.6
2026-07-21,Saskatoon,SK,25.0,12.5,11.2
2026-07-22,Saskatoon,SK,27.0,14.5,11.8
2026-07-23,Saskatoon,SK,30.5,16.5,10.5
2026-07-24,Saskatoon,SK,27.4,16.6,14.5
2024-01-01,Calgary,AB,1.7,-4.9,19.2
2024-01-02,Calgary,AB,1.8,-5.5,15.3
2024-01-03,Calgary,AB,-3.2,-5.4,9.0
2024-01-04,Calgary,AB,3.5,-3.8,17.8
2024-01-05,Calgary,AB,1.4,-5.6,18.9
2024-01-06,Calgary,AB,0.6,-8.2,19.5
2024-01-07,Calgary,AB,-8.5,-14.1,18.7
2024-01-08,Calgary,AB,-4.0,-19.2,12.0
2024-01-09,Calgary,AB,-0.7,-13.1,19.1
2024-01-10,Calgary,AB,-13.4,-23.7,13.3
2024-01-11,Calgary,AB,-24.1,-31.2,15.7
2024-01-12,Calgary,AB,-30.3,-36.6,14.2
2024-01-13,Calgary,AB,-28.7,-36.6,10.7
2024-01-14,Calgary,AB,-27.7,-39.4,12.2
2024-01-15,Calgary,AB,-12.0,-35.8,18.2
2024-01-16,Calgary,AB,-7.0,-12.0,17.9
2024-01-17,Calgary,AB,-12.7,-18.1,11.5
2024-01-18,Calgary,AB,-17.0,-27.3,12.2
2024-01-19,Calgary,AB,-16.5,-27.2,12.8
2024-01-20,Calgary,AB,-0.3,-19.3,11.8
2024-01-21,Calgary,AB,-8.8,-14.1,11.2
2024-01-22,Calgary,AB,-10.1,-14.2,11.2
2024-01-23,Calgary,AB,4.6,-10.4,18.0
2024-01-24,Calgary,AB,3.7,-7.1,13.3
2024-01-25,Calgary,AB,3.7,-1.5,16.9
2024-01-26,Calgary,AB,3.7,-7.1,18.3
2024-01-27,Calgary,AB,5.3,-7.2,21.9
2024-01-28,Calgary,AB,5.8,-4.0,24.3
2024-01-29,Calgary,AB,7.3,-2.5,12.5
2024-01-30,Calgary,AB,7.0,-2.2,23.0
2024-01-31,Calgary,AB,5.2,-2.5,18.9
2024-02-01,Calgary,AB,9.1,-3.3,14.8
2024-02-02,Calgary,AB,6.0,-1.5,14.7
2024-02-03,Calgary,AB,4.1,-2.4,22.3
2024-02-04,Calgary,AB,-2.8,-7.9,15.7
2024-02-05,Calgary,AB,-2.7,-9.3,9.7
2024-02-06,Calgary,AB,-4.1,-7.6,10.4
2024-02-07,Calgary,AB,-3.9,-6.4,8.2
2024-02-08,Calgary,AB,-2.5,-6.0,8.6
2024-02-09,Calgary,AB,-4.8,-14.4,13.7
2024-02-10,Calgary,AB,0.3,-15.9,19.2
2024-02-11,Calgary,AB,1.8,-5.3,22.2
2024-02-12,Calgary,AB,2.1,-10.7,18.3
2024-02-13,Calgary,AB,-4.3,-14.6,18.0
2024-02-14,Calgary,AB,-5.4,-14.9,13.2
2024-02-15,Calgary,AB,-7.8,-16.6,7.9
2024-02-16,Calgary,AB,-0.1,-19.4,14.9
2024-02-17,Calgary,AB,4.6,-12.1,18.4
2024-02-18,Calgary,AB,4.0,-9.7,20.3
2024-02-19,Calgary,AB,3.8,-9.7,13.2
2024-02-20,Calgary,AB,5.2,-7.5,16.9
2024-02-21,Calgary,AB,2.7,-6.2,13.0
2024-02-22,Calgary,AB,8.1,-2.3,20.6
2024-02-23,Calgary,AB,8.5,-0.2,30.6
2024-02-24,Calgary,AB,3.8,-7.6,29.2
2024-02-25,Calgary,AB,4.7,-9.6,24.0
2024-02-26,Calgary,AB,-2.7,-18.4,26.5
2024-02-27,Calgary,AB,-14.4,-20.1,14.1
2024-02-28,Calgary,AB,5.4,-17.9,15.2
2024-02-29,Calgary,AB,9.6,-9.2,34.4
2024-03-01,Calgary,AB,-8.3,-11.4,14.0
2024-03-02,Calgary,AB,-11.6,-21.8,17.3
2024-03-03,Calgary,AB,-14.8,-27.4,12.4
2024-03-04,Calgary,AB,-16.6,-26.2,12.7
2024-03-05,Calgary,AB,-13.2,-25.1,10.7
2024-03-06,Calgary,AB,-8.1,-21.2,11.7
2024-03-07,Calgary,AB,-1.2,-23.1,14.9
2024-03-08,Calgary,AB,4.8,-12.6,20.1
2024-03-09,Calgary,AB,6.5,-7.5,15.6
2024-03-10,Calgary,AB,6.0,-5.7,21.5
2024-03-11,Calgary,AB,8.8,-4.1,11.4
2024-03-12,Calgary,AB,8.9,-3.0,13.8
2024-03-13,Calgary,AB,5.6,-3.7,19.6
2024-03-14,Calgary,AB,10.1,-5.0,15.5
2024-03-15,Calgary,AB,11.8,2.0,19.6
2024-03-16,Calgary,AB,13.3,-2.1,14.2
2024-03-17,Calgary,AB,15.1,-3.8,16.4
2024-03-18,Calgary,AB,14.6,3.2,20.1
2024-03-19,Calgary,AB,4.2,-2.3,18.2
2024-03-20,Calgary,AB,-2.3,-7.9,16.2
2024-03-21,Calgary,AB,-4.8,-9.6,11.0
2024-03-22,Calgary,AB,-6.5,-12.1,12.8
2024-03-23,Calgary,AB,-7.6,-10.6,11.9
2024-03-24,Calgary,AB,-6.1,-11.9,14.6
2024-03-25,Calgary,AB,-7.1,-13.9,13.0
2024-03-26,Calgary,AB,-1.2,-9.6,12.2
2024-03-27,Calgary,AB,5.5,-9.0,15.3
2024-03-28,Calgary,AB,-0.1,-5.8,18.9
2024-03-29,Calgary,AB,-3.7,-9.1,7.3
2024-03-30,Calgary,AB,-0.2,-12.7,10.5
2024-03-31,Calgary,AB,4.5,-6.2,12.7
2024-04-01,Calgary,AB,11.5,-2.8,20.7
2024-04-02,Calgary,AB,17.5,-1.7,19.2
2024-04-03,Calgary,AB,9.5,1.6,23.5
2024-04-04,Calgary,AB,1.3,-1.8,19.4
2024-04-05,Calgary,AB,2.8,-2.6,14.4
2024-04-06,Calgary,AB,4.4,-3.8,11.6
2024-04-07,Calgary,AB,9.7,-1.5,14.6
2024-04-08,Calgary,AB,11.9,-2.7,19.0
2024-04-09,Calgary,AB,10.9,-1.7,24.0
2024-04-10,Calgary,AB,9.2,-3.9,15.6
2024-04-11,Calgary,AB,10.9,-4.0,15.6
2024-04-12,Calgary,AB,13.4,-0.2,16.2
2024-04-13,Calgary,AB,15.1,-2.6,14.8
2024-04-14,Calgary,AB,13.6,-1.9,12.2
2024-04-15,Calgary,AB,15.7,2.1,22.7
2024-04-16,Calgary,AB,2.4,-2.9,24.2
2024-04-17,Calgary,AB,1.1,-3.5,30.0
2024-04-18,Calgary,AB,1.9,-5.8,23.6
2024-04-19,Calgary,AB,3.0,-5.4,10.5
2024-04-20,Calgary,AB,7.4,-7.4,19.3
2024-04-21,Calgary,AB,9.3,-3.0,28.6
2024-04-22,Calgary,AB,13.1,1.4,25.6
2024-04-23,Calgary,AB,16.0,-0.5,17.6
2024-04-24,Calgary,AB,16.2,-2.2,23.1
2024-04-25,Calgary,AB,15.4,0.1,18.7
2024-04-26,Calgary,AB,7.9,2.3,18.7
2024-04-27,Calgary,AB,14.4,-0.2,19.0
2024-04-28,Calgary,AB,14.7,1.6,22.2
2024-04-29,Calgary,AB,9.5,1.5,16.1
2024-04-30,Calgary,AB,5.5,-0.1,25.0
2024-05-01,Calgary,AB,2.4,-0.3,24.1
2024-05-02,Calgary,AB,7.9,-1.3,26.7
2024-05-03,Calgary,AB,11.4,-2.4,16.4
2024-05-04,Calgary,AB,13.1,-3.1,15.0
2024-05-05,Calgary,AB,12.7,0.6,16.4
2024-05-06,Calgary,AB,15.4,0.1,28.2
2024-05-07,Calgary,AB,4.4,2.8,37.4
2024-05-08,Calgary,AB,11.8,4.1,24.3
2024-05-09,Calgary,AB,19.8,1.0,16.9
2024-05-10,Calgary,AB,24.3,5.4,18.9
2024-05-11,Calgary,AB,20.5,7.9,17.4
2024-05-12,Calgary,AB,23.1,6.6,20.4
2024-05-13,Calgary,AB,15.0,5.0,15.2
2024-05-14,Calgary,AB,18.1,5.3,14.3
2024-05-15,Calgary,AB,19.5,5.1,21.9
2024-05-16,Calgary,AB,19.5,6.0,28.1
2024-05-17,Calgary,AB,10.3,3.1,20.3
2024-05-18,Calgary,AB,13.8,-1.3,15.5
2024-05-19,Calgary,AB,13.2,-0.2,15.8
2024-05-20,Calgary,AB,9.4,1.0,20.8
2024-05-21,Calgary,AB,14.9,-0.3,10.6
2024-05-22,Calgary,AB,9.2,4.1,15.3
2024-05-23,Calgary,AB,12.2,2.8,13.6
2024-05-24,Calgary,AB,14.9,1.1,9.2
2024-05-25,Calgary,AB,15.2,1.7,10.7
2024-05-26,Calgary,AB,15.7,3.5,21.5
2024-05-27,Calgary,AB,20.1,4.5,18.5
2024-05-28,Calgary,AB,21.6,6.1,24.8
2024-05-29,Calgary,AB,15.5,7.4,24.9
2024-05-30,Calgary,AB,14.1,4.4,21.3
2024-05-31,Calgary,AB,15.3,2.7,23.0
2024-06-01,Calgary,AB,18.5,2.5,17.1
2024-06-02,Calgary,AB,19.0,4.5,14.7
2024-06-03,Calgary,AB,18.2,8.5,22.1
2024-06-04,Calgary,AB,18.7,7.3,31.4
2024-06-05,Calgary,AB,18.2,7.0,23.1
2024-06-06,Calgary,AB,19.6,3.9,20.1
2024-06-07,Calgary,AB,20.2,6.1,18.3
2024-06-08,Calgary,AB,13.6,5.0,23.4
2024-06-09,Calgary,AB,17.8,3.9,19.4
2024-06-10,Calgary,AB,21.3,10.1,17.7
2024-06-11,Calgary,AB,23.9,7.0,21.1
2024-06-12,Calgary,AB,18.9,7.7,24.9
2024-06-13,Calgary,AB,23.0,6.1,18.8
2024-06-14,Calgary,AB,23.3,11.1,27.8
2024-06-15,Calgary,AB,14.6,6.8,18.4
2024-06-16,Calgary,AB,13.5,5.2,28.6
2024-06-17,Calgary,AB,13.5,3.3,16.8
2024-06-18,Calgary,AB,12.1,2.5,11.4
2024-06-19,Calgary,AB,14.4,1.2,8.9
2024-06-20,Calgary,AB,19.1,3.0,10.0
2024-06-21,Calgary,AB,20.6,6.1,13.7
2024-06-22,Calgary,AB,25.4,6.1,16.6
2024-06-23,Calgary,AB,25.6,8.9,24.9
2024-06-24,Calgary,AB,21.1,9.1,23.1
2024-06-25,Calgary,AB,21.2,8.2,15.5
2024-06-26,Calgary,AB,23.3,9.7,22.3
2024-06-27,Calgary,AB,15.7,10.3,26.3
2024-06-28,Calgary,AB,18.6,9.5,36.5
2024-06-29,Calgary,AB,21.8,6.4,17.1
2024-06-30,Calgary,AB,19.0,9.5,12.7
2024-07-01,Calgary,AB,19.4,10.3,18.9
2024-07-02,Calgary,AB,19.9,10.7,18.4
2024-07-03,Calgary,AB,17.0,8.3,23.0
2024-07-04,Calgary,AB,20.8,9.1,12.6
2024-07-05,Calgary,AB,25.2,9.3,15.0
2024-07-06,Calgary,AB,23.0,11.7,21.0
2024-07-07,Calgary,AB,26.9,9.3,21.6
2024-07-08,Calgary,AB,30.4,13.5,16.2
2024-07-09,Calgary,AB,29.7,15.0,18.7
2024-07-10,Calgary,AB,33.4,13.0,19.1
2024-07-11,Calgary,AB,29.1,16.9,15.8
2024-07-12,Calgary,AB,23.9,13.7,17.3
2024-07-13,Calgary,AB,28.5,12.6,24.2
2024-07-14,Calgary,AB,22.8,11.9,18.7
2024-07-15,Calgary,AB,27.9,12.8,13.9
2024-07-16,Calgary,AB,26.2,14.7,13.0
2024-07-17,Calgary,AB,28.7,15.5,12.9
2024-07-18,Calgary,AB,29.9,15.3,15.8
2024-07-19,Calgary,AB,31.8,14.5,27.3
2024-07-20,Calgary,AB,30.4,16.2,15.5
2024-07-21,Calgary,AB,31.7,17.7,18.3
2024-07-22,Calgary,AB,30.8,16.7,21.2
2024-07-23,Calgary,AB,33.0,16.8,17.1
2024-07-24,Calgary,AB,32.6,19.1,18.0
2024-07-25,Calgary,AB,22.3,14.9,26.6
2024-07-26,Calgary,AB,23.5,12.9,23.9
2024-07-27,Calgary,AB,22.4,10.9,17.1
2024-07-28,Calgary,AB,25.6,10.6,12.3
2024-07-29,Calgary,AB,27.6,12.2,20.8
2024-07-30,Calgary,AB,25.5,13.1,13.7
2024-07-31,Calgary,AB,30.0,14.7,18.8
2024-08-01,Calgary,AB,30.1,12.3,18.5
2024-08-02,Calgary,AB,26.6,16.9,20.8
2024-08-03,Calgary,AB,25.7,14.8,14.5
2024-08-04,Calgary,AB,25.6,13.1,18.6
2024-08-05,Calgary,AB,23.3,13.7,14.6
2024-08-06,Calgary,AB,16.6,13.0,16.8
2024-08-07,Calgary,AB,17.5,11.1,10.7
2024-08-08,Calgary,AB,20.1,8.2,12.1
2024-08-09,Calgary,AB,21.5,7.7,18.5
2024-08-10,Calgary,AB,23.1,8.7,18.6
2024-08-11,Calgary,AB,24.5,8.8,13.0
2024-08-12,Calgary,AB,25.0,9.5,15.2
2024-08-13,Calgary,AB,25.3,11.4,13.0
2024-08-14,Calgary,AB,24.5,12.3,12.1
2024-08-15,Calgary,AB,25.8,12.7,18.8
2024-08-16,Calgary,AB,20.6,12.8,17.3
2024-08-17,Calgary,AB,22.1,11.5,10.0
2024-08-18,Calgary,AB,24.5,9.7,13.2
2024-08-19,Calgary,AB,28.2,10.9,16.9
2024-08-20,Calgary,AB,24.6,11.5,16.8
2024-08-21,Calgary,AB,18.7,11.1,19.6
2024-08-22,Calgary,AB,21.0,9.0,11.8
2024-08-23,Calgary,AB,24.8,8.8,21.3
2024-08-24,Calgary,AB,19.5,10.6,31.6
2024-08-25,Calgary,AB,20.8,9.3,18.0
2024-08-26,Calgary,AB,23.2,8.1,19.2
2024-08-27,Calgary,AB,23.1,10.4,29.1
2024-08-28,Calgary,AB,10.9,5.7,33.7
2024-08-29,Calgary,AB,23.0,7.7,19.1
2024-08-30,Calgary,AB,24.8,9.0,18.2
2024-08-31,Calgary,AB,22.9,8.1,14.2
2024-09-01,Calgary,AB,28.9,7.7,11.0
2024-09-02,Calgary,AB,30.0,12.7,17.0
2024-09-03,Calgary,AB,24.8,14.0,16.6
2024-09-04,Calgary,AB,18.1,12.3,22.8
2024-09-05,Calgary,AB,26.2,7.7,12.1
2024-09-06,Calgary,AB,31.5,9.1,16.1
2024-09-07,Calgary,AB,30.7,14.2,17.7
2024-09-08,Calgary,AB,30.3,10.2,13.0
2024-09-09,Calgary,AB,27.2,12.1,21.7
2024-09-10,Calgary,AB,16.7,9.4,17.0
2024-09-11,Calgary,AB,16.6,6.5,10.9
2024-09-12,Calgary,AB,10.7,9.4,21.6
2024-09-13,Calgary,AB,19.5,9.4,20.2
2024-09-14,Calgary,AB,16.5,5.6,14.1
2024-09-15,Calgary,AB,17.6,4.0,11.1
2024-09-16,Calgary,AB,20.3,4.8,11.6
2024-09-17,Calgary,AB,19.7,5.6,13.7
2024-09-18,Calgary,AB,19.5,7.6,24.8
2024-09-19,Calgary,AB,18.5,6.3,21.3
2024-09-20,Calgary,AB,9.9,4.0,25.8
2024-09-21,Calgary,AB,15.5,-0.1,12.8
2024-09-22,Calgary,AB,21.0,6.0,18.0
2024-09-23,Calgary,AB,21.8,8.3,17.7
2024-09-24,Calgary,AB,24.3,10.8,13.0
2024-09-25,Calgary,AB,27.8,12.7,24.1
2024-09-26,Calgary,AB,18.0,7.9,21.1
2024-09-27,Calgary,AB,20.3,9.0,24.3
2024-09-28,Calgary,AB,15.6,5.4,12.7
2024-09-29,Calgary,AB,17.1,4.5,27.3
2024-09-30,Calgary,AB,13.4,0.8,20.3
2024-10-01,Calgary,AB,16.2,5.2,22.0
2024-10-02,Calgary,AB,11.2,2.0,18.8
2024-10-03,Calgary,AB,12.5,-0.1,14.3
2024-10-04,Calgary,AB,18.3,-0.3,24.7
2024-10-05,Calgary,AB,15.1,4.3,23.0
2024-10-06,Calgary,AB,17.2,5.0,11.5
2024-10-07,Calgary,AB,21.8,5.1,16.7
2024-10-08,Calgary,AB,20.4,4.6,16.7
2024-10-09,Calgary,AB,14.4,4.7,14.9
2024-10-10,Calgary,AB,12.3,1.1,11.4
2024-10-11,Calgary,AB,12.7,-1.3,10.2
2024-10-12,Calgary,AB,12.3,-2.5,10.6
2024-10-13,Calgary,AB,18.5,-1.2,11.9
2024-10-14,Calgary,AB,22.9,7.0,16.8
2024-10-15,Calgary,AB,14.8,9.3,11.8
2024-10-16,Calgary,AB,17.6,5.4,27.1
2024-10-17,Calgary,AB,10.2,-1.5,19.1
2024-10-18,Calgary,AB,10.7,-3.1,20.4
2024-10-19,Calgary,AB,17.5,2.5,18.6
2024-10-20,Calgary,AB,17.5,6.0,22.0
2024-10-21,Calgary,AB,11.2,-2.4,28.3
2024-10-22,Calgary,AB,9.2,-4.7,19.1
2024-10-23,Calgary,AB,8.2,-0.5,20.8
2024-10-24,Calgary,AB,8.0,-2.0,18.7
2024-10-25,Calgary,AB,6.8,-4.3,13.4
2024-10-26,Calgary,AB,14.3,-1.7,14.2
2024-10-27,Calgary,AB,15.3,5.5,28.6
2024-10-28,Calgary,AB,9.4,-0.2,15.2
2024-10-29,Calgary,AB,5.5,-3.3,12.0
2024-10-30,Calgary,AB,7.3,-4.6,14.7
2024-10-31,Calgary,AB,3.9,-3.2,13.5
2024-11-01,Calgary,AB,3.8,-4.4,10.3
2024-11-02,Calgary,AB,6.2,-4.3,13.9
2024-11-03,Calgary,AB,7.0,-4.9,17.6
2024-11-04,Calgary,AB,2.3,-4.6,18.3
2024-11-05,Calgary,AB,1.9,-4.2,25.8
2024-11-06,Calgary,AB,7.7,-5.4,13.3
2024-11-07,Calgary,AB,13.0,2.5,33.3
2024-11-08,Calgary,AB,13.1,-0.7,26.4
2024-11-09,Calgary,AB,5.4,-0.9,19.4
2024-11-10,Calgary,AB,3.9,-4.1,14.1
2024-11-11,Calgary,AB,9.3,-2.6,21.7
2024-11-12,Calgary,AB,6.9,-1.8,11.0
2024-11-13,Calgary,AB,5.5,-1.8,16.9
2024-11-14,Calgary,AB,7.5,-0.6,18.2
2024-11-15,Calgary,AB,1.9,-2.0,10.0
2024-11-16,Calgary,AB,3.2,-5.0,7.6
2024-11-17,Calgary,AB,8.4,-0.7,24.4
2024-11-18,Calgary,AB,-0.7,-5.1,14.4
2024-11-19,Calgary,AB,-4.2,-9.7,7.5
2024-11-20,Calgary,AB,-10.0,-11.8,10.1
2024-11-21,Calgary,AB,-10.2,-14.2,8.8
2024-11-22,Calgary,AB,-11.5,-18.2,8.9
2024-11-23,Calgary,AB,-11.4,-12.6,19.9
2024-11-24,Calgary,AB,-13.2,-23.3,17.2
2024-11-25,Calgary,AB,-14.5,-23.4,10.2
2024-11-26,Calgary,AB,-2.4,-18.6,15.6
2024-11-27,Calgary,AB,-9.0,-17.9,13.5
2024-11-28,Calgary,AB,-15.1,-19.2,6.6
2024-11-29,Calgary,AB,-15.6,-21.6,10.1
2024-11-30,Calgary,AB,-15.3,-20.1,14.1
2024-12-01,Calgary,AB,-16.6,-21.7,10.8
2024-12-02,Calgary,AB,2.2,-20.1,26.8
2024-12-03,Calgary,AB,5.8,-0.6,26.4
2024-12-04,Calgary,AB,-0.5,-6.2,14.6
2024-12-05,Calgary,AB,4.3,-3.0,23.9
2024-12-06,Calgary,AB,4.1,1.1,24.4
2024-12-07,Calgary,AB,4.6,-1.0,15.6
2024-12-08,Calgary,AB,4.2,-3.1,21.4
2024-12-09,Calgary,AB,-0.9,-6.6,14.9
2024-12-10,Calgary,AB,-2.6,-7.0,12.7
2024-12-11,Calgary,AB,0.0,-5.8,10.3
2024-12-12,Calgary,AB,-3.8,-9.4,11.6
2024-12-13,Calgary,AB,0.7,-4.4,18.4
2024-12-14,Calgary,AB,2.0,-5.0,16.7
2024-12-15,Calgary,AB,0.6,-8.8,17.5
2024-12-16,Calgary,AB,-7.7,-10.9,6.6
2024-12-17,Calgary,AB,-9.6,-16.5,11.1
2024-12-18,Calgary,AB,-13.9,-18.3,19.8
2024-12-19,Calgary,AB,-5.4,-18.7,11.2
2024-12-20,Calgary,AB,4.1,-14.1,27.2
2024-12-21,Calgary,AB,3.6,-4.4,24.5
2024-12-22,Calgary,AB,3.3,-4.6,25.5
2024-12-23,Calgary,AB,4.0,-4.8,24.2
2024-12-24,Calgary,AB,3.7,-3.4,21.1
2024-12-25,Calgary,AB,1.0,-5.2,21.3
2024-12-26,Calgary,AB,1.1,-6.7,19.5
2024-12-27,Calgary,AB,1.9,-3.3,19.2
2024-12-28,Calgary,AB,0.3,-5.4,15.2
2024-12-29,Calgary,AB,-1.8,-8.5,12.1
2024-12-30,Calgary,AB,-4.3,-6.6,9.3
2024-12-31,Calgary,AB,-6.7,-10.5,8.8
2025-01-01,Calgary,AB,-11.1,-16.7,8.3
2025-01-02,Calgary,AB,-16.0,-21.2,5.2
2025-01-03,Calgary,AB,-15.0,-21.7,15.9
2025-01-04,Calgary,AB,-13.9,-18.3,14.7
2025-01-05,Calgary,AB,-13.0,-19.1,8.4
2025-01-06,Calgary,AB,-2.5,-17.0,12.1
2025-01-07,Calgary,AB,4.1,-8.7,28.1
2025-01-08,Calgary,AB,3.7,-0.6,32.4
2025-01-09,Calgary,AB,-1.5,-6.3,15.5
2025-01-10,Calgary,AB,6.1,-4.4,22.4
2025-01-11,Calgary,AB,1.3,-1.3,22.5
2025-01-12,Calgary,AB,0.2,-3.5,17.6
2025-01-13,Calgary,AB,1.7,-4.9,18.7
2025-01-14,Calgary,AB,5.8,-4.5,25.4
2025-01-15,Calgary,AB,5.7,-1.7,22.4
2025-01-16,Calgary,AB,6.1,-4.4,34.8
2025-01-17,Calgary,AB,-5.6,-10.3,36.8
2025-01-18,Calgary,AB,-10.4,-18.6,23.6
2025-01-19,Calgary,AB,-12.5,-21.0,14.8
2025-01-20,Calgary,AB,-4.6,-22.4,24.7
2025-01-21,Calgary,AB,-1.5,-4.9,27.5
2025-01-22,Calgary,AB,-0.5,-8.1,24.7
2025-01-23,Calgary,AB,2.5,-11.1,25.6
2025-01-24,Calgary,AB,-2.7,-9.2,27.1
2025-01-25,Calgary,AB,-0.6,-10.8,16.9
2025-01-26,Calgary,AB,4.8,-5.7,24.0
2025-01-27,Calgary,AB,6.3,-2.2,21.5
2025-01-28,Calgary,AB,5.7,-1.2,21.8
2025-01-29,Calgary,AB,7.9,-2.9,19.8
2025-01-30,Calgary,AB,0.3,-4.5,15.0
2025-01-31,Calgary,AB,-3.6,-8.1,10.1
2025-02-01,Calgary,AB,-8.6,-20.2,18.5
2025-02-02,Calgary,AB,-20.5,-27.0,13.5
2025-02-03,Calgary,AB,-24.3,-28.6,7.8
2025-02-04,Calgary,AB,-24.5,-27.2,9.0
2025-02-05,Calgary,AB,-21.7,-27.4,11.2
2025-02-06,Calgary,AB,-10.5,-24.1,14.1
2025-02-07,Calgary,AB,-12.8,-22.4,14.9
2025-02-08,Calgary,AB,-9.9,-21.5,12.1
2025-02-09,Calgary,AB,-14.1,-19.1,10.9
2025-02-10,Calgary,AB,-16.6,-29.0,19.2
2025-02-11,Calgary,AB,-12.8,-23.5,16.4
2025-02-12,Calgary,AB,-9.9,-25.7,18.6
2025-02-13,Calgary,AB,-11.8,-17.4,19.8
2025-02-14,Calgary,AB,-18.2,-21.6,9.0
2025-02-15,Calgary,AB,-16.7,-27.0,5.3
2025-02-16,Calgary,AB,-18.0,-26.4,10.6
2025-02-17,Calgary,AB,-18.3,-27.6,13.3
2025-02-18,Calgary,AB,-20.7,-27.4,14.2
2025-02-19,Calgary,AB,-17.0,-29.2,13.1
2025-02-20,Calgary,AB,3.7,-19.7,19.4
2025-02-21,Calgary,AB,3.8,-3.9,23.5
2025-02-22,Calgary,AB,6.5,-2.3,18.3
2025-02-23,Calgary,AB,9.1,1.2,36.6
2025-02-24,Calgary,AB,7.7,-0.4,15.0
2025-02-25,Calgary,AB,8.0,-0.2,15.7
2025-02-26,Calgary,AB,9.0,0.7,17.4
2025-02-27,Calgary,AB,11.2,0.5,28.4
2025-02-28,Calgary,AB,8.5,-2.5,8.8
2025-03-01,Calgary,AB,10.6,-1.5,15.0
2025-03-02,Calgary,AB,10.2,-0.4,15.1
2025-03-03,Calgary,AB,0.6,-3.7,11.6
2025-03-04,Calgary,AB,2.4,-8.9,12.4
2025-03-05,Calgary,AB,4.1,-2.2,12.4
2025-03-06,Calgary,AB,5.1,-4.8,10.9
2025-03-07,Calgary,AB,8.8,-2.1,18.6
2025-03-08,Calgary,AB,10.9,2.0,19.0
2025-03-09,Calgary,AB,10.8,1.0,31.0
2025-03-10,Calgary,AB,1.9,-5.3,21.1
2025-03-11,Calgary,AB,2.7,-6.2,15.0
2025-03-12,Calgary,AB,2.2,-4.3,11.1
2025-03-13,Calgary,AB,-0.7,-7.6,21.0
2025-03-14,Calgary,AB,-3.6,-10.1,10.2
2025-03-15,Calgary,AB,-5.5,-10.9,11.1
2025-03-16,Calgary,AB,-3.4,-9.3,10.2
2025-03-17,Calgary,AB,4.9,-10.3,13.7
2025-03-18,Calgary,AB,1.1,-5.3,15.2
2025-03-19,Calgary,AB,6.2,-5.6,12.2
2025-03-20,Calgary,AB,7.2,-2.0,16.4
2025-03-21,Calgary,AB,8.4,-2.3,22.7
2025-03-22,Calgary,AB,6.0,-2.7,11.8
2025-03-23,Calgary,AB,6.9,-3.1,10.6
2025-03-24,Calgary,AB,11.8,0.6,18.6
2025-03-25,Calgary,AB,8.0,-1.2,8.9
2025-03-26,Calgary,AB,8.9,0.6,15.1
2025-03-27,Calgary,AB,2.5,-2.9,14.0
2025-03-28,Calgary,AB,-1.5,-5.5,11.9
2025-03-29,Calgary,AB,-3.3,-6.1,9.7
2025-03-30,Calgary,AB,0.0,-8.3,13.4
2025-03-31,Calgary,AB,2.0,-4.4,15.8
2025-04-01,Calgary,AB,7.6,-5.0,16.8
2025-04-02,Calgary,AB,-1.3,-4.9,18.9
2025-04-03,Calgary,AB,-2.1,-7.4,18.7
2025-04-04,Calgary,AB,2.0,-11.0,11.0
2025-04-05,Calgary,AB,12.2,-5.6,15.4
2025-04-06,Calgary,AB,16.3,2.1,15.0
2025-04-07,Calgary,AB,15.3,0.8,17.6
2025-04-08,Calgary,AB,11.3,2.7,24.0
2025-04-09,Calgary,AB,12.1,1.8,16.3
2025-04-10,Calgary,AB,15.3,-1.5,18.2
2025-04-11,Calgary,AB,13.9,5.2,18.8
2025-04-12,Calgary,AB,8.0,-0.1,20.7
2025-04-13,Calgary,AB,9.2,-1.7,19.2
2025-04-14,Calgary,AB,14.2,-2.9,10.4
2025-04-15,Calgary,AB,15.7,3.6,25.6
2025-04-16,Calgary,AB,6.2,0.0,27.1
2025-04-17,Calgary,AB,5.5,-1.4,19.3
2025-04-18,Calgary,AB,16.0,-3.3,10.8
2025-04-19,Calgary,AB,10.0,2.3,18.5
2025-04-20,Calgary,AB,4.9,0.8,12.5
2025-04-21,Calgary,AB,3.7,-0.6,14.9
2025-04-22,Calgary,AB,7.3,-1.6,15.2
2025-04-23,Calgary,AB,9.4,-2.0,11.2
2025-04-24,Calgary,AB,13.5,0.0,14.1
2025-04-25,Calgary,AB,15.6,1.8,20.3
2025-04-26,Calgary,AB,18.6,0.6,11.2
2025-04-27,Calgary,AB,8.7,2.1,25.1
2025-04-28,Calgary,AB,15.0,-0.8,15.5
2025-04-29,Calgary,AB,12.7,4.8,14.5
2025-04-30,Calgary,AB,14.5,3.0,17.0
2025-05-01,Calgary,AB,18.0,1.8,18.1
2025-05-02,Calgary,AB,22.9,5.7,14.0
2025-05-03,Calgary,AB,25.1,7.9,20.1
2025-05-04,Calgary,AB,14.1,4.5,19.4
2025-05-05,Calgary,AB,14.2,2.7,14.4
2025-05-06,Calgary,AB,17.4,2.2,25.1
2025-05-07,Calgary,AB,22.6,4.0,18.9
2025-05-08,Calgary,AB,16.7,7.0,25.8
2025-05-09,Calgary,AB,20.5,6.1,14.4
2025-05-10,Calgary,AB,23.2,6.2,16.0
2025-05-11,Calgary,AB,18.3,7.3,14.6
2025-05-12,Calgary,AB,13.0,4.1,17.0
2025-05-13,Calgary,AB,15.3,4.5,17.1
2025-05-14,Calgary,AB,16.3,4.4,22.7
2025-05-15,Calgary,AB,9.4,3.6,23.9
2025-05-16,Calgary,AB,11.8,2.8,11.7
2025-05-17,Calgary,AB,13.3,3.7,12.9
2025-05-18,Calgary,AB,11.5,3.9,11.3
2025-05-19,Calgary,AB,14.5,3.2,12.6
2025-05-20,Calgary,AB,13.8,5.6,17.5
2025-05-21,Calgary,AB,9.2,5.1,24.0
2025-05-22,Calgary,AB,13.8,0.8,11.3
2025-05-23,Calgary,AB,15.9,5.2,13.5
2025-05-24,Calgary,AB,18.5,4.5,15.6
2025-05-25,Calgary,AB,23.1,7.2,19.6
2025-05-26,Calgary,AB,25.9,9.5,21.9
2025-05-27,Calgary,AB,23.9,10.3,17.2
2025-05-28,Calgary,AB,25.9,10.7,16.5
2025-05-29,Calgary,AB,30.9,13.4,22.4
2025-05-30,Calgary,AB,26.8,11.8,19.7
2025-05-31,Calgary,AB,29.9,12.0,28.0
2025-06-01,Calgary,AB,17.4,8.3,22.3
2025-06-02,Calgary,AB,15.6,6.4,19.1
2025-06-03,Calgary,AB,15.5,6.1,15.9
2025-06-04,Calgary,AB,19.0,5.8,10.1
2025-06-05,Calgary,AB,24.4,7.9,17.9
2025-06-06,Calgary,AB,25.0,14.5,23.7
2025-06-07,Calgary,AB,20.5,11.5,23.1
2025-06-08,Calgary,AB,26.5,8.8,15.1
2025-06-09,Calgary,AB,26.9,15.4,17.5
2025-06-10,Calgary,AB,23.8,11.5,15.5
2025-06-11,Calgary,AB,23.0,12.9,16.8
2025-06-12,Calgary,AB,18.5,11.6,17.5
2025-06-13,Calgary,AB,22.4,11.2,18.1
2025-06-14,Calgary,AB,20.0,9.2,11.6
2025-06-15,Calgary,AB,20.8,8.8,10.0
2025-06-16,Calgary,AB,23.1,9.1,11.9
2025-06-17,Calgary,AB,21.8,11.3,13.1
2025-06-18,Calgary,AB,24.2,10.7,12.0
2025-06-19,Calgary,AB,22.3,11.4,19.0
2025-06-20,Calgary,AB,13.4,10.1,12.5
2025-06-21,Calgary,AB,10.0,6.3,33.0
2025-06-22,Calgary,AB,13.5,4.7,16.3
2025-06-23,Calgary,AB,16.3,5.6,11.9
2025-06-24,Calgary,AB,19.1,6.5,15.6
2025-06-25,Calgary,AB,21.1,9.7,10.3
2025-06-26,Calgary,AB,20.6,11.1,11.5
2025-06-27,Calgary,AB,18.9,11.2,12.7
2025-06-28,Calgary,AB,17.9,9.5,11.2
2025-06-29,Calgary,AB,21.8,10.2,12.0
2025-06-30,Calgary,AB,23.7,10.4,9.9
2025-07-01,Calgary,AB,25.5,12.9,10.0
2025-07-02,Calgary,AB,28.9,14.3,14.2
2025-07-03,Calgary,AB,22.2,13.3,18.3
2025-07-04,Calgary,AB,18.5,10.8,11.7
2025-07-05,Calgary,AB,19.5,12.4,16.7
2025-07-06,Calgary,AB,18.9,11.9,17.1
2025-07-07,Calgary,AB,23.8,10.6,10.0
2025-07-08,Calgary,AB,31.9,12.5,18.5
2025-07-09,Calgary,AB,24.7,15.4,19.0
2025-07-10,Calgary,AB,16.2,10.6,21.0
2025-07-11,Calgary,AB,24.2,8.0,13.8
2025-07-12,Calgary,AB,27.1,15.2,24.5
2025-07-13,Calgary,AB,23.6,14.3,13.3
2025-07-14,Calgary,AB,15.4,10.6,18.1
2025-07-15,Calgary,AB,16.2,9.4,13.8
2025-07-16,Calgary,AB,18.9,7.7,16.9
2025-07-17,Calgary,AB,16.1,10.8,16.0
2025-07-18,Calgary,AB,19.4,8.1,14.8
2025-07-19,Calgary,AB,20.3,10.9,16.2
2025-07-20,Calgary,AB,17.0,11.0,14.1
2025-07-21,Calgary,AB,17.9,9.9,17.1
2025-07-22,Calgary,AB,11.6,7.6,17.7
2025-07-23,Calgary,AB,19.9,6.9,12.6
2025-07-24,Calgary,AB,26.0,10.1,9.7
2025-07-25,Calgary,AB,19.1,13.2,13.1
2025-07-26,Calgary,AB,16.9,11.3,10.1
2025-07-27,Calgary,AB,17.1,11.3,8.8
2025-07-28,Calgary,AB,17.5,11.7,11.2
2025-07-29,Calgary,AB,21.4,11.0,9.4
2025-07-30,Calgary,AB,23.7,12.9,15.7
2025-07-31,Calgary,AB,24.1,13.4,15.8
2025-08-01,Calgary,AB,25.1,13.2,13.4
2025-08-02,Calgary,AB,24.0,14.8,13.5
2025-08-03,Calgary,AB,20.0,14.5,15.2
2025-08-04,Calgary,AB,21.3,11.0,8.5
2025-08-05,Calgary,AB,23.6,10.6,9.6
2025-08-06,Calgary,AB,23.0,11.0,12.1
2025-08-07,Calgary,AB,20.3,12.6,11.5
2025-08-08,Calgary,AB,17.2,11.8,22.8
2025-08-09,Calgary,AB,21.0,12.0,13.9
2025-08-10,Calgary,AB,26.7,13.3,18.2
2025-08-11,Calgary,AB,22.0,14.2,14.1
2025-08-12,Calgary,AB,25.0,13.2,13.4
2025-08-13,Calgary,AB,22.5,11.6,23.9
2025-08-14,Calgary,AB,17.4,8.4,12.6
2025-08-15,Calgary,AB,20.4,10.8,13.2
2025-08-16,Calgary,AB,22.6,13.9,10.1
2025-08-17,Calgary,AB,23.9,10.3,8.9
2025-08-18,Calgary,AB,23.6,11.0,12.6
2025-08-19,Calgary,AB,25.0,10.4,11.2
2025-08-20,Calgary,AB,20.7,12.5,15.8
2025-08-21,Calgary,AB,19.9,6.8,13.1
2025-08-22,Calgary,AB,19.4,8.0,11.5
2025-08-23,Calgary,AB,22.1,8.2,11.2
2025-08-24,Calgary,AB,24.5,10.1,11.9
2025-08-25,Calgary,AB,25.7,11.3,9.9
2025-08-26,Calgary,AB,27.1,11.7,9.9
2025-08-27,Calgary,AB,27.2,11.2,17.4
2025-08-28,Calgary,AB,26.5,12.6,13.1
2025-08-29,Calgary,AB,25.5,10.9,8.3
2025-08-30,Calgary,AB,26.0,10.4,13.7
2025-08-31,Calgary,AB,27.4,12.4,13.9
2025-09-01,Calgary,AB,27.6,10.9,14.2
2025-09-02,Calgary,AB,22.1,11.7,15.2
2025-09-03,Calgary,AB,28.9,10.2,11.0
2025-09-04,Calgary,AB,19.2,11.0,18.6
2025-09-05,Calgary,AB,20.4,4.9,14.9
2025-09-06,Calgary,AB,25.0,7.1,8.0
2025-09-07,Calgary,AB,26.7,11.5,18.1
2025-09-08,Calgary,AB,22.8,12.4,10.7
2025-09-09,Calgary,AB,23.9,9.6,9.8
2025-09-10,Calgary,AB,22.2,11.0,10.9
2025-09-11,Calgary,AB,23.6,9.8,9.2
2025-09-12,Calgary,AB,22.6,10.7,7.6
2025-09-13,Calgary,AB,23.2,10.0,9.0
2025-09-14,Calgary,AB,24.5,10.0,16.3
2025-09-15,Calgary,AB,20.8,14.1,18.2
2025-09-16,Calgary,AB,22.4,8.9,10.3
2025-09-17,Calgary,AB,23.5,8.8,14.8
2025-09-18,Calgary,AB,19.9,8.3,15.6
2025-09-19,Calgary,AB,20.9,8.4,14.0
2025-09-20,Calgary,AB,26.7,8.6,9.8
2025-09-21,Calgary,AB,24.7,8.9,21.5
2025-09-22,Calgary,AB,19.7,7.3,14.2
2025-09-23,Calgary,AB,25.6,10.3,14.7
2025-09-24,Calgary,AB,17.2,7.3,17.7
2025-09-25,Calgary,AB,21.4,5.1,24.5
2025-09-26,Calgary,AB,17.2,6.7,23.3
2025-09-27,Calgary,AB,19.9,9.4,17.8
2025-09-28,Calgary,AB,15.1,5.1,27.0
2025-09-29,Calgary,AB,24.7,7.3,16.2
2025-09-30,Calgary,AB,18.7,9.8,11.4
2025-10-01,Calgary,AB,18.1,7.3,10.8
2025-10-02,Calgary,AB,16.4,7.5,12.0
2025-10-03,Calgary,AB,17.4,6.9,17.6
2025-10-04,Calgary,AB,10.8,2.9,21.0
2025-10-05,Calgary,AB,8.1,-1.1,18.3
2025-10-06,Calgary,AB,9.5,0.0,10.7
2025-10-07,Calgary,AB,19.8,3.7,13.5
2025-10-08,Calgary,AB,11.3,4.2,18.4
2025-10-09,Calgary,AB,13.2,-0.6,11.8
2025-10-10,Calgary,AB,16.6,0.9,12.5
2025-10-11,Calgary,AB,17.5,0.7,27.8
2025-10-12,Calgary,AB,0.9,-2.5,25.4
2025-10-13,Calgary,AB,-1.4,-4.1,14.3
2025-10-14,Calgary,AB,4.4,-4.9,10.2
2025-10-15,Calgary,AB,9.7,-3.8,11.0
2025-10-16,Calgary,AB,14.0,-0.6,19.1
2025-10-17,Calgary,AB,9.4,1.9,14.2
2025-10-18,Calgary,AB,10.8,1.3,16.7
2025-10-19,Calgary,AB,11.2,2.6,22.3
2025-10-20,Calgary,AB,7.7,-0.3,12.2
2025-10-21,Calgary,AB,12.4,3.0,22.0
2025-10-22,Calgary,AB,11.2,-2.4,11.6
2025-10-23,Calgary,AB,14.9,5.6,21.0
2025-10-24,Calgary,AB,14.4,5.9,22.4
2025-10-25,Calgary,AB,13.1,7.4,22.9
2025-10-26,Calgary,AB,8.5,2.1,18.2
2025-10-27,Calgary,AB,7.0,1.1,21.2
2025-10-28,Calgary,AB,6.6,-1.1,13.9
2025-10-29,Calgary,AB,10.5,0.9,25.3
2025-10-30,Calgary,AB,8.6,0.3,18.9
2025-10-31,Calgary,AB,9.4,-4.1,19.1
2025-11-01,Calgary,AB,12.9,5.6,29.2
2025-11-02,Calgary,AB,7.6,-0.5,28.4
2025-11-03,Calgary,AB,7.7,-1.0,18.5
2025-11-04,Calgary,AB,5.2,-1.9,13.2
2025-11-05,Calgary,AB,3.1,-6.4,11.6
2025-11-06,Calgary,AB,11.3,0.5,17.3
2025-11-07,Calgary,AB,1.4,-1.5,13.9
2025-11-08,Calgary,AB,6.4,-0.9,16.3
2025-11-09,Calgary,AB,8.4,-2.4,17.9
2025-11-10,Calgary,AB,13.8,3.9,32.9
2025-11-11,Calgary,AB,11.3,2.2,19.5
2025-11-12,Calgary,AB,5.5,-0.5,11.6
2025-11-13,Calgary,AB,14.1,0.0,30.7
2025-11-14,Calgary,AB,1.9,-2.7,15.1
2025-11-15,Calgary,AB,8.1,-3.6,11.4
2025-11-16,Calgary,AB,5.4,-2.1,9.4
2025-11-17,Calgary,AB,10.9,1.5,15.3
2025-11-18,Calgary,AB,0.3,-2.4,18.3
2025-11-19,Calgary,AB,4.4,-2.9,18.4
2025-11-20,Calgary,AB,3.6,-7.2,20.5
2025-11-21,Calgary,AB,7.9,-1.2,29.3
2025-11-22,Calgary,AB,6.3,-0.6,11.7
2025-11-23,Calgary,AB,0.9,-3.1,15.3
2025-11-24,Calgary,AB,-1.6,-11.5,10.3
2025-11-25,Calgary,AB,-8.1,-14.6,11.0
2025-11-26,Calgary,AB,-3.4,-14.4,12.2
2025-11-27,Calgary,AB,-8.1,-16.9,13.3
2025-11-28,Calgary,AB,-8.5,-16.3,19.3
2025-11-29,Calgary,AB,-12.1,-25.3,9.7
2025-11-30,Calgary,AB,-4.6,-22.0,15.9
2025-12-01,Calgary,AB,1.9,-8.2,25.6
2025-12-02,Calgary,AB,1.0,-6.0,24.0
2025-12-03,Calgary,AB,0.7,-10.6,22.1
2025-12-04,Calgary,AB,2.1,-3.6,22.5
2025-12-05,Calgary,AB,-1.7,-11.2,13.3
2025-12-06,Calgary,AB,-12.8,-17.7,12.0
2025-12-07,Calgary,AB,-1.7,-18.7,13.6
2025-12-08,Calgary,AB,3.5,-4.4,30.5
2025-12-09,Calgary,AB,4.6,-13.6,29.0
2025-12-10,Calgary,AB,3.6,-12.0,16.4
2025-12-11,Calgary,AB,-10.6,-21.8,18.7
2025-12-12,Calgary,AB,-16.5,-24.3,11.1
2025-12-13,Calgary,AB,2.5,-21.5,15.1
2025-12-14,Calgary,AB,3.8,-6.1,13.6
2025-12-15,Calgary,AB,8.0,0.6,43.0
2025-12-16,Calgary,AB,6.5,-4.7,25.1
2025-12-17,Calgary,AB,-0.2,-17.2,34.0
2025-12-18,Calgary,AB,-0.5,-18.2,18.1
2025-12-19,Calgary,AB,-4.0,-22.2,22.1
2025-12-20,Calgary,AB,-7.5,-23.7,13.9
2025-12-21,Calgary,AB,-3.1,-21.6,18.0
2025-12-22,Calgary,AB,-19.5,-23.4,12.9
2025-12-23,Calgary,AB,-3.0,-22.2,18.4
2025-12-24,Calgary,AB,-14.5,-20.3,7.4
2025-12-25,Calgary,AB,-13.1,-20.5,9.6
2025-12-26,Calgary,AB,-12.0,-15.4,16.0
2025-12-27,Calgary,AB,-14.1,-24.9,23.7
2025-12-28,Calgary,AB,-3.2,-26.7,24.4
2025-12-29,Calgary,AB,-0.3,-5.1,26.1
2025-12-30,Calgary,AB,4.0,-2.0,21.3
2025-12-31,Calgary,AB,3.1,-2.6,23.5
2026-01-01,Calgary,AB,-1.9,-8.2,12.3
2026-01-02,Calgary,AB,-6.7,-10.6,13.0
2026-01-03,Calgary,AB,-9.6,-12.8,11.2
2026-01-04,Calgary,AB,-10.3,-15.7,11.4
2026-01-05,Calgary,AB,-10.5,-17.4,14.8
2026-01-06,Calgary,AB,0.7,-13.1,22.2
2026-01-07,Calgary,AB,-2.1,-11.3,22.1
2026-01-08,Calgary,AB,-2.1,-12.4,21.3
2026-01-09,Calgary,AB,0.9,-14.0,23.5
2026-01-10,Calgary,AB,6.6,1.0,27.9
2026-01-11,Calgary,AB,5.0,0.4,27.3
2026-01-12,Calgary,AB,8.6,-0.4,30.0
2026-01-13,Calgary,AB,9.8,4.0,24.1
2026-01-14,Calgary,AB,11.6,3.3,26.9
2026-01-15,Calgary,AB,6.4,-0.9,31.4
2026-01-16,Calgary,AB,0.9,-5.6,19.8
2026-01-17,Calgary,AB,8.3,-6.3,22.8
2026-01-18,Calgary,AB,2.7,-5.8,19.8
2026-01-19,Calgary,AB,3.2,-7.3,15.9
2026-01-20,Calgary,AB,2.2,-2.7,27.4
2026-01-21,Calgary,AB,-0.1,-7.9,30.5
2026-01-22,Calgary,AB,-8.5,-18.8,12.4
2026-01-23,Calgary,AB,-12.4,-21.0,8.8
2026-01-24,Calgary,AB,-9.0,-14.9,12.3
2026-01-25,Calgary,AB,-2.5,-19.7,24.2
2026-01-26,Calgary,AB,-6.0,-15.0,13.3
2026-01-27,Calgary,AB,1.3,-13.7,16.5
2026-01-28,Calgary,AB,3.4,-5.2,20.7
2026-01-29,Calgary,AB,5.9,-1.1,20.1
2026-01-30,Calgary,AB,6.1,-0.8,20.5
2026-01-31,Calgary,AB,7.4,0.4,25.3
2026-02-01,Calgary,AB,4.2,-1.3,17.6
2026-02-02,Calgary,AB,7.6,-0.9,17.5
2026-02-03,Calgary,AB,5.7,-0.3,16.7
2026-02-04,Calgary,AB,10.8,-0.1,19.2
2026-02-05,Calgary,AB,13.2,2.9,20.9
2026-02-06,Calgary,AB,10.0,-2.8,19.1
2026-02-07,Calgary,AB,11.7,3.1,21.3
2026-02-08,Calgary,AB,7.8,-1.1,21.3
2026-02-09,Calgary,AB,4.4,-4.2,14.1
2026-02-10,Calgary,AB,5.7,-2.4,14.4
2026-02-11,Calgary,AB,5.0,-2.2,15.9
2026-02-12,Calgary,AB,8.0,-1.7,18.8
2026-02-13,Calgary,AB,5.3,-0.8,16.6
2026-02-14,Calgary,AB,3.4,-2.6,13.1
2026-02-15,Calgary,AB,4.2,-5.0,16.7
2026-02-16,Calgary,AB,-0.7,-6.5,12.2
2026-02-17,Calgary,AB,-4.5,-22.4,26.9
2026-02-18,Calgary,AB,-22.0,-26.5,14.3
2026-02-19,Calgary,AB,-21.2,-29.8,9.6
2026-02-20,Calgary,AB,-13.4,-24.3,7.2
2026-02-21,Calgary,AB,-12.0,-24.9,10.4
2026-02-22,Calgary,AB,-12.3,-21.4,11.0
2026-02-23,Calgary,AB,-3.6,-16.1,13.9
2026-02-24,Calgary,AB,1.6,-15.0,18.5
2026-02-25,Calgary,AB,3.6,-2.5,22.2
2026-02-26,Calgary,AB,5.7,-4.0,21.7
2026-02-27,Calgary,AB,-4.5,-13.1,12.6
2026-02-28,Calgary,AB,-11.1,-17.9,10.4
2026-03-01,Calgary,AB,3.0,-15.5,19.9
2026-03-02,Calgary,AB,6.3,-7.1,15.4
2026-03-03,Calgary,AB,7.1,-9.1,20.2
2026-03-04,Calgary,AB,-5.0,-11.0,9.3
2026-03-05,Calgary,AB,3.7,-8.3,14.5
2026-03-06,Calgary,AB,7.7,-5.5,15.8
2026-03-07,Calgary,AB,12.6,1.9,26.5
2026-03-08,Calgary,AB,9.1,-7.1,32.5
2026-03-09,Calgary,AB,-2.1,-11.3,15.1
2026-03-10,Calgary,AB,-0.2,-12.4,14.3
2026-03-11,Calgary,AB,1.7,-7.6,20.0
2026-03-12,Calgary,AB,-2.1,-10.5,13.1
2026-03-13,Calgary,AB,-7.4,-13.4,12.8
2026-03-14,Calgary,AB,-10.3,-16.3,17.6
2026-03-15,Calgary,AB,-3.8,-19.6,14.3
2026-03-16,Calgary,AB,4.6,-9.1,18.0
2026-03-17,Calgary,AB,14.1,3.0,35.3
2026-03-18,Calgary,AB,15.8,3.6,25.8
2026-03-19,Calgary,AB,16.2,6.9,26.8
2026-03-20,Calgary,AB,14.4,0.2,21.0
2026-03-21,Calgary,AB,1.8,-1.7,18.4
2026-03-22,Calgary,AB,6.5,-6.6,21.4
2026-03-23,Calgary,AB,6.5,-4.4,17.8
2026-03-24,Calgary,AB,1.2,-4.7,20.1
2026-03-25,Calgary,AB,-2.7,-9.5,12.6
2026-03-26,Calgary,AB,-9.7,-16.1,11.2
2026-03-27,Calgary,AB,3.0,-18.0,12.8
2026-03-28,Calgary,AB,-1.1,-7.0,16.0
2026-03-29,Calgary,AB,-3.9,-6.9,13.7
2026-03-30,Calgary,AB,-4.6,-12.7,13.4
2026-03-31,Calgary,AB,-2.8,-19.3,8.5
2026-04-01,Calgary,AB,0.1,-12.1,8.6
2026-04-02,Calgary,AB,0.2,-2.2,13.9
2026-04-03,Calgary,AB,1.9,-4.6,12.5
2026-04-04,Calgary,AB,3.9,-0.4,16.1
2026-04-05,Calgary,AB,0.9,-2.3,15.4
2026-04-06,Calgary,AB,3.2,-2.8,20.6
2026-04-07,Calgary,AB,2.2,-2.2,35.3
2026-04-08,Calgary,AB,2.6,-6.1,26.2
2026-04-09,Calgary,AB,6.9,-4.4,10.2
2026-04-10,Calgary,AB,12.7,-3.2,11.8
2026-04-11,Calgary,AB,12.0,1.2,15.9
2026-04-12,Calgary,AB,4.9,-0.2,27.5
2026-04-13,Calgary,AB,14.3,0.7,15.1
2026-04-14,Calgary,AB,11.9,2.9,18.0
2026-04-15,Calgary,AB,6.1,-5.6,20.4
2026-04-16,Calgary,AB,-5.3,-11.4,19.4
2026-04-17,Calgary,AB,1.7,-10.3,14.0
2026-04-18,Calgary,AB,4.8,-6.0,14.7
2026-04-19,Calgary,AB,17.4,-2.6,14.3
2026-04-20,Calgary,AB,20.0,3.6,15.4
2026-04-21,Calgary,AB,20.4,5.2,10.6
2026-04-22,Calgary,AB,12.7,3.5,27.1
2026-04-23,Calgary,AB,4.0,-1.7,30.8
2026-04-24,Calgary,AB,0.9,-3.0,38.2
2026-04-25,Calgary,AB,-1.4,-5.0,20.9
2026-04-26,Calgary,AB,-2.8,-7.9,8.8
2026-04-27,Calgary,AB,6.7,-7.1,12.6
2026-04-28,Calgary,AB,12.4,-2.2,13.4
2026-04-29,Calgary,AB,13.9,-1.4,13.5
2026-04-30,Calgary,AB,19.1,2.3,13.0
2026-05-01,Calgary,AB,20.4,4.0,18.2
2026-05-02,Calgary,AB,18.9,6.4,9.9
2026-05-03,Calgary,AB,23.0,6.6,23.5
2026-05-04,Calgary,AB,13.3,6.5,24.5
2026-05-05,Calgary,AB,11.3,1.8,14.9
2026-05-06,Calgary,AB,21.4,-0.3,21.3
2026-05-07,Calgary,AB,20.9,8.0,16.5
2026-05-08,Calgary,AB,21.5,7.8,16.0
2026-05-09,Calgary,AB,18.8,10.5,11.3
2026-05-10,Calgary,AB,21.9,6.2,19.2
2026-05-11,Calgary,AB,16.6,8.6,22.4
2026-05-12,Calgary,AB,23.1,4.7,13.3
2026-05-13,Calgary,AB,23.8,9.3,23.6
2026-05-14,Calgary,AB,18.1,10.1,29.1
2026-05-15,Calgary,AB,14.3,6.9,17.8
2026-05-16,Calgary,AB,8.6,1.9,16.8
2026-05-17,Calgary,AB,10.2,0.7,20.2
2026-05-18,Calgary,AB,11.6,0.3,15.0
2026-05-19,Calgary,AB,15.0,4.0,12.8
2026-05-20,Calgary,AB,11.5,4.3,20.8
2026-05-21,Calgary,AB,16.5,4.4,14.4
2026-05-22,Calgary,AB,18.5,5.2,8.7
2026-05-23,Calgary,AB,22.2,5.8,15.0
2026-05-24,Calgary,AB,22.4,8.6,20.3
2026-05-25,Calgary,AB,26.3,9.0,13.3
2026-05-26,Calgary,AB,26.1,13.3,20.2
2026-05-27,Calgary,AB,26.5,14.3,22.6
2026-05-28,Calgary,AB,27.5,13.8,10.8
2026-05-29,Calgary,AB,28.1,15.7,21.1
2026-05-30,Calgary,AB,20.5,10.6,18.8
2026-05-31,Calgary,AB,10.2,3.5,34.6
2026-06-01,Calgary,AB,7.1,4.3,33.2
2026-06-02,Calgary,AB,9.1,6.3,29.2
2026-06-03,Calgary,AB,16.8,5.2,12.7
2026-06-04,Calgary,AB,17.5,8.3,16.5
2026-06-05,Calgary,AB,19.1,8.0,16.3
2026-06-06,Calgary,AB,16.5,5.5,18.7
2026-06-07,Calgary,AB,12.1,4.5,14.1
2026-06-08,Calgary,AB,19.1,7.3,17.6
2026-06-09,Calgary,AB,16.9,8.4,18.1
2026-06-10,Calgary,AB,14.9,7.9,25.7
2026-06-11,Calgary,AB,15.1,9.6,13.6
2026-06-12,Calgary,AB,11.8,7.1,19.6
2026-06-13,Calgary,AB,17.5,5.9,11.9
2026-06-14,Calgary,AB,21.8,6.8,9.7
2026-06-15,Calgary,AB,22.8,10.9,11.1
2026-06-16,Calgary,AB,19.4,11.4,22.1
2026-06-17,Calgary,AB,15.9,8.0,25.1
2026-06-18,Calgary,AB,15.7,7.3,18.2
2026-06-19,Calgary,AB,19.3,5.6,17.5
2026-06-20,Calgary,AB,20.3,9.3,25.3
2026-06-21,Calgary,AB,13.8,8.1,29.3
2026-06-22,Calgary,AB,13.9,8.1,22.5
2026-06-23,Calgary,AB,19.5,5.5,8.0
2026-06-24,Calgary,AB,22.2,9.1,14.5
2026-06-25,Calgary,AB,23.1,10.8,18.0
2026-06-26,Calgary,AB,23.2,12.1,16.4
2026-06-27,Calgary,AB,18.5,12.9,20.8
2026-06-28,Calgary,AB,14.8,11.3,31.7
2026-06-29,Calgary,AB,20.0,12.9,25.2
2026-06-30,Calgary,AB,20.2,11.1,13.9
2026-07-01,Calgary,AB,20.5,10.9,11.4
2026-07-02,Calgary,AB,19.7,9.9,13.4
2026-07-03,Calgary,AB,20.8,12.6,15.0
2026-07-04,Calgary,AB,23.7,12.6,22.2
2026-07-05,Calgary,AB,16.5,10.0,18.8
2026-07-06,Calgary,AB,19.8,6.6,17.2
2026-07-07,Calgary,AB,24.1,10.6,15.5
2026-07-08,Calgary,AB,27.5,12.6,16.8
2026-07-09,Calgary,AB,24.9,12.9,13.4
2026-07-10,Calgary,AB,26.9,13.3,12.0
2026-07-11,Calgary,AB,29.2,12.6,20.6
2026-07-12,Calgary,AB,27.3,13.1,20.6
2026-07-13,Calgary,AB,25.2,12.3,12.6
2026-07-14,Calgary,AB,24.5,13.0,13.8
2026-07-15,Calgary,AB,25.2,13.6,10.3
2026-07-16,Calgary,AB,27.3,14.0,15.9
2026-07-17,Calgary,AB,28.4,16.4,11.6
2026-07-18,Calgary,AB,31.4,17.2,19.6
2026-07-19,Calgary,AB,24.7,13.7,17.3
2026-07-20,Calgary,AB,21.4,13.0,15.7
2026-07-21,Calgary,AB,24.6,14.1,14.2
2026-07-22,Calgary,AB,28.4,14.3,10.6
2026-07-23,Calgary,AB,27.8,14.0,10.1
2026-07-24,Calgary,AB,29.4,16.2,14.3
2024-01-01,Edmonton,AB,-0.7,-6.3,14.5
2024-01-02,Edmonton,AB,-4.0,-9.7,8.9
2024-01-03,Edmonton,AB,-4.2,-8.7,12.0
2024-01-04,Edmonton,AB,-3.5,-9.5,10.5
2024-01-05,Edmonton,AB,-3.0,-10.5,9.6
2024-01-06,Edmonton,AB,-4.8,-9.2,18.7
2024-01-07,Edmonton,AB,-9.8,-17.3,19.8
2024-01-08,Edmonton,AB,-9.7,-17.8,13.4
2024-01-09,Edmonton,AB,-12.6,-17.5,21.1
2024-01-10,Edmonton,AB,-17.9,-25.0,13.4
2024-01-11,Edmonton,AB,-24.9,-33.0,16.8
2024-01-12,Edmonton,AB,-31.1,-38.5,11.3
2024-01-13,Edmonton,AB,-30.0,-39.6,12.7
2024-01-14,Edmonton,AB,-30.2,-37.8,11.0
2024-01-15,Edmonton,AB,-22.1,-36.3,11.4
2024-01-16,Edmonton,AB,-14.5,-21.2,15.4
2024-01-17,Edmonton,AB,-18.4,-26.5,12.7
2024-01-18,Edmonton,AB,-17.6,-25.0,13.8
2024-01-19,Edmonton,AB,-15.6,-28.5,17.9
2024-01-20,Edmonton,AB,-12.7,-19.0,14.5
2024-01-21,Edmonton,AB,-11.9,-13.1,11.8
2024-01-22,Edmonton,AB,-10.5,-14.1,21.7
2024-01-23,Edmonton,AB,-9.1,-13.6,11.5
2024-01-24,Edmonton,AB,-2.3,-13.5,12.6
2024-01-25,Edmonton,AB,-2.5,-12.4,12.0
2024-01-26,Edmonton,AB,1.1,-6.4,15.8
2024-01-27,Edmonton,AB,3.2,-5.5,14.2
2024-01-28,Edmonton,AB,4.2,-2.6,15.6
2024-01-29,Edmonton,AB,6.9,-3.8,18.3
2024-01-30,Edmonton,AB,10.6,-0.8,35.8
2024-01-31,Edmonton,AB,5.9,-4.5,24.5
2024-02-01,Edmonton,AB,6.5,-1.6,13.7
2024-02-02,Edmonton,AB,3.3,-3.0,10.8
2024-02-03,Edmonton,AB,1.4,-6.1,28.3
2024-02-04,Edmonton,AB,-5.2,-10.0,10.9
2024-02-05,Edmonton,AB,-5.7,-7.6,9.1
2024-02-06,Edmonton,AB,-4.1,-7.2,16.6
2024-02-07,Edmonton,AB,-3.6,-5.4,9.2
2024-02-08,Edmonton,AB,-2.7,-6.3,14.6
2024-02-09,Edmonton,AB,-5.1,-12.2,14.3
2024-02-10,Edmonton,AB,-0.9,-14.9,14.4
2024-02-11,Edmonton,AB,1.5,-6.8,24.8
2024-02-12,Edmonton,AB,0.4,-7.9,18.1
2024-02-13,Edmonton,AB,-3.8,-8.4,18.9
2024-02-14,Edmonton,AB,-6.3,-15.9,16.2
2024-02-15,Edmonton,AB,-7.5,-18.5,12.0
2024-02-16,Edmonton,AB,-2.1,-15.6,13.3
2024-02-17,Edmonton,AB,2.2,-9.3,16.1
2024-02-18,Edmonton,AB,0.4,-15.3,13.8
2024-02-19,Edmonton,AB,-2.5,-14.2,12.4
2024-02-20,Edmonton,AB,-0.8,-11.0,10.7
2024-02-21,Edmonton,AB,2.9,-11.3,13.2
2024-02-22,Edmonton,AB,4.5,-2.8,17.2
2024-02-23,Edmonton,AB,6.8,-1.7,25.8
2024-02-24,Edmonton,AB,1.0,-5.4,24.9
2024-02-25,Edmonton,AB,-2.1,-8.8,35.4
2024-02-26,Edmonton,AB,-10.5,-23.6,34.4
2024-02-27,Edmonton,AB,-19.1,-27.6,16.0
2024-02-28,Edmonton,AB,-14.4,-22.6,20.3
2024-02-29,Edmonton,AB,-11.2,-17.4,20.7
2024-03-01,Edmonton,AB,-13.2,-21.4,14.7
2024-03-02,Edmonton,AB,-15.3,-24.5,24.0
2024-03-03,Edmonton,AB,-16.1,-21.4,20.5
2024-03-04,Edmonton,AB,-19.5,-25.6,23.8
2024-03-05,Edmonton,AB,-17.5,-24.9,11.6
2024-03-06,Edmonton,AB,-17.5,-34.2,11.9
2024-03-07,Edmonton,AB,-6.1,-25.5,20.4
2024-03-08,Edmonton,AB,-0.1,-12.9,17.8
2024-03-09,Edmonton,AB,4.0,-5.2,21.3
2024-03-10,Edmonton,AB,3.4,-1.9,27.2
2024-03-11,Edmonton,AB,1.7,-8.0,16.6
2024-03-12,Edmonton,AB,1.1,-7.7,13.2
2024-03-13,Edmonton,AB,0.5,-11.2,13.2
2024-03-14,Edmonton,AB,5.0,-5.6,19.2
2024-03-15,Edmonton,AB,7.5,2.1,22.8
2024-03-16,Edmonton,AB,4.3,-1.9,12.7
2024-03-17,Edmonton,AB,11.4,-1.4,16.9
2024-03-18,Edmonton,AB,15.0,1.7,23.2
2024-03-19,Edmonton,AB,-0.1,-4.7,13.4
2024-03-20,Edmonton,AB,-3.2,-7.2,15.0
2024-03-21,Edmonton,AB,-2.8,-7.1,12.1
2024-03-22,Edmonton,AB,-5.6,-9.5,14.2
2024-03-23,Edmonton,AB,-3.7,-10.5,17.4
2024-03-24,Edmonton,AB,-2.2,-10.8,19.3
2024-03-25,Edmonton,AB,-1.8,-7.2,23.1
2024-03-26,Edmonton,AB,1.8,-7.0,23.3
2024-03-27,Edmonton,AB,10.8,-5.0,24.3
2024-03-28,Edmonton,AB,-2.1,-5.3,19.9
2024-03-29,Edmonton,AB,-1.8,-8.7,12.4
2024-03-30,Edmonton,AB,4.9,-11.0,14.5
2024-03-31,Edmonton,AB,9.7,-6.4,22.8
2024-04-01,Edmonton,AB,10.9,1.7,28.4
2024-04-02,Edmonton,AB,20.2,-2.2,20.2
2024-04-03,Edmonton,AB,10.1,-0.5,31.6
2024-04-04,Edmonton,AB,4.5,-1.8,16.3
2024-04-05,Edmonton,AB,2.5,-1.3,16.6
2024-04-06,Edmonton,AB,4.7,-1.7,10.4
2024-04-07,Edmonton,AB,12.8,-3.0,13.0
2024-04-08,Edmonton,AB,14.3,-1.2,18.4
2024-04-09,Edmonton,AB,10.9,0.2,24.6
2024-04-10,Edmonton,AB,10.5,-0.1,21.6
2024-04-11,Edmonton,AB,12.6,-1.3,26.8
2024-04-12,Edmonton,AB,14.1,-0.3,22.9
2024-04-13,Edmonton,AB,12.1,0.5,29.4
2024-04-14,Edmonton,AB,15.1,-1.7,16.5
2024-04-15,Edmonton,AB,11.6,1.0,22.4
2024-04-16,Edmonton,AB,4.6,-1.8,29.4
2024-04-17,Edmonton,AB,5.2,-2.8,30.0
2024-04-18,Edmonton,AB,3.0,-6.6,22.3
2024-04-19,Edmonton,AB,5.8,-6.5,9.6
2024-04-20,Edmonton,AB,11.7,-5.1,22.3
2024-04-21,Edmonton,AB,12.1,-0.8,36.6
2024-04-22,Edmonton,AB,16.5,5.0,35.4
2024-04-23,Edmonton,AB,17.4,1.5,16.6
2024-04-24,Edmonton,AB,18.5,2.7,24.8
2024-04-25,Edmonton,AB,13.0,1.2,18.9
2024-04-26,Edmonton,AB,7.9,-0.4,16.3
2024-04-27,Edmonton,AB,15.5,1.3,29.7
2024-04-28,Edmonton,AB,15.4,4.7,25.7
2024-04-29,Edmonton,AB,11.1,3.1,17.9
2024-04-30,Edmonton,AB,5.1,1.3,27.0
2024-05-01,Edmonton,AB,12.3,1.2,23.0
2024-05-02,Edmonton,AB,13.0,0.7,28.8
2024-05-03,Edmonton,AB,11.1,-2.7,14.8
2024-05-04,Edmonton,AB,12.4,-2.9,19.3
2024-05-05,Edmonton,AB,16.7,4.2,23.6
2024-05-06,Edmonton,AB,13.6,7.5,15.0
2024-05-07,Edmonton,AB,8.5,5.8,33.7
2024-05-08,Edmonton,AB,15.9,5.8,24.9
2024-05-09,Edmonton,AB,20.8,5.3,23.1
2024-05-10,Edmonton,AB,25.0,5.5,25.2
2024-05-11,Edmonton,AB,18.1,9.4,16.8
2024-05-12,Edmonton,AB,19.0,4.6,19.0
2024-05-13,Edmonton,AB,18.9,5.9,14.7
2024-05-14,Edmonton,AB,19.1,9.5,23.7
2024-05-15,Edmonton,AB,15.8,6.8,21.1
2024-05-16,Edmonton,AB,13.8,4.3,27.2
2024-05-17,Edmonton,AB,9.0,2.4,30.0
2024-05-18,Edmonton,AB,12.2,1.0,26.2
2024-05-19,Edmonton,AB,7.6,3.7,21.0
2024-05-20,Edmonton,AB,10.2,4.1,17.6
2024-05-21,Edmonton,AB,12.8,2.8,17.5
2024-05-22,Edmonton,AB,12.3,3.8,15.8
2024-05-23,Edmonton,AB,11.3,4.5,13.4
2024-05-24,Edmonton,AB,14.4,0.9,13.6
2024-05-25,Edmonton,AB,16.5,2.8,15.8
2024-05-26,Edmonton,AB,16.0,5.5,14.4
2024-05-27,Edmonton,AB,20.7,4.9,15.2
2024-05-28,Edmonton,AB,22.2,8.0,17.1
2024-05-29,Edmonton,AB,16.8,8.7,27.0
2024-05-30,Edmonton,AB,16.8,6.9,36.0
2024-05-31,Edmonton,AB,15.1,7.3,39.8
2024-06-01,Edmonton,AB,19.0,6.1,22.3
2024-06-02,Edmonton,AB,19.3,5.8,20.0
2024-06-03,Edmonton,AB,13.9,10.4,24.7
2024-06-04,Edmonton,AB,18.9,9.5,23.5
2024-06-05,Edmonton,AB,18.9,8.7,37.1
2024-06-06,Edmonton,AB,18.6,8.1,31.3
2024-06-07,Edmonton,AB,18.3,8.8,39.2
2024-06-08,Edmonton,AB,9.2,3.3,21.1
2024-06-09,Edmonton,AB,13.8,4.4,18.0
2024-06-10,Edmonton,AB,20.2,7.0,26.7
2024-06-11,Edmonton,AB,24.3,8.7,29.6
2024-06-12,Edmonton,AB,13.3,9.8,27.9
2024-06-13,Edmonton,AB,20.1,9.9,20.7
2024-06-14,Edmonton,AB,19.3,12.1,23.9
2024-06-15,Edmonton,AB,17.5,7.6,18.6
2024-06-16,Edmonton,AB,15.5,8.7,30.4
2024-06-17,Edmonton,AB,13.9,5.1,21.5
2024-06-18,Edmonton,AB,13.0,3.1,11.6
2024-06-19,Edmonton,AB,16.6,3.4,13.6
2024-06-20,Edmonton,AB,20.0,6.6,16.1
2024-06-21,Edmonton,AB,22.6,7.0,14.7
2024-06-22,Edmonton,AB,24.5,8.4,16.2
2024-06-23,Edmonton,AB,25.8,13.7,25.9
2024-06-24,Edmonton,AB,20.6,12.3,32.7
2024-06-25,Edmonton,AB,19.7,10.8,18.6
2024-06-26,Edmonton,AB,23.5,11.5,22.9
2024-06-27,Edmonton,AB,17.5,13.5,27.9
2024-06-28,Edmonton,AB,20.1,9.7,18.9
2024-06-29,Edmonton,AB,22.6,10.0,18.8
2024-06-30,Edmonton,AB,22.9,13.9,23.9
2024-07-01,Edmonton,AB,23.1,12.4,21.7
2024-07-02,Edmonton,AB,21.4,13.1,25.0
2024-07-03,Edmonton,AB,20.9,12.8,21.8
2024-07-04,Edmonton,AB,22.4,12.1,17.0
2024-07-05,Edmonton,AB,24.7,12.8,18.4
2024-07-06,Edmonton,AB,23.8,14.1,17.4
2024-07-07,Edmonton,AB,27.1,11.1,13.1
2024-07-08,Edmonton,AB,30.0,16.0,16.6
2024-07-09,Edmonton,AB,32.2,15.2,19.6
2024-07-10,Edmonton,AB,32.5,20.4,18.4
2024-07-11,Edmonton,AB,28.8,19.5,25.6
2024-07-12,Edmonton,AB,24.8,16.1,23.7
2024-07-13,Edmonton,AB,23.5,13.0,19.6
2024-07-14,Edmonton,AB,22.2,15.1,16.0
2024-07-15,Edmonton,AB,26.0,13.9,16.2
2024-07-16,Edmonton,AB,29.2,16.5,19.9
2024-07-17,Edmonton,AB,30.6,15.5,20.6
2024-07-18,Edmonton,AB,33.1,16.8,12.1
2024-07-19,Edmonton,AB,33.2,16.9,23.3
2024-07-20,Edmonton,AB,30.6,17.6,14.1
2024-07-21,Edmonton,AB,31.4,18.4,13.6
2024-07-22,Edmonton,AB,31.3,20.8,28.2
2024-07-23,Edmonton,AB,28.4,20.1,28.7
2024-07-24,Edmonton,AB,24.8,17.7,20.9
2024-07-25,Edmonton,AB,19.2,11.5,37.2
2024-07-26,Edmonton,AB,18.4,12.1,44.2
2024-07-27,Edmonton,AB,22.8,13.4,31.8
2024-07-28,Edmonton,AB,25.0,11.9,14.4
2024-07-29,Edmonton,AB,25.1,13.9,28.6
2024-07-30,Edmonton,AB,23.7,12.7,13.4
2024-07-31,Edmonton,AB,27.0,14.8,20.6
2024-08-01,Edmonton,AB,25.5,13.3,13.0
2024-08-02,Edmonton,AB,23.4,15.1,13.0
2024-08-03,Edmonton,AB,25.4,12.9,18.6
2024-08-04,Edmonton,AB,23.8,12.6,23.9
2024-08-05,Edmonton,AB,19.7,13.3,16.9
2024-08-06,Edmonton,AB,19.4,12.1,13.8
2024-08-07,Edmonton,AB,20.0,9.7,9.2
2024-08-08,Edmonton,AB,20.7,10.6,15.8
2024-08-09,Edmonton,AB,22.3,11.1,20.1
2024-08-10,Edmonton,AB,24.2,12.0,18.8
2024-08-11,Edmonton,AB,25.6,12.6,19.0
2024-08-12,Edmonton,AB,25.8,14.0,22.9
2024-08-13,Edmonton,AB,24.4,13.3,16.7
2024-08-14,Edmonton,AB,24.7,14.9,20.4
2024-08-15,Edmonton,AB,23.8,10.5,16.9
2024-08-16,Edmonton,AB,20.1,14.8,15.7
2024-08-17,Edmonton,AB,21.1,12.9,15.7
2024-08-18,Edmonton,AB,22.6,12.6,12.6
2024-08-19,Edmonton,AB,26.3,14.3,18.0
2024-08-20,Edmonton,AB,25.7,14.5,21.6
2024-08-21,Edmonton,AB,22.5,11.3,17.1
2024-08-22,Edmonton,AB,20.9,12.5,17.0
2024-08-23,Edmonton,AB,26.5,12.2,21.9
2024-08-24,Edmonton,AB,22.7,13.6,33.5
2024-08-25,Edmonton,AB,21.2,10.8,24.1
2024-08-26,Edmonton,AB,24.5,11.0,21.4
2024-08-27,Edmonton,AB,22.1,12.5,23.8
2024-08-28,Edmonton,AB,18.2,12.3,28.6
2024-08-29,Edmonton,AB,22.5,9.3,27.8
2024-08-30,Edmonton,AB,21.8,10.3,26.8
2024-08-31,Edmonton,AB,23.3,9.9,13.0
2024-09-01,Edmonton,AB,26.5,12.6,13.4
2024-09-02,Edmonton,AB,28.0,12.7,13.5
2024-09-03,Edmonton,AB,20.9,14.4,22.2
2024-09-04,Edmonton,AB,19.1,11.6,15.3
2024-09-05,Edmonton,AB,22.7,7.1,15.6
2024-09-06,Edmonton,AB,28.0,11.2,16.4
2024-09-07,Edmonton,AB,27.7,13.1,11.1
2024-09-08,Edmonton,AB,29.1,10.3,14.0
2024-09-09,Edmonton,AB,19.7,11.6,29.9
2024-09-10,Edmonton,AB,18.5,5.4,12.5
2024-09-11,Edmonton,AB,19.1,8.4,24.9
2024-09-12,Edmonton,AB,15.4,10.4,22.0
2024-09-13,Edmonton,AB,17.6,9.7,19.9
2024-09-14,Edmonton,AB,18.7,7.6,14.2
2024-09-15,Edmonton,AB,18.5,8.1,12.4
2024-09-16,Edmonton,AB,20.2,6.2,14.8
2024-09-17,Edmonton,AB,22.0,6.2,14.3
2024-09-18,Edmonton,AB,20.8,7.2,20.0
2024-09-19,Edmonton,AB,17.7,7.3,21.6
2024-09-20,Edmonton,AB,13.3,8.0,25.9
2024-09-21,Edmonton,AB,15.5,4.1,18.8
2024-09-22,Edmonton,AB,20.1,9.0,16.1
2024-09-23,Edmonton,AB,17.6,8.8,15.4
2024-09-24,Edmonton,AB,23.4,11.2,17.1
2024-09-25,Edmonton,AB,23.3,13.9,17.9
2024-09-26,Edmonton,AB,15.7,8.5,29.3
2024-09-27,Edmonton,AB,19.4,9.3,32.5
2024-09-28,Edmonton,AB,14.7,5.0,18.9
2024-09-29,Edmonton,AB,11.5,5.6,30.1
2024-09-30,Edmonton,AB,12.3,4.0,27.3
2024-10-01,Edmonton,AB,11.9,5.6,15.7
2024-10-02,Edmonton,AB,8.0,3.1,20.6
2024-10-03,Edmonton,AB,10.5,0.3,18.6
2024-10-04,Edmonton,AB,12.5,4.8,22.3
2024-10-05,Edmonton,AB,13.0,5.0,28.5
2024-10-06,Edmonton,AB,15.9,4.9,16.0
2024-10-07,Edmonton,AB,17.9,4.1,12.4
2024-10-08,Edmonton,AB,22.1,5.7,25.0
2024-10-09,Edmonton,AB,11.5,3.7,13.0
2024-10-10,Edmonton,AB,12.1,2.5,14.6
2024-10-11,Edmonton,AB,10.5,1.5,13.5
2024-10-12,Edmonton,AB,10.8,-1.2,17.0
2024-10-13,Edmonton,AB,15.5,4.7,20.7
2024-10-14,Edmonton,AB,15.4,3.3,9.4
2024-10-15,Edmonton,AB,11.7,4.5,13.3
2024-10-16,Edmonton,AB,10.6,6.0,18.9
2024-10-17,Edmonton,AB,9.2,3.0,38.3
2024-10-18,Edmonton,AB,10.5,0.5,22.9
2024-10-19,Edmonton,AB,11.1,2.6,26.3
2024-10-20,Edmonton,AB,8.4,2.3,26.3
2024-10-21,Edmonton,AB,4.1,-2.4,25.8
2024-10-22,Edmonton,AB,6.9,-4.6,20.6
2024-10-23,Edmonton,AB,5.9,0.6,21.6
2024-10-24,Edmonton,AB,7.2,-0.1,28.5
2024-10-25,Edmonton,AB,6.5,-2.4,16.1
2024-10-26,Edmonton,AB,6.6,-0.7,15.5
2024-10-27,Edmonton,AB,9.1,0.0,20.4
2024-10-28,Edmonton,AB,2.9,-2.4,13.9
2024-10-29,Edmonton,AB,4.3,-3.3,15.5
2024-10-30,Edmonton,AB,4.5,-3.8,13.9
2024-10-31,Edmonton,AB,0.2,-3.1,13.2
2024-11-01,Edmonton,AB,0.0,-2.1,8.8
2024-11-02,Edmonton,AB,2.7,-2.9,15.0
2024-11-03,Edmonton,AB,5.8,-5.1,18.2
2024-11-04,Edmonton,AB,6.0,-3.5,17.5
2024-11-05,Edmonton,AB,3.4,-3.7,21.6
2024-11-06,Edmonton,AB,6.9,-3.6,20.7
2024-11-07,Edmonton,AB,9.3,2.1,23.7
2024-11-08,Edmonton,AB,12.6,-0.4,28.9
2024-11-09,Edmonton,AB,6.3,0.6,19.4
2024-11-10,Edmonton,AB,2.5,-1.3,20.8
2024-11-11,Edmonton,AB,6.0,-1.1,21.2
2024-11-12,Edmonton,AB,5.3,-1.4,13.3
2024-11-13,Edmonton,AB,3.6,-3.5,13.2
2024-11-14,Edmonton,AB,0.8,-3.5,9.6
2024-11-15,Edmonton,AB,0.7,-2.9,7.5
2024-11-16,Edmonton,AB,2.3,-3.6,15.7
2024-11-17,Edmonton,AB,3.7,-4.2,13.1
2024-11-18,Edmonton,AB,-1.6,-7.6,7.1
2024-11-19,Edmonton,AB,-5.7,-8.0,11.7
2024-11-20,Edmonton,AB,-7.7,-13.7,13.1
2024-11-21,Edmonton,AB,-10.0,-12.1,10.9
2024-11-22,Edmonton,AB,-11.7,-15.9,10.0
2024-11-23,Edmonton,AB,-10.9,-13.3,14.7
2024-11-24,Edmonton,AB,-13.0,-16.5,12.4
2024-11-25,Edmonton,AB,-14.1,-18.8,11.8
2024-11-26,Edmonton,AB,-8.0,-15.7,16.8
2024-11-27,Edmonton,AB,-10.6,-21.0,11.0
2024-11-28,Edmonton,AB,-20.0,-23.0,7.3
2024-11-29,Edmonton,AB,-17.2,-20.8,11.6
2024-11-30,Edmonton,AB,-16.0,-19.3,11.2
2024-12-01,Edmonton,AB,-16.1,-29.6,14.0
2024-12-02,Edmonton,AB,1.5,-14.7,16.3
2024-12-03,Edmonton,AB,5.1,-9.4,26.3
2024-12-04,Edmonton,AB,-5.6,-13.0,13.3
2024-12-05,Edmonton,AB,3.3,-6.2,14.8
2024-12-06,Edmonton,AB,3.2,1.0,15.5
2024-12-07,Edmonton,AB,2.3,-1.0,12.9
2024-12-08,Edmonton,AB,1.3,-2.4,19.5
2024-12-09,Edmonton,AB,-1.0,-5.6,19.7
2024-12-10,Edmonton,AB,-5.5,-12.3,13.2
2024-12-11,Edmonton,AB,-8.7,-12.1,11.1
2024-12-12,Edmonton,AB,-6.7,-11.5,16.5
2024-12-13,Edmonton,AB,-4.6,-11.3,8.7
2024-12-14,Edmonton,AB,-7.6,-13.5,10.4
2024-12-15,Edmonton,AB,-6.7,-14.2,12.9
2024-12-16,Edmonton,AB,-13.8,-22.4,9.3
2024-12-17,Edmonton,AB,-18.6,-24.8,10.5
2024-12-18,Edmonton,AB,-18.7,-23.2,16.6
2024-12-19,Edmonton,AB,-17.3,-25.2,15.4
2024-12-20,Edmonton,AB,-11.6,-17.3,19.0
2024-12-21,Edmonton,AB,-2.2,-13.4,10.3
2024-12-22,Edmonton,AB,-5.1,-12.6,9.2
2024-12-23,Edmonton,AB,2.8,-5.4,16.6
2024-12-24,Edmonton,AB,2.9,-5.0,25.2
2024-12-25,Edmonton,AB,1.7,-4.9,17.7
2024-12-26,Edmonton,AB,-3.2,-11.6,10.8
2024-12-27,Edmonton,AB,0.7,-8.2,15.1
2024-12-28,Edmonton,AB,-2.1,-7.7,14.6
2024-12-29,Edmonton,AB,-7.3,-13.6,10.5
2024-12-30,Edmonton,AB,-6.8,-13.3,14.3
2024-12-31,Edmonton,AB,-11.5,-15.0,12.6
2025-01-01,Edmonton,AB,-15.8,-22.3,6.7
2025-01-02,Edmonton,AB,-20.5,-27.8,5.8
2025-01-03,Edmonton,AB,-19.1,-28.0,17.1
2025-01-04,Edmonton,AB,-16.1,-20.9,16.2
2025-01-05,Edmonton,AB,-15.7,-21.7,6.6
2025-01-06,Edmonton,AB,-10.3,-19.1,10.0
2025-01-07,Edmonton,AB,2.0,-11.8,14.5
2025-01-08,Edmonton,AB,3.3,-0.9,24.0
2025-01-09,Edmonton,AB,-1.5,-7.0,17.0
2025-01-10,Edmonton,AB,3.2,-2.4,26.4
2025-01-11,Edmonton,AB,2.1,-6.4,24.1
2025-01-12,Edmonton,AB,0.7,-6.8,18.0
2025-01-13,Edmonton,AB,3.1,-6.0,25.4
2025-01-14,Edmonton,AB,5.5,-4.8,22.7
2025-01-15,Edmonton,AB,3.5,0.3,21.8
2025-01-16,Edmonton,AB,2.8,-6.4,35.9
2025-01-17,Edmonton,AB,-7.0,-16.9,26.8
2025-01-18,Edmonton,AB,-18.0,-29.6,13.9
2025-01-19,Edmonton,AB,-23.8,-33.2,9.7
2025-01-20,Edmonton,AB,-4.2,-32.3,21.5
2025-01-21,Edmonton,AB,0.2,-4.9,33.0
2025-01-22,Edmonton,AB,-3.1,-10.0,22.2
2025-01-23,Edmonton,AB,2.2,-7.7,28.4
2025-01-24,Edmonton,AB,-2.5,-10.5,28.8
2025-01-25,Edmonton,AB,-1.8,-10.3,15.6
2025-01-26,Edmonton,AB,3.7,-5.1,21.2
2025-01-27,Edmonton,AB,4.9,0.1,27.6
2025-01-28,Edmonton,AB,4.7,-0.4,26.7
2025-01-29,Edmonton,AB,2.3,-2.8,18.8
2025-01-30,Edmonton,AB,2.1,-11.2,17.1
2025-01-31,Edmonton,AB,-11.2,-14.4,18.0
2025-02-01,Edmonton,AB,-15.2,-27.5,22.2
2025-02-02,Edmonton,AB,-24.8,-29.1,16.1
2025-02-03,Edmonton,AB,-28.3,-34.9,9.6
2025-02-04,Edmonton,AB,-25.1,-32.8,6.5
2025-02-05,Edmonton,AB,-22.3,-33.8,13.8
2025-02-06,Edmonton,AB,-10.0,-20.4,15.6
2025-02-07,Edmonton,AB,-12.6,-23.0,9.1
2025-02-08,Edmonton,AB,-11.3,-22.7,22.1
2025-02-09,Edmonton,AB,-14.8,-26.9,20.4
2025-02-10,Edmonton,AB,-17.2,-31.5,15.4
2025-02-11,Edmonton,AB,-15.6,-26.4,13.3
2025-02-12,Edmonton,AB,-16.9,-27.3,8.1
2025-02-13,Edmonton,AB,-18.8,-27.0,8.7
2025-02-14,Edmonton,AB,-19.4,-25.6,9.8
2025-02-15,Edmonton,AB,-19.6,-28.1,6.3
2025-02-16,Edmonton,AB,-19.3,-33.3,11.4
2025-02-17,Edmonton,AB,-22.4,-28.7,13.0
2025-02-18,Edmonton,AB,-22.1,-32.3,15.9
2025-02-19,Edmonton,AB,-16.8,-26.3,19.7
2025-02-20,Edmonton,AB,0.8,-21.4,13.4
2025-02-21,Edmonton,AB,2.1,-3.0,14.3
2025-02-22,Edmonton,AB,3.8,-4.0,15.7
2025-02-23,Edmonton,AB,4.8,0.2,25.2
2025-02-24,Edmonton,AB,3.3,-4.9,14.0
2025-02-25,Edmonton,AB,2.2,-6.3,13.8
2025-02-26,Edmonton,AB,3.4,0.1,18.4
2025-02-27,Edmonton,AB,6.2,2.2,28.6
2025-02-28,Edmonton,AB,3.7,-1.4,17.9
2025-03-01,Edmonton,AB,3.3,-1.6,10.0
2025-03-02,Edmonton,AB,5.1,-2.9,14.5
2025-03-03,Edmonton,AB,1.1,-7.4,12.8
2025-03-04,Edmonton,AB,1.2,-8.5,12.5
2025-03-05,Edmonton,AB,1.1,-6.6,12.5
2025-03-06,Edmonton,AB,4.8,-4.2,14.8
2025-03-07,Edmonton,AB,5.6,-1.8,13.3
2025-03-08,Edmonton,AB,6.8,0.0,13.8
2025-03-09,Edmonton,AB,0.7,-7.1,16.4
2025-03-10,Edmonton,AB,-1.0,-10.2,11.7
2025-03-11,Edmonton,AB,2.7,-8.8,9.2
2025-03-12,Edmonton,AB,-4.5,-7.7,15.2
2025-03-13,Edmonton,AB,-5.6,-12.5,18.1
2025-03-14,Edmonton,AB,-12.3,-18.9,11.4
2025-03-15,Edmonton,AB,-10.4,-21.9,8.1
2025-03-16,Edmonton,AB,-7.1,-18.0,14.7
2025-03-17,Edmonton,AB,-2.2,-11.7,11.4
2025-03-18,Edmonton,AB,-0.3,-9.7,10.6
2025-03-19,Edmonton,AB,2.0,-8.2,12.4
2025-03-20,Edmonton,AB,0.9,-9.7,6.4
2025-03-21,Edmonton,AB,2.1,-8.3,11.1
2025-03-22,Edmonton,AB,4.5,-3.4,15.7
2025-03-23,Edmonton,AB,3.6,-4.9,10.9
2025-03-24,Edmonton,AB,8.4,-1.1,20.5
2025-03-25,Edmonton,AB,9.8,-0.3,14.0
2025-03-26,Edmonton,AB,5.7,-1.6,14.2
2025-03-27,Edmonton,AB,1.6,-5.9,19.9
2025-03-28,Edmonton,AB,-6.1,-9.0,19.6
2025-03-29,Edmonton,AB,-5.7,-10.7,8.6
2025-03-30,Edmonton,AB,-2.8,-10.8,13.5
2025-03-31,Edmonton,AB,1.5,-7.9,17.1
2025-04-01,Edmonton,AB,1.8,-5.2,11.8
2025-04-02,Edmonton,AB,-1.0,-9.2,11.5
2025-04-03,Edmonton,AB,-2.2,-8.6,16.0
2025-04-04,Edmonton,AB,3.6,-9.8,10.8
2025-04-05,Edmonton,AB,11.5,-3.5,10.8
2025-04-06,Edmonton,AB,12.5,-1.0,14.9
2025-04-07,Edmonton,AB,12.6,2.2,17.4
2025-04-08,Edmonton,AB,12.7,3.2,18.0
2025-04-09,Edmonton,AB,14.3,0.1,11.0
2025-04-10,Edmonton,AB,14.9,0.2,14.8
2025-04-11,Edmonton,AB,13.4,5.1,25.9
2025-04-12,Edmonton,AB,9.1,0.1,20.9
2025-04-13,Edmonton,AB,8.1,-0.7,21.1
2025-04-14,Edmonton,AB,13.3,-0.1,12.3
2025-04-15,Edmonton,AB,11.0,4.2,18.7
2025-04-16,Edmonton,AB,7.9,-0.2,27.3
2025-04-17,Edmonton,AB,7.8,-1.2,20.9
2025-04-18,Edmonton,AB,15.2,-1.9,18.0
2025-04-19,Edmonton,AB,11.9,4.6,24.9
2025-04-20,Edmonton,AB,9.6,-1.2,11.5
2025-04-21,Edmonton,AB,9.6,-1.3,10.7
2025-04-22,Edmonton,AB,10.2,-0.1,12.5
2025-04-23,Edmonton,AB,11.8,0.9,15.2
2025-04-24,Edmonton,AB,13.9,-0.3,13.3
2025-04-25,Edmonton,AB,18.8,5.5,21.4
2025-04-26,Edmonton,AB,19.5,5.3,21.6
2025-04-27,Edmonton,AB,9.6,2.3,22.5
2025-04-28,Edmonton,AB,14.5,0.6,17.8
2025-04-29,Edmonton,AB,14.9,6.9,25.3
2025-04-30,Edmonton,AB,13.3,4.2,21.4
2025-05-01,Edmonton,AB,19.6,2.4,11.6
2025-05-02,Edmonton,AB,24.2,6.6,12.7
2025-05-03,Edmonton,AB,25.6,9.1,17.6
2025-05-04,Edmonton,AB,14.6,7.3,22.4
2025-05-05,Edmonton,AB,16.0,3.8,15.3
2025-05-06,Edmonton,AB,20.0,5.9,23.9
2025-05-07,Edmonton,AB,24.3,10.0,24.3
2025-05-08,Edmonton,AB,14.4,6.5,23.7
2025-05-09,Edmonton,AB,18.1,4.5,18.1
2025-05-10,Edmonton,AB,19.4,5.7,13.2
2025-05-11,Edmonton,AB,19.5,6.7,13.6
2025-05-12,Edmonton,AB,14.4,9.6,16.7
2025-05-13,Edmonton,AB,19.0,5.8,15.7
2025-05-14,Edmonton,AB,20.6,7.7,18.1
2025-05-15,Edmonton,AB,10.1,3.9,19.8
2025-05-16,Edmonton,AB,14.1,2.3,13.7
2025-05-17,Edmonton,AB,15.2,5.6,17.6
2025-05-18,Edmonton,AB,16.5,6.9,17.3
2025-05-19,Edmonton,AB,9.6,5.2,17.3
2025-05-20,Edmonton,AB,12.4,6.7,9.6
2025-05-21,Edmonton,AB,10.6,7.2,8.8
2025-05-22,Edmonton,AB,15.2,4.9,11.3
2025-05-23,Edmonton,AB,18.3,7.0,19.4
2025-05-24,Edmonton,AB,20.3,9.0,17.9
2025-05-25,Edmonton,AB,24.9,11.5,20.9
2025-05-26,Edmonton,AB,26.7,14.9,21.3
2025-05-27,Edmonton,AB,22.9,13.2,15.1
2025-05-28,Edmonton,AB,27.5,12.4,14.9
2025-05-29,Edmonton,AB,31.2,16.8,20.9
2025-05-30,Edmonton,AB,23.3,12.3,22.2
2025-05-31,Edmonton,AB,28.6,10.5,30.7
2025-06-01,Edmonton,AB,16.2,8.7,28.0
2025-06-02,Edmonton,AB,17.3,7.9,23.3
2025-06-03,Edmonton,AB,16.9,8.8,16.8
2025-06-04,Edmonton,AB,20.1,7.7,8.7
2025-06-05,Edmonton,AB,24.8,11.0,16.8
2025-06-06,Edmonton,AB,23.2,15.0,28.6
2025-06-07,Edmonton,AB,19.6,10.8,30.9
2025-06-08,Edmonton,AB,26.5,9.6,14.1
2025-06-09,Edmonton,AB,23.4,16.8,22.8
2025-06-10,Edmonton,AB,23.0,10.5,17.1
2025-06-11,Edmonton,AB,19.9,11.1,16.3
2025-06-12,Edmonton,AB,16.8,12.5,19.1
2025-06-13,Edmonton,AB,18.4,12.5,14.8
2025-06-14,Edmonton,AB,16.3,12.1,16.2
2025-06-15,Edmonton,AB,20.3,9.9,13.7
2025-06-16,Edmonton,AB,22.7,10.7,6.5
2025-06-17,Edmonton,AB,21.6,12.4,17.9
2025-06-18,Edmonton,AB,19.4,12.3,10.7
2025-06-19,Edmonton,AB,17.8,12.0,14.1
2025-06-20,Edmonton,AB,20.0,9.9,20.9
2025-06-21,Edmonton,AB,15.1,10.2,20.5
2025-06-22,Edmonton,AB,15.1,6.6,9.6
2025-06-23,Edmonton,AB,14.4,6.5,16.6
2025-06-24,Edmonton,AB,20.3,7.1,17.0
2025-06-25,Edmonton,AB,21.6,12.6,14.1
2025-06-26,Edmonton,AB,23.6,12.7,10.0
2025-06-27,Edmonton,AB,22.2,12.9,10.9
2025-06-28,Edmonton,AB,20.5,13.1,17.7
2025-06-29,Edmonton,AB,23.6,13.7,20.9
2025-06-30,Edmonton,AB,25.2,14.6,12.2
2025-07-01,Edmonton,AB,27.7,16.4,9.8
2025-07-02,Edmonton,AB,31.4,18.6,12.7
2025-07-03,Edmonton,AB,20.9,14.6,19.6
2025-07-04,Edmonton,AB,17.4,10.4,22.8
2025-07-05,Edmonton,AB,22.4,10.3,14.7
2025-07-06,Edmonton,AB,18.5,13.1,11.7
2025-07-07,Edmonton,AB,23.4,11.7,11.4
2025-07-08,Edmonton,AB,30.4,16.4,21.3
2025-07-09,Edmonton,AB,22.2,15.7,19.2
2025-07-10,Edmonton,AB,20.7,13.9,20.5
2025-07-11,Edmonton,AB,26.1,11.7,15.4
2025-07-12,Edmonton,AB,26.2,17.6,26.4
2025-07-13,Edmonton,AB,22.7,15.3,18.5
2025-07-14,Edmonton,AB,20.1,13.5,14.5
2025-07-15,Edmonton,AB,20.8,9.0,10.3
2025-07-16,Edmonton,AB,20.7,11.9,17.9
2025-07-17,Edmonton,AB,23.4,13.0,12.6
2025-07-18,Edmonton,AB,24.4,12.7,18.3
2025-07-19,Edmonton,AB,19.5,14.4,18.1
2025-07-20,Edmonton,AB,20.9,13.4,14.6
2025-07-21,Edmonton,AB,16.1,12.1,17.4
2025-07-22,Edmonton,AB,16.2,8.4,10.2
2025-07-23,Edmonton,AB,19.9,9.0,12.7
2025-07-24,Edmonton,AB,25.0,12.7,12.9
2025-07-25,Edmonton,AB,20.7,14.5,17.1
2025-07-26,Edmonton,AB,20.5,10.7,11.6
2025-07-27,Edmonton,AB,19.6,11.2,11.4
2025-07-28,Edmonton,AB,18.9,9.3,10.3
2025-07-29,Edmonton,AB,24.0,11.6,8.0
2025-07-30,Edmonton,AB,27.3,15.3,12.0
2025-07-31,Edmonton,AB,28.6,16.9,16.7
2025-08-01,Edmonton,AB,28.9,16.8,13.4
2025-08-02,Edmonton,AB,29.9,17.5,22.3
2025-08-03,Edmonton,AB,23.7,16.6,11.9
2025-08-04,Edmonton,AB,22.3,16.2,13.3
2025-08-05,Edmonton,AB,23.8,13.4,8.6
2025-08-06,Edmonton,AB,25.4,14.0,10.7
2025-08-07,Edmonton,AB,18.2,14.8,16.3
2025-08-08,Edmonton,AB,19.3,14.2,16.2
2025-08-09,Edmonton,AB,21.9,13.5,16.6
2025-08-10,Edmonton,AB,24.1,16.0,20.2
2025-08-11,Edmonton,AB,22.2,15.1,16.9
2025-08-12,Edmonton,AB,24.6,15.9,15.1
2025-08-13,Edmonton,AB,16.8,11.9,20.3
2025-08-14,Edmonton,AB,16.0,9.2,20.4
2025-08-15,Edmonton,AB,12.2,9.3,16.6
2025-08-16,Edmonton,AB,21.0,10.2,15.5
2025-08-17,Edmonton,AB,22.7,9.7,9.6
2025-08-18,Edmonton,AB,20.9,12.4,13.2
2025-08-19,Edmonton,AB,23.6,9.9,8.0
2025-08-20,Edmonton,AB,19.9,12.3,15.3
2025-08-21,Edmonton,AB,16.3,9.0,28.4
2025-08-22,Edmonton,AB,19.3,9.5,16.2
2025-08-23,Edmonton,AB,22.3,10.0,9.6
2025-08-24,Edmonton,AB,24.3,11.2,10.1
2025-08-25,Edmonton,AB,26.5,11.6,7.4
2025-08-26,Edmonton,AB,28.4,13.2,6.5
2025-08-27,Edmonton,AB,29.2,13.6,14.3
2025-08-28,Edmonton,AB,28.6,16.1,17.4
2025-08-29,Edmonton,AB,28.8,13.3,9.1
2025-08-30,Edmonton,AB,26.8,13.2,12.5
2025-08-31,Edmonton,AB,26.1,14.2,12.4
2025-09-01,Edmonton,AB,22.5,10.6,14.4
2025-09-02,Edmonton,AB,20.5,10.0,11.0
2025-09-03,Edmonton,AB,27.2,11.5,20.8
2025-09-04,Edmonton,AB,18.2,10.9,20.0
2025-09-05,Edmonton,AB,20.9,5.9,11.3
2025-09-06,Edmonton,AB,24.0,8.8,11.6
2025-09-07,Edmonton,AB,25.8,9.2,11.1
2025-09-08,Edmonton,AB,25.4,11.3,11.3
2025-09-09,Edmonton,AB,27.4,13.3,12.2
2025-09-10,Edmonton,AB,25.4,13.3,9.6
2025-09-11,Edmonton,AB,25.0,9.2,10.8
2025-09-12,Edmonton,AB,26.7,12.8,11.4
2025-09-13,Edmonton,AB,26.6,13.4,14.4
2025-09-14,Edmonton,AB,25.7,13.0,12.7
2025-09-15,Edmonton,AB,23.2,13.5,16.0
2025-09-16,Edmonton,AB,21.4,7.0,11.7
2025-09-17,Edmonton,AB,25.0,11.4,18.7
2025-09-18,Edmonton,AB,20.8,12.2,19.0
2025-09-19,Edmonton,AB,21.4,8.5,8.2
2025-09-20,Edmonton,AB,25.6,10.6,11.2
2025-09-21,Edmonton,AB,22.1,11.5,24.8
2025-09-22,Edmonton,AB,19.7,8.0,16.0
2025-09-23,Edmonton,AB,19.8,8.9,14.6
2025-09-24,Edmonton,AB,14.1,7.8,13.2
2025-09-25,Edmonton,AB,18.0,6.0,23.8
2025-09-26,Edmonton,AB,16.5,8.8,23.9
2025-09-27,Edmonton,AB,15.1,7.7,21.0
2025-09-28,Edmonton,AB,15.1,7.3,17.7
2025-09-29,Edmonton,AB,23.5,11.0,18.1
2025-09-30,Edmonton,AB,19.8,9.7,11.7
2025-10-01,Edmonton,AB,15.7,8.1,10.7
2025-10-02,Edmonton,AB,17.2,4.8,12.1
2025-10-03,Edmonton,AB,17.5,5.7,18.2
2025-10-04,Edmonton,AB,11.3,4.0,20.7
2025-10-05,Edmonton,AB,10.1,-1.7,14.2
2025-10-06,Edmonton,AB,10.5,5.5,14.5
2025-10-07,Edmonton,AB,21.9,6.9,14.2
2025-10-08,Edmonton,AB,14.5,6.4,19.9
2025-10-09,Edmonton,AB,14.4,0.1,11.1
2025-10-10,Edmonton,AB,20.2,2.3,14.9
2025-10-11,Edmonton,AB,13.0,2.7,24.7
2025-10-12,Edmonton,AB,2.2,-1.1,21.2
2025-10-13,Edmonton,AB,2.2,-2.6,14.3
2025-10-14,Edmonton,AB,6.4,-3.8,15.7
2025-10-15,Edmonton,AB,9.8,-2.2,12.5
2025-10-16,Edmonton,AB,14.6,-1.5,14.7
2025-10-17,Edmonton,AB,9.6,5.5,26.3
2025-10-18,Edmonton,AB,11.6,4.1,18.7
2025-10-19,Edmonton,AB,8.4,2.2,21.4
2025-10-20,Edmonton,AB,8.0,2.3,23.1
2025-10-21,Edmonton,AB,12.9,3.4,22.5
2025-10-22,Edmonton,AB,12.9,-2.2,18.8
2025-10-23,Edmonton,AB,15.8,6.0,14.7
2025-10-24,Edmonton,AB,17.6,4.0,14.6
2025-10-25,Edmonton,AB,11.6,5.6,20.8
2025-10-26,Edmonton,AB,7.0,3.6,19.7
2025-10-27,Edmonton,AB,3.9,1.8,26.3
2025-10-28,Edmonton,AB,5.9,0.4,22.3
2025-10-29,Edmonton,AB,7.6,1.5,21.3
2025-10-30,Edmonton,AB,5.9,-0.5,8.4
2025-10-31,Edmonton,AB,6.3,-1.6,23.1
2025-11-01,Edmonton,AB,9.0,1.2,16.0
2025-11-02,Edmonton,AB,7.4,0.7,25.4
2025-11-03,Edmonton,AB,5.7,-0.8,17.6
2025-11-04,Edmonton,AB,5.0,-2.8,10.4
2025-11-05,Edmonton,AB,4.6,-3.2,20.0
2025-11-06,Edmonton,AB,1.6,-1.4,12.1
2025-11-07,Edmonton,AB,-0.9,-3.6,14.2
2025-11-08,Edmonton,AB,1.8,-3.8,12.1
2025-11-09,Edmonton,AB,4.9,-0.9,16.9
2025-11-10,Edmonton,AB,10.0,3.7,26.4
2025-11-11,Edmonton,AB,8.1,1.6,18.4
2025-11-12,Edmonton,AB,4.9,-2.1,10.9
2025-11-13,Edmonton,AB,3.7,-1.2,16.1
2025-11-14,Edmonton,AB,1.0,-3.0,21.9
2025-11-15,Edmonton,AB,0.7,-7.2,9.4
2025-11-16,Edmonton,AB,5.0,-5.8,13.5
2025-11-17,Edmonton,AB,1.6,-3.1,9.7
2025-11-18,Edmonton,AB,0.3,-5.0,7.6
2025-11-19,Edmonton,AB,3.7,-4.2,13.1
2025-11-20,Edmonton,AB,-0.1,-10.8,10.1
2025-11-21,Edmonton,AB,7.9,-3.1,26.4
2025-11-22,Edmonton,AB,3.9,-1.3,14.9
2025-11-23,Edmonton,AB,3.2,-2.1,13.1
2025-11-24,Edmonton,AB,-1.1,-7.1,9.8
2025-11-25,Edmonton,AB,-2.2,-7.9,10.3
2025-11-26,Edmonton,AB,-8.2,-12.5,5.9
2025-11-27,Edmonton,AB,-7.2,-9.3,9.3
2025-11-28,Edmonton,AB,-9.2,-11.2,12.1
2025-11-29,Edmonton,AB,-13.7,-20.3,7.4
2025-11-30,Edmonton,AB,-7.0,-21.3,13.2
2025-12-01,Edmonton,AB,2.9,-14.1,17.5
2025-12-02,Edmonton,AB,2.3,-10.6,16.2
2025-12-03,Edmonton,AB,0.7,-10.7,16.3
2025-12-04,Edmonton,AB,1.5,-3.6,22.2
2025-12-05,Edmonton,AB,-5.6,-16.7,18.0
2025-12-06,Edmonton,AB,-15.5,-18.6,13.6
2025-12-07,Edmonton,AB,-10.3,-19.7,15.9
2025-12-08,Edmonton,AB,-9.7,-14.7,12.9
2025-12-09,Edmonton,AB,-10.5,-19.3,16.4
2025-12-10,Edmonton,AB,-15.1,-20.5,15.2
2025-12-11,Edmonton,AB,-20.7,-26.1,17.7
2025-12-12,Edmonton,AB,-20.4,-30.7,9.3
2025-12-13,Edmonton,AB,-12.5,-27.6,14.1
2025-12-14,Edmonton,AB,-8.2,-12.2,11.1
2025-12-15,Edmonton,AB,3.7,-12.1,18.8
2025-12-16,Edmonton,AB,-7.8,-22.0,23.6
2025-12-17,Edmonton,AB,-13.9,-24.5,20.4
2025-12-18,Edmonton,AB,-17.6,-25.9,14.7
2025-12-19,Edmonton,AB,-19.1,-25.3,22.3
2025-12-20,Edmonton,AB,-24.3,-33.2,13.0
2025-12-21,Edmonton,AB,-22.4,-26.0,8.7
2025-12-22,Edmonton,AB,-21.2,-29.1,9.3
2025-12-23,Edmonton,AB,-21.4,-28.4,13.7
2025-12-24,Edmonton,AB,-18.1,-26.7,13.0
2025-12-25,Edmonton,AB,-16.8,-23.6,12.8
2025-12-26,Edmonton,AB,-14.7,-25.0,12.8
2025-12-27,Edmonton,AB,-19.0,-30.2,26.0
2025-12-28,Edmonton,AB,-3.3,-31.9,23.1
2025-12-29,Edmonton,AB,3.2,-3.4,17.9
2025-12-30,Edmonton,AB,1.5,-3.7,14.4
2025-12-31,Edmonton,AB,-4.7,-9.2,12.2
2026-01-01,Edmonton,AB,-7.8,-14.3,12.6
2026-01-02,Edmonton,AB,-14.5,-20.8,11.2
2026-01-03,Edmonton,AB,-15.6,-21.1,13.3
2026-01-04,Edmonton,AB,-17.1,-22.9,8.6
2026-01-05,Edmonton,AB,-17.4,-21.8,14.3
2026-01-06,Edmonton,AB,-4.5,-17.3,14.7
2026-01-07,Edmonton,AB,-4.7,-11.6,14.2
2026-01-08,Edmonton,AB,-4.0,-15.2,17.3
2026-01-09,Edmonton,AB,-3.2,-14.3,16.5
2026-01-10,Edmonton,AB,5.2,-2.9,20.9
2026-01-11,Edmonton,AB,3.5,-0.9,18.3
2026-01-12,Edmonton,AB,6.2,-0.3,26.3
2026-01-13,Edmonton,AB,5.1,1.9,29.9
2026-01-14,Edmonton,AB,5.5,0.4,26.7
2026-01-15,Edmonton,AB,4.6,-4.0,37.1
2026-01-16,Edmonton,AB,-4.5,-11.7,17.2
2026-01-17,Edmonton,AB,4.2,-10.5,27.5
2026-01-18,Edmonton,AB,1.0,-14.3,35.1
2026-01-19,Edmonton,AB,-7.7,-19.0,9.2
2026-01-20,Edmonton,AB,-0.9,-6.8,39.3
2026-01-21,Edmonton,AB,-6.5,-16.0,35.1
2026-01-22,Edmonton,AB,-17.4,-30.4,11.0
2026-01-23,Edmonton,AB,-17.8,-32.3,11.8
2026-01-24,Edmonton,AB,-17.9,-26.7,8.5
2026-01-25,Edmonton,AB,-5.7,-23.8,19.3
2026-01-26,Edmonton,AB,-12.0,-17.0,12.2
2026-01-27,Edmonton,AB,-6.2,-12.8,15.9
2026-01-28,Edmonton,AB,-5.7,-10.6,7.7
2026-01-29,Edmonton,AB,-2.2,-11.8,10.2
2026-01-30,Edmonton,AB,0.2,-8.0,14.7
2026-01-31,Edmonton,AB,3.9,-5.6,26.1
2026-02-01,Edmonton,AB,-3.0,-7.1,13.2
2026-02-02,Edmonton,AB,2.4,-3.7,14.2
2026-02-03,Edmonton,AB,2.4,-1.3,17.5
2026-02-04,Edmonton,AB,6.1,1.1,17.6
2026-02-05,Edmonton,AB,6.3,-0.4,22.9
2026-02-06,Edmonton,AB,3.0,-2.4,14.9
2026-02-07,Edmonton,AB,2.3,-3.8,12.2
2026-02-08,Edmonton,AB,3.7,-1.2,20.8
2026-02-09,Edmonton,AB,2.2,-6.5,14.3
2026-02-10,Edmonton,AB,1.7,-6.6,11.4
2026-02-11,Edmonton,AB,2.0,-7.0,13.9
2026-02-12,Edmonton,AB,3.2,-5.2,17.3
2026-02-13,Edmonton,AB,2.0,-1.7,12.9
2026-02-14,Edmonton,AB,0.1,-7.5,11.3
2026-02-15,Edmonton,AB,-0.3,-8.8,15.6
2026-02-16,Edmonton,AB,-4.3,-12.6,24.6
2026-02-17,Edmonton,AB,-13.5,-24.6,21.8
2026-02-18,Edmonton,AB,-24.5,-34.7,20.1
2026-02-19,Edmonton,AB,-20.2,-34.1,12.2
2026-02-20,Edmonton,AB,-16.8,-27.8,9.7
2026-02-21,Edmonton,AB,-17.7,-31.1,10.4
2026-02-22,Edmonton,AB,-15.5,-20.3,13.7
2026-02-23,Edmonton,AB,-15.0,-23.2,6.1
2026-02-24,Edmonton,AB,-4.1,-16.1,13.8
2026-02-25,Edmonton,AB,2.4,-4.6,20.2
2026-02-26,Edmonton,AB,3.5,-10.8,28.7
2026-02-27,Edmonton,AB,-14.1,-19.8,20.5
2026-02-28,Edmonton,AB,-11.8,-28.0,14.7
2026-03-01,Edmonton,AB,0.6,-16.0,18.5
2026-03-02,Edmonton,AB,-3.4,-13.9,18.9
2026-03-03,Edmonton,AB,-6.5,-16.4,18.3
2026-03-04,Edmonton,AB,-10.4,-17.7,13.4
2026-03-05,Edmonton,AB,1.5,-12.0,12.6
2026-03-06,Edmonton,AB,2.5,-11.1,15.9
2026-03-07,Edmonton,AB,6.3,2.0,33.2
2026-03-08,Edmonton,AB,3.1,-9.5,37.5
2026-03-09,Edmonton,AB,-2.3,-9.6,18.6
2026-03-10,Edmonton,AB,-3.3,-14.2,15.5
2026-03-11,Edmonton,AB,0.1,-10.3,15.9
2026-03-12,Edmonton,AB,-5.8,-17.6,18.6
2026-03-13,Edmonton,AB,-11.4,-22.0,13.5
2026-03-14,Edmonton,AB,-14.0,-22.3,11.4
2026-03-15,Edmonton,AB,-5.3,-20.0,13.4
2026-03-16,Edmonton,AB,2.3,-7.8,18.6
2026-03-17,Edmonton,AB,7.5,1.7,20.7
2026-03-18,Edmonton,AB,4.6,1.4,12.4
2026-03-19,Edmonton,AB,4.8,1.8,16.3
2026-03-20,Edmonton,AB,2.2,-4.2,22.0
2026-03-21,Edmonton,AB,0.4,-8.4,9.3
2026-03-22,Edmonton,AB,0.8,-11.0,15.8
2026-03-23,Edmonton,AB,1.4,-11.4,15.0
2026-03-24,Edmonton,AB,-5.6,-11.7,18.1
2026-03-25,Edmonton,AB,-10.3,-17.1,20.2
2026-03-26,Edmonton,AB,-12.3,-19.5,7.9
2026-03-27,Edmonton,AB,-2.0,-20.2,15.7
2026-03-28,Edmonton,AB,-5.6,-12.2,17.3
2026-03-29,Edmonton,AB,-6.4,-17.6,11.4
2026-03-30,Edmonton,AB,-3.8,-16.0,10.9
2026-03-31,Edmonton,AB,-0.4,-14.6,11.2
2026-04-01,Edmonton,AB,0.2,-12.3,16.8
2026-04-02,Edmonton,AB,0.4,-2.8,14.6
2026-04-03,Edmonton,AB,2.7,-3.1,12.2
2026-04-04,Edmonton,AB,4.2,-3.9,18.6
2026-04-05,Edmonton,AB,0.2,-6.5,12.1
2026-04-06,Edmonton,AB,0.9,-4.8,26.0
2026-04-07,Edmonton,AB,1.9,-2.8,22.5
2026-04-08,Edmonton,AB,2.5,-8.3,13.2
2026-04-09,Edmonton,AB,2.9,-3.9,13.6
2026-04-10,Edmonton,AB,3.4,-1.6,14.7
2026-04-11,Edmonton,AB,4.2,-2.9,16.7
2026-04-12,Edmonton,AB,1.3,-3.5,20.4
2026-04-13,Edmonton,AB,12.1,-2.3,12.5
2026-04-14,Edmonton,AB,5.1,-0.8,13.5
2026-04-15,Edmonton,AB,0.4,-6.8,20.3
2026-04-16,Edmonton,AB,-3.6,-10.7,12.6
2026-04-17,Edmonton,AB,5.1,-7.2,9.2
2026-04-18,Edmonton,AB,9.1,-0.7,13.9
2026-04-19,Edmonton,AB,16.0,1.5,20.3
2026-04-20,Edmonton,AB,19.3,2.6,16.7
2026-04-21,Edmonton,AB,16.5,3.5,13.9
2026-04-22,Edmonton,AB,7.7,1.6,24.9
2026-04-23,Edmonton,AB,1.8,-1.5,37.9
2026-04-24,Edmonton,AB,-0.3,-4.4,31.2
2026-04-25,Edmonton,AB,-3.3,-5.8,18.5
2026-04-26,Edmonton,AB,-1.7,-6.7,12.0
2026-04-27,Edmonton,AB,3.2,-8.8,12.8
2026-04-28,Edmonton,AB,9.6,-3.6,10.5
2026-04-29,Edmonton,AB,15.5,-0.7,12.4
2026-04-30,Edmonton,AB,21.1,2.6,11.7
2026-05-01,Edmonton,AB,17.9,7.2,17.5
2026-05-02,Edmonton,AB,20.4,3.3,14.4
2026-05-03,Edmonton,AB,16.5,8.7,28.0
2026-05-04,Edmonton,AB,11.0,2.3,24.4
2026-05-05,Edmonton,AB,10.8,-1.7,11.4
2026-05-06,Edmonton,AB,17.8,1.9,14.4
2026-05-07,Edmonton,AB,21.1,9.1,17.7
2026-05-08,Edmonton,AB,18.0,7.1,17.2
2026-05-09,Edmonton,AB,19.5,7.2,13.8
2026-05-10,Edmonton,AB,24.8,10.8,18.2
2026-05-11,Edmonton,AB,18.8,10.8,22.5
2026-05-12,Edmonton,AB,22.1,8.6,11.9
2026-05-13,Edmonton,AB,21.0,10.8,13.8
2026-05-14,Edmonton,AB,14.9,8.7,34.1
2026-05-15,Edmonton,AB,13.9,4.0,19.1
2026-05-16,Edmonton,AB,9.1,0.0,12.5
2026-05-17,Edmonton,AB,11.6,1.2,8.0
2026-05-18,Edmonton,AB,15.3,2.4,11.4
2026-05-19,Edmonton,AB,17.4,4.7,16.4
2026-05-20,Edmonton,AB,13.2,6.3,18.9
2026-05-21,Edmonton,AB,19.1,5.2,10.8
2026-05-22,Edmonton,AB,21.3,9.8,12.0
2026-05-23,Edmonton,AB,24.6,9.8,19.3
2026-05-24,Edmonton,AB,20.4,9.4,27.6
2026-05-25,Edmonton,AB,26.5,11.7,15.5
2026-05-26,Edmonton,AB,27.1,12.5,16.2
2026-05-27,Edmonton,AB,26.0,14.1,11.2
2026-05-28,Edmonton,AB,28.1,15.2,12.7
2026-05-29,Edmonton,AB,29.7,17.3,22.9
2026-05-30,Edmonton,AB,19.7,12.4,17.6
2026-05-31,Edmonton,AB,14.9,7.5,30.3
2026-06-01,Edmonton,AB,10.1,8.1,24.8
2026-06-02,Edmonton,AB,11.2,8.1,19.3
2026-06-03,Edmonton,AB,15.8,8.4,11.9
2026-06-04,Edmonton,AB,17.4,10.1,14.8
2026-06-05,Edmonton,AB,18.0,8.6,17.5
2026-06-06,Edmonton,AB,18.1,7.6,12.5
2026-06-07,Edmonton,AB,13.9,7.9,13.2
2026-06-08,Edmonton,AB,19.3,7.5,24.4
2026-06-09,Edmonton,AB,20.1,8.5,12.3
2026-06-10,Edmonton,AB,18.1,11.5,19.9
2026-06-11,Edmonton,AB,14.4,9.4,19.3
2026-06-12,Edmonton,AB,16.5,8.0,17.9
2026-06-13,Edmonton,AB,20.2,8.1,10.2
2026-06-14,Edmonton,AB,23.0,10.4,15.1
2026-06-15,Edmonton,AB,24.0,11.4,8.5
2026-06-16,Edmonton,AB,20.2,12.3,23.1
2026-06-17,Edmonton,AB,16.5,11.2,18.4
2026-06-18,Edmonton,AB,15.8,9.3,17.4
2026-06-19,Edmonton,AB,19.9,8.8,14.1
2026-06-20,Edmonton,AB,13.4,10.9,23.4
2026-06-21,Edmonton,AB,11.6,10.3,32.5
2026-06-22,Edmonton,AB,16.4,9.5,17.8
2026-06-23,Edmonton,AB,20.0,7.7,7.8
2026-06-24,Edmonton,AB,23.2,11.6,11.0
2026-06-25,Edmonton,AB,23.4,13.9,18.5
2026-06-26,Edmonton,AB,22.8,14.3,22.1
2026-06-27,Edmonton,AB,19.4,14.8,11.7
2026-06-28,Edmonton,AB,21.2,14.6,19.4
2026-06-29,Edmonton,AB,23.2,14.4,15.6
2026-06-30,Edmonton,AB,20.9,13.3,10.6
2026-07-01,Edmonton,AB,20.0,13.0,7.7
2026-07-02,Edmonton,AB,21.7,12.3,8.5
2026-07-03,Edmonton,AB,21.2,13.9,9.9
2026-07-04,Edmonton,AB,19.7,13.7,12.0
2026-07-05,Edmonton,AB,19.0,11.7,19.1
2026-07-06,Edmonton,AB,21.4,10.2,9.8
2026-07-07,Edmonton,AB,25.1,13.3,15.0
2026-07-08,Edmonton,AB,21.8,16.3,16.5
2026-07-09,Edmonton,AB,20.4,13.1,13.7
2026-07-10,Edmonton,AB,23.4,13.3,10.0
2026-07-11,Edmonton,AB,21.6,14.4,14.6
2026-07-12,Edmonton,AB,22.2,12.9,10.7
2026-07-13,Edmonton,AB,22.6,10.9,7.6
2026-07-14,Edmonton,AB,24.8,14.0,15.1
2026-07-15,Edmonton,AB,26.1,14.6,13.9
2026-07-16,Edmonton,AB,27.0,14.7,8.3
2026-07-17,Edmonton,AB,29.1,17.0,14.4
2026-07-18,Edmonton,AB,30.3,18.0,19.6
2026-07-19,Edmonton,AB,21.0,15.0,24.5
2026-07-20,Edmonton,AB,21.2,14.9,14.3
2026-07-21,Edmonton,AB,22.1,14.1,9.1
2026-07-22,Edmonton,AB,27.5,14.4,7.8
2026-07-23,Edmonton,AB,27.3,17.3,11.8
2026-07-24,Edmonton,AB,28.3,16.3,11.6
2024-01-01,Vancouver,BC,6.1,2.5,8.7
2024-01-02,Vancouver,BC,6.5,3.8,16.2
2024-01-03,Vancouver,BC,8.8,3.6,18.5
2024-01-04,Vancouver,BC,7.0,2.5,17.3
2024-01-05,Vancouver,BC,6.4,2.7,25.4
2024-01-06,Vancouver,BC,5.7,0.9,22.3
2024-01-07,Vancouver,BC,3.9,-0.5,6.2
2024-01-08,Vancouver,BC,3.5,-0.5,23.3
2024-01-09,Vancouver,BC,7.0,2.9,40.5
2024-01-10,Vancouver,BC,4.0,-0.1,10.6
2024-01-11,Vancouver,BC,3.2,-9.6,32.8
2024-01-12,Vancouver,BC,-9.4,-14.1,19.8
2024-01-13,Vancouver,BC,-4.7,-12.9,12.1
2024-01-14,Vancouver,BC,-1.0,-8.1,7.2
2024-01-15,Vancouver,BC,0.3,-6.1,7.6
2024-01-16,Vancouver,BC,1.0,-4.9,6.8
2024-01-17,Vancouver,BC,0.6,-6.2,13.8
2024-01-18,Vancouver,BC,-0.7,-7.6,13.3
2024-01-19,Vancouver,BC,4.0,-0.4,8.0
2024-01-20,Vancouver,BC,4.5,1.9,9.4
2024-01-21,Vancouver,BC,7.6,2.6,15.8
2024-01-22,Vancouver,BC,5.7,3.2,16.4
2024-01-23,Vancouver,BC,7.5,5.6,17.3
2024-01-24,Vancouver,BC,7.2,5.1,21.0
2024-01-25,Vancouver,BC,6.7,5.4,18.9
2024-01-26,Vancouver,BC,9.6,6.2,15.8
2024-01-27,Vancouver,BC,10.1,6.3,21.6
2024-01-28,Vancouver,BC,12.3,8.5,22.0
2024-01-29,Vancouver,BC,13.1,10.7,22.6
2024-01-30,Vancouver,BC,14.3,8.9,16.9
2024-01-31,Vancouver,BC,11.9,8.8,27.0
2024-02-01,Vancouver,BC,10.9,7.9,19.6
2024-02-02,Vancouver,BC,9.3,4.8,17.5
2024-02-03,Vancouver,BC,7.1,3.8,9.2
2024-02-04,Vancouver,BC,6.4,2.1,14.1
2024-02-05,Vancouver,BC,5.5,1.2,12.4
2024-02-06,Vancouver,BC,7.4,1.4,9.0
2024-02-07,Vancouver,BC,6.7,1.3,19.6
2024-02-08,Vancouver,BC,5.4,1.3,14.9
2024-02-09,Vancouver,BC,6.4,-0.6,9.6
2024-02-10,Vancouver,BC,5.6,0.9,8.6
2024-02-11,Vancouver,BC,6.6,3.8,18.8
2024-02-12,Vancouver,BC,7.5,3.1,16.6
2024-02-13,Vancouver,BC,6.2,0.7,13.5
2024-02-14,Vancouver,BC,7.4,-1.6,12.9
2024-02-15,Vancouver,BC,5.8,-1.3,9.5
2024-02-16,Vancouver,BC,9.8,-3.4,11.8
2024-02-17,Vancouver,BC,7.2,-1.2,7.4
2024-02-18,Vancouver,BC,7.0,3.6,7.6
2024-02-19,Vancouver,BC,9.0,2.5,12.8
2024-02-20,Vancouver,BC,9.1,4.2,10.4
2024-02-21,Vancouver,BC,9.8,5.4,9.9
2024-02-22,Vancouver,BC,10.1,4.6,13.7
2024-02-23,Vancouver,BC,7.8,3.4,8.2
2024-02-24,Vancouver,BC,7.5,5.0,16.9
2024-02-25,Vancouver,BC,8.7,2.5,34.9
2024-02-26,Vancouver,BC,4.8,0.6,33.1
2024-02-27,Vancouver,BC,3.9,-2.4,20.9
2024-02-28,Vancouver,BC,8.2,1.5,24.9
2024-02-29,Vancouver,BC,5.3,0.9,17.7
2024-03-01,Vancouver,BC,3.8,0.0,21.0
2024-03-02,Vancouver,BC,3.0,-1.0,20.0
2024-03-03,Vancouver,BC,3.0,0.8,18.0
2024-03-04,Vancouver,BC,4.2,-0.9,15.9
2024-03-05,Vancouver,BC,3.7,-4.7,10.5
2024-03-06,Vancouver,BC,3.7,-3.8,10.0
2024-03-07,Vancouver,BC,5.8,-3.2,8.4
2024-03-08,Vancouver,BC,5.8,2.4,19.7
2024-03-09,Vancouver,BC,8.7,4.4,28.3
2024-03-10,Vancouver,BC,7.9,4.9,29.4
2024-03-11,Vancouver,BC,6.5,2.5,28.6
2024-03-12,Vancouver,BC,8.9,2.3,17.3
2024-03-13,Vancouver,BC,9.0,1.5,13.3
2024-03-14,Vancouver,BC,9.2,0.9,16.1
2024-03-15,Vancouver,BC,11.9,3.9,13.7
2024-03-16,Vancouver,BC,17.1,4.2,11.0
2024-03-17,Vancouver,BC,15.9,7.5,9.5
2024-03-18,Vancouver,BC,13.3,5.1,15.0
2024-03-19,Vancouver,BC,13.2,4.3,9.4
2024-03-20,Vancouver,BC,9.6,4.6,18.8
2024-03-21,Vancouver,BC,11.2,5.3,6.8
2024-03-22,Vancouver,BC,11.1,7.2,10.2
2024-03-23,Vancouver,BC,9.3,5.8,16.9
2024-03-24,Vancouver,BC,11.7,3.1,15.3
2024-03-25,Vancouver,BC,9.1,5.3,16.2
2024-03-26,Vancouver,BC,9.9,4.6,17.5
2024-03-27,Vancouver,BC,8.6,5.4,24.3
2024-03-28,Vancouver,BC,11.2,4.9,24.4
2024-03-29,Vancouver,BC,10.5,5.2,19.4
2024-03-30,Vancouver,BC,9.9,3.6,15.4
2024-03-31,Vancouver,BC,11.7,3.2,15.2
2024-04-01,Vancouver,BC,14.3,4.9,14.1
2024-04-02,Vancouver,BC,12.3,6.6,22.1
2024-04-03,Vancouver,BC,9.1,3.0,11.7
2024-04-04,Vancouver,BC,9.4,3.2,29.7
2024-04-05,Vancouver,BC,11.5,3.3,19.7
2024-04-06,Vancouver,BC,9.0,4.4,22.8
2024-04-07,Vancouver,BC,9.8,5.0,16.3
2024-04-08,Vancouver,BC,8.1,4.6,25.9
2024-04-09,Vancouver,BC,10.8,5.7,23.9
2024-04-10,Vancouver,BC,12.1,3.4,10.5
2024-04-11,Vancouver,BC,7.8,5.8,17.2
2024-04-12,Vancouver,BC,10.6,6.4,22.5
2024-04-13,Vancouver,BC,12.1,4.5,20.0
2024-04-14,Vancouver,BC,12.8,5.0,12.7
2024-04-15,Vancouver,BC,9.8,6.3,28.3
2024-04-16,Vancouver,BC,9.8,3.8,25.4
2024-04-17,Vancouver,BC,11.4,3.6,16.4
2024-04-18,Vancouver,BC,12.5,3.3,23.8
2024-04-19,Vancouver,BC,14.0,3.5,14.7
2024-04-20,Vancouver,BC,19.7,5.6,23.8
2024-04-21,Vancouver,BC,11.5,5.0,17.8
2024-04-22,Vancouver,BC,13.1,3.2,19.1
2024-04-23,Vancouver,BC,17.1,7.5,8.6
2024-04-24,Vancouver,BC,10.1,8.0,16.8
2024-04-25,Vancouver,BC,9.6,7.4,18.9
2024-04-26,Vancouver,BC,12.9,7.7,13.4
2024-04-27,Vancouver,BC,10.0,8.0,16.8
2024-04-28,Vancouver,BC,11.1,4.0,15.5
2024-04-29,Vancouver,BC,10.2,3.0,14.1
2024-04-30,Vancouver,BC,10.8,3.6,19.7
2024-05-01,Vancouver,BC,12.3,4.3,18.4
2024-05-02,Vancouver,BC,15.0,4.7,17.4
2024-05-03,Vancouver,BC,19.5,6.2,12.1
2024-05-04,Vancouver,BC,17.2,10.0,18.0
2024-05-05,Vancouver,BC,13.7,8.5,20.9
2024-05-06,Vancouver,BC,12.8,7.6,16.5
2024-05-07,Vancouver,BC,13.1,5.4,31.8
2024-05-08,Vancouver,BC,14.1,5.4,13.8
2024-05-09,Vancouver,BC,18.6,8.2,18.8
2024-05-10,Vancouver,BC,20.6,10.2,11.9
2024-05-11,Vancouver,BC,18.5,10.1,10.9
2024-05-12,Vancouver,BC,17.8,10.3,22.9
2024-05-13,Vancouver,BC,15.5,9.0,20.7
2024-05-14,Vancouver,BC,16.7,9.4,11.5
2024-05-15,Vancouver,BC,18.0,9.3,13.8
2024-05-16,Vancouver,BC,17.1,9.9,33.0
2024-05-17,Vancouver,BC,15.2,7.8,41.1
2024-05-18,Vancouver,BC,12.2,8.2,23.6
2024-05-19,Vancouver,BC,14.1,7.2,22.5
2024-05-20,Vancouver,BC,14.9,6.4,13.6
2024-05-21,Vancouver,BC,11.4,8.8,42.8
2024-05-22,Vancouver,BC,14.6,6.3,32.8
2024-05-23,Vancouver,BC,16.3,9.2,21.1
2024-05-24,Vancouver,BC,11.6,9.4,17.0
2024-05-25,Vancouver,BC,12.5,9.3,23.7
2024-05-26,Vancouver,BC,11.2,8.1,17.4
2024-05-27,Vancouver,BC,14.8,9.5,15.9
2024-05-28,Vancouver,BC,14.6,8.7,12.7
2024-05-29,Vancouver,BC,12.4,6.2,16.6
2024-05-30,Vancouver,BC,13.7,7.2,17.2
2024-05-31,Vancouver,BC,16.7,6.7,13.3
2024-06-01,Vancouver,BC,15.7,11.3,14.8
2024-06-02,Vancouver,BC,12.5,11.1,20.3
2024-06-03,Vancouver,BC,13.5,10.2,22.9
2024-06-04,Vancouver,BC,15.6,9.4,29.4
2024-06-05,Vancouver,BC,16.0,7.3,13.9
2024-06-06,Vancouver,BC,17.1,8.9,21.7
2024-06-07,Vancouver,BC,20.0,8.4,20.0
2024-06-08,Vancouver,BC,23.1,13.2,11.9
2024-06-09,Vancouver,BC,21.0,11.9,16.9
2024-06-10,Vancouver,BC,18.0,10.5,23.1
2024-06-11,Vancouver,BC,16.6,12.1,27.0
2024-06-12,Vancouver,BC,16.0,10.6,24.0
2024-06-13,Vancouver,BC,19.0,8.3,15.1
2024-06-14,Vancouver,BC,15.9,8.8,18.7
2024-06-15,Vancouver,BC,13.7,8.7,18.4
2024-06-16,Vancouver,BC,12.8,8.3,12.7
2024-06-17,Vancouver,BC,15.8,9.2,15.5
2024-06-18,Vancouver,BC,16.6,10.2,17.0
2024-06-19,Vancouver,BC,20.3,10.0,14.0
2024-06-20,Vancouver,BC,22.9,11.7,13.0
2024-06-21,Vancouver,BC,24.3,13.0,8.7
2024-06-22,Vancouver,BC,21.2,14.5,24.7
2024-06-23,Vancouver,BC,17.2,13.4,19.7
2024-06-24,Vancouver,BC,18.2,10.8,12.6
2024-06-25,Vancouver,BC,21.7,12.1,17.0
2024-06-26,Vancouver,BC,18.1,13.6,13.5
2024-06-27,Vancouver,BC,16.6,12.8,19.2
2024-06-28,Vancouver,BC,18.0,11.8,13.7
2024-06-29,Vancouver,BC,19.6,13.3,13.0
2024-06-30,Vancouver,BC,21.9,13.9,12.8
2024-07-01,Vancouver,BC,20.5,13.0,22.7
2024-07-02,Vancouver,BC,19.3,11.5,19.2
2024-07-03,Vancouver,BC,19.1,12.0,13.6
2024-07-04,Vancouver,BC,21.3,12.6,13.4
2024-07-05,Vancouver,BC,23.3,13.6,12.6
2024-07-06,Vancouver,BC,25.9,14.9,14.8
2024-07-07,Vancouver,BC,27.2,17.8,9.6
2024-07-08,Vancouver,BC,27.6,16.8,8.7
2024-07-09,Vancouver,BC,29.2,17.8,9.7
2024-07-10,Vancouver,BC,26.3,16.9,12.2
2024-07-11,Vancouver,BC,21.5,15.6,14.5
2024-07-12,Vancouver,BC,24.5,15.5,14.0
2024-07-13,Vancouver,BC,24.3,16.2,13.4
2024-07-14,Vancouver,BC,24.1,16.4,11.2
2024-07-15,Vancouver,BC,22.9,13.8,14.5
2024-07-16,Vancouver,BC,26.4,15.7,11.5
2024-07-17,Vancouver,BC,27.5,17.7,21.7
2024-07-18,Vancouver,BC,24.9,16.4,25.6
2024-07-19,Vancouver,BC,24.7,15.9,20.7
2024-07-20,Vancouver,BC,26.9,17.0,11.5
2024-07-21,Vancouver,BC,24.7,17.1,17.1
2024-07-22,Vancouver,BC,23.0,14.8,23.1
2024-07-23,Vancouver,BC,22.7,13.0,22.5
2024-07-24,Vancouver,BC,22.2,13.6,20.5
2024-07-25,Vancouver,BC,21.1,15.6,28.1
2024-07-26,Vancouver,BC,21.1,12.3,14.2
2024-07-27,Vancouver,BC,22.1,14.0,13.6
2024-07-28,Vancouver,BC,22.7,14.0,22.3
2024-07-29,Vancouver,BC,17.9,15.5,23.1
2024-07-30,Vancouver,BC,19.8,15.7,15.1
2024-07-31,Vancouver,BC,22.4,16.7,10.7
2024-08-01,Vancouver,BC,24.6,16.1,17.6
2024-08-02,Vancouver,BC,26.1,15.1,13.6
2024-08-03,Vancouver,BC,23.6,15.7,12.8
2024-08-04,Vancouver,BC,25.0,16.2,10.3
2024-08-05,Vancouver,BC,24.5,15.4,17.6
2024-08-06,Vancouver,BC,21.0,14.6,19.9
2024-08-07,Vancouver,BC,24.8,14.4,17.8
2024-08-08,Vancouver,BC,26.7,14.9,10.2
2024-08-09,Vancouver,BC,28.3,16.3,12.7
2024-08-10,Vancouver,BC,24.8,15.9,12.4
2024-08-11,Vancouver,BC,21.5,15.7,20.8
2024-08-12,Vancouver,BC,19.8,15.3,16.3
2024-08-13,Vancouver,BC,21.1,15.4,15.9
2024-08-14,Vancouver,BC,22.7,15.7,14.8
2024-08-15,Vancouver,BC,24.0,14.0,13.2
2024-08-16,Vancouver,BC,22.5,14.4,14.1
2024-08-17,Vancouver,BC,25.1,16.2,21.9
2024-08-18,Vancouver,BC,21.9,15.7,21.8
2024-08-19,Vancouver,BC,21.0,14.2,15.1
2024-08-20,Vancouver,BC,20.7,15.2,15.5
2024-08-21,Vancouver,BC,18.6,14.0,17.8
2024-08-22,Vancouver,BC,19.4,14.0,18.1
2024-08-23,Vancouver,BC,17.6,13.2,13.3
2024-08-24,Vancouver,BC,18.8,13.7,18.5
2024-08-25,Vancouver,BC,20.1,13.2,18.1
2024-08-26,Vancouver,BC,19.4,13.7,12.4
2024-08-27,Vancouver,BC,17.0,12.6,33.7
2024-08-28,Vancouver,BC,16.6,10.1,18.4
2024-08-29,Vancouver,BC,20.1,12.2,16.0
2024-08-30,Vancouver,BC,21.3,14.5,12.3
2024-08-31,Vancouver,BC,23.7,15.5,12.0
2024-09-01,Vancouver,BC,24.7,15.1,14.4
2024-09-02,Vancouver,BC,19.9,14.4,22.0
2024-09-03,Vancouver,BC,19.2,14.1,11.3
2024-09-04,Vancouver,BC,22.4,13.9,12.2
2024-09-05,Vancouver,BC,25.7,17.7,10.7
2024-09-06,Vancouver,BC,26.1,16.8,11.9
2024-09-07,Vancouver,BC,25.2,16.9,12.1
2024-09-08,Vancouver,BC,23.1,14.4,12.8
2024-09-09,Vancouver,BC,19.3,14.0,10.9
2024-09-10,Vancouver,BC,19.6,12.9,16.8
2024-09-11,Vancouver,BC,16.4,13.0,13.4
2024-09-12,Vancouver,BC,18.1,12.6,12.6
2024-09-13,Vancouver,BC,15.8,12.0,17.7
2024-09-14,Vancouver,BC,16.4,12.4,13.4
2024-09-15,Vancouver,BC,16.6,10.9,22.1
2024-09-16,Vancouver,BC,18.1,10.9,13.6
2024-09-17,Vancouver,BC,15.4,11.5,22.7
2024-09-18,Vancouver,BC,17.7,11.9,12.9
2024-09-19,Vancouver,BC,16.3,11.2,11.6
2024-09-20,Vancouver,BC,15.8,11.0,12.5
2024-09-21,Vancouver,BC,16.8,9.9,12.3
2024-09-22,Vancouver,BC,15.6,11.0,16.6
2024-09-23,Vancouver,BC,17.8,13.9,16.9
2024-09-24,Vancouver,BC,20.4,13.1,9.6
2024-09-25,Vancouver,BC,16.0,12.2,17.7
2024-09-26,Vancouver,BC,13.2,9.9,22.7
2024-09-27,Vancouver,BC,16.6,9.9,14.4
2024-09-28,Vancouver,BC,13.7,9.2,21.2
2024-09-29,Vancouver,BC,13.6,8.7,28.3
2024-09-30,Vancouver,BC,14.3,6.1,9.8
2024-10-01,Vancouver,BC,12.4,9.1,9.1
2024-10-02,Vancouver,BC,13.9,8.5,11.4
2024-10-03,Vancouver,BC,14.1,6.5,10.4
2024-10-04,Vancouver,BC,14.7,9.7,22.3
2024-10-05,Vancouver,BC,15.1,8.1,14.8
2024-10-06,Vancouver,BC,16.6,10.6,12.6
2024-10-07,Vancouver,BC,19.9,9.5,10.4
2024-10-08,Vancouver,BC,15.0,12.2,19.9
2024-10-09,Vancouver,BC,14.4,9.3,13.1
2024-10-10,Vancouver,BC,12.7,7.8,17.0
2024-10-11,Vancouver,BC,14.3,7.2,9.0
2024-10-12,Vancouver,BC,17.7,8.3,9.9
2024-10-13,Vancouver,BC,17.8,9.2,11.9
2024-10-14,Vancouver,BC,15.4,11.4,22.5
2024-10-15,Vancouver,BC,13.2,10.4,13.0
2024-10-16,Vancouver,BC,12.8,7.0,19.0
2024-10-17,Vancouver,BC,10.6,5.5,15.7
2024-10-18,Vancouver,BC,9.0,6.7,24.3
2024-10-19,Vancouver,BC,13.3,9.2,23.6
2024-10-20,Vancouver,BC,13.3,9.0,27.4
2024-10-21,Vancouver,BC,11.2,7.5,9.7
2024-10-22,Vancouver,BC,11.4,7.7,13.0
2024-10-23,Vancouver,BC,9.4,5.7,13.6
2024-10-24,Vancouver,BC,10.0,3.9,14.0
2024-10-25,Vancouver,BC,10.6,4.0,13.5
2024-10-26,Vancouver,BC,13.9,9.8,23.2
2024-10-27,Vancouver,BC,11.9,8.3,18.8
2024-10-28,Vancouver,BC,10.3,7.7,15.2
2024-10-29,Vancouver,BC,10.0,6.8,12.1
2024-10-30,Vancouver,BC,10.1,6.4,21.9
2024-10-31,Vancouver,BC,10.9,5.9,18.9
2024-11-01,Vancouver,BC,8.8,6.6,25.5
2024-11-02,Vancouver,BC,8.8,5.9,14.5
2024-11-03,Vancouver,BC,9.0,6.0,20.8
2024-11-04,Vancouver,BC,10.7,6.7,52.5
2024-11-05,Vancouver,BC,9.0,4.0,29.5
2024-11-06,Vancouver,BC,9.4,4.9,7.6
2024-11-07,Vancouver,BC,12.7,6.2,8.7
2024-11-08,Vancouver,BC,11.5,8.2,15.3
2024-11-09,Vancouver,BC,10.1,8.1,15.5
2024-11-10,Vancouver,BC,12.3,8.0,21.7
2024-11-11,Vancouver,BC,10.5,7.5,28.1
2024-11-12,Vancouver,BC,8.8,6.9,31.8
2024-11-13,Vancouver,BC,9.6,7.6,30.2
2024-11-14,Vancouver,BC,9.3,5.6,16.9
2024-11-15,Vancouver,BC,6.6,3.0,6.8
2024-11-16,Vancouver,BC,5.3,2.3,24.5
2024-11-17,Vancouver,BC,7.9,1.9,22.0
2024-11-18,Vancouver,BC,4.8,0.4,15.9
2024-11-19,Vancouver,BC,7.3,1.5,33.9
2024-11-20,Vancouver,BC,8.9,5.0,25.0
2024-11-21,Vancouver,BC,10.6,3.2,17.7
2024-11-22,Vancouver,BC,10.5,3.8,29.8
2024-11-23,Vancouver,BC,6.8,3.0,20.7
2024-11-24,Vancouver,BC,6.6,3.3,16.1
2024-11-25,Vancouver,BC,4.9,3.2,7.6
2024-11-26,Vancouver,BC,5.0,1.0,4.9
2024-11-27,Vancouver,BC,4.9,1.8,6.6
2024-11-28,Vancouver,BC,5.2,0.8,4.3
2024-11-29,Vancouver,BC,4.2,1.9,15.0
2024-11-30,Vancouver,BC,5.4,3.9,15.0
2024-12-01,Vancouver,BC,7.5,2.9,10.3
2024-12-02,Vancouver,BC,6.2,1.5,7.3
2024-12-03,Vancouver,BC,6.8,2.4,8.4
2024-12-04,Vancouver,BC,7.1,2.5,8.1
2024-12-05,Vancouver,BC,7.1,1.0,9.6
2024-12-06,Vancouver,BC,10.3,5.0,18.3
2024-12-07,Vancouver,BC,9.9,5.6,23.3
2024-12-08,Vancouver,BC,6.8,3.4,21.3
2024-12-09,Vancouver,BC,6.7,3.1,7.7
2024-12-10,Vancouver,BC,5.3,2.0,9.6
2024-12-11,Vancouver,BC,8.7,2.8,11.2
2024-12-12,Vancouver,BC,4.5,1.0,9.3
2024-12-13,Vancouver,BC,7.7,4.5,23.6
2024-12-14,Vancouver,BC,8.1,5.2,33.5
2024-12-15,Vancouver,BC,5.2,1.7,16.9
2024-12-16,Vancouver,BC,5.0,1.2,12.0
2024-12-17,Vancouver,BC,6.6,2.2,22.8
2024-12-18,Vancouver,BC,9.3,5.6,32.7
2024-12-19,Vancouver,BC,9.4,6.0,19.5
2024-12-20,Vancouver,BC,11.9,8.2,19.8
2024-12-21,Vancouver,BC,10.2,5.8,20.4
2024-12-22,Vancouver,BC,9.4,5.7,28.7
2024-12-23,Vancouver,BC,9.9,4.9,22.8
2024-12-24,Vancouver,BC,11.7,3.2,31.3
2024-12-25,Vancouver,BC,5.8,2.8,29.0
2024-12-26,Vancouver,BC,6.7,4.0,22.8
2024-12-27,Vancouver,BC,7.0,3.9,17.7
2024-12-28,Vancouver,BC,8.5,4.9,23.4
2024-12-29,Vancouver,BC,6.2,3.4,17.7
2024-12-30,Vancouver,BC,4.8,2.8,18.9
2024-12-31,Vancouver,BC,6.1,3.0,10.2
2025-01-01,Vancouver,BC,4.7,2.2,9.3
2025-01-02,Vancouver,BC,4.9,1.1,12.6
2025-01-03,Vancouver,BC,5.2,1.9,8.9
2025-01-04,Vancouver,BC,7.6,4.8,15.3
2025-01-05,Vancouver,BC,7.7,3.6,14.1
2025-01-06,Vancouver,BC,6.8,2.8,10.3
2025-01-07,Vancouver,BC,5.2,1.9,11.2
2025-01-08,Vancouver,BC,8.0,2.2,13.3
2025-01-09,Vancouver,BC,8.9,1.6,11.2
2025-01-10,Vancouver,BC,7.5,4.4,32.4
2025-01-11,Vancouver,BC,6.1,2.8,9.0
2025-01-12,Vancouver,BC,6.0,2.6,11.0
2025-01-13,Vancouver,BC,4.7,-0.1,11.8
2025-01-14,Vancouver,BC,6.1,1.1,8.6
2025-01-15,Vancouver,BC,7.6,1.6,11.7
2025-01-16,Vancouver,BC,5.8,1.2,28.5
2025-01-17,Vancouver,BC,4.9,-0.4,12.1
2025-01-18,Vancouver,BC,5.0,-0.4,12.0
2025-01-19,Vancouver,BC,5.0,-0.8,10.2
2025-01-20,Vancouver,BC,3.8,-1.9,7.9
2025-01-21,Vancouver,BC,3.1,-0.6,10.4
2025-01-22,Vancouver,BC,4.3,-0.3,10.7
2025-01-23,Vancouver,BC,4.4,-1.4,8.7
2025-01-24,Vancouver,BC,4.8,-1.3,11.0
2025-01-25,Vancouver,BC,4.5,-0.4,11.1
2025-01-26,Vancouver,BC,4.9,-1.8,6.6
2025-01-27,Vancouver,BC,5.1,-0.1,11.7
2025-01-28,Vancouver,BC,5.8,-1.7,6.4
2025-01-29,Vancouver,BC,4.7,-1.8,6.9
2025-01-30,Vancouver,BC,3.1,1.3,14.8
2025-01-31,Vancouver,BC,6.1,2.3,32.7
2025-02-01,Vancouver,BC,2.9,-3.3,23.4
2025-02-02,Vancouver,BC,-1.0,-3.0,21.7
2025-02-03,Vancouver,BC,-2.4,-5.8,17.6
2025-02-04,Vancouver,BC,-4.7,-8.2,7.9
2025-02-05,Vancouver,BC,-1.9,-9.1,5.8
2025-02-06,Vancouver,BC,0.2,-5.7,7.2
2025-02-07,Vancouver,BC,-0.6,-8.5,8.9
2025-02-08,Vancouver,BC,1.8,-4.3,10.2
2025-02-09,Vancouver,BC,1.4,-5.6,6.8
2025-02-10,Vancouver,BC,-0.1,-6.3,4.5
2025-02-11,Vancouver,BC,-0.5,-8.7,8.3
2025-02-12,Vancouver,BC,0.8,-6.9,4.8
2025-02-13,Vancouver,BC,1.6,-5.6,6.6
2025-02-14,Vancouver,BC,3.9,-3.9,15.1
2025-02-15,Vancouver,BC,4.1,0.5,14.8
2025-02-16,Vancouver,BC,4.8,2.0,13.8
2025-02-17,Vancouver,BC,7.0,1.8,8.1
2025-02-18,Vancouver,BC,8.9,1.4,16.4
2025-02-19,Vancouver,BC,8.6,5.7,29.6
2025-02-20,Vancouver,BC,7.5,5.2,14.1
2025-02-21,Vancouver,BC,7.5,5.1,20.6
2025-02-22,Vancouver,BC,9.5,6.7,20.2
2025-02-23,Vancouver,BC,12.0,5.5,19.3
2025-02-24,Vancouver,BC,11.4,5.0,25.9
2025-02-25,Vancouver,BC,10.0,4.8,30.9
2025-02-26,Vancouver,BC,13.1,5.4,15.7
2025-02-27,Vancouver,BC,11.3,7.1,17.7
2025-02-28,Vancouver,BC,12.6,5.6,9.5
2025-03-01,Vancouver,BC,11.7,4.6,8.4
2025-03-02,Vancouver,BC,9.3,3.7,9.3
2025-03-03,Vancouver,BC,9.4,5.3,12.2
2025-03-04,Vancouver,BC,8.6,5.4,19.6
2025-03-05,Vancouver,BC,8.9,2.5,16.4
2025-03-06,Vancouver,BC,8.8,3.2,11.7
2025-03-07,Vancouver,BC,7.5,3.2,19.3
2025-03-08,Vancouver,BC,8.4,5.1,21.5
2025-03-09,Vancouver,BC,8.7,4.7,22.1
2025-03-10,Vancouver,BC,6.9,2.8,15.0
2025-03-11,Vancouver,BC,5.5,3.3,15.8
2025-03-12,Vancouver,BC,7.3,4.0,19.3
2025-03-13,Vancouver,BC,6.9,1.0,23.2
2025-03-14,Vancouver,BC,8.8,0.6,18.6
2025-03-15,Vancouver,BC,5.9,1.4,19.8
2025-03-16,Vancouver,BC,6.3,1.1,17.8
2025-03-17,Vancouver,BC,7.3,0.1,17.7
2025-03-18,Vancouver,BC,7.6,0.7,13.1
2025-03-19,Vancouver,BC,8.6,5.1,26.6
2025-03-20,Vancouver,BC,8.0,3.8,21.5
2025-03-21,Vancouver,BC,8.9,3.3,19.1
2025-03-22,Vancouver,BC,9.0,3.4,14.1
2025-03-23,Vancouver,BC,8.6,3.8,22.2
2025-03-24,Vancouver,BC,10.5,6.8,10.7
2025-03-25,Vancouver,BC,16.7,8.1,11.2
2025-03-26,Vancouver,BC,17.9,8.2,19.9
2025-03-27,Vancouver,BC,13.5,9.0,21.0
2025-03-28,Vancouver,BC,10.2,6.5,21.5
2025-03-29,Vancouver,BC,10.5,5.1,18.3
2025-03-30,Vancouver,BC,14.5,3.7,11.0
2025-03-31,Vancouver,BC,10.2,6.4,15.5
2025-04-01,Vancouver,BC,11.4,5.2,10.9
2025-04-02,Vancouver,BC,9.8,4.6,11.3
2025-04-03,Vancouver,BC,10.9,3.3,7.4
2025-04-04,Vancouver,BC,13.5,4.3,6.5
2025-04-05,Vancouver,BC,17.0,6.2,6.8
2025-04-06,Vancouver,BC,15.0,8.5,20.7
2025-04-07,Vancouver,BC,11.8,7.2,16.1
2025-04-08,Vancouver,BC,9.2,6.5,21.9
2025-04-09,Vancouver,BC,12.6,5.8,13.5
2025-04-10,Vancouver,BC,13.5,7.7,21.7
2025-04-11,Vancouver,BC,10.0,4.9,18.9
2025-04-12,Vancouver,BC,10.5,5.7,27.6
2025-04-13,Vancouver,BC,11.4,3.5,11.7
2025-04-14,Vancouver,BC,13.5,6.5,18.6
2025-04-15,Vancouver,BC,12.0,5.8,19.5
2025-04-16,Vancouver,BC,12.8,5.5,21.4
2025-04-17,Vancouver,BC,14.5,5.1,9.6
2025-04-18,Vancouver,BC,16.1,6.8,20.7
2025-04-19,Vancouver,BC,12.6,6.8,27.8
2025-04-20,Vancouver,BC,11.0,7.0,20.4
2025-04-21,Vancouver,BC,10.4,5.6,17.7
2025-04-22,Vancouver,BC,11.9,4.9,12.1
2025-04-23,Vancouver,BC,14.2,5.2,10.3
2025-04-24,Vancouver,BC,17.8,6.6,9.6
2025-04-25,Vancouver,BC,17.9,9.7,18.8
2025-04-26,Vancouver,BC,14.5,8.6,20.4
2025-04-27,Vancouver,BC,13.6,7.4,11.8
2025-04-28,Vancouver,BC,10.6,8.4,17.0
2025-04-29,Vancouver,BC,13.3,8.8,19.1
2025-04-30,Vancouver,BC,13.3,7.0,13.7
2025-05-01,Vancouver,BC,18.4,7.8,7.7
2025-05-02,Vancouver,BC,20.0,10.0,17.1
2025-05-03,Vancouver,BC,12.7,9.0,22.2
2025-05-04,Vancouver,BC,13.8,6.4,17.4
2025-05-05,Vancouver,BC,16.0,7.1,11.2
2025-05-06,Vancouver,BC,21.4,9.5,6.1
2025-05-07,Vancouver,BC,16.0,10.1,22.2
2025-05-08,Vancouver,BC,14.3,7.7,17.5
2025-05-09,Vancouver,BC,16.0,10.1,9.7
2025-05-10,Vancouver,BC,16.4,11.6,13.8
2025-05-11,Vancouver,BC,15.4,10.5,17.3
2025-05-12,Vancouver,BC,16.0,8.2,14.0
2025-05-13,Vancouver,BC,16.6,9.4,14.6
2025-05-14,Vancouver,BC,15.7,10.1,20.3
2025-05-15,Vancouver,BC,11.4,8.4,18.3
2025-05-16,Vancouver,BC,11.9,8.3,12.6
2025-05-17,Vancouver,BC,12.7,9.7,22.5
2025-05-18,Vancouver,BC,13.9,8.8,26.1
2025-05-19,Vancouver,BC,13.0,7.9,19.2
2025-05-20,Vancouver,BC,13.5,6.7,17.2
2025-05-21,Vancouver,BC,13.9,8.4,12.1
2025-05-22,Vancouver,BC,16.0,9.0,11.0
2025-05-23,Vancouver,BC,15.0,9.5,14.8
2025-05-24,Vancouver,BC,20.0,10.0,11.3
2025-05-25,Vancouver,BC,18.3,11.5,16.8
2025-05-26,Vancouver,BC,16.8,11.7,16.8
2025-05-27,Vancouver,BC,18.3,11.1,11.6
2025-05-28,Vancouver,BC,25.7,13.3,9.8
2025-05-29,Vancouver,BC,18.7,12.5,15.2
2025-05-30,Vancouver,BC,20.2,11.2,13.5
2025-05-31,Vancouver,BC,15.2,12.7,25.6
2025-06-01,Vancouver,BC,15.1,9.9,19.6
2025-06-02,Vancouver,BC,16.3,10.2,16.6
2025-06-03,Vancouver,BC,18.0,10.2,12.1
2025-06-04,Vancouver,BC,17.2,11.2,12.4
2025-06-05,Vancouver,BC,20.1,11.3,13.9
2025-06-06,Vancouver,BC,20.4,13.4,12.4
2025-06-07,Vancouver,BC,23.0,13.5,16.7
2025-06-08,Vancouver,BC,26.1,15.9,14.4
2025-06-09,Vancouver,BC,22.0,13.2,16.0
2025-06-10,Vancouver,BC,21.4,13.0,11.3
2025-06-11,Vancouver,BC,20.3,12.6,10.2
2025-06-12,Vancouver,BC,16.3,12.4,18.9
2025-06-13,Vancouver,BC,17.2,11.2,12.8
2025-06-14,Vancouver,BC,17.9,10.7,11.6
2025-06-15,Vancouver,BC,20.2,10.7,12.1
2025-06-16,Vancouver,BC,21.6,11.7,13.2
2025-06-17,Vancouver,BC,20.5,11.9,17.6
2025-06-18,Vancouver,BC,19.4,14.2,15.0
2025-06-19,Vancouver,BC,19.1,11.1,12.4
2025-06-20,Vancouver,BC,16.2,11.9,12.5
2025-06-21,Vancouver,BC,16.4,11.3,14.6
2025-06-22,Vancouver,BC,18.2,11.4,11.3
2025-06-23,Vancouver,BC,19.4,13.2,13.7
2025-06-24,Vancouver,BC,21.5,12.5,7.6
2025-06-25,Vancouver,BC,18.7,13.6,17.9
2025-06-26,Vancouver,BC,16.0,13.0,14.4
2025-06-27,Vancouver,BC,16.5,12.4,12.0
2025-06-28,Vancouver,BC,19.4,13.1,10.2
2025-06-29,Vancouver,BC,23.1,12.7,12.5
2025-06-30,Vancouver,BC,25.4,15.5,9.2
2025-07-01,Vancouver,BC,24.6,15.6,8.9
2025-07-02,Vancouver,BC,22.2,14.1,12.5
2025-07-03,Vancouver,BC,20.8,12.3,13.8
2025-07-04,Vancouver,BC,22.9,13.3,15.5
2025-07-05,Vancouver,BC,21.3,12.8,18.0
2025-07-06,Vancouver,BC,23.1,13.7,12.4
2025-07-07,Vancouver,BC,25.1,14.9,10.9
2025-07-08,Vancouver,BC,25.3,16.0,18.2
2025-07-09,Vancouver,BC,20.1,16.4,18.4
2025-07-10,Vancouver,BC,20.0,13.5,19.0
2025-07-11,Vancouver,BC,23.1,14.1,8.5
2025-07-12,Vancouver,BC,23.9,16.3,9.4
2025-07-13,Vancouver,BC,27.7,17.1,11.2
2025-07-14,Vancouver,BC,23.7,17.7,26.5
2025-07-15,Vancouver,BC,28.5,17.3,14.5
2025-07-16,Vancouver,BC,26.3,17.3,15.2
2025-07-17,Vancouver,BC,26.4,17.1,15.7
2025-07-18,Vancouver,BC,22.7,16.3,16.4
2025-07-19,Vancouver,BC,20.9,13.3,16.8
2025-07-20,Vancouver,BC,21.2,13.4,12.6
2025-07-21,Vancouver,BC,23.5,14.5,15.9
2025-07-22,Vancouver,BC,22.5,15.8,20.0
2025-07-23,Vancouver,BC,24.4,16.5,15.3
2025-07-24,Vancouver,BC,24.3,16.4,15.3
2025-07-25,Vancouver,BC,20.3,14.0,16.0
2025-07-26,Vancouver,BC,21.8,12.9,11.7
2025-07-27,Vancouver,BC,22.0,13.5,13.7
2025-07-28,Vancouver,BC,23.9,13.8,12.0
2025-07-29,Vancouver,BC,26.2,14.3,10.3
2025-07-30,Vancouver,BC,26.2,15.0,9.3
2025-07-31,Vancouver,BC,25.3,16.2,14.8
2025-08-01,Vancouver,BC,25.1,16.5,18.6
2025-08-02,Vancouver,BC,24.5,15.5,14.5
2025-08-03,Vancouver,BC,21.5,14.5,13.3
2025-08-04,Vancouver,BC,22.3,15.4,14.9
2025-08-05,Vancouver,BC,21.8,15.2,19.3
2025-08-06,Vancouver,BC,20.4,15.4,20.4
2025-08-07,Vancouver,BC,19.2,14.9,18.2
2025-08-08,Vancouver,BC,20.6,12.9,9.5
2025-08-09,Vancouver,BC,22.1,13.8,10.5
2025-08-10,Vancouver,BC,24.4,16.4,10.9
2025-08-11,Vancouver,BC,27.2,18.2,19.0
2025-08-12,Vancouver,BC,27.1,18.0,17.8
2025-08-13,Vancouver,BC,24.4,17.3,15.0
2025-08-14,Vancouver,BC,20.5,14.9,18.6
2025-08-15,Vancouver,BC,17.4,15.4,20.7
2025-08-16,Vancouver,BC,20.2,15.0,15.7
2025-08-17,Vancouver,BC,20.6,14.9,14.7
2025-08-18,Vancouver,BC,20.2,15.4,9.5
2025-08-19,Vancouver,BC,20.9,15.7,12.5
2025-08-20,Vancouver,BC,20.0,14.5,9.2
2025-08-21,Vancouver,BC,21.2,13.9,12.3
2025-08-22,Vancouver,BC,25.4,15.9,10.8
2025-08-23,Vancouver,BC,26.5,16.9,11.0
2025-08-24,Vancouver,BC,25.9,17.6,6.9
2025-08-25,Vancouver,BC,26.7,15.9,8.5
2025-08-26,Vancouver,BC,26.2,14.9,8.6
2025-08-27,Vancouver,BC,25.5,15.6,13.5
2025-08-28,Vancouver,BC,23.6,17.8,13.9
2025-08-29,Vancouver,BC,25.2,16.5,19.1
2025-08-30,Vancouver,BC,22.4,16.0,20.7
2025-08-31,Vancouver,BC,24.5,15.9,14.1
2025-09-01,Vancouver,BC,21.1,16.1,17.8
2025-09-02,Vancouver,BC,22.9,13.6,10.7
2025-09-03,Vancouver,BC,24.4,16.6,9.7
2025-09-04,Vancouver,BC,22.9,14.7,8.7
2025-09-05,Vancouver,BC,22.8,14.5,9.7
2025-09-06,Vancouver,BC,22.9,15.0,16.1
2025-09-07,Vancouver,BC,21.2,15.9,19.1
2025-09-08,Vancouver,BC,20.7,15.8,14.2
2025-09-09,Vancouver,BC,20.6,15.0,10.1
2025-09-10,Vancouver,BC,20.9,14.4,8.0
2025-09-11,Vancouver,BC,20.2,13.6,17.1
2025-09-12,Vancouver,BC,20.3,14.8,17.9
2025-09-13,Vancouver,BC,22.0,13.9,12.2
2025-09-14,Vancouver,BC,17.3,14.9,14.1
2025-09-15,Vancouver,BC,18.2,12.6,12.3
2025-09-16,Vancouver,BC,24.5,13.7,8.4
2025-09-17,Vancouver,BC,21.4,15.8,24.6
2025-09-18,Vancouver,BC,18.3,13.3,15.5
2025-09-19,Vancouver,BC,20.0,11.3,7.4
2025-09-20,Vancouver,BC,21.3,12.0,17.7
2025-09-21,Vancouver,BC,17.3,13.1,21.7
2025-09-22,Vancouver,BC,18.4,11.4,15.8
2025-09-23,Vancouver,BC,19.0,11.9,12.3
2025-09-24,Vancouver,BC,16.6,12.6,13.0
2025-09-25,Vancouver,BC,14.1,9.8,8.1
2025-09-26,Vancouver,BC,15.8,10.5,15.0
2025-09-27,Vancouver,BC,17.2,12.7,18.1
2025-09-28,Vancouver,BC,19.7,12.7,18.2
2025-09-29,Vancouver,BC,15.4,13.2,21.5
2025-09-30,Vancouver,BC,17.8,12.1,21.0
2025-10-01,Vancouver,BC,17.3,11.2,21.1
2025-10-02,Vancouver,BC,16.2,12.0,20.3
2025-10-03,Vancouver,BC,15.0,9.8,7.9
2025-10-04,Vancouver,BC,14.9,9.3,9.5
2025-10-05,Vancouver,BC,14.9,8.9,11.7
2025-10-06,Vancouver,BC,16.1,9.8,8.0
2025-10-07,Vancouver,BC,15.9,10.5,13.1
2025-10-08,Vancouver,BC,13.5,9.7,9.9
2025-10-09,Vancouver,BC,13.5,9.0,18.3
2025-10-10,Vancouver,BC,13.4,8.1,17.5
2025-10-11,Vancouver,BC,12.5,9.5,16.6
2025-10-12,Vancouver,BC,10.5,6.9,13.5
2025-10-13,Vancouver,BC,12.0,4.7,19.0
2025-10-14,Vancouver,BC,12.1,3.7,10.6
2025-10-15,Vancouver,BC,12.2,3.6,5.4
2025-10-16,Vancouver,BC,11.3,5.2,14.8
2025-10-17,Vancouver,BC,11.8,7.4,26.0
2025-10-18,Vancouver,BC,9.7,7.5,25.7
2025-10-19,Vancouver,BC,12.0,7.3,23.9
2025-10-20,Vancouver,BC,11.6,6.9,13.4
2025-10-21,Vancouver,BC,13.6,7.5,11.7
2025-10-22,Vancouver,BC,11.5,5.7,17.0
2025-10-23,Vancouver,BC,15.0,8.9,18.4
2025-10-24,Vancouver,BC,12.9,8.9,23.4
2025-10-25,Vancouver,BC,9.5,6.9,26.9
2025-10-26,Vancouver,BC,8.9,5.4,30.5
2025-10-27,Vancouver,BC,9.5,4.0,14.6
2025-10-28,Vancouver,BC,10.3,5.1,22.9
2025-10-29,Vancouver,BC,13.0,6.6,11.7
2025-10-30,Vancouver,BC,10.2,5.0,8.2
2025-10-31,Vancouver,BC,10.3,6.1,18.9
2025-11-01,Vancouver,BC,10.5,5.8,24.9
2025-11-02,Vancouver,BC,10.1,3.5,15.3
2025-11-03,Vancouver,BC,10.5,5.0,8.5
2025-11-04,Vancouver,BC,12.0,2.4,12.6
2025-11-05,Vancouver,BC,12.2,8.0,29.2
2025-11-06,Vancouver,BC,11.1,8.2,35.2
2025-11-07,Vancouver,BC,10.9,6.7,15.1
2025-11-08,Vancouver,BC,10.3,4.6,13.7
2025-11-09,Vancouver,BC,14.3,6.0,16.0
2025-11-10,Vancouver,BC,12.5,9.0,19.8
2025-11-11,Vancouver,BC,10.4,4.3,11.0
2025-11-12,Vancouver,BC,10.3,5.2,15.4
2025-11-13,Vancouver,BC,10.9,5.6,19.2
2025-11-14,Vancouver,BC,7.8,4.8,18.2
2025-11-15,Vancouver,BC,10.5,6.0,11.1
2025-11-16,Vancouver,BC,11.3,8.6,16.8
2025-11-17,Vancouver,BC,10.8,6.2,19.2
2025-11-18,Vancouver,BC,7.9,4.4,13.7
2025-11-19,Vancouver,BC,8.7,2.9,8.8
2025-11-20,Vancouver,BC,10.0,5.4,13.7
2025-11-21,Vancouver,BC,8.1,6.1,14.1
2025-11-22,Vancouver,BC,9.6,8.1,17.5
2025-11-23,Vancouver,BC,9.3,5.6,19.1
2025-11-24,Vancouver,BC,5.6,2.3,17.3
2025-11-25,Vancouver,BC,5.8,4.2,16.8
2025-11-26,Vancouver,BC,8.7,5.9,11.2
2025-11-27,Vancouver,BC,7.4,5.7,10.1
2025-11-28,Vancouver,BC,8.2,3.7,8.6
2025-11-29,Vancouver,BC,6.1,3.0,12.9
2025-11-30,Vancouver,BC,5.2,-0.1,5.4
2025-12-01,Vancouver,BC,5.3,2.5,10.3
2025-12-02,Vancouver,BC,6.8,3.1,7.3
2025-12-03,Vancouver,BC,5.7,3.2,8.4
2025-12-04,Vancouver,BC,5.8,4.9,13.7
2025-12-05,Vancouver,BC,7.3,5.5,16.3
2025-12-06,Vancouver,BC,9.8,4.9,16.4
2025-12-07,Vancouver,BC,9.0,5.8,17.2
2025-12-08,Vancouver,BC,11.1,6.2,23.9
2025-12-09,Vancouver,BC,8.8,3.9,19.8
2025-12-10,Vancouver,BC,9.6,6.0,16.4
2025-12-11,Vancouver,BC,10.2,5.5,21.7
2025-12-12,Vancouver,BC,8.0,5.6,12.9
2025-12-13,Vancouver,BC,12.1,8.3,13.5
2025-12-14,Vancouver,BC,10.7,8.8,20.3
2025-12-15,Vancouver,BC,13.2,7.2,36.7
2025-12-16,Vancouver,BC,8.8,4.7,17.8
2025-12-17,Vancouver,BC,8.3,3.9,40.1
2025-12-18,Vancouver,BC,9.3,4.2,32.4
2025-12-19,Vancouver,BC,5.0,0.6,23.6
2025-12-20,Vancouver,BC,4.4,2.0,17.8
2025-12-21,Vancouver,BC,5.0,1.3,18.8
2025-12-22,Vancouver,BC,5.0,0.0,25.2
2025-12-23,Vancouver,BC,5.3,0.7,18.1
2025-12-24,Vancouver,BC,3.5,0.5,17.8
2025-12-25,Vancouver,BC,4.1,0.6,14.1
2025-12-26,Vancouver,BC,4.1,1.5,27.6
2025-12-27,Vancouver,BC,1.3,-0.7,10.8
2025-12-28,Vancouver,BC,2.3,-1.1,8.3
2025-12-29,Vancouver,BC,5.5,1.6,9.6
2025-12-30,Vancouver,BC,4.3,2.0,8.0
2025-12-31,Vancouver,BC,5.2,1.3,7.7
2026-01-01,Vancouver,BC,4.3,1.0,9.1
2026-01-02,Vancouver,BC,7.8,2.2,8.9
2026-01-03,Vancouver,BC,7.9,4.3,16.8
2026-01-04,Vancouver,BC,8.2,3.7,17.5
2026-01-05,Vancouver,BC,5.4,2.5,14.4
2026-01-06,Vancouver,BC,5.4,2.7,25.7
2026-01-07,Vancouver,BC,4.1,0.9,19.3
2026-01-08,Vancouver,BC,5.8,-1.2,25.1
2026-01-09,Vancouver,BC,7.0,3.5,16.2
2026-01-10,Vancouver,BC,7.8,5.3,19.9
2026-01-11,Vancouver,BC,8.0,6.3,20.8
2026-01-12,Vancouver,BC,9.9,8.0,21.6
2026-01-13,Vancouver,BC,13.2,8.6,13.2
2026-01-14,Vancouver,BC,8.8,6.3,9.9
2026-01-15,Vancouver,BC,7.5,5.3,15.2
2026-01-16,Vancouver,BC,8.1,3.4,9.0
2026-01-17,Vancouver,BC,6.3,2.4,8.9
2026-01-18,Vancouver,BC,6.9,2.5,8.0
2026-01-19,Vancouver,BC,6.2,1.4,8.8
2026-01-20,Vancouver,BC,7.3,1.1,10.6
2026-01-21,Vancouver,BC,5.5,1.0,6.7
2026-01-22,Vancouver,BC,4.6,-1.3,7.2
2026-01-23,Vancouver,BC,4.6,0.8,9.3
2026-01-24,Vancouver,BC,3.6,-2.0,8.1
2026-01-25,Vancouver,BC,3.9,-3.0,7.1
2026-01-26,Vancouver,BC,3.7,-0.9,4.8
2026-01-27,Vancouver,BC,8.7,1.0,15.1
2026-01-28,Vancouver,BC,8.5,4.6,21.4
2026-01-29,Vancouver,BC,10.3,7.3,21.2
2026-01-30,Vancouver,BC,10.9,8.3,27.2
2026-01-31,Vancouver,BC,10.3,7.6,14.9
2026-02-01,Vancouver,BC,9.1,6.7,19.1
2026-02-02,Vancouver,BC,8.2,6.3,21.1
2026-02-03,Vancouver,BC,11.7,6.9,11.1
2026-02-04,Vancouver,BC,14.5,8.1,7.9
2026-02-05,Vancouver,BC,9.7,5.5,8.8
2026-02-06,Vancouver,BC,12.3,4.1,17.8
2026-02-07,Vancouver,BC,10.4,6.6,22.6
2026-02-08,Vancouver,BC,10.1,3.9,12.4
2026-02-09,Vancouver,BC,7.7,3.9,17.0
2026-02-10,Vancouver,BC,10.0,3.1,16.9
2026-02-11,Vancouver,BC,7.8,2.7,9.2
2026-02-12,Vancouver,BC,7.1,3.0,14.1
2026-02-13,Vancouver,BC,6.7,4.2,15.2
2026-02-14,Vancouver,BC,6.5,1.1,17.0
2026-02-15,Vancouver,BC,4.9,-0.1,7.3
2026-02-16,Vancouver,BC,4.9,0.8,19.3
2026-02-17,Vancouver,BC,3.9,-0.3,16.3
2026-02-18,Vancouver,BC,2.5,-1.9,8.9
2026-02-19,Vancouver,BC,0.3,-3.6,10.8
2026-02-20,Vancouver,BC,2.6,-5.1,12.3
2026-02-21,Vancouver,BC,6.4,1.5,17.1
2026-02-22,Vancouver,BC,9.2,3.5,21.8
2026-02-23,Vancouver,BC,8.4,1.8,18.8
2026-02-24,Vancouver,BC,6.5,0.7,11.8
2026-02-25,Vancouver,BC,8.7,0.8,19.4
2026-02-26,Vancouver,BC,10.3,6.8,20.5
2026-02-27,Vancouver,BC,9.4,6.4,17.9
2026-02-28,Vancouver,BC,8.0,2.4,19.4
2026-03-01,Vancouver,BC,9.3,1.9,11.3
2026-03-02,Vancouver,BC,11.9,0.6,9.8
2026-03-03,Vancouver,BC,9.9,6.0,18.2
2026-03-04,Vancouver,BC,10.0,5.6,17.0
2026-03-05,Vancouver,BC,9.1,5.7,26.0
2026-03-06,Vancouver,BC,7.9,6.4,13.1
2026-03-07,Vancouver,BC,12.5,7.7,19.4
2026-03-08,Vancouver,BC,9.6,4.0,29.7
2026-03-09,Vancouver,BC,6.4,0.1,25.7
2026-03-10,Vancouver,BC,3.0,-0.6,19.0
2026-03-11,Vancouver,BC,7.4,-1.0,36.0
2026-03-12,Vancouver,BC,6.3,0.7,26.8
2026-03-13,Vancouver,BC,5.8,1.3,12.8
2026-03-14,Vancouver,BC,6.1,-0.7,14.3
2026-03-15,Vancouver,BC,6.6,1.5,16.4
2026-03-16,Vancouver,BC,9.8,2.6,18.7
2026-03-17,Vancouver,BC,10.1,8.4,17.1
2026-03-18,Vancouver,BC,11.4,9.2,15.1
2026-03-19,Vancouver,BC,10.6,9.3,14.3
2026-03-20,Vancouver,BC,13.8,6.8,22.6
2026-03-21,Vancouver,BC,9.2,4.3,20.3
2026-03-22,Vancouver,BC,7.5,3.2,13.6
2026-03-23,Vancouver,BC,7.6,1.1,7.8
2026-03-24,Vancouver,BC,12.0,4.6,25.7
2026-03-25,Vancouver,BC,7.8,2.8,19.0
2026-03-26,Vancouver,BC,9.1,0.2,16.9
2026-03-27,Vancouver,BC,9.2,2.6,10.7
2026-03-28,Vancouver,BC,8.6,3.6,13.9
2026-03-29,Vancouver,BC,5.9,1.9,18.1
2026-03-30,Vancouver,BC,7.0,0.7,10.8
2026-03-31,Vancouver,BC,11.2,2.2,8.4
2026-04-01,Vancouver,BC,8.2,4.9,22.4
2026-04-02,Vancouver,BC,11.4,5.5,16.0
2026-04-03,Vancouver,BC,9.5,5.7,13.4
2026-04-04,Vancouver,BC,12.7,5.5,16.0
2026-04-05,Vancouver,BC,15.2,6.9,11.5
2026-04-06,Vancouver,BC,15.0,5.9,29.6
2026-04-07,Vancouver,BC,10.4,4.3,30.7
2026-04-08,Vancouver,BC,11.6,4.2,11.9
2026-04-09,Vancouver,BC,14.7,5.4,11.4
2026-04-10,Vancouver,BC,15.6,6.2,7.1
2026-04-11,Vancouver,BC,13.2,7.6,14.5
2026-04-12,Vancouver,BC,13.4,8.0,10.5
2026-04-13,Vancouver,BC,11.4,8.4,15.3
2026-04-14,Vancouver,BC,8.2,5.9,24.1
2026-04-15,Vancouver,BC,8.2,4.4,22.9
2026-04-16,Vancouver,BC,9.9,2.2,12.5
2026-04-17,Vancouver,BC,11.4,4.6,9.7
2026-04-18,Vancouver,BC,16.2,5.5,8.1
2026-04-19,Vancouver,BC,17.4,8.4,12.7
2026-04-20,Vancouver,BC,18.2,8.6,10.7
2026-04-21,Vancouver,BC,14.9,11.4,10.3
2026-04-22,Vancouver,BC,14.0,10.3,19.3
2026-04-23,Vancouver,BC,13.1,8.6,14.4
2026-04-24,Vancouver,BC,14.6,7.2,9.9
2026-04-25,Vancouver,BC,15.3,7.3,22.5
2026-04-26,Vancouver,BC,16.5,7.5,14.1
2026-04-27,Vancouver,BC,14.1,9.1,21.3
2026-04-28,Vancouver,BC,12.8,9.4,14.2
2026-04-29,Vancouver,BC,15.8,7.1,13.3
2026-04-30,Vancouver,BC,18.8,8.5,8.8
2026-05-01,Vancouver,BC,19.0,9.6,13.5
2026-05-02,Vancouver,BC,20.4,11.5,16.1
2026-05-03,Vancouver,BC,23.2,13.1,12.7
2026-05-04,Vancouver,BC,25.4,13.3,11.2
2026-05-05,Vancouver,BC,18.8,13.0,21.1
2026-05-06,Vancouver,BC,15.0,11.4,19.5
2026-05-07,Vancouver,BC,16.5,11.4,8.7
2026-05-08,Vancouver,BC,15.4,11.6,15.8
2026-05-09,Vancouver,BC,18.7,10.1,11.5
2026-05-10,Vancouver,BC,18.1,11.7,16.4
2026-05-11,Vancouver,BC,18.5,10.5,13.8
2026-05-12,Vancouver,BC,23.8,12.1,6.1
2026-05-13,Vancouver,BC,17.2,12.9,20.9
2026-05-14,Vancouver,BC,15.8,10.6,17.9
2026-05-15,Vancouver,BC,11.4,7.7,15.3
2026-05-16,Vancouver,BC,12.8,6.8,23.5
2026-05-17,Vancouver,BC,15.9,7.0,12.8
2026-05-18,Vancouver,BC,16.8,10.0,14.5
2026-05-19,Vancouver,BC,16.9,11.7,11.6
2026-05-20,Vancouver,BC,17.8,9.4,13.4
2026-05-21,Vancouver,BC,20.0,11.2,12.2
2026-05-22,Vancouver,BC,21.2,12.7,10.6
2026-05-23,Vancouver,BC,18.9,13.1,9.3
2026-05-24,Vancouver,BC,18.9,11.6,14.7
2026-05-25,Vancouver,BC,16.4,10.9,21.3
2026-05-26,Vancouver,BC,16.3,10.6,11.8
2026-05-27,Vancouver,BC,19.8,11.3,10.8
2026-05-28,Vancouver,BC,21.2,13.3,8.7
2026-05-29,Vancouver,BC,16.2,11.9,16.6
2026-05-30,Vancouver,BC,16.9,9.6,15.9
2026-05-31,Vancouver,BC,19.3,9.8,15.2
2026-06-01,Vancouver,BC,22.7,11.8,17.8
2026-06-02,Vancouver,BC,24.5,16.5,12.8
2026-06-03,Vancouver,BC,22.2,15.6,19.7
2026-06-04,Vancouver,BC,18.4,13.5,17.4
2026-06-05,Vancouver,BC,15.7,9.6,16.5
2026-06-06,Vancouver,BC,13.8,8.4,14.2
2026-06-07,Vancouver,BC,16.2,9.2,14.1
2026-06-08,Vancouver,BC,15.7,11.6,16.2
2026-06-09,Vancouver,BC,16.0,11.7,21.5
2026-06-10,Vancouver,BC,16.4,11.2,21.2
2026-06-11,Vancouver,BC,18.2,10.1,14.3
2026-06-12,Vancouver,BC,20.7,11.7,13.6
2026-06-13,Vancouver,BC,25.1,14.2,14.1
2026-06-14,Vancouver,BC,28.8,17.4,9.7
2026-06-15,Vancouver,BC,26.9,18.1,10.5
2026-06-16,Vancouver,BC,21.6,16.6,29.0
2026-06-17,Vancouver,BC,19.9,13.7,24.7
2026-06-18,Vancouver,BC,22.2,13.9,18.6
2026-06-19,Vancouver,BC,21.1,14.1,25.2
2026-06-20,Vancouver,BC,20.6,13.0,24.1
2026-06-21,Vancouver,BC,22.9,14.2,11.5
2026-06-22,Vancouver,BC,27.0,16.0,16.0
2026-06-23,Vancouver,BC,29.4,18.2,9.7
2026-06-24,Vancouver,BC,29.1,17.6,13.6
2026-06-25,Vancouver,BC,21.7,14.9,21.5
2026-06-26,Vancouver,BC,16.7,13.1,16.9
2026-06-27,Vancouver,BC,17.6,11.8,10.8
2026-06-28,Vancouver,BC,18.1,12.7,15.9
2026-06-29,Vancouver,BC,17.8,13.3,12.5
2026-06-30,Vancouver,BC,18.0,13.8,18.5
2026-07-01,Vancouver,BC,18.7,12.0,12.8
2026-07-02,Vancouver,BC,14.8,12.3,18.4
2026-07-03,Vancouver,BC,19.6,14.1,9.2
2026-07-04,Vancouver,BC,19.7,13.4,15.7
2026-07-05,Vancouver,BC,20.7,12.6,18.1
2026-07-06,Vancouver,BC,24.4,14.3,9.3
2026-07-07,Vancouver,BC,22.8,15.2,19.6
2026-07-08,Vancouver,BC,21.2,16.0,14.0
2026-07-09,Vancouver,BC,22.6,14.1,15.2
2026-07-10,Vancouver,BC,22.3,16.2,13.4
2026-07-11,Vancouver,BC,20.3,15.0,15.2
2026-07-12,Vancouver,BC,19.9,12.9,13.5
2026-07-13,Vancouver,BC,21.2,13.3,14.3
2026-07-14,Vancouver,BC,24.7,14.9,9.5
2026-07-15,Vancouver,BC,26.1,15.6,9.6
2026-07-16,Vancouver,BC,21.0,15.2,16.8
2026-07-17,Vancouver,BC,19.6,14.1,16.9
2026-07-18,Vancouver,BC,20.2,14.7,10.6
2026-07-19,Vancouver,BC,21.9,13.5,11.7
2026-07-20,Vancouver,BC,26.9,15.9,11.0
2026-07-21,Vancouver,BC,29.9,17.9,7.4
2026-07-22,Vancouver,BC,29.9,18.1,7.9
2026-07-23,Vancouver,BC,25.1,19.0,23.1
2026-07-24,Vancouver,BC,24.7,16.5,16.3
2024-01-01,Victoria,BC,5.8,3.4,11.3
2024-01-02,Victoria,BC,7.0,5.2,17.4
2024-01-03,Victoria,BC,9.6,4.7,14.0
2024-01-04,Victoria,BC,9.4,6.2,27.3
2024-01-05,Victoria,BC,7.6,5.6,27.8
2024-01-06,Victoria,BC,7.0,-0.1,18.9
2024-01-07,Victoria,BC,4.5,-1.3,12.4
2024-01-08,Victoria,BC,5.6,2.4,30.3
2024-01-09,Victoria,BC,7.5,3.6,38.0
2024-01-10,Victoria,BC,6.1,1.3,27.3
2024-01-11,Victoria,BC,5.1,-7.0,36.1
2024-01-12,Victoria,BC,-7.4,-10.6,35.2
2024-01-13,Victoria,BC,-3.6,-8.3,20.5
2024-01-14,Victoria,BC,-0.1,-4.5,14.2
2024-01-15,Victoria,BC,0.9,-3.0,16.0
2024-01-16,Victoria,BC,1.5,-2.3,14.5
2024-01-17,Victoria,BC,2.6,0.0,15.7
2024-01-18,Victoria,BC,1.2,0.1,17.6
2024-01-19,Victoria,BC,3.7,1.3,19.5
2024-01-20,Victoria,BC,5.3,2.2,17.7
2024-01-21,Victoria,BC,8.9,4.2,19.2
2024-01-22,Victoria,BC,7.9,6.2,14.6
2024-01-23,Victoria,BC,10.4,5.4,8.9
2024-01-24,Victoria,BC,9.4,4.1,39.6
2024-01-25,Victoria,BC,8.8,4.1,9.1
2024-01-26,Victoria,BC,9.7,6.4,27.4
2024-01-27,Victoria,BC,10.3,7.4,11.3
2024-01-28,Victoria,BC,11.9,8.1,28.1
2024-01-29,Victoria,BC,12.8,9.6,23.5
2024-01-30,Victoria,BC,12.5,9.7,19.5
2024-01-31,Victoria,BC,11.9,9.9,34.7
2024-02-01,Victoria,BC,11.3,7.9,14.3
2024-02-02,Victoria,BC,11.4,5.0,9.8
2024-02-03,Victoria,BC,8.6,3.4,14.4
2024-02-04,Victoria,BC,8.2,2.3,19.4
2024-02-05,Victoria,BC,6.9,4.0,20.0
2024-02-06,Victoria,BC,8.1,1.9,12.3
2024-02-07,Victoria,BC,7.7,3.6,13.0
2024-02-08,Victoria,BC,6.0,3.3,10.0
2024-02-09,Victoria,BC,6.5,1.5,10.2
2024-02-10,Victoria,BC,5.6,1.8,10.0
2024-02-11,Victoria,BC,9.1,4.8,17.7
2024-02-12,Victoria,BC,8.8,1.6,23.3
2024-02-13,Victoria,BC,8.2,-0.3,19.3
2024-02-14,Victoria,BC,7.1,3.3,25.7
2024-02-15,Victoria,BC,5.5,2.3,25.9
2024-02-16,Victoria,BC,7.1,1.6,18.5
2024-02-17,Victoria,BC,6.9,3.9,17.3
2024-02-18,Victoria,BC,7.4,5.2,16.6
2024-02-19,Victoria,BC,9.0,5.2,18.4
2024-02-20,Victoria,BC,8.7,4.1,11.9
2024-02-21,Victoria,BC,9.6,6.1,17.4
2024-02-22,Victoria,BC,11.4,4.9,9.1
2024-02-23,Victoria,BC,9.5,2.8,17.8
2024-02-24,Victoria,BC,9.2,7.1,24.4
2024-02-25,Victoria,BC,8.6,2.7,32.1
2024-02-26,Victoria,BC,7.2,-1.4,25.8
2024-02-27,Victoria,BC,4.7,-1.9,19.5
2024-02-28,Victoria,BC,9.1,4.3,24.9
2024-02-29,Victoria,BC,5.9,0.9,20.3
2024-03-01,Victoria,BC,6.3,1.0,20.2
2024-03-02,Victoria,BC,6.6,2.3,24.2
2024-03-03,Victoria,BC,6.9,0.7,15.6
2024-03-04,Victoria,BC,5.9,-0.5,14.5
2024-03-05,Victoria,BC,5.0,0.2,14.0
2024-03-06,Victoria,BC,4.3,-0.5,13.3
2024-03-07,Victoria,BC,5.7,-0.8,9.1
2024-03-08,Victoria,BC,7.8,4.5,14.8
2024-03-09,Victoria,BC,9.9,4.2,36.0
2024-03-10,Victoria,BC,9.3,5.3,34.3
2024-03-11,Victoria,BC,7.9,4.4,39.2
2024-03-12,Victoria,BC,9.0,4.0,24.8
2024-03-13,Victoria,BC,8.7,3.0,16.9
2024-03-14,Victoria,BC,10.2,2.6,11.2
2024-03-15,Victoria,BC,13.9,4.0,13.3
2024-03-16,Victoria,BC,15.5,5.1,15.9
2024-03-17,Victoria,BC,16.9,6.3,9.3
2024-03-18,Victoria,BC,14.6,5.0,12.2
2024-03-19,Victoria,BC,13.3,4.3,11.2
2024-03-20,Victoria,BC,9.5,5.2,15.0
2024-03-21,Victoria,BC,11.1,5.1,10.5
2024-03-22,Victoria,BC,10.5,7.6,18.7
2024-03-23,Victoria,BC,9.8,5.9,15.9
2024-03-24,Victoria,BC,11.0,2.9,25.1
2024-03-25,Victoria,BC,10.4,6.3,22.7
2024-03-26,Victoria,BC,12.1,5.4,16.6
2024-03-27,Victoria,BC,11.9,5.5,35.6
2024-03-28,Victoria,BC,10.5,4.1,32.6
2024-03-29,Victoria,BC,11.6,3.9,14.4
2024-03-30,Victoria,BC,11.1,3.6,10.9
2024-03-31,Victoria,BC,13.3,4.1,14.8
2024-04-01,Victoria,BC,15.5,4.9,19.1
2024-04-02,Victoria,BC,13.5,5.8,29.1
2024-04-03,Victoria,BC,9.6,3.0,20.1
2024-04-04,Victoria,BC,11.4,2.1,14.5
2024-04-05,Victoria,BC,13.0,5.2,16.6
2024-04-06,Victoria,BC,9.0,6.0,19.5
2024-04-07,Victoria,BC,11.4,5.8,19.0
2024-04-08,Victoria,BC,9.5,6.3,20.2
2024-04-09,Victoria,BC,13.3,5.0,17.6
2024-04-10,Victoria,BC,12.1,2.1,12.2
2024-04-11,Victoria,BC,8.4,5.6,10.1
2024-04-12,Victoria,BC,12.7,4.4,17.8
2024-04-13,Victoria,BC,14.8,3.9,13.8
2024-04-14,Victoria,BC,15.6,6.2,24.8
2024-04-15,Victoria,BC,11.6,5.5,27.8
2024-04-16,Victoria,BC,10.2,3.1,14.4
2024-04-17,Victoria,BC,12.4,2.8,12.4
2024-04-18,Victoria,BC,15.6,3.7,21.8
2024-04-19,Victoria,BC,15.9,6.4,17.5
2024-04-20,Victoria,BC,16.3,6.4,32.1
2024-04-21,Victoria,BC,13.5,5.9,20.2
2024-04-22,Victoria,BC,13.8,2.6,16.6
2024-04-23,Victoria,BC,16.8,6.0,19.8
2024-04-24,Victoria,BC,11.6,8.2,19.0
2024-04-25,Victoria,BC,10.9,7.7,18.4
2024-04-26,Victoria,BC,13.5,8.4,11.6
2024-04-27,Victoria,BC,10.3,8.8,24.2
2024-04-28,Victoria,BC,10.7,4.9,28.4
2024-04-29,Victoria,BC,12.3,2.7,18.6
2024-04-30,Victoria,BC,11.1,4.3,14.2
2024-05-01,Victoria,BC,13.1,4.2,17.2
2024-05-02,Victoria,BC,15.3,5.0,11.8
2024-05-03,Victoria,BC,16.8,6.2,15.4
2024-05-04,Victoria,BC,15.7,9.9,13.8
2024-05-05,Victoria,BC,13.1,8.9,27.7
2024-05-06,Victoria,BC,12.2,6.9,23.3
2024-05-07,Victoria,BC,14.2,5.4,16.5
2024-05-08,Victoria,BC,15.6,5.2,17.3
2024-05-09,Victoria,BC,20.5,7.9,17.0
2024-05-10,Victoria,BC,22.1,10.2,14.8
2024-05-11,Victoria,BC,20.2,11.4,10.0
2024-05-12,Victoria,BC,23.4,10.5,16.7
2024-05-13,Victoria,BC,18.8,10.0,18.9
2024-05-14,Victoria,BC,19.1,8.7,15.8
2024-05-15,Victoria,BC,20.2,9.3,23.7
2024-05-16,Victoria,BC,14.8,9.3,32.8
2024-05-17,Victoria,BC,16.3,7.0,31.4
2024-05-18,Victoria,BC,13.3,8.2,20.6
2024-05-19,Victoria,BC,14.2,7.0,15.5
2024-05-20,Victoria,BC,17.2,6.1,24.7
2024-05-21,Victoria,BC,12.4,9.3,33.0
2024-05-22,Victoria,BC,15.3,7.6,16.6
2024-05-23,Victoria,BC,17.3,7.8,22.5
2024-05-24,Victoria,BC,11.9,10.0,14.7
2024-05-25,Victoria,BC,14.3,9.1,28.2
2024-05-26,Victoria,BC,12.6,8.4,15.8
2024-05-27,Victoria,BC,13.7,8.3,11.9
2024-05-28,Victoria,BC,14.7,8.6,23.8
2024-05-29,Victoria,BC,15.0,8.0,17.9
2024-05-30,Victoria,BC,15.4,6.8,15.2
2024-05-31,Victoria,BC,17.0,6.9,10.1
2024-06-01,Victoria,BC,15.5,10.8,20.6
2024-06-02,Victoria,BC,13.6,11.2,24.9
2024-06-03,Victoria,BC,13.3,9.7,33.2
2024-06-04,Victoria,BC,14.7,9.5,28.7
2024-06-05,Victoria,BC,15.2,7.7,15.0
2024-06-06,Victoria,BC,17.9,8.2,12.2
2024-06-07,Victoria,BC,22.1,9.0,13.9
2024-06-08,Victoria,BC,25.0,12.9,19.0
2024-06-09,Victoria,BC,21.0,11.0,30.2
2024-06-10,Victoria,BC,18.6,10.2,20.9
2024-06-11,Victoria,BC,16.4,10.2,31.2
2024-06-12,Victoria,BC,16.3,8.1,19.0
2024-06-13,Victoria,BC,20.0,8.6,23.3
2024-06-14,Victoria,BC,16.3,9.4,24.0
2024-06-15,Victoria,BC,14.9,8.9,22.8
2024-06-16,Victoria,BC,14.4,8.4,15.9
2024-06-17,Victoria,BC,18.1,8.8,29.3
2024-06-18,Victoria,BC,17.4,8.4,16.6
2024-06-19,Victoria,BC,20.6,10.5,13.0
2024-06-20,Victoria,BC,23.5,12.3,13.9
2024-06-21,Victoria,BC,25.5,14.0,22.3
2024-06-22,Victoria,BC,21.8,14.7,26.2
2024-06-23,Victoria,BC,18.4,12.1,28.4
2024-06-24,Victoria,BC,19.0,12.0,15.5
2024-06-25,Victoria,BC,22.2,11.7,10.5
2024-06-26,Victoria,BC,19.4,13.3,24.8
2024-06-27,Victoria,BC,19.0,11.8,25.3
2024-06-28,Victoria,BC,17.7,9.7,13.8
2024-06-29,Victoria,BC,19.8,13.5,8.8
2024-06-30,Victoria,BC,22.3,15.3,27.0
2024-07-01,Victoria,BC,23.5,12.6,26.7
2024-07-02,Victoria,BC,22.0,11.8,25.7
2024-07-03,Victoria,BC,19.8,11.3,17.7
2024-07-04,Victoria,BC,23.1,13.9,14.6
2024-07-05,Victoria,BC,26.2,14.0,12.7
2024-07-06,Victoria,BC,26.6,16.6,14.2
2024-07-07,Victoria,BC,28.7,16.3,12.1
2024-07-08,Victoria,BC,28.9,18.1,10.0
2024-07-09,Victoria,BC,31.0,18.5,14.3
2024-07-10,Victoria,BC,29.3,15.9,23.8
2024-07-11,Victoria,BC,26.2,14.1,21.3
2024-07-12,Victoria,BC,24.0,14.3,10.5
2024-07-13,Victoria,BC,25.5,16.0,9.8
2024-07-14,Victoria,BC,26.9,15.4,24.1
2024-07-15,Victoria,BC,26.6,13.6,19.3
2024-07-16,Victoria,BC,26.6,15.5,11.3
2024-07-17,Victoria,BC,31.1,18.2,23.0
2024-07-18,Victoria,BC,27.0,16.4,25.5
2024-07-19,Victoria,BC,26.2,15.0,23.6
2024-07-20,Victoria,BC,28.4,15.6,17.6
2024-07-21,Victoria,BC,27.0,16.8,20.3
2024-07-22,Victoria,BC,22.6,13.5,31.7
2024-07-23,Victoria,BC,21.3,11.5,23.7
2024-07-24,Victoria,BC,23.5,12.8,25.9
2024-07-25,Victoria,BC,22.6,12.3,19.1
2024-07-26,Victoria,BC,21.0,12.1,14.1
2024-07-27,Victoria,BC,24.2,14.5,22.8
2024-07-28,Victoria,BC,23.1,13.6,23.5
2024-07-29,Victoria,BC,19.2,14.4,13.3
2024-07-30,Victoria,BC,20.1,15.5,12.9
2024-07-31,Victoria,BC,23.2,16.7,14.1
2024-08-01,Victoria,BC,25.8,15.6,15.8
2024-08-02,Victoria,BC,29.3,16.2,22.7
2024-08-03,Victoria,BC,25.7,14.8,16.1
2024-08-04,Victoria,BC,26.3,15.4,20.0
2024-08-05,Victoria,BC,26.8,14.9,22.2
2024-08-06,Victoria,BC,25.3,13.7,18.5
2024-08-07,Victoria,BC,22.5,13.8,9.7
2024-08-08,Victoria,BC,24.1,14.6,11.9
2024-08-09,Victoria,BC,27.2,16.2,14.0
2024-08-10,Victoria,BC,27.3,17.0,18.7
2024-08-11,Victoria,BC,21.0,15.5,18.5
2024-08-12,Victoria,BC,21.0,15.0,20.5
2024-08-13,Victoria,BC,22.1,16.3,16.0
2024-08-14,Victoria,BC,22.2,13.9,15.0
2024-08-15,Victoria,BC,25.5,14.0,26.6
2024-08-16,Victoria,BC,22.6,14.1,18.7
2024-08-17,Victoria,BC,25.8,14.8,21.5
2024-08-18,Victoria,BC,22.2,14.7,16.7
2024-08-19,Victoria,BC,20.9,12.9,10.9
2024-08-20,Victoria,BC,19.9,13.1,12.0
2024-08-21,Victoria,BC,18.5,14.0,15.3
2024-08-22,Victoria,BC,19.4,13.0,14.7
2024-08-23,Victoria,BC,18.5,13.8,25.6
2024-08-24,Victoria,BC,20.1,13.2,29.3
2024-08-25,Victoria,BC,18.1,13.1,15.4
2024-08-26,Victoria,BC,18.1,13.0,12.4
2024-08-27,Victoria,BC,18.2,11.0,20.4
2024-08-28,Victoria,BC,17.5,9.2,16.4
2024-08-29,Victoria,BC,20.7,12.0,13.6
2024-08-30,Victoria,BC,21.9,14.3,12.6
2024-08-31,Victoria,BC,23.8,13.1,11.5
2024-09-01,Victoria,BC,25.1,14.3,12.7
2024-09-02,Victoria,BC,21.3,15.0,17.6
2024-09-03,Victoria,BC,18.3,13.4,11.3
2024-09-04,Victoria,BC,20.6,13.5,8.1
2024-09-05,Victoria,BC,25.5,15.1,13.7
2024-09-06,Victoria,BC,25.8,18.2,10.8
2024-09-07,Victoria,BC,23.8,16.3,10.6
2024-09-08,Victoria,BC,23.5,14.9,21.9
2024-09-09,Victoria,BC,18.6,13.0,10.9
2024-09-10,Victoria,BC,18.9,12.6,19.4
2024-09-11,Victoria,BC,17.6,11.3,12.5
2024-09-12,Victoria,BC,19.5,11.4,19.4
2024-09-13,Victoria,BC,17.5,10.6,14.9
2024-09-14,Victoria,BC,19.2,12.0,20.9
2024-09-15,Victoria,BC,17.9,9.7,15.0
2024-09-16,Victoria,BC,18.1,10.2,8.4
2024-09-17,Victoria,BC,15.2,11.2,15.3
2024-09-18,Victoria,BC,16.9,12.0,11.2
2024-09-19,Victoria,BC,17.1,11.4,18.8
2024-09-20,Victoria,BC,15.7,10.8,17.1
2024-09-21,Victoria,BC,16.6,9.7,11.7
2024-09-22,Victoria,BC,19.0,11.7,19.2
2024-09-23,Victoria,BC,17.9,13.1,14.0
2024-09-24,Victoria,BC,20.2,15.0,12.6
2024-09-25,Victoria,BC,17.8,11.5,21.6
2024-09-26,Victoria,BC,14.0,10.3,18.7
2024-09-27,Victoria,BC,18.3,11.8,17.5
2024-09-28,Victoria,BC,15.6,9.9,20.2
2024-09-29,Victoria,BC,16.3,8.3,23.6
2024-09-30,Victoria,BC,14.9,6.3,12.3
2024-10-01,Victoria,BC,13.6,7.8,18.9
2024-10-02,Victoria,BC,16.8,7.6,18.8
2024-10-03,Victoria,BC,14.1,8.0,13.9
2024-10-04,Victoria,BC,15.1,9.4,24.6
2024-10-05,Victoria,BC,14.5,9.4,15.0
2024-10-06,Victoria,BC,14.0,9.2,8.8
2024-10-07,Victoria,BC,16.3,8.4,7.3
2024-10-08,Victoria,BC,15.8,11.1,18.5
2024-10-09,Victoria,BC,15.4,9.1,19.4
2024-10-10,Victoria,BC,14.0,6.0,13.1
2024-10-11,Victoria,BC,13.0,7.0,14.1
2024-10-12,Victoria,BC,16.4,8.4,9.8
2024-10-13,Victoria,BC,14.7,8.5,8.5
2024-10-14,Victoria,BC,16.5,9.7,16.6
2024-10-15,Victoria,BC,13.0,9.7,11.6
2024-10-16,Victoria,BC,13.3,8.9,20.1
2024-10-17,Victoria,BC,11.7,7.1,11.7
2024-10-18,Victoria,BC,10.6,7.4,21.4
2024-10-19,Victoria,BC,16.2,10.8,22.9
2024-10-20,Victoria,BC,16.2,9.8,26.0
2024-10-21,Victoria,BC,11.1,6.3,12.6
2024-10-22,Victoria,BC,11.8,6.1,14.2
2024-10-23,Victoria,BC,12.5,4.2,21.7
2024-10-24,Victoria,BC,10.3,4.9,14.6
2024-10-25,Victoria,BC,11.8,6.0,31.8
2024-10-26,Victoria,BC,13.7,9.9,44.4
2024-10-27,Victoria,BC,13.0,9.0,30.8
2024-10-28,Victoria,BC,11.8,6.7,20.0
2024-10-29,Victoria,BC,10.1,6.1,9.8
2024-10-30,Victoria,BC,9.7,3.7,35.2
2024-10-31,Victoria,BC,10.1,3.0,25.1
2024-11-01,Victoria,BC,10.3,6.8,22.9
2024-11-02,Victoria,BC,10.5,6.9,13.2
2024-11-03,Victoria,BC,11.1,5.8,13.0
2024-11-04,Victoria,BC,12.7,7.7,32.7
2024-11-05,Victoria,BC,9.6,6.7,15.6
2024-11-06,Victoria,BC,8.9,7.4,7.4
2024-11-07,Victoria,BC,12.0,5.6,9.0
2024-11-08,Victoria,BC,10.3,6.2,7.5
2024-11-09,Victoria,BC,9.6,8.5,10.0
2024-11-10,Victoria,BC,10.5,8.0,28.5
2024-11-11,Victoria,BC,11.1,7.1,33.5
2024-11-12,Victoria,BC,10.3,6.9,42.1
2024-11-13,Victoria,BC,11.6,7.8,41.9
2024-11-14,Victoria,BC,11.6,4.3,18.7
2024-11-15,Victoria,BC,8.1,1.3,9.4
2024-11-16,Victoria,BC,7.2,4.7,17.4
2024-11-17,Victoria,BC,9.8,4.9,22.9
2024-11-18,Victoria,BC,7.0,1.4,19.4
2024-11-19,Victoria,BC,7.9,0.6,42.0
2024-11-20,Victoria,BC,9.8,6.3,42.0
2024-11-21,Victoria,BC,9.1,5.1,28.8
2024-11-22,Victoria,BC,10.5,5.7,31.5
2024-11-23,Victoria,BC,9.8,4.3,16.3
2024-11-24,Victoria,BC,8.4,4.3,31.4
2024-11-25,Victoria,BC,6.7,5.0,17.2
2024-11-26,Victoria,BC,6.7,4.5,10.1
2024-11-27,Victoria,BC,7.0,3.0,9.2
2024-11-28,Victoria,BC,6.7,1.5,7.5
2024-11-29,Victoria,BC,8.0,2.4,12.2
2024-11-30,Victoria,BC,7.6,4.1,10.5
2024-12-01,Victoria,BC,9.1,4.0,11.7
2024-12-02,Victoria,BC,5.5,3.7,8.0
2024-12-03,Victoria,BC,8.0,2.7,12.0
2024-12-04,Victoria,BC,6.5,3.5,9.7
2024-12-05,Victoria,BC,5.8,2.3,9.9
2024-12-06,Victoria,BC,8.0,3.5,15.5
2024-12-07,Victoria,BC,11.6,7.0,32.5
2024-12-08,Victoria,BC,8.2,4.3,30.3
2024-12-09,Victoria,BC,7.3,3.1,11.1
2024-12-10,Victoria,BC,6.3,3.3,12.2
2024-12-11,Victoria,BC,6.1,3.0,13.8
2024-12-12,Victoria,BC,5.9,4.0,13.3
2024-12-13,Victoria,BC,8.7,5.5,36.4
2024-12-14,Victoria,BC,9.2,5.5,42.4
2024-12-15,Victoria,BC,7.1,4.6,20.3
2024-12-16,Victoria,BC,6.6,4.2,19.6
2024-12-17,Victoria,BC,7.8,4.9,28.8
2024-12-18,Victoria,BC,11.1,5.7,34.5
2024-12-19,Victoria,BC,11.2,6.0,17.9
2024-12-20,Victoria,BC,11.6,5.8,20.7
2024-12-21,Victoria,BC,9.9,4.9,18.2
2024-12-22,Victoria,BC,9.1,5.2,36.4
2024-12-23,Victoria,BC,9.7,6.9,38.9
2024-12-24,Victoria,BC,10.4,6.5,33.3
2024-12-25,Victoria,BC,6.9,4.6,37.5
2024-12-26,Victoria,BC,9.3,4.7,43.2
2024-12-27,Victoria,BC,8.2,6.1,18.1
2024-12-28,Victoria,BC,9.7,6.0,26.6
2024-12-29,Victoria,BC,7.0,5.5,19.8
2024-12-30,Victoria,BC,7.3,2.8,12.9
2024-12-31,Victoria,BC,6.3,2.5,14.5
2025-01-01,Victoria,BC,6.1,4.5,19.2
2025-01-02,Victoria,BC,6.5,3.9,14.6
2025-01-03,Victoria,BC,6.1,4.7,18.9
2025-01-04,Victoria,BC,7.7,5.2,14.6
2025-01-05,Victoria,BC,7.8,6.2,15.9
2025-01-06,Victoria,BC,8.5,4.0,15.4
2025-01-07,Victoria,BC,5.6,2.8,12.2
2025-01-08,Victoria,BC,7.6,4.0,13.4
2025-01-09,Victoria,BC,8.4,3.7,13.9
2025-01-10,Victoria,BC,11.2,3.8,23.4
2025-01-11,Victoria,BC,8.3,1.2,11.1
2025-01-12,Victoria,BC,7.6,1.8,12.8
2025-01-13,Victoria,BC,5.3,-0.3,7.8
2025-01-14,Victoria,BC,7.1,2.5,7.9
2025-01-15,Victoria,BC,7.8,1.6,10.3
2025-01-16,Victoria,BC,8.4,0.7,27.3
2025-01-17,Victoria,BC,6.0,-0.6,11.7
2025-01-18,Victoria,BC,5.3,-0.4,13.1
2025-01-19,Victoria,BC,6.2,-0.3,17.6
2025-01-20,Victoria,BC,4.1,0.3,14.5
2025-01-21,Victoria,BC,5.4,-2.1,5.3
2025-01-22,Victoria,BC,5.0,0.3,11.4
2025-01-23,Victoria,BC,6.2,-0.3,7.7
2025-01-24,Victoria,BC,6.7,1.1,19.4
2025-01-25,Victoria,BC,5.6,1.7,18.2
2025-01-26,Victoria,BC,6.2,0.9,10.3
2025-01-27,Victoria,BC,7.2,0.6,10.8
2025-01-28,Victoria,BC,6.7,0.7,10.9
2025-01-29,Victoria,BC,7.1,-1.0,11.9
2025-01-30,Victoria,BC,5.0,0.4,9.7
2025-01-31,Victoria,BC,7.4,2.6,24.3
2025-02-01,Victoria,BC,3.9,0.1,20.8
2025-02-02,Victoria,BC,4.3,-0.7,14.3
2025-02-03,Victoria,BC,0.6,-2.2,23.9
2025-02-04,Victoria,BC,-0.0,-2.5,26.9
2025-02-05,Victoria,BC,0.4,-3.4,24.6
2025-02-06,Victoria,BC,1.2,-0.7,19.7
2025-02-07,Victoria,BC,1.1,-2.8,16.8
2025-02-08,Victoria,BC,2.1,0.1,11.7
2025-02-09,Victoria,BC,2.8,-1.2,11.5
2025-02-10,Victoria,BC,1.3,-2.1,26.4
2025-02-11,Victoria,BC,1.0,-2.7,23.4
2025-02-12,Victoria,BC,2.3,-2.0,13.9
2025-02-13,Victoria,BC,3.2,-1.2,14.4
2025-02-14,Victoria,BC,7.5,-2.5,19.1
2025-02-15,Victoria,BC,5.5,1.8,24.1
2025-02-16,Victoria,BC,7.0,3.7,15.5
2025-02-17,Victoria,BC,8.0,4.1,10.9
2025-02-18,Victoria,BC,9.1,3.9,25.5
2025-02-19,Victoria,BC,10.0,6.5,41.0
2025-02-20,Victoria,BC,8.0,6.2,30.7
2025-02-21,Victoria,BC,7.6,6.2,10.3
2025-02-22,Victoria,BC,11.1,5.7,29.2
2025-02-23,Victoria,BC,10.0,7.4,35.3
2025-02-24,Victoria,BC,9.0,6.4,44.5
2025-02-25,Victoria,BC,11.8,6.5,45.4
2025-02-26,Victoria,BC,11.7,5.2,13.6
2025-02-27,Victoria,BC,11.9,4.5,11.6
2025-02-28,Victoria,BC,12.0,5.2,11.5
2025-03-01,Victoria,BC,10.7,5.4,8.1
2025-03-02,Victoria,BC,9.8,4.9,7.4
2025-03-03,Victoria,BC,11.1,4.9,14.2
2025-03-04,Victoria,BC,8.0,6.0,21.9
2025-03-05,Victoria,BC,9.4,2.5,16.1
2025-03-06,Victoria,BC,10.4,0.6,15.7
2025-03-07,Victoria,BC,7.6,2.5,16.5
2025-03-08,Victoria,BC,10.7,5.7,17.8
2025-03-09,Victoria,BC,8.7,4.8,23.6
2025-03-10,Victoria,BC,7.7,2.9,14.6
2025-03-11,Victoria,BC,6.7,3.7,14.8
2025-03-12,Victoria,BC,9.5,4.4,20.1
2025-03-13,Victoria,BC,7.8,2.4,24.0
2025-03-14,Victoria,BC,8.4,2.9,20.5
2025-03-15,Victoria,BC,7.7,4.1,26.6
2025-03-16,Victoria,BC,8.4,2.9,20.8
2025-03-17,Victoria,BC,9.7,2.1,15.1
2025-03-18,Victoria,BC,8.0,1.6,15.3
2025-03-19,Victoria,BC,9.7,4.1,38.0
2025-03-20,Victoria,BC,8.8,4.5,27.9
2025-03-21,Victoria,BC,8.2,4.5,24.7
2025-03-22,Victoria,BC,9.5,3.0,16.8
2025-03-23,Victoria,BC,11.1,5.0,23.8
2025-03-24,Victoria,BC,10.6,9.1,23.5
2025-03-25,Victoria,BC,15.0,8.7,10.5
2025-03-26,Victoria,BC,14.2,10.7,25.6
2025-03-27,Victoria,BC,12.0,7.4,29.2
2025-03-28,Victoria,BC,10.6,6.2,27.5
2025-03-29,Victoria,BC,11.5,4.4,9.2
2025-03-30,Victoria,BC,13.8,5.4,18.5
2025-03-31,Victoria,BC,11.5,6.0,19.4
2025-04-01,Victoria,BC,13.4,5.8,19.5
2025-04-02,Victoria,BC,11.7,5.0,16.8
2025-04-03,Victoria,BC,11.3,1.9,11.4
2025-04-04,Victoria,BC,12.9,4.6,11.0
2025-04-05,Victoria,BC,15.1,6.9,11.2
2025-04-06,Victoria,BC,12.1,8.4,27.3
2025-04-07,Victoria,BC,12.1,7.6,20.0
2025-04-08,Victoria,BC,11.3,5.6,32.6
2025-04-09,Victoria,BC,12.2,5.5,19.3
2025-04-10,Victoria,BC,15.2,7.6,29.3
2025-04-11,Victoria,BC,11.7,5.4,18.9
2025-04-12,Victoria,BC,12.2,3.7,15.5
2025-04-13,Victoria,BC,12.6,2.2,13.7
2025-04-14,Victoria,BC,15.8,6.8,13.4
2025-04-15,Victoria,BC,13.5,7.1,9.4
2025-04-16,Victoria,BC,15.6,6.3,21.3
2025-04-17,Victoria,BC,16.0,8.3,15.5
2025-04-18,Victoria,BC,17.8,7.1,21.3
2025-04-19,Victoria,BC,13.3,8.4,22.1
2025-04-20,Victoria,BC,13.1,7.4,24.5
2025-04-21,Victoria,BC,11.1,6.6,16.5
2025-04-22,Victoria,BC,12.5,4.4,13.7
2025-04-23,Victoria,BC,14.2,4.9,13.8
2025-04-24,Victoria,BC,17.9,6.9,14.0
2025-04-25,Victoria,BC,19.9,9.4,14.2
2025-04-26,Victoria,BC,17.9,8.0,18.9
2025-04-27,Victoria,BC,13.6,6.8,20.3
2025-04-28,Victoria,BC,12.0,8.3,20.8
2025-04-29,Victoria,BC,15.4,7.4,23.9
2025-04-30,Victoria,BC,13.7,5.6,13.5
2025-05-01,Victoria,BC,16.8,7.4,9.9
2025-05-02,Victoria,BC,21.0,9.5,29.2
2025-05-03,Victoria,BC,14.7,7.8,18.0
2025-05-04,Victoria,BC,14.0,5.4,12.1
2025-05-05,Victoria,BC,17.4,6.9,10.2
2025-05-06,Victoria,BC,21.5,8.6,15.4
2025-05-07,Victoria,BC,17.5,8.8,31.3
2025-05-08,Victoria,BC,14.8,6.7,16.5
2025-05-09,Victoria,BC,16.5,9.0,9.7
2025-05-10,Victoria,BC,16.3,10.5,14.9
2025-05-11,Victoria,BC,15.0,9.2,14.6
2025-05-12,Victoria,BC,18.3,7.3,16.5
2025-05-13,Victoria,BC,16.2,8.3,23.2
2025-05-14,Victoria,BC,17.1,9.3,26.5
2025-05-15,Victoria,BC,11.8,8.7,17.8
2025-05-16,Victoria,BC,11.7,8.6,10.5
2025-05-17,Victoria,BC,16.2,9.1,23.1
2025-05-18,Victoria,BC,14.7,7.7,21.5
2025-05-19,Victoria,BC,12.7,8.3,21.6
2025-05-20,Victoria,BC,14.3,8.6,20.8
2025-05-21,Victoria,BC,14.6,6.8,13.1
2025-05-22,Victoria,BC,18.1,7.6,19.0
2025-05-23,Victoria,BC,16.5,7.2,17.0
2025-05-24,Victoria,BC,19.9,8.3,13.5
2025-05-25,Victoria,BC,18.9,11.1,19.1
2025-05-26,Victoria,BC,17.2,11.2,24.1
2025-05-27,Victoria,BC,19.7,10.3,11.6
2025-05-28,Victoria,BC,26.4,13.9,24.4
2025-05-29,Victoria,BC,18.7,11.7,27.2
2025-05-30,Victoria,BC,20.1,8.9,12.4
2025-05-31,Victoria,BC,17.2,10.2,23.1
2025-06-01,Victoria,BC,17.0,7.7,13.1
2025-06-02,Victoria,BC,18.5,9.9,13.9
2025-06-03,Victoria,BC,20.2,9.8,21.7
2025-06-04,Victoria,BC,18.5,10.7,17.7
2025-06-05,Victoria,BC,22.2,11.2,11.8
2025-06-06,Victoria,BC,22.8,12.9,14.8
2025-06-07,Victoria,BC,24.8,13.4,14.5
2025-06-08,Victoria,BC,28.2,16.1,10.4
2025-06-09,Victoria,BC,23.9,15.0,10.7
2025-06-10,Victoria,BC,22.9,12.7,9.1
2025-06-11,Victoria,BC,21.3,11.6,21.8
2025-06-12,Victoria,BC,19.5,11.0,21.3
2025-06-13,Victoria,BC,18.2,10.0,18.8
2025-06-14,Victoria,BC,19.4,8.7,21.6
2025-06-15,Victoria,BC,20.0,8.9,15.9
2025-06-16,Victoria,BC,22.6,11.1,25.1
2025-06-17,Victoria,BC,19.8,11.6,16.2
2025-06-18,Victoria,BC,18.2,12.3,30.8
2025-06-19,Victoria,BC,19.8,8.8,21.3
2025-06-20,Victoria,BC,18.6,11.3,22.5
2025-06-21,Victoria,BC,16.2,11.1,27.7
2025-06-22,Victoria,BC,20.7,10.6,17.2
2025-06-23,Victoria,BC,19.3,10.9,12.2
2025-06-24,Victoria,BC,22.5,12.6,18.1
2025-06-25,Victoria,BC,21.2,14.1,22.3
2025-06-26,Victoria,BC,16.9,12.7,16.3
2025-06-27,Victoria,BC,16.7,11.8,16.1
2025-06-28,Victoria,BC,20.3,13.5,13.3
2025-06-29,Victoria,BC,24.3,12.3,11.8
2025-06-30,Victoria,BC,27.0,15.5,11.7
2025-07-01,Victoria,BC,26.3,14.4,24.1
2025-07-02,Victoria,BC,22.8,11.8,28.3
2025-07-03,Victoria,BC,21.0,10.8,19.6
2025-07-04,Victoria,BC,24.1,12.1,27.2
2025-07-05,Victoria,BC,23.1,11.3,20.7
2025-07-06,Victoria,BC,24.2,11.9,12.8
2025-07-07,Victoria,BC,26.1,14.5,18.2
2025-07-08,Victoria,BC,26.8,14.5,24.1
2025-07-09,Victoria,BC,21.6,13.9,22.3
2025-07-10,Victoria,BC,20.6,13.0,18.5
2025-07-11,Victoria,BC,27.4,13.4,20.4
2025-07-12,Victoria,BC,24.3,15.7,13.9
2025-07-13,Victoria,BC,29.2,16.8,19.2
2025-07-14,Victoria,BC,21.8,14.8,19.2
2025-07-15,Victoria,BC,28.3,16.4,12.2
2025-07-16,Victoria,BC,26.3,17.2,10.5
2025-07-17,Victoria,BC,29.8,15.8,20.3
2025-07-18,Victoria,BC,22.9,13.3,29.2
2025-07-19,Victoria,BC,21.8,11.8,18.6
2025-07-20,Victoria,BC,21.8,12.4,15.1
2025-07-21,Victoria,BC,25.8,13.8,23.0
2025-07-22,Victoria,BC,25.0,14.2,18.3
2025-07-23,Victoria,BC,25.8,14.7,20.7
2025-07-24,Victoria,BC,24.9,14.4,27.6
2025-07-25,Victoria,BC,21.7,13.0,21.6
2025-07-26,Victoria,BC,22.1,11.8,18.0
2025-07-27,Victoria,BC,22.7,11.9,19.4
2025-07-28,Victoria,BC,24.7,12.6,16.5
2025-07-29,Victoria,BC,26.6,14.0,15.4
2025-07-30,Victoria,BC,28.7,15.2,19.3
2025-07-31,Victoria,BC,27.3,15.8,19.8
2025-08-01,Victoria,BC,27.5,14.3,22.6
2025-08-02,Victoria,BC,24.8,15.5,24.0
2025-08-03,Victoria,BC,23.4,13.4,19.3
2025-08-04,Victoria,BC,23.2,13.8,22.6
2025-08-05,Victoria,BC,22.0,14.0,15.7
2025-08-06,Victoria,BC,21.5,14.3,22.0
2025-08-07,Victoria,BC,21.9,13.1,18.6
2025-08-08,Victoria,BC,22.8,11.6,15.3
2025-08-09,Victoria,BC,23.4,14.1,12.6
2025-08-10,Victoria,BC,27.1,16.9,12.1
2025-08-11,Victoria,BC,30.6,16.7,16.1
2025-08-12,Victoria,BC,27.7,20.0,17.9
2025-08-13,Victoria,BC,25.6,15.6,27.3
2025-08-14,Victoria,BC,20.4,13.3,20.3
2025-08-15,Victoria,BC,18.4,13.9,20.4
2025-08-16,Victoria,BC,20.6,15.4,23.9
2025-08-17,Victoria,BC,19.8,13.9,12.9
2025-08-18,Victoria,BC,21.0,15.2,15.8
2025-08-19,Victoria,BC,21.0,14.0,15.1
2025-08-20,Victoria,BC,20.6,11.4,12.5
2025-08-21,Victoria,BC,22.6,13.9,9.6
2025-08-22,Victoria,BC,28.7,15.4,14.6
2025-08-23,Victoria,BC,29.4,15.7,12.1
2025-08-24,Victoria,BC,27.9,16.4,8.2
2025-08-25,Victoria,BC,25.9,16.3,10.0
2025-08-26,Victoria,BC,25.9,15.9,8.6
2025-08-27,Victoria,BC,25.5,16.1,17.9
2025-08-28,Victoria,BC,23.8,17.0,13.7
2025-08-29,Victoria,BC,26.2,15.1,20.3
2025-08-30,Victoria,BC,21.9,14.5,13.0
2025-08-31,Victoria,BC,23.8,14.6,16.0
2025-09-01,Victoria,BC,23.1,14.4,14.8
2025-09-02,Victoria,BC,21.8,13.6,9.5
2025-09-03,Victoria,BC,27.1,15.2,9.2
2025-09-04,Victoria,BC,24.6,16.0,10.6
2025-09-05,Victoria,BC,23.2,14.4,12.6
2025-09-06,Victoria,BC,22.7,14.7,17.8
2025-09-07,Victoria,BC,22.6,14.7,21.7
2025-09-08,Victoria,BC,20.4,15.2,11.6
2025-09-09,Victoria,BC,20.3,14.5,10.8
2025-09-10,Victoria,BC,20.2,13.3,11.6
2025-09-11,Victoria,BC,22.2,13.5,19.2
2025-09-12,Victoria,BC,20.7,13.6,15.5
2025-09-13,Victoria,BC,20.0,12.9,13.0
2025-09-14,Victoria,BC,17.4,12.8,25.6
2025-09-15,Victoria,BC,17.9,12.3,14.1
2025-09-16,Victoria,BC,23.1,13.7,15.0
2025-09-17,Victoria,BC,24.3,14.5,15.4
2025-09-18,Victoria,BC,19.0,12.1,8.9
2025-09-19,Victoria,BC,20.0,10.5,8.3
2025-09-20,Victoria,BC,22.5,11.5,18.0
2025-09-21,Victoria,BC,19.6,12.7,21.4
2025-09-22,Victoria,BC,17.2,9.8,13.5
2025-09-23,Victoria,BC,19.8,11.9,8.3
2025-09-24,Victoria,BC,17.3,11.4,9.3
2025-09-25,Victoria,BC,16.8,9.2,17.9
2025-09-26,Victoria,BC,16.2,12.1,16.1
2025-09-27,Victoria,BC,19.3,12.9,14.3
2025-09-28,Victoria,BC,17.6,12.2,10.7
2025-09-29,Victoria,BC,16.5,11.2,12.7
2025-09-30,Victoria,BC,15.8,10.0,28.1
2025-10-01,Victoria,BC,16.2,9.7,24.0
2025-10-02,Victoria,BC,17.4,10.9,10.6
2025-10-03,Victoria,BC,14.8,9.2,10.2
2025-10-04,Victoria,BC,14.8,9.2,7.8
2025-10-05,Victoria,BC,17.3,9.2,18.3
2025-10-06,Victoria,BC,16.6,9.6,11.1
2025-10-07,Victoria,BC,16.5,10.1,11.9
2025-10-08,Victoria,BC,13.2,8.9,14.9
2025-10-09,Victoria,BC,15.6,9.3,15.2
2025-10-10,Victoria,BC,13.3,9.4,16.0
2025-10-11,Victoria,BC,13.5,9.2,15.1
2025-10-12,Victoria,BC,10.8,8.4,22.5
2025-10-13,Victoria,BC,13.1,7.9,26.0
2025-10-14,Victoria,BC,13.6,6.5,16.1
2025-10-15,Victoria,BC,13.8,4.7,9.5
2025-10-16,Victoria,BC,12.8,4.5,15.3
2025-10-17,Victoria,BC,15.4,8.0,20.5
2025-10-18,Victoria,BC,9.8,7.4,18.0
2025-10-19,Victoria,BC,14.1,9.8,27.3
2025-10-20,Victoria,BC,12.4,9.2,17.4
2025-10-21,Victoria,BC,12.9,8.4,14.4
2025-10-22,Victoria,BC,14.4,7.0,15.0
2025-10-23,Victoria,BC,14.8,9.2,7.9
2025-10-24,Victoria,BC,12.7,8.4,31.3
2025-10-25,Victoria,BC,11.2,7.4,36.5
2025-10-26,Victoria,BC,9.0,5.4,36.0
2025-10-27,Victoria,BC,10.7,6.4,14.6
2025-10-28,Victoria,BC,11.7,6.6,33.7
2025-10-29,Victoria,BC,14.1,8.0,28.3
2025-10-30,Victoria,BC,10.2,6.8,15.8
2025-10-31,Victoria,BC,11.9,6.8,15.1
2025-11-01,Victoria,BC,12.1,8.4,28.8
2025-11-02,Victoria,BC,10.8,7.3,22.1
2025-11-03,Victoria,BC,10.4,5.0,17.4
2025-11-04,Victoria,BC,10.0,4.4,22.2
2025-11-05,Victoria,BC,12.8,8.9,37.0
2025-11-06,Victoria,BC,12.2,8.7,35.6
2025-11-07,Victoria,BC,11.4,5.9,26.5
2025-11-08,Victoria,BC,10.6,5.0,17.5
2025-11-09,Victoria,BC,14.9,8.0,20.7
2025-11-10,Victoria,BC,13.4,9.0,27.6
2025-11-11,Victoria,BC,10.3,3.5,12.4
2025-11-12,Victoria,BC,9.9,5.8,11.2
2025-11-13,Victoria,BC,12.1,7.3,13.2
2025-11-14,Victoria,BC,8.5,5.7,6.9
2025-11-15,Victoria,BC,9.4,6.7,12.1
2025-11-16,Victoria,BC,11.0,8.9,17.9
2025-11-17,Victoria,BC,10.8,7.0,21.6
2025-11-18,Victoria,BC,9.0,4.3,7.0
2025-11-19,Victoria,BC,9.2,3.5,17.4
2025-11-20,Victoria,BC,10.7,5.0,25.4
2025-11-21,Victoria,BC,9.1,3.8,11.8
2025-11-22,Victoria,BC,11.2,7.6,14.2
2025-11-23,Victoria,BC,10.0,5.4,13.7
2025-11-24,Victoria,BC,8.2,2.7,13.8
2025-11-25,Victoria,BC,7.1,2.8,23.1
2025-11-26,Victoria,BC,8.4,4.4,14.2
2025-11-27,Victoria,BC,8.5,7.0,23.3
2025-11-28,Victoria,BC,9.2,6.3,21.4
2025-11-29,Victoria,BC,7.2,4.0,15.8
2025-11-30,Victoria,BC,6.9,3.1,13.6
2025-12-01,Victoria,BC,6.5,3.1,8.6
2025-12-02,Victoria,BC,7.0,5.0,11.1
2025-12-03,Victoria,BC,7.1,3.7,8.7
2025-12-04,Victoria,BC,7.2,6.4,10.5
2025-12-05,Victoria,BC,11.8,6.9,32.6
2025-12-06,Victoria,BC,9.9,8.3,30.8
2025-12-07,Victoria,BC,10.7,7.4,24.8
2025-12-08,Victoria,BC,12.6,7.8,39.5
2025-12-09,Victoria,BC,10.3,7.9,25.4
2025-12-10,Victoria,BC,13.1,7.8,37.5
2025-12-11,Victoria,BC,10.4,7.3,26.2
2025-12-12,Victoria,BC,9.6,6.6,9.7
2025-12-13,Victoria,BC,9.4,7.5,10.6
2025-12-14,Victoria,BC,10.2,7.7,9.7
2025-12-15,Victoria,BC,13.6,7.4,36.6
2025-12-16,Victoria,BC,10.0,6.8,18.7
2025-12-17,Victoria,BC,9.3,5.0,32.7
2025-12-18,Victoria,BC,9.9,4.0,33.8
2025-12-19,Victoria,BC,5.6,3.5,24.3
2025-12-20,Victoria,BC,5.8,3.6,19.1
2025-12-21,Victoria,BC,7.5,3.2,24.0
2025-12-22,Victoria,BC,7.8,3.2,29.1
2025-12-23,Victoria,BC,7.4,2.5,21.0
2025-12-24,Victoria,BC,5.9,2.3,23.6
2025-12-25,Victoria,BC,5.2,2.2,20.7
2025-12-26,Victoria,BC,6.5,0.2,23.2
2025-12-27,Victoria,BC,3.3,-0.1,16.1
2025-12-28,Victoria,BC,4.1,0.3,11.4
2025-12-29,Victoria,BC,6.3,2.2,13.6
2025-12-30,Victoria,BC,5.4,2.8,13.7
2025-12-31,Victoria,BC,6.5,1.8,10.8
2026-01-01,Victoria,BC,4.8,2.9,9.6
2026-01-02,Victoria,BC,7.2,4.6,12.3
2026-01-03,Victoria,BC,9.9,6.4,18.6
2026-01-04,Victoria,BC,8.7,3.1,27.0
2026-01-05,Victoria,BC,7.5,3.6,13.3
2026-01-06,Victoria,BC,6.7,4.1,24.1
2026-01-07,Victoria,BC,5.9,2.2,22.3
2026-01-08,Victoria,BC,6.0,2.5,21.4
2026-01-09,Victoria,BC,7.7,5.6,14.0
2026-01-10,Victoria,BC,7.4,4.8,13.7
2026-01-11,Victoria,BC,8.4,7.0,16.1
2026-01-12,Victoria,BC,10.6,8.1,11.7
2026-01-13,Victoria,BC,12.5,9.4,12.7
2026-01-14,Victoria,BC,11.2,6.3,7.7
2026-01-15,Victoria,BC,9.4,6.2,17.6
2026-01-16,Victoria,BC,10.1,5.3,16.9
2026-01-17,Victoria,BC,9.7,4.6,14.0
2026-01-18,Victoria,BC,10.1,3.9,13.7
2026-01-19,Victoria,BC,8.5,2.9,13.1
2026-01-20,Victoria,BC,9.7,2.0,16.5
2026-01-21,Victoria,BC,7.9,1.5,13.0
2026-01-22,Victoria,BC,5.4,1.6,10.3
2026-01-23,Victoria,BC,5.7,1.0,22.0
2026-01-24,Victoria,BC,5.1,0.2,13.2
2026-01-25,Victoria,BC,4.5,-0.7,10.7
2026-01-26,Victoria,BC,4.7,0.7,12.6
2026-01-27,Victoria,BC,9.0,2.7,19.4
2026-01-28,Victoria,BC,8.5,4.9,30.6
2026-01-29,Victoria,BC,9.9,7.4,31.0
2026-01-30,Victoria,BC,11.5,8.5,25.1
2026-01-31,Victoria,BC,9.9,8.4,15.3
2026-02-01,Victoria,BC,12.1,7.7,19.4
2026-02-02,Victoria,BC,9.1,6.6,17.1
2026-02-03,Victoria,BC,11.7,8.5,15.5
2026-02-04,Victoria,BC,12.5,7.7,19.3
2026-02-05,Victoria,BC,12.4,7.0,14.1
2026-02-06,Victoria,BC,9.1,5.0,11.6
2026-02-07,Victoria,BC,10.3,5.1,25.7
2026-02-08,Victoria,BC,9.3,1.9,19.2
2026-02-09,Victoria,BC,9.9,2.9,12.4
2026-02-10,Victoria,BC,9.8,3.4,14.1
2026-02-11,Victoria,BC,8.9,2.5,14.7
2026-02-12,Victoria,BC,8.8,2.9,13.1
2026-02-13,Victoria,BC,7.8,4.3,15.1
2026-02-14,Victoria,BC,9.3,3.5,18.4
2026-02-15,Victoria,BC,6.8,2.2,13.1
2026-02-16,Victoria,BC,5.9,2.1,16.7
2026-02-17,Victoria,BC,6.5,0.6,17.0
2026-02-18,Victoria,BC,5.1,0.5,19.1
2026-02-19,Victoria,BC,2.7,-1.7,21.6
2026-02-20,Victoria,BC,4.4,-1.4,15.0
2026-02-21,Victoria,BC,6.4,4.3,31.9
2026-02-22,Victoria,BC,10.5,5.6,33.9
2026-02-23,Victoria,BC,9.0,2.9,26.3
2026-02-24,Victoria,BC,9.1,2.9,14.0
2026-02-25,Victoria,BC,8.8,3.4,25.0
2026-02-26,Victoria,BC,10.2,7.0,31.2
2026-02-27,Victoria,BC,9.9,5.6,25.5
2026-02-28,Victoria,BC,8.7,1.3,16.3
2026-03-01,Victoria,BC,10.2,1.6,13.2
2026-03-02,Victoria,BC,10.0,2.6,11.0
2026-03-03,Victoria,BC,11.2,4.9,17.5
2026-03-04,Victoria,BC,11.4,6.7,18.6
2026-03-05,Victoria,BC,11.3,6.0,20.5
2026-03-06,Victoria,BC,9.5,7.1,15.0
2026-03-07,Victoria,BC,12.6,9.7,29.9
2026-03-08,Victoria,BC,11.5,4.0,28.3
2026-03-09,Victoria,BC,5.8,2.1,22.3
2026-03-10,Victoria,BC,6.2,1.3,21.1
2026-03-11,Victoria,BC,10.4,3.0,40.5
2026-03-12,Victoria,BC,6.9,2.7,23.9
2026-03-13,Victoria,BC,6.1,2.8,14.2
2026-03-14,Victoria,BC,8.1,-0.9,12.4
2026-03-15,Victoria,BC,6.3,1.8,11.4
2026-03-16,Victoria,BC,12.3,3.1,10.6
2026-03-17,Victoria,BC,11.5,8.2,9.8
2026-03-18,Victoria,BC,13.4,9.1,8.7
2026-03-19,Victoria,BC,11.9,9.5,9.7
2026-03-20,Victoria,BC,13.4,6.1,33.4
2026-03-21,Victoria,BC,11.1,2.7,21.1
2026-03-22,Victoria,BC,10.3,4.1,13.8
2026-03-23,Victoria,BC,8.3,3.1,9.8
2026-03-24,Victoria,BC,12.5,5.4,33.3
2026-03-25,Victoria,BC,7.5,3.4,25.6
2026-03-26,Victoria,BC,9.5,2.4,18.7
2026-03-27,Victoria,BC,11.0,3.4,10.2
2026-03-28,Victoria,BC,11.8,4.4,20.9
2026-03-29,Victoria,BC,5.9,1.8,12.2
2026-03-30,Victoria,BC,7.7,-1.1,15.2
2026-03-31,Victoria,BC,10.0,3.3,13.7
2026-04-01,Victoria,BC,8.0,5.8,30.8
2026-04-02,Victoria,BC,12.4,4.4,23.0
2026-04-03,Victoria,BC,10.6,7.0,16.1
2026-04-04,Victoria,BC,14.1,3.5,14.2
2026-04-05,Victoria,BC,16.5,7.9,13.6
2026-04-06,Victoria,BC,20.4,7.2,24.6
2026-04-07,Victoria,BC,10.7,4.5,21.0
2026-04-08,Victoria,BC,12.7,4.4,11.6
2026-04-09,Victoria,BC,15.0,5.4,14.6
2026-04-10,Victoria,BC,15.7,7.1,11.3
2026-04-11,Victoria,BC,12.7,8.5,15.8
2026-04-12,Victoria,BC,14.6,6.0,19.3
2026-04-13,Victoria,BC,13.0,7.7,25.2
2026-04-14,Victoria,BC,8.0,4.7,22.5
2026-04-15,Victoria,BC,9.0,1.7,17.5
2026-04-16,Victoria,BC,10.9,0.8,18.4
2026-04-17,Victoria,BC,11.0,3.6,14.2
2026-04-18,Victoria,BC,14.0,4.8,11.9
2026-04-19,Victoria,BC,18.7,10.0,16.7
2026-04-20,Victoria,BC,19.5,9.0,18.8
2026-04-21,Victoria,BC,16.6,10.1,25.5
2026-04-22,Victoria,BC,15.1,9.2,16.0
2026-04-23,Victoria,BC,13.7,7.8,12.6
2026-04-24,Victoria,BC,15.7,6.6,14.6
2026-04-25,Victoria,BC,17.3,7.6,14.9
2026-04-26,Victoria,BC,18.2,5.7,17.0
2026-04-27,Victoria,BC,15.2,8.4,20.4
2026-04-28,Victoria,BC,14.7,9.5,13.5
2026-04-29,Victoria,BC,16.4,6.4,14.1
2026-04-30,Victoria,BC,20.3,8.8,12.6
2026-05-01,Victoria,BC,20.1,10.7,12.3
2026-05-02,Victoria,BC,22.3,10.6,12.4
2026-05-03,Victoria,BC,24.6,11.8,13.6
2026-05-04,Victoria,BC,27.4,13.5,22.2
2026-05-05,Victoria,BC,23.3,12.1,18.2
2026-05-06,Victoria,BC,17.8,10.5,18.0
2026-05-07,Victoria,BC,16.4,9.9,16.0
2026-05-08,Victoria,BC,16.2,11.2,19.7
2026-05-09,Victoria,BC,18.0,9.8,15.0
2026-05-10,Victoria,BC,20.3,11.1,18.5
2026-05-11,Victoria,BC,19.7,7.8,15.6
2026-05-12,Victoria,BC,24.3,12.0,24.2
2026-05-13,Victoria,BC,16.0,11.2,34.6
2026-05-14,Victoria,BC,15.3,9.0,26.4
2026-05-15,Victoria,BC,11.5,7.9,21.7
2026-05-16,Victoria,BC,13.9,6.8,18.6
2026-05-17,Victoria,BC,16.7,5.6,18.4
2026-05-18,Victoria,BC,18.8,9.1,19.2
2026-05-19,Victoria,BC,17.8,10.1,18.6
2026-05-20,Victoria,BC,18.6,9.0,14.4
2026-05-21,Victoria,BC,21.0,10.9,13.6
2026-05-22,Victoria,BC,23.1,12.0,19.1
2026-05-23,Victoria,BC,20.5,10.6,27.6
2026-05-24,Victoria,BC,18.5,8.7,17.9
2026-05-25,Victoria,BC,15.8,10.8,11.5
2026-05-26,Victoria,BC,16.1,8.8,11.8
2026-05-27,Victoria,BC,21.0,10.7,13.2
2026-05-28,Victoria,BC,25.9,13.2,24.3
2026-05-29,Victoria,BC,16.6,9.9,29.3
2026-05-30,Victoria,BC,18.1,8.6,21.5
2026-05-31,Victoria,BC,21.6,8.1,16.3
2026-06-01,Victoria,BC,23.3,10.9,13.5
2026-06-02,Victoria,BC,25.7,15.2,12.9
2026-06-03,Victoria,BC,21.1,14.1,22.3
2026-06-04,Victoria,BC,19.0,11.0,21.0
2026-06-05,Victoria,BC,16.2,9.7,23.0
2026-06-06,Victoria,BC,15.6,8.6,16.2
2026-06-07,Victoria,BC,17.3,9.7,18.7
2026-06-08,Victoria,BC,14.4,10.7,16.5
2026-06-09,Victoria,BC,15.1,10.4,30.4
2026-06-10,Victoria,BC,17.9,9.7,20.7
2026-06-11,Victoria,BC,19.0,7.5,14.4
2026-06-12,Victoria,BC,22.2,10.5,13.0
2026-06-13,Victoria,BC,27.4,13.1,15.7
2026-06-14,Victoria,BC,31.5,17.4,11.4
2026-06-15,Victoria,BC,30.6,18.9,20.7
2026-06-16,Victoria,BC,22.3,13.2,28.7
2026-06-17,Victoria,BC,20.9,11.9,16.1
2026-06-18,Victoria,BC,23.8,12.7,16.1
2026-06-19,Victoria,BC,24.1,15.0,10.5
2026-06-20,Victoria,BC,20.2,12.9,14.4
2026-06-21,Victoria,BC,25.9,12.3,15.4
2026-06-22,Victoria,BC,28.7,14.5,11.9
2026-06-23,Victoria,BC,29.6,18.0,14.9
2026-06-24,Victoria,BC,30.4,15.7,27.6
2026-06-25,Victoria,BC,16.8,13.4,24.9
2026-06-26,Victoria,BC,16.4,12.1,23.1
2026-06-27,Victoria,BC,20.0,11.5,18.8
2026-06-28,Victoria,BC,19.5,12.0,18.2
2026-06-29,Victoria,BC,18.7,12.0,16.0
2026-06-30,Victoria,BC,17.0,12.9,15.0
2026-07-01,Victoria,BC,19.6,11.8,19.4
2026-07-02,Victoria,BC,15.5,11.7,16.0
2026-07-03,Victoria,BC,20.0,13.3,16.8
2026-07-04,Victoria,BC,20.7,11.6,24.4
2026-07-05,Victoria,BC,21.5,10.3,13.2
2026-07-06,Victoria,BC,26.1,12.7,19.8
2026-07-07,Victoria,BC,25.0,12.5,20.6
2026-07-08,Victoria,BC,22.3,13.3,20.9
2026-07-09,Victoria,BC,24.8,11.6,21.4
2026-07-10,Victoria,BC,22.2,15.1,22.0
2026-07-11,Victoria,BC,19.7,12.5,21.1
2026-07-12,Victoria,BC,19.8,11.1,22.1
2026-07-13,Victoria,BC,22.3,12.3,13.8
2026-07-14,Victoria,BC,25.7,14.7,14.9
2026-07-15,Victoria,BC,27.6,14.4,12.7
2026-07-16,Victoria,BC,21.9,13.5,23.5
2026-07-17,Victoria,BC,20.0,13.3,17.6
2026-07-18,Victoria,BC,23.2,14.4,18.6
2026-07-19,Victoria,BC,23.0,12.5,12.6
2026-07-20,Victoria,BC,24.9,14.8,9.2
2026-07-21,Victoria,BC,31.1,16.9,9.7
2026-07-22,Victoria,BC,31.8,18.7,20.6
2026-07-23,Victoria,BC,26.4,16.7,22.7
2026-07-24,Victoria,BC,25.7,14.6,20.0
2024-01-01,Kelowna,BC,4.2,1.2,5.8
2024-01-02,Kelowna,BC,3.4,0.3,5.8
2024-01-03,Kelowna,BC,3.7,1.2,6.5
2024-01-04,Kelowna,BC,3.7,-1.7,8.8
2024-01-05,Kelowna,BC,5.8,-0.0,7.3
2024-01-06,Kelowna,BC,3.5,0.8,6.7
2024-01-07,Kelowna,BC,3.6,-3.4,6.7
2024-01-08,Kelowna,BC,2.9,-3.7,9.7
2024-01-09,Kelowna,BC,2.6,-1.4,6.5
2024-01-10,Kelowna,BC,2.1,-4.1,7.0
2024-01-11,Kelowna,BC,-3.7,-17.1,9.5
2024-01-12,Kelowna,BC,-16.3,-20.0,11.8
2024-01-13,Kelowna,BC,-10.6,-19.6,8.3
2024-01-14,Kelowna,BC,-7.4,-16.6,8.7
2024-01-15,Kelowna,BC,-6.2,-15.6,9.2
2024-01-16,Kelowna,BC,-5.6,-11.2,5.1
2024-01-17,Kelowna,BC,-4.3,-9.8,8.3
2024-01-18,Kelowna,BC,-1.7,-10.1,6.6
2024-01-19,Kelowna,BC,-1.2,-5.7,7.0
2024-01-20,Kelowna,BC,2.1,-4.1,7.1
2024-01-21,Kelowna,BC,2.8,-1.1,6.9
2024-01-22,Kelowna,BC,3.6,1.4,6.8
2024-01-23,Kelowna,BC,5.3,1.2,4.8
2024-01-24,Kelowna,BC,3.5,0.5,5.1
2024-01-25,Kelowna,BC,3.3,0.5,4.3
2024-01-26,Kelowna,BC,4.9,0.1,7.0
2024-01-27,Kelowna,BC,5.0,1.5,6.9
2024-01-28,Kelowna,BC,6.7,3.2,6.4
2024-01-29,Kelowna,BC,9.4,3.1,7.3
2024-01-30,Kelowna,BC,8.0,2.8,6.9
2024-01-31,Kelowna,BC,7.7,1.6,7.6
2024-02-01,Kelowna,BC,7.5,1.5,8.4
2024-02-02,Kelowna,BC,10.2,3.4,7.1
2024-02-03,Kelowna,BC,8.3,2.4,7.5
2024-02-04,Kelowna,BC,3.4,0.9,5.4
2024-02-05,Kelowna,BC,3.9,0.1,8.2
2024-02-06,Kelowna,BC,4.4,1.2,6.0
2024-02-07,Kelowna,BC,5.1,2.1,3.2
2024-02-08,Kelowna,BC,5.4,-0.6,5.1
2024-02-09,Kelowna,BC,5.2,-4.8,8.4
2024-02-10,Kelowna,BC,5.7,-4.7,3.8
2024-02-11,Kelowna,BC,1.6,-0.4,5.5
2024-02-12,Kelowna,BC,7.6,-1.4,5.4
2024-02-13,Kelowna,BC,4.8,-4.4,8.2
2024-02-14,Kelowna,BC,0.8,-6.5,8.6
2024-02-15,Kelowna,BC,3.4,-6.4,13.0
2024-02-16,Kelowna,BC,3.1,-6.9,5.2
2024-02-17,Kelowna,BC,3.9,-6.2,6.1
2024-02-18,Kelowna,BC,4.6,-1.4,4.3
2024-02-19,Kelowna,BC,7.4,-0.9,6.0
2024-02-20,Kelowna,BC,7.8,0.9,6.5
2024-02-21,Kelowna,BC,5.5,1.8,5.8
2024-02-22,Kelowna,BC,8.8,2.3,5.2
2024-02-23,Kelowna,BC,10.6,-0.7,8.8
2024-02-24,Kelowna,BC,10.4,1.5,13.1
2024-02-25,Kelowna,BC,12.1,1.2,16.8
2024-02-26,Kelowna,BC,4.7,-3.4,10.2
2024-02-27,Kelowna,BC,1.4,-7.1,15.5
2024-02-28,Kelowna,BC,7.8,-2.4,8.1
2024-02-29,Kelowna,BC,7.8,-1.0,11.6
2024-03-01,Kelowna,BC,7.7,-2.5,9.5
2024-03-02,Kelowna,BC,4.6,-1.7,8.0
2024-03-03,Kelowna,BC,5.5,-4.3,5.8
2024-03-04,Kelowna,BC,5.4,-5.0,7.4
2024-03-05,Kelowna,BC,4.0,-7.1,7.6
2024-03-06,Kelowna,BC,3.6,-8.8,7.0
2024-03-07,Kelowna,BC,7.0,-6.7,5.8
2024-03-08,Kelowna,BC,7.9,-0.6,9.1
2024-03-09,Kelowna,BC,9.8,-1.4,9.7
2024-03-10,Kelowna,BC,7.4,-0.5,7.1
2024-03-11,Kelowna,BC,8.9,0.7,6.4
2024-03-12,Kelowna,BC,9.9,0.7,11.2
2024-03-13,Kelowna,BC,12.1,-0.4,9.1
2024-03-14,Kelowna,BC,13.2,-0.3,6.9
2024-03-15,Kelowna,BC,14.9,0.9,7.3
2024-03-16,Kelowna,BC,18.3,2.6,4.2
2024-03-17,Kelowna,BC,19.0,4.4,4.1
2024-03-18,Kelowna,BC,19.2,2.4,4.0
2024-03-19,Kelowna,BC,19.0,2.2,6.5
2024-03-20,Kelowna,BC,15.4,4.8,8.0
2024-03-21,Kelowna,BC,15.3,3.5,7.4
2024-03-22,Kelowna,BC,12.8,2.1,6.4
2024-03-23,Kelowna,BC,9.8,3.9,9.4
2024-03-24,Kelowna,BC,13.3,1.5,6.7
2024-03-25,Kelowna,BC,12.6,-0.4,10.5
2024-03-26,Kelowna,BC,12.0,0.1,6.9
2024-03-27,Kelowna,BC,6.5,0.9,8.2
2024-03-28,Kelowna,BC,9.6,1.5,9.0
2024-03-29,Kelowna,BC,9.4,1.7,7.3
2024-03-30,Kelowna,BC,11.5,-0.3,6.2
2024-03-31,Kelowna,BC,13.4,-2.6,8.4
2024-04-01,Kelowna,BC,18.5,0.9,10.5
2024-04-02,Kelowna,BC,22.1,6.3,17.7
2024-04-03,Kelowna,BC,12.9,4.7,14.7
2024-04-04,Kelowna,BC,10.1,2.2,12.2
2024-04-05,Kelowna,BC,10.3,4.9,6.0
2024-04-06,Kelowna,BC,13.8,3.8,13.9
2024-04-07,Kelowna,BC,14.0,1.1,14.6
2024-04-08,Kelowna,BC,11.3,1.8,7.6
2024-04-09,Kelowna,BC,14.8,3.1,17.4
2024-04-10,Kelowna,BC,15.2,1.3,6.1
2024-04-11,Kelowna,BC,14.5,4.4,11.5
2024-04-12,Kelowna,BC,16.7,5.8,5.9
2024-04-13,Kelowna,BC,19.6,2.7,8.8
2024-04-14,Kelowna,BC,20.7,2.3,8.0
2024-04-15,Kelowna,BC,15.5,4.5,17.6
2024-04-16,Kelowna,BC,11.2,0.8,13.9
2024-04-17,Kelowna,BC,12.8,0.3,9.2
2024-04-18,Kelowna,BC,12.7,0.3,13.4
2024-04-19,Kelowna,BC,13.7,1.4,11.5
2024-04-20,Kelowna,BC,19.0,1.9,9.4
2024-04-21,Kelowna,BC,15.3,4.5,17.1
2024-04-22,Kelowna,BC,15.9,3.1,9.7
2024-04-23,Kelowna,BC,17.9,3.3,6.5
2024-04-24,Kelowna,BC,18.2,6.3,15.3
2024-04-25,Kelowna,BC,12.9,6.4,8.2
2024-04-26,Kelowna,BC,16.0,7.7,7.7
2024-04-27,Kelowna,BC,14.5,4.9,10.9
2024-04-28,Kelowna,BC,14.8,2.7,17.7
2024-04-29,Kelowna,BC,11.7,2.8,9.0
2024-04-30,Kelowna,BC,13.1,2.8,6.5
2024-05-01,Kelowna,BC,17.4,3.9,7.4
2024-05-02,Kelowna,BC,18.0,4.7,8.6
2024-05-03,Kelowna,BC,20.0,3.5,9.0
2024-05-04,Kelowna,BC,20.6,5.1,14.8
2024-05-05,Kelowna,BC,20.9,8.7,15.3
2024-05-06,Kelowna,BC,16.7,7.6,15.2
2024-05-07,Kelowna,BC,18.7,3.1,13.6
2024-05-08,Kelowna,BC,21.9,5.1,6.8
2024-05-09,Kelowna,BC,26.3,6.0,9.0
2024-05-10,Kelowna,BC,29.8,9.0,8.5
2024-05-11,Kelowna,BC,31.1,13.0,16.6
2024-05-12,Kelowna,BC,29.2,13.7,17.6
2024-05-13,Kelowna,BC,23.0,12.2,14.3
2024-05-14,Kelowna,BC,26.5,9.9,6.6
2024-05-15,Kelowna,BC,26.4,10.6,16.6
2024-05-16,Kelowna,BC,20.7,10.9,21.1
2024-05-17,Kelowna,BC,17.9,6.6,11.4
2024-05-18,Kelowna,BC,14.4,6.0,10.1
2024-05-19,Kelowna,BC,18.7,5.4,6.4
2024-05-20,Kelowna,BC,21.2,7.0,7.3
2024-05-21,Kelowna,BC,14.0,5.9,8.4
2024-05-22,Kelowna,BC,16.7,7.8,10.0
2024-05-23,Kelowna,BC,21.2,6.7,15.2
2024-05-24,Kelowna,BC,18.8,7.8,13.1
2024-05-25,Kelowna,BC,18.4,7.6,17.1
2024-05-26,Kelowna,BC,17.3,5.5,13.6
2024-05-27,Kelowna,BC,21.0,7.5,7.9
2024-05-28,Kelowna,BC,19.1,9.0,10.7
2024-05-29,Kelowna,BC,17.1,6.0,11.9
2024-05-30,Kelowna,BC,18.8,5.4,9.0
2024-05-31,Kelowna,BC,20.8,7.2,8.7
2024-06-01,Kelowna,BC,21.0,12.1,10.0
2024-06-02,Kelowna,BC,19.5,9.4,6.2
2024-06-03,Kelowna,BC,17.6,10.6,18.4
2024-06-04,Kelowna,BC,19.0,7.1,15.1
2024-06-05,Kelowna,BC,22.2,4.4,15.1
2024-06-06,Kelowna,BC,21.5,8.6,5.1
2024-06-07,Kelowna,BC,24.3,10.1,7.2
2024-06-08,Kelowna,BC,26.2,7.8,7.6
2024-06-09,Kelowna,BC,27.9,11.1,12.9
2024-06-10,Kelowna,BC,27.5,11.5,15.9
2024-06-11,Kelowna,BC,25.3,12.9,20.3
2024-06-12,Kelowna,BC,22.1,9.0,10.1
2024-06-13,Kelowna,BC,25.7,8.9,6.7
2024-06-14,Kelowna,BC,23.0,10.0,15.6
2024-06-15,Kelowna,BC,12.9,9.7,11.5
2024-06-16,Kelowna,BC,13.7,6.8,8.3
2024-06-17,Kelowna,BC,17.7,8.9,8.4
2024-06-18,Kelowna,BC,19.0,8.0,12.3
2024-06-19,Kelowna,BC,23.5,9.2,10.9
2024-06-20,Kelowna,BC,27.0,11.5,6.5
2024-06-21,Kelowna,BC,29.3,10.5,11.3
2024-06-22,Kelowna,BC,29.9,12.5,13.0
2024-06-23,Kelowna,BC,23.6,13.8,21.1
2024-06-24,Kelowna,BC,26.7,9.0,11.6
2024-06-25,Kelowna,BC,28.6,11.2,8.0
2024-06-26,Kelowna,BC,26.7,15.7,16.7
2024-06-27,Kelowna,BC,22.6,11.8,16.7
2024-06-28,Kelowna,BC,26.3,12.0,14.4
2024-06-29,Kelowna,BC,28.6,15.7,6.2
2024-06-30,Kelowna,BC,23.0,15.6,6.3
2024-07-01,Kelowna,BC,25.7,14.1,10.7
2024-07-02,Kelowna,BC,25.8,14.8,15.2
2024-07-03,Kelowna,BC,28.7,13.5,9.0
2024-07-04,Kelowna,BC,29.4,12.6,7.4
2024-07-05,Kelowna,BC,33.9,14.8,9.4
2024-07-06,Kelowna,BC,33.7,16.4,8.3
2024-07-07,Kelowna,BC,37.3,14.3,7.1
2024-07-08,Kelowna,BC,39.0,20.6,9.4
2024-07-09,Kelowna,BC,40.1,19.2,10.2
2024-07-10,Kelowna,BC,38.8,21.7,16.6
2024-07-11,Kelowna,BC,35.3,19.8,11.6
2024-07-12,Kelowna,BC,34.1,18.0,8.7
2024-07-13,Kelowna,BC,38.2,17.5,14.9
2024-07-14,Kelowna,BC,37.3,20.7,13.3
2024-07-15,Kelowna,BC,37.4,21.2,16.9
2024-07-16,Kelowna,BC,38.2,20.6,10.5
2024-07-17,Kelowna,BC,38.6,21.4,9.5
2024-07-18,Kelowna,BC,38.5,23.4,11.2
2024-07-19,Kelowna,BC,37.3,23.5,11.5
2024-07-20,Kelowna,BC,39.6,21.4,8.1
2024-07-21,Kelowna,BC,42.4,22.2,12.0
2024-07-22,Kelowna,BC,39.2,22.5,17.7
2024-07-23,Kelowna,BC,32.5,15.2,11.2
2024-07-24,Kelowna,BC,33.5,18.5,14.5
2024-07-25,Kelowna,BC,23.4,14.2,13.7
2024-07-26,Kelowna,BC,28.1,13.2,7.9
2024-07-27,Kelowna,BC,29.3,16.7,8.4
2024-07-28,Kelowna,BC,31.6,17.9,11.5
2024-07-29,Kelowna,BC,23.4,15.1,9.2
2024-07-30,Kelowna,BC,29.6,15.7,17.7
2024-07-31,Kelowna,BC,33.1,16.2,13.3
2024-08-01,Kelowna,BC,36.9,17.9,11.1
2024-08-02,Kelowna,BC,39.1,20.9,11.0
2024-08-03,Kelowna,BC,37.9,21.8,11.0
2024-08-04,Kelowna,BC,36.1,23.0,13.0
2024-08-05,Kelowna,BC,34.3,20.0,17.7
2024-08-06,Kelowna,BC,33.2,18.4,13.8
2024-08-07,Kelowna,BC,30.9,18.3,9.9
2024-08-08,Kelowna,BC,32.7,17.8,7.9
2024-08-09,Kelowna,BC,32.4,18.4,12.0
2024-08-10,Kelowna,BC,32.4,17.6,15.0
2024-08-11,Kelowna,BC,32.3,18.7,11.5
2024-08-12,Kelowna,BC,31.2,18.2,11.9
2024-08-13,Kelowna,BC,31.5,18.4,8.6
2024-08-14,Kelowna,BC,31.9,16.6,8.9
2024-08-15,Kelowna,BC,32.9,18.6,11.2
2024-08-16,Kelowna,BC,22.9,17.1,6.8
2024-08-17,Kelowna,BC,29.7,15.7,10.9
2024-08-18,Kelowna,BC,32.1,16.6,15.3
2024-08-19,Kelowna,BC,28.8,16.1,9.5
2024-08-20,Kelowna,BC,27.0,14.4,13.6
2024-08-21,Kelowna,BC,25.7,14.8,10.0
2024-08-22,Kelowna,BC,28.7,15.5,10.2
2024-08-23,Kelowna,BC,30.4,16.1,13.2
2024-08-24,Kelowna,BC,16.5,13.8,6.3
2024-08-25,Kelowna,BC,23.8,10.5,7.2
2024-08-26,Kelowna,BC,23.8,13.9,6.2
2024-08-27,Kelowna,BC,19.8,11.4,13.2
2024-08-28,Kelowna,BC,24.2,11.5,14.2
2024-08-29,Kelowna,BC,26.3,13.0,7.3
2024-08-30,Kelowna,BC,29.2,15.0,8.4
2024-08-31,Kelowna,BC,31.3,17.2,5.8
2024-09-01,Kelowna,BC,33.3,17.3,6.5
2024-09-02,Kelowna,BC,32.7,19.0,8.3
2024-09-03,Kelowna,BC,30.4,18.1,7.9
2024-09-04,Kelowna,BC,30.9,16.7,6.8
2024-09-05,Kelowna,BC,32.6,16.9,6.6
2024-09-06,Kelowna,BC,34.0,17.6,6.6
2024-09-07,Kelowna,BC,34.9,17.4,7.9
2024-09-08,Kelowna,BC,33.4,16.8,10.0
2024-09-09,Kelowna,BC,26.0,15.0,14.1
2024-09-10,Kelowna,BC,25.4,12.2,6.9
2024-09-11,Kelowna,BC,20.8,14.2,8.8
2024-09-12,Kelowna,BC,24.1,13.9,8.3
2024-09-13,Kelowna,BC,24.6,12.8,8.5
2024-09-14,Kelowna,BC,19.7,12.6,8.8
2024-09-15,Kelowna,BC,20.8,11.4,9.1
2024-09-16,Kelowna,BC,22.5,12.0,5.0
2024-09-17,Kelowna,BC,25.2,13.6,5.6
2024-09-18,Kelowna,BC,24.4,15.2,7.9
2024-09-19,Kelowna,BC,24.4,12.9,15.8
2024-09-20,Kelowna,BC,20.5,11.8,9.7
2024-09-21,Kelowna,BC,21.6,8.4,5.4
2024-09-22,Kelowna,BC,23.2,11.4,6.9
2024-09-23,Kelowna,BC,26.2,11.9,15.9
2024-09-24,Kelowna,BC,25.8,13.4,6.0
2024-09-25,Kelowna,BC,27.5,15.3,18.5
2024-09-26,Kelowna,BC,19.3,9.9,10.8
2024-09-27,Kelowna,BC,22.4,12.2,15.0
2024-09-28,Kelowna,BC,20.3,10.4,6.2
2024-09-29,Kelowna,BC,17.4,7.3,14.3
2024-09-30,Kelowna,BC,17.1,4.3,6.9
2024-10-01,Kelowna,BC,15.7,9.1,9.0
2024-10-02,Kelowna,BC,18.0,5.6,9.2
2024-10-03,Kelowna,BC,17.2,6.8,6.8
2024-10-04,Kelowna,BC,16.6,10.7,15.5
2024-10-05,Kelowna,BC,19.2,6.0,8.4
2024-10-06,Kelowna,BC,19.4,10.7,6.0
2024-10-07,Kelowna,BC,20.1,8.8,4.2
2024-10-08,Kelowna,BC,22.7,12.3,11.3
2024-10-09,Kelowna,BC,19.5,9.1,14.0
2024-10-10,Kelowna,BC,17.0,6.0,8.7
2024-10-11,Kelowna,BC,15.7,7.5,3.4
2024-10-12,Kelowna,BC,19.6,8.9,2.9
2024-10-13,Kelowna,BC,21.2,10.2,4.8
2024-10-14,Kelowna,BC,20.3,11.6,6.0
2024-10-15,Kelowna,BC,16.2,12.9,5.5
2024-10-16,Kelowna,BC,14.9,5.3,14.8
2024-10-17,Kelowna,BC,12.6,5.2,8.0
2024-10-18,Kelowna,BC,10.2,1.7,7.6
2024-10-19,Kelowna,BC,12.7,7.0,6.5
2024-10-20,Kelowna,BC,16.8,10.4,8.4
2024-10-21,Kelowna,BC,13.4,7.4,11.2
2024-10-22,Kelowna,BC,12.2,3.2,5.8
2024-10-23,Kelowna,BC,12.8,4.0,10.4
2024-10-24,Kelowna,BC,13.0,2.9,10.2
2024-10-25,Kelowna,BC,8.5,4.2,7.3
2024-10-26,Kelowna,BC,10.8,5.6,7.3
2024-10-27,Kelowna,BC,13.4,5.8,10.8
2024-10-28,Kelowna,BC,10.7,2.8,8.5
2024-10-29,Kelowna,BC,10.3,5.4,8.1
2024-10-30,Kelowna,BC,8.3,3.5,7.6
2024-10-31,Kelowna,BC,6.5,4.0,6.9
2024-11-01,Kelowna,BC,7.4,3.5,9.6
2024-11-02,Kelowna,BC,9.7,4.2,8.8
2024-11-03,Kelowna,BC,9.5,1.6,9.5
2024-11-04,Kelowna,BC,5.8,2.8,8.5
2024-11-05,Kelowna,BC,9.1,2.6,8.6
2024-11-06,Kelowna,BC,8.0,2.2,5.1
2024-11-07,Kelowna,BC,7.6,1.9,6.1
2024-11-08,Kelowna,BC,8.3,4.5,5.9
2024-11-09,Kelowna,BC,7.2,4.3,4.5
2024-11-10,Kelowna,BC,6.6,4.0,6.5
2024-11-11,Kelowna,BC,8.1,2.6,6.4
2024-11-12,Kelowna,BC,9.7,3.3,8.7
2024-11-13,Kelowna,BC,6.5,4.8,5.4
2024-11-14,Kelowna,BC,6.5,3.4,5.2
2024-11-15,Kelowna,BC,6.5,2.8,6.2
2024-11-16,Kelowna,BC,5.3,1.3,5.9
2024-11-17,Kelowna,BC,7.0,2.8,6.1
2024-11-18,Kelowna,BC,5.8,0.0,7.7
2024-11-19,Kelowna,BC,5.0,-0.9,7.2
2024-11-20,Kelowna,BC,5.3,2.2,6.5
2024-11-21,Kelowna,BC,7.3,3.9,4.9
2024-11-22,Kelowna,BC,5.4,3.0,9.3
2024-11-23,Kelowna,BC,6.3,2.4,7.8
2024-11-24,Kelowna,BC,5.4,2.1,6.1
2024-11-25,Kelowna,BC,3.9,2.3,5.8
2024-11-26,Kelowna,BC,4.8,0.1,4.2
2024-11-27,Kelowna,BC,5.1,-0.3,9.1
2024-11-28,Kelowna,BC,4.7,-1.3,6.2
2024-11-29,Kelowna,BC,6.5,-1.8,9.4
2024-11-30,Kelowna,BC,7.9,0.6,6.8
2024-12-01,Kelowna,BC,4.8,0.2,5.6
2024-12-02,Kelowna,BC,4.5,-0.9,5.2
2024-12-03,Kelowna,BC,5.3,0.8,2.0
2024-12-04,Kelowna,BC,4.5,0.8,4.7
2024-12-05,Kelowna,BC,3.8,-0.5,3.8
2024-12-06,Kelowna,BC,4.3,-0.1,5.4
2024-12-07,Kelowna,BC,3.5,-0.3,6.7
2024-12-08,Kelowna,BC,2.9,1.5,6.5
2024-12-09,Kelowna,BC,6.2,-0.0,3.4
2024-12-10,Kelowna,BC,4.0,-1.3,2.7
2024-12-11,Kelowna,BC,2.5,0.2,4.3
2024-12-12,Kelowna,BC,3.9,-0.1,4.5
2024-12-13,Kelowna,BC,3.9,1.3,6.7
2024-12-14,Kelowna,BC,5.5,2.4,4.2
2024-12-15,Kelowna,BC,5.8,-0.3,8.6
2024-12-16,Kelowna,BC,2.0,-1.6,3.9
2024-12-17,Kelowna,BC,4.4,0.2,2.9
2024-12-18,Kelowna,BC,6.2,0.1,8.2
2024-12-19,Kelowna,BC,4.0,-1.1,4.8
2024-12-20,Kelowna,BC,5.2,1.1,5.3
2024-12-21,Kelowna,BC,6.2,1.3,3.6
2024-12-22,Kelowna,BC,4.5,-0.7,6.0
2024-12-23,Kelowna,BC,7.4,3.0,6.8
2024-12-24,Kelowna,BC,6.1,0.9,4.6
2024-12-25,Kelowna,BC,3.5,-0.6,4.0
2024-12-26,Kelowna,BC,4.5,1.4,6.4
2024-12-27,Kelowna,BC,4.3,-0.7,2.8
2024-12-28,Kelowna,BC,4.4,0.9,3.4
2024-12-29,Kelowna,BC,5.0,0.0,2.8
2024-12-30,Kelowna,BC,4.5,-0.1,7.5
2024-12-31,Kelowna,BC,2.6,-1.6,4.2
2025-01-01,Kelowna,BC,4.0,0.7,4.0
2025-01-02,Kelowna,BC,4.7,0.8,2.3
2025-01-03,Kelowna,BC,3.1,-1.4,8.0
2025-01-04,Kelowna,BC,5.4,-0.3,4.2
2025-01-05,Kelowna,BC,5.1,-0.7,3.6
2025-01-06,Kelowna,BC,6.2,-1.0,4.9
2025-01-07,Kelowna,BC,2.6,-1.5,6.1
2025-01-08,Kelowna,BC,5.8,-3.5,5.4
2025-01-09,Kelowna,BC,3.1,-3.9,4.8
2025-01-10,Kelowna,BC,2.6,-1.6,5.2
2025-01-11,Kelowna,BC,6.3,-0.1,3.7
2025-01-12,Kelowna,BC,4.9,-1.6,3.6
2025-01-13,Kelowna,BC,5.2,-3.4,4.2
2025-01-14,Kelowna,BC,4.6,-3.3,2.7
2025-01-15,Kelowna,BC,4.0,-2.3,1.8
2025-01-16,Kelowna,BC,5.9,-4.5,10.8
2025-01-17,Kelowna,BC,2.9,-6.5,5.5
2025-01-18,Kelowna,BC,0.5,-7.7,4.6
2025-01-19,Kelowna,BC,0.2,-6.1,7.3
2025-01-20,Kelowna,BC,-1.8,-7.5,4.7
2025-01-21,Kelowna,BC,3.8,-7.2,8.5
2025-01-22,Kelowna,BC,2.1,-7.5,5.2
2025-01-23,Kelowna,BC,3.6,-5.5,4.4
2025-01-24,Kelowna,BC,2.7,-6.0,5.2
2025-01-25,Kelowna,BC,1.9,-7.1,5.2
2025-01-26,Kelowna,BC,1.6,-6.9,6.0
2025-01-27,Kelowna,BC,2.5,-8.1,6.4
2025-01-28,Kelowna,BC,2.7,-6.7,4.7
2025-01-29,Kelowna,BC,4.6,-6.7,2.5
2025-01-30,Kelowna,BC,3.2,-2.7,4.6
2025-01-31,Kelowna,BC,3.0,-0.1,4.7
2025-02-01,Kelowna,BC,2.0,-6.5,9.7
2025-02-02,Kelowna,BC,-2.2,-8.6,9.8
2025-02-03,Kelowna,BC,-5.1,-9.6,11.8
2025-02-04,Kelowna,BC,-5.5,-10.5,11.2
2025-02-05,Kelowna,BC,-5.8,-13.4,9.2
2025-02-06,Kelowna,BC,-4.3,-10.6,9.4
2025-02-07,Kelowna,BC,-2.6,-11.1,5.9
2025-02-08,Kelowna,BC,-0.9,-9.6,5.6
2025-02-09,Kelowna,BC,-1.0,-11.4,7.0
2025-02-10,Kelowna,BC,-4.1,-13.3,11.1
2025-02-11,Kelowna,BC,-3.7,-12.6,8.0
2025-02-12,Kelowna,BC,-1.8,-11.7,5.3
2025-02-13,Kelowna,BC,-1.2,-9.8,8.6
2025-02-14,Kelowna,BC,1.2,-7.6,4.0
2025-02-15,Kelowna,BC,4.8,-9.3,7.1
2025-02-16,Kelowna,BC,0.1,-2.7,3.1
2025-02-17,Kelowna,BC,3.4,-6.5,4.0
2025-02-18,Kelowna,BC,3.9,-9.1,4.2
2025-02-19,Kelowna,BC,2.9,-3.4,4.7
2025-02-20,Kelowna,BC,7.1,-2.1,6.1
2025-02-21,Kelowna,BC,2.6,-2.7,3.3
2025-02-22,Kelowna,BC,7.7,2.0,7.6
2025-02-23,Kelowna,BC,13.7,2.1,9.6
2025-02-24,Kelowna,BC,8.9,0.7,8.7
2025-02-25,Kelowna,BC,5.3,1.4,5.3
2025-02-26,Kelowna,BC,9.7,-0.2,7.0
2025-02-27,Kelowna,BC,10.4,-0.2,4.9
2025-02-28,Kelowna,BC,12.4,0.7,2.4
2025-03-01,Kelowna,BC,12.2,0.8,4.5
2025-03-02,Kelowna,BC,14.0,1.0,5.1
2025-03-03,Kelowna,BC,11.7,-1.3,7.0
2025-03-04,Kelowna,BC,9.7,-1.9,5.8
2025-03-05,Kelowna,BC,10.2,-0.2,8.7
2025-03-06,Kelowna,BC,10.0,-1.9,6.4
2025-03-07,Kelowna,BC,13.1,-2.2,10.2
2025-03-08,Kelowna,BC,12.5,1.8,8.3
2025-03-09,Kelowna,BC,14.0,1.8,13.2
2025-03-10,Kelowna,BC,10.1,1.4,12.6
2025-03-11,Kelowna,BC,7.3,-0.0,4.7
2025-03-12,Kelowna,BC,7.2,1.8,9.8
2025-03-13,Kelowna,BC,6.7,-1.2,12.9
2025-03-14,Kelowna,BC,7.2,-3.6,5.2
2025-03-15,Kelowna,BC,4.5,-0.8,5.2
2025-03-16,Kelowna,BC,9.8,-2.2,10.8
2025-03-17,Kelowna,BC,9.8,-1.9,11.6
2025-03-18,Kelowna,BC,9.1,-2.2,12.3
2025-03-19,Kelowna,BC,6.5,-2.0,9.0
2025-03-20,Kelowna,BC,11.3,1.3,15.6
2025-03-21,Kelowna,BC,12.0,1.2,13.4
2025-03-22,Kelowna,BC,11.5,-0.2,13.1
2025-03-23,Kelowna,BC,5.9,2.0,5.3
2025-03-24,Kelowna,BC,11.5,3.0,10.3
2025-03-25,Kelowna,BC,16.7,4.8,4.6
2025-03-26,Kelowna,BC,18.4,4.5,5.7
2025-03-27,Kelowna,BC,13.9,4.0,4.9
2025-03-28,Kelowna,BC,12.6,3.5,8.9
2025-03-29,Kelowna,BC,14.9,0.0,11.1
2025-03-30,Kelowna,BC,13.5,-0.3,12.9
2025-03-31,Kelowna,BC,8.1,1.7,5.5
2025-04-01,Kelowna,BC,13.5,3.0,9.0
2025-04-02,Kelowna,BC,13.1,3.2,7.4
2025-04-03,Kelowna,BC,13.9,-0.8,11.4
2025-04-04,Kelowna,BC,15.6,-1.0,3.7
2025-04-05,Kelowna,BC,16.1,1.4,5.7
2025-04-06,Kelowna,BC,15.9,3.2,8.9
2025-04-07,Kelowna,BC,13.1,5.0,9.1
2025-04-08,Kelowna,BC,13.6,2.5,14.8
2025-04-09,Kelowna,BC,16.2,0.7,12.1
2025-04-10,Kelowna,BC,19.2,3.4,9.4
2025-04-11,Kelowna,BC,15.3,3.7,13.5
2025-04-12,Kelowna,BC,12.9,2.1,9.6
2025-04-13,Kelowna,BC,14.2,0.5,8.7
2025-04-14,Kelowna,BC,15.5,1.7,4.7
2025-04-15,Kelowna,BC,21.2,3.3,17.7
2025-04-16,Kelowna,BC,13.6,1.7,18.5
2025-04-17,Kelowna,BC,16.3,-0.8,8.8
2025-04-18,Kelowna,BC,20.8,1.5,7.3
2025-04-19,Kelowna,BC,17.6,7.7,11.2
2025-04-20,Kelowna,BC,15.0,5.0,12.6
2025-04-21,Kelowna,BC,14.2,3.0,7.0
2025-04-22,Kelowna,BC,14.2,0.4,8.4
2025-04-23,Kelowna,BC,16.1,0.9,9.0
2025-04-24,Kelowna,BC,19.2,2.1,3.6
2025-04-25,Kelowna,BC,21.9,4.3,8.5
2025-04-26,Kelowna,BC,23.3,3.2,8.9
2025-04-27,Kelowna,BC,21.5,6.5,9.2
2025-04-28,Kelowna,BC,16.8,5.3,13.0
2025-04-29,Kelowna,BC,18.5,8.0,16.8
2025-04-30,Kelowna,BC,22.6,3.8,8.7
2025-05-01,Kelowna,BC,23.7,3.7,6.8
2025-05-02,Kelowna,BC,26.4,7.4,6.3
2025-05-03,Kelowna,BC,19.1,8.9,13.7
2025-05-04,Kelowna,BC,17.9,3.7,13.3
2025-05-05,Kelowna,BC,20.4,0.9,10.1
2025-05-06,Kelowna,BC,23.8,5.4,8.8
2025-05-07,Kelowna,BC,24.8,9.4,13.1
2025-05-08,Kelowna,BC,19.5,6.6,12.2
2025-05-09,Kelowna,BC,23.4,7.3,6.4
2025-05-10,Kelowna,BC,22.4,10.0,15.6
2025-05-11,Kelowna,BC,20.2,3.9,13.8
2025-05-12,Kelowna,BC,14.7,9.2,10.0
2025-05-13,Kelowna,BC,21.9,8.2,7.5
2025-05-14,Kelowna,BC,20.0,9.0,12.0
2025-05-15,Kelowna,BC,19.1,4.5,10.7
2025-05-16,Kelowna,BC,15.8,9.0,7.5
2025-05-17,Kelowna,BC,17.9,5.0,11.7
2025-05-18,Kelowna,BC,16.6,7.4,11.5
2025-05-19,Kelowna,BC,13.7,3.6,8.2
2025-05-20,Kelowna,BC,18.7,4.3,13.8
2025-05-21,Kelowna,BC,19.6,4.3,11.7
2025-05-22,Kelowna,BC,21.4,6.1,9.4
2025-05-23,Kelowna,BC,22.7,6.0,9.8
2025-05-24,Kelowna,BC,26.0,9.0,9.5
2025-05-25,Kelowna,BC,30.0,10.2,13.7
2025-05-26,Kelowna,BC,23.1,12.9,15.1
2025-05-27,Kelowna,BC,26.7,9.1,9.3
2025-05-28,Kelowna,BC,31.9,12.7,8.6
2025-05-29,Kelowna,BC,24.0,13.8,16.0
2025-05-30,Kelowna,BC,28.4,9.3,6.9
2025-05-31,Kelowna,BC,29.2,12.8,24.0
2025-06-01,Kelowna,BC,21.5,8.6,12.5
2025-06-02,Kelowna,BC,21.9,6.3,9.3
2025-06-03,Kelowna,BC,25.5,7.7,11.4
2025-06-04,Kelowna,BC,26.2,12.2,12.3
2025-06-05,Kelowna,BC,29.7,9.8,11.8
2025-06-06,Kelowna,BC,29.3,17.3,14.6
2025-06-07,Kelowna,BC,29.9,13.8,10.3
2025-06-08,Kelowna,BC,35.1,11.1,7.5
2025-06-09,Kelowna,BC,35.7,17.0,10.1
2025-06-10,Kelowna,BC,33.2,17.0,12.0
2025-06-11,Kelowna,BC,34.1,14.6,12.5
2025-06-12,Kelowna,BC,28.8,15.7,15.8
2025-06-13,Kelowna,BC,25.0,12.7,13.8
2025-06-14,Kelowna,BC,25.9,10.1,15.2
2025-06-15,Kelowna,BC,28.7,11.2,8.9
2025-06-16,Kelowna,BC,30.5,12.1,11.0
2025-06-17,Kelowna,BC,28.6,11.9,11.0
2025-06-18,Kelowna,BC,26.3,12.8,16.3
2025-06-19,Kelowna,BC,26.4,9.5,9.7
2025-06-20,Kelowna,BC,22.7,11.6,14.2
2025-06-21,Kelowna,BC,17.4,10.8,7.0
2025-06-22,Kelowna,BC,21.0,9.2,10.3
2025-06-23,Kelowna,BC,22.5,10.8,10.6
2025-06-24,Kelowna,BC,26.6,11.6,9.7
2025-06-25,Kelowna,BC,25.9,14.8,11.3
2025-06-26,Kelowna,BC,25.9,11.4,12.4
2025-06-27,Kelowna,BC,23.1,14.1,13.9
2025-06-28,Kelowna,BC,25.5,12.0,8.1
2025-06-29,Kelowna,BC,29.3,11.4,12.2
2025-06-30,Kelowna,BC,33.9,14.2,7.0
2025-07-01,Kelowna,BC,36.2,15.3,13.1
2025-07-02,Kelowna,BC,32.3,15.8,16.6
2025-07-03,Kelowna,BC,27.7,13.2,15.9
2025-07-04,Kelowna,BC,28.8,11.6,11.0
2025-07-05,Kelowna,BC,29.8,15.1,17.2
2025-07-06,Kelowna,BC,29.4,14.3,9.2
2025-07-07,Kelowna,BC,32.9,14.5,10.9
2025-07-08,Kelowna,BC,35.9,17.6,20.1
2025-07-09,Kelowna,BC,26.9,18.7,17.1
2025-07-10,Kelowna,BC,28.2,16.9,12.6
2025-07-11,Kelowna,BC,31.6,12.3,12.1
2025-07-12,Kelowna,BC,34.4,17.5,11.7
2025-07-13,Kelowna,BC,37.4,20.8,14.3
2025-07-14,Kelowna,BC,24.7,17.5,8.5
2025-07-15,Kelowna,BC,28.5,15.5,12.8
2025-07-16,Kelowna,BC,31.0,13.9,13.5
2025-07-17,Kelowna,BC,27.0,15.8,9.2
2025-07-18,Kelowna,BC,29.4,15.3,14.0
2025-07-19,Kelowna,BC,26.8,15.3,13.0
2025-07-20,Kelowna,BC,24.6,16.1,13.4
2025-07-21,Kelowna,BC,26.5,14.9,10.2
2025-07-22,Kelowna,BC,26.1,16.3,10.4
2025-07-23,Kelowna,BC,30.1,14.3,9.6
2025-07-24,Kelowna,BC,31.3,14.1,15.4
2025-07-25,Kelowna,BC,25.7,17.2,13.8
2025-07-26,Kelowna,BC,27.1,14.8,13.4
2025-07-27,Kelowna,BC,27.3,15.4,12.4
2025-07-28,Kelowna,BC,31.7,15.5,12.2
2025-07-29,Kelowna,BC,35.3,16.6,11.0
2025-07-30,Kelowna,BC,36.6,18.7,9.9
2025-07-31,Kelowna,BC,35.9,19.3,10.1
2025-08-01,Kelowna,BC,33.5,19.4,16.4
2025-08-02,Kelowna,BC,30.0,19.6,12.7
2025-08-03,Kelowna,BC,32.4,15.8,10.2
2025-08-04,Kelowna,BC,30.8,17.6,10.3
2025-08-05,Kelowna,BC,29.5,15.9,10.4
2025-08-06,Kelowna,BC,21.4,15.4,6.5
2025-08-07,Kelowna,BC,24.5,13.1,7.4
2025-08-08,Kelowna,BC,30.2,14.5,8.6
2025-08-09,Kelowna,BC,31.0,16.1,6.1
2025-08-10,Kelowna,BC,36.6,19.2,10.4
2025-08-11,Kelowna,BC,32.8,21.1,8.5
2025-08-12,Kelowna,BC,34.4,17.4,11.5
2025-08-13,Kelowna,BC,31.6,19.2,20.7
2025-08-14,Kelowna,BC,30.0,15.7,7.7
2025-08-15,Kelowna,BC,22.0,16.6,6.7
2025-08-16,Kelowna,BC,27.0,16.9,14.4
2025-08-17,Kelowna,BC,25.9,14.0,6.8
2025-08-18,Kelowna,BC,26.6,15.1,5.9
2025-08-19,Kelowna,BC,26.5,15.2,8.5
2025-08-20,Kelowna,BC,28.7,15.3,10.2
2025-08-21,Kelowna,BC,27.5,13.2,10.8
2025-08-22,Kelowna,BC,31.3,11.9,11.0
2025-08-23,Kelowna,BC,34.4,14.5,9.2
2025-08-24,Kelowna,BC,35.8,16.6,10.7
2025-08-25,Kelowna,BC,36.6,16.7,9.9
2025-08-26,Kelowna,BC,37.3,17.2,12.3
2025-08-27,Kelowna,BC,36.1,17.1,5.3
2025-08-28,Kelowna,BC,33.0,18.7,9.4
2025-08-29,Kelowna,BC,30.8,18.8,8.0
2025-08-30,Kelowna,BC,32.7,15.7,12.6
2025-08-31,Kelowna,BC,33.7,16.1,8.4
2025-09-01,Kelowna,BC,35.4,18.8,15.1
2025-09-02,Kelowna,BC,38.7,17.4,6.8
2025-09-03,Kelowna,BC,39.8,19.0,10.6
2025-09-04,Kelowna,BC,35.8,18.6,10.1
2025-09-05,Kelowna,BC,33.2,15.5,9.4
2025-09-06,Kelowna,BC,34.8,16.9,4.4
2025-09-07,Kelowna,BC,29.3,19.1,14.0
2025-09-08,Kelowna,BC,29.0,15.4,7.0
2025-09-09,Kelowna,BC,28.9,15.3,8.4
2025-09-10,Kelowna,BC,29.3,14.9,6.6
2025-09-11,Kelowna,BC,31.3,15.3,6.3
2025-09-12,Kelowna,BC,30.9,15.3,6.4
2025-09-13,Kelowna,BC,30.0,15.8,7.7
2025-09-14,Kelowna,BC,25.7,16.0,15.6
2025-09-15,Kelowna,BC,25.7,16.0,5.6
2025-09-16,Kelowna,BC,29.5,13.5,10.4
2025-09-17,Kelowna,BC,29.1,14.8,7.6
2025-09-18,Kelowna,BC,27.5,15.2,10.5
2025-09-19,Kelowna,BC,27.5,12.0,7.6
2025-09-20,Kelowna,BC,30.5,12.8,8.8
2025-09-21,Kelowna,BC,23.6,12.9,14.5
2025-09-22,Kelowna,BC,23.7,9.5,5.6
2025-09-23,Kelowna,BC,24.3,10.6,6.1
2025-09-24,Kelowna,BC,28.4,11.5,9.4
2025-09-25,Kelowna,BC,24.8,10.4,14.6
2025-09-26,Kelowna,BC,21.2,8.3,17.1
2025-09-27,Kelowna,BC,21.8,12.4,5.4
2025-09-28,Kelowna,BC,24.2,11.8,7.9
2025-09-29,Kelowna,BC,22.5,14.2,6.8
2025-09-30,Kelowna,BC,20.0,13.3,6.3
2025-10-01,Kelowna,BC,20.8,11.5,13.7
2025-10-02,Kelowna,BC,19.3,10.5,4.1
2025-10-03,Kelowna,BC,21.3,6.9,11.1
2025-10-04,Kelowna,BC,18.3,9.7,8.5
2025-10-05,Kelowna,BC,16.3,6.4,5.9
2025-10-06,Kelowna,BC,19.6,7.2,7.2
2025-10-07,Kelowna,BC,18.7,8.6,6.9
2025-10-08,Kelowna,BC,18.1,9.1,12.1
2025-10-09,Kelowna,BC,20.7,8.2,8.1
2025-10-10,Kelowna,BC,20.3,8.2,9.6
2025-10-11,Kelowna,BC,12.8,6.3,8.1
2025-10-12,Kelowna,BC,10.5,7.1,11.7
2025-10-13,Kelowna,BC,11.1,4.6,12.7
2025-10-14,Kelowna,BC,11.5,2.3,8.1
2025-10-15,Kelowna,BC,11.2,1.7,6.9
2025-10-16,Kelowna,BC,13.5,2.2,7.1
2025-10-17,Kelowna,BC,12.9,5.1,10.4
2025-10-18,Kelowna,BC,9.0,3.1,5.1
2025-10-19,Kelowna,BC,9.1,4.9,6.3
2025-10-20,Kelowna,BC,13.9,6.1,10.4
2025-10-21,Kelowna,BC,15.0,5.8,7.5
2025-10-22,Kelowna,BC,11.2,4.7,9.0
2025-10-23,Kelowna,BC,13.4,5.5,5.3
2025-10-24,Kelowna,BC,13.4,7.0,6.8
2025-10-25,Kelowna,BC,10.8,4.7,9.5
2025-10-26,Kelowna,BC,10.7,4.4,13.6
2025-10-27,Kelowna,BC,10.9,2.4,9.9
2025-10-28,Kelowna,BC,6.2,1.9,3.1
2025-10-29,Kelowna,BC,11.3,3.4,8.8
2025-10-30,Kelowna,BC,10.5,2.1,2.4
2025-10-31,Kelowna,BC,7.4,3.3,3.8
2025-11-01,Kelowna,BC,8.9,4.5,8.8
2025-11-02,Kelowna,BC,11.8,2.8,13.3
2025-11-03,Kelowna,BC,7.6,2.3,5.2
2025-11-04,Kelowna,BC,6.6,1.3,3.8
2025-11-05,Kelowna,BC,6.7,3.9,4.9
2025-11-06,Kelowna,BC,11.5,4.9,4.6
2025-11-07,Kelowna,BC,11.3,3.3,11.1
2025-11-08,Kelowna,BC,7.7,1.1,4.5
2025-11-09,Kelowna,BC,9.7,4.0,8.2
2025-11-10,Kelowna,BC,11.2,3.3,5.8
2025-11-11,Kelowna,BC,10.1,2.7,5.6
2025-11-12,Kelowna,BC,7.1,4.0,5.1
2025-11-13,Kelowna,BC,8.5,5.7,4.2
2025-11-14,Kelowna,BC,8.2,4.5,4.2
2025-11-15,Kelowna,BC,8.8,4.4,5.6
2025-11-16,Kelowna,BC,10.2,6.0,6.4
2025-11-17,Kelowna,BC,10.9,5.9,4.4
2025-11-18,Kelowna,BC,8.5,4.2,11.2
2025-11-19,Kelowna,BC,6.1,1.8,4.8
2025-11-20,Kelowna,BC,6.7,1.8,4.0
2025-11-21,Kelowna,BC,9.0,0.9,6.5
2025-11-22,Kelowna,BC,7.8,3.5,3.7
2025-11-23,Kelowna,BC,9.0,4.6,6.8
2025-11-24,Kelowna,BC,8.3,2.6,5.3
2025-11-25,Kelowna,BC,5.4,0.7,4.2
2025-11-26,Kelowna,BC,7.1,2.3,6.5
2025-11-27,Kelowna,BC,3.9,2.2,4.3
2025-11-28,Kelowna,BC,5.9,-0.3,6.4
2025-11-29,Kelowna,BC,2.5,-1.8,5.3
2025-11-30,Kelowna,BC,3.3,-1.1,6.7
2025-12-01,Kelowna,BC,3.8,0.3,6.2
2025-12-02,Kelowna,BC,4.8,2.1,4.2
2025-12-03,Kelowna,BC,4.1,1.1,4.1
2025-12-04,Kelowna,BC,5.1,2.0,6.4
2025-12-05,Kelowna,BC,4.1,1.8,5.7
2025-12-06,Kelowna,BC,6.7,1.5,7.3
2025-12-07,Kelowna,BC,4.8,0.2,5.8
2025-12-08,Kelowna,BC,6.1,4.1,7.2
2025-12-09,Kelowna,BC,8.9,3.9,9.2
2025-12-10,Kelowna,BC,5.5,4.5,5.9
2025-12-11,Kelowna,BC,8.0,4.5,9.0
2025-12-12,Kelowna,BC,5.1,4.1,6.4
2025-12-13,Kelowna,BC,5.0,3.4,5.2
2025-12-14,Kelowna,BC,7.5,3.9,6.3
2025-12-15,Kelowna,BC,8.8,5.3,9.6
2025-12-16,Kelowna,BC,9.0,2.2,7.8
2025-12-17,Kelowna,BC,6.5,2.3,13.5
2025-12-18,Kelowna,BC,6.3,2.3,8.8
2025-12-19,Kelowna,BC,3.7,-2.3,8.8
2025-12-20,Kelowna,BC,4.3,-2.6,5.6
2025-12-21,Kelowna,BC,4.4,1.2,5.4
2025-12-22,Kelowna,BC,3.5,-0.9,7.4
2025-12-23,Kelowna,BC,4.5,-0.6,5.9
2025-12-24,Kelowna,BC,3.5,2.0,9.1
2025-12-25,Kelowna,BC,3.9,0.6,8.1
2025-12-26,Kelowna,BC,4.8,-2.0,5.7
2025-12-27,Kelowna,BC,-4.5,-8.2,9.1
2025-12-28,Kelowna,BC,-1.8,-7.6,7.6
2025-12-29,Kelowna,BC,-0.0,-4.0,4.7
2025-12-30,Kelowna,BC,1.0,-3.4,6.5
2025-12-31,Kelowna,BC,2.9,-1.4,4.5
2026-01-01,Kelowna,BC,2.3,-2.2,4.6
2026-01-02,Kelowna,BC,5.1,0.0,4.4
2026-01-03,Kelowna,BC,3.7,2.4,4.9
2026-01-04,Kelowna,BC,4.4,1.8,4.2
2026-01-05,Kelowna,BC,6.2,0.1,8.8
2026-01-06,Kelowna,BC,3.6,1.1,6.3
2026-01-07,Kelowna,BC,5.7,-0.4,7.6
2026-01-08,Kelowna,BC,5.7,-2.3,12.6
2026-01-09,Kelowna,BC,5.9,1.1,8.3
2026-01-10,Kelowna,BC,5.5,1.0,6.2
2026-01-11,Kelowna,BC,4.0,1.9,2.2
2026-01-12,Kelowna,BC,6.8,3.6,6.4
2026-01-13,Kelowna,BC,9.3,1.9,5.4
2026-01-14,Kelowna,BC,8.2,0.6,4.4
2026-01-15,Kelowna,BC,9.1,-0.3,6.2
2026-01-16,Kelowna,BC,5.3,-1.6,7.7
2026-01-17,Kelowna,BC,4.5,-2.2,4.5
2026-01-18,Kelowna,BC,4.6,-3.0,9.2
2026-01-19,Kelowna,BC,4.3,-3.2,4.0
2026-01-20,Kelowna,BC,3.7,-4.0,7.7
2026-01-21,Kelowna,BC,3.3,-3.8,8.3
2026-01-22,Kelowna,BC,3.4,-3.9,5.1
2026-01-23,Kelowna,BC,0.9,-5.4,7.6
2026-01-24,Kelowna,BC,1.3,-6.6,8.2
2026-01-25,Kelowna,BC,-0.8,-7.8,5.5
2026-01-26,Kelowna,BC,1.3,-5.5,3.4
2026-01-27,Kelowna,BC,3.2,-2.7,5.4
2026-01-28,Kelowna,BC,7.3,0.0,4.4
2026-01-29,Kelowna,BC,6.5,1.5,5.3
2026-01-30,Kelowna,BC,4.8,3.2,4.4
2026-01-31,Kelowna,BC,7.8,2.3,5.0
2026-02-01,Kelowna,BC,4.4,1.9,4.3
2026-02-02,Kelowna,BC,5.9,2.0,2.8
2026-02-03,Kelowna,BC,7.0,3.3,5.3
2026-02-04,Kelowna,BC,7.2,3.1,4.2
2026-02-05,Kelowna,BC,8.8,1.7,3.1
2026-02-06,Kelowna,BC,9.7,2.0,4.2
2026-02-07,Kelowna,BC,4.2,0.5,5.4
2026-02-08,Kelowna,BC,9.8,0.3,5.1
2026-02-09,Kelowna,BC,7.7,-1.3,8.0
2026-02-10,Kelowna,BC,7.5,-0.4,3.5
2026-02-11,Kelowna,BC,7.9,-2.8,2.9
2026-02-12,Kelowna,BC,9.2,-0.8,4.5
2026-02-13,Kelowna,BC,7.8,1.1,4.7
2026-02-14,Kelowna,BC,8.3,-1.0,12.7
2026-02-15,Kelowna,BC,6.4,-2.5,5.7
2026-02-16,Kelowna,BC,4.7,-0.0,8.8
2026-02-17,Kelowna,BC,5.8,-2.4,8.3
2026-02-18,Kelowna,BC,-0.1,-5.5,9.4
2026-02-19,Kelowna,BC,-4.2,-8.9,11.9
2026-02-20,Kelowna,BC,-1.0,-10.0,6.9
2026-02-21,Kelowna,BC,3.7,-6.0,9.4
2026-02-22,Kelowna,BC,6.8,-3.6,8.8
2026-02-23,Kelowna,BC,7.5,-0.4,11.8
2026-02-24,Kelowna,BC,7.9,-4.4,3.7
2026-02-25,Kelowna,BC,8.9,-3.1,15.8
2026-02-26,Kelowna,BC,9.7,3.8,15.1
2026-02-27,Kelowna,BC,10.4,3.8,14.1
2026-02-28,Kelowna,BC,9.7,0.4,7.5
2026-03-01,Kelowna,BC,10.1,-0.5,4.0
2026-03-02,Kelowna,BC,13.3,-0.5,6.5
2026-03-03,Kelowna,BC,10.1,1.7,6.6
2026-03-04,Kelowna,BC,8.2,2.4,5.9
2026-03-05,Kelowna,BC,8.8,2.1,9.5
2026-03-06,Kelowna,BC,13.4,1.5,12.6
2026-03-07,Kelowna,BC,13.8,3.9,12.1
2026-03-08,Kelowna,BC,11.0,0.1,14.1
2026-03-09,Kelowna,BC,6.9,-0.9,12.1
2026-03-10,Kelowna,BC,7.8,-2.5,13.5
2026-03-11,Kelowna,BC,5.8,-1.5,8.1
2026-03-12,Kelowna,BC,6.6,2.0,17.8
2026-03-13,Kelowna,BC,5.1,-0.8,6.0
2026-03-14,Kelowna,BC,4.6,-4.8,8.3
2026-03-15,Kelowna,BC,5.6,-5.4,7.8
2026-03-16,Kelowna,BC,5.9,2.3,6.2
2026-03-17,Kelowna,BC,13.6,3.5,7.5
2026-03-18,Kelowna,BC,20.3,5.5,14.1
2026-03-19,Kelowna,BC,19.4,5.5,14.9
2026-03-20,Kelowna,BC,17.0,5.5,16.8
2026-03-21,Kelowna,BC,12.8,2.0,13.6
2026-03-22,Kelowna,BC,12.3,-0.2,13.1
2026-03-23,Kelowna,BC,13.1,0.1,6.8
2026-03-24,Kelowna,BC,8.0,3.3,7.1
2026-03-25,Kelowna,BC,13.0,0.7,13.8
2026-03-26,Kelowna,BC,11.7,0.8,11.0
2026-03-27,Kelowna,BC,13.3,0.2,4.6
2026-03-28,Kelowna,BC,13.2,1.7,10.9
2026-03-29,Kelowna,BC,11.5,1.1,13.8
2026-03-30,Kelowna,BC,8.6,-1.8,10.7
2026-03-31,Kelowna,BC,10.3,-1.7,6.9
2026-04-01,Kelowna,BC,8.6,1.1,6.6
2026-04-02,Kelowna,BC,13.6,3.4,8.1
2026-04-03,Kelowna,BC,15.1,1.6,12.7
2026-04-04,Kelowna,BC,17.2,2.9,7.9
2026-04-05,Kelowna,BC,19.0,2.6,2.3
2026-04-06,Kelowna,BC,19.5,3.7,10.2
2026-04-07,Kelowna,BC,14.3,2.7,15.0
2026-04-08,Kelowna,BC,15.5,-0.5,9.5
2026-04-09,Kelowna,BC,17.8,0.9,8.5
2026-04-10,Kelowna,BC,19.7,2.2,3.4
2026-04-11,Kelowna,BC,17.6,8.5,9.1
2026-04-12,Kelowna,BC,14.8,8.7,8.0
2026-04-13,Kelowna,BC,17.1,5.7,18.1
2026-04-14,Kelowna,BC,11.1,5.3,13.0
2026-04-15,Kelowna,BC,11.3,1.6,8.3
2026-04-16,Kelowna,BC,13.8,1.7,13.0
2026-04-17,Kelowna,BC,14.4,2.5,12.4
2026-04-18,Kelowna,BC,17.2,0.6,8.3
2026-04-19,Kelowna,BC,21.6,5.3,6.0
2026-04-20,Kelowna,BC,24.9,6.9,8.1
2026-04-21,Kelowna,BC,24.9,9.3,10.8
2026-04-22,Kelowna,BC,19.9,10.5,18.4
2026-04-23,Kelowna,BC,14.1,4.9,20.0
2026-04-24,Kelowna,BC,14.0,1.1,17.5
2026-04-25,Kelowna,BC,14.8,0.2,11.4
2026-04-26,Kelowna,BC,15.5,0.0,12.1
2026-04-27,Kelowna,BC,21.3,1.3,13.1
2026-04-28,Kelowna,BC,18.2,5.9,12.2
2026-04-29,Kelowna,BC,21.5,4.3,9.6
2026-04-30,Kelowna,BC,25.1,6.4,8.7
2026-05-01,Kelowna,BC,25.5,9.1,11.0
2026-05-02,Kelowna,BC,26.3,10.4,10.1
2026-05-03,Kelowna,BC,29.2,8.5,8.5
2026-05-04,Kelowna,BC,27.0,10.3,15.7
2026-05-05,Kelowna,BC,26.8,9.7,9.7
2026-05-06,Kelowna,BC,28.1,11.4,17.5
2026-05-07,Kelowna,BC,27.1,10.3,11.3
2026-05-08,Kelowna,BC,22.6,10.6,13.1
2026-05-09,Kelowna,BC,26.1,7.7,9.4
2026-05-10,Kelowna,BC,23.7,11.8,13.7
2026-05-11,Kelowna,BC,23.1,9.4,12.3
2026-05-12,Kelowna,BC,27.3,10.1,8.0
2026-05-13,Kelowna,BC,20.4,11.8,11.1
2026-05-14,Kelowna,BC,19.1,9.7,17.7
2026-05-15,Kelowna,BC,14.0,7.7,13.3
2026-05-16,Kelowna,BC,14.5,4.1,10.1
2026-05-17,Kelowna,BC,18.4,8.3,5.9
2026-05-18,Kelowna,BC,20.7,6.7,10.1
2026-05-19,Kelowna,BC,18.6,10.1,10.1
2026-05-20,Kelowna,BC,22.2,8.1,13.3
2026-05-21,Kelowna,BC,21.0,8.2,7.5
2026-05-22,Kelowna,BC,21.5,10.4,17.3
2026-05-23,Kelowna,BC,25.8,12.7,17.8
2026-05-24,Kelowna,BC,25.9,12.6,13.5
2026-05-25,Kelowna,BC,23.7,15.0,10.3
2026-05-26,Kelowna,BC,20.5,13.4,10.4
2026-05-27,Kelowna,BC,25.9,12.4,5.3
2026-05-28,Kelowna,BC,30.7,15.0,10.4
2026-05-29,Kelowna,BC,20.7,12.0,13.7
2026-05-30,Kelowna,BC,19.5,9.4,11.5
2026-05-31,Kelowna,BC,22.8,10.3,13.0
2026-06-01,Kelowna,BC,19.0,11.4,15.9
2026-06-02,Kelowna,BC,25.8,9.8,6.1
2026-06-03,Kelowna,BC,24.8,15.4,15.2
2026-06-04,Kelowna,BC,23.8,12.7,14.3
2026-06-05,Kelowna,BC,20.2,14.2,14.2
2026-06-06,Kelowna,BC,16.6,10.1,9.3
2026-06-07,Kelowna,BC,19.3,9.2,14.7
2026-06-08,Kelowna,BC,22.0,7.7,9.7
2026-06-09,Kelowna,BC,20.0,11.7,18.5
2026-06-10,Kelowna,BC,20.9,10.0,8.6
2026-06-11,Kelowna,BC,24.7,9.6,20.2
2026-06-12,Kelowna,BC,23.2,12.0,11.7
2026-06-13,Kelowna,BC,25.4,10.7,8.7
2026-06-14,Kelowna,BC,30.7,14.3,10.5
2026-06-15,Kelowna,BC,31.4,17.9,15.9
2026-06-16,Kelowna,BC,26.8,16.3,16.5
2026-06-17,Kelowna,BC,25.3,13.2,7.7
2026-06-18,Kelowna,BC,26.8,12.6,11.5
2026-06-19,Kelowna,BC,31.3,14.3,12.2
2026-06-20,Kelowna,BC,26.0,17.6,15.8
2026-06-21,Kelowna,BC,25.8,13.6,18.8
2026-06-22,Kelowna,BC,27.6,12.6,10.3
2026-06-23,Kelowna,BC,31.0,15.3,7.7
2026-06-24,Kelowna,BC,32.2,17.4,17.8
2026-06-25,Kelowna,BC,29.3,17.9,14.1
2026-06-26,Kelowna,BC,23.7,17.3,13.4
2026-06-27,Kelowna,BC,21.3,15.2,10.7
2026-06-28,Kelowna,BC,26.1,14.8,15.9
2026-06-29,Kelowna,BC,27.8,16.4,11.3
2026-06-30,Kelowna,BC,25.2,17.3,10.1
2026-07-01,Kelowna,BC,24.8,13.4,12.4
2026-07-02,Kelowna,BC,25.4,12.5,11.3
2026-07-03,Kelowna,BC,27.9,14.1,13.2
2026-07-04,Kelowna,BC,27.7,16.5,17.6
2026-07-05,Kelowna,BC,26.0,13.4,13.0
2026-07-06,Kelowna,BC,33.2,14.1,6.9
2026-07-07,Kelowna,BC,33.6,17.4,13.7
2026-07-08,Kelowna,BC,30.0,19.0,15.2
2026-07-09,Kelowna,BC,29.8,17.4,17.0
2026-07-10,Kelowna,BC,29.8,16.8,10.5
2026-07-11,Kelowna,BC,29.2,18.2,9.9
2026-07-12,Kelowna,BC,28.1,16.0,8.4
2026-07-13,Kelowna,BC,30.7,15.1,10.3
2026-07-14,Kelowna,BC,35.5,17.9,10.9
2026-07-15,Kelowna,BC,33.0,19.5,11.6
2026-07-16,Kelowna,BC,34.9,20.6,10.5
2026-07-17,Kelowna,BC,35.5,22.5,15.0
2026-07-18,Kelowna,BC,27.7,17.2,16.2
2026-07-19,Kelowna,BC,30.2,15.6,18.0
2026-07-20,Kelowna,BC,31.8,17.6,7.4
2026-07-21,Kelowna,BC,35.6,20.2,7.9
2026-07-22,Kelowna,BC,38.1,21.0,7.4
2026-07-23,Kelowna,BC,33.5,23.4,9.3
2026-07-24,Kelowna,BC,35.0,21.1,13.9
2024-01-01,Toronto,ON,0.4,-3.1,14.5
2024-01-02,Toronto,ON,3.0,-2.8,25.3
2024-01-03,Toronto,ON,3.3,-0.9,19.3
2024-01-04,Toronto,ON,0.7,-6.5,23.5
2024-01-05,Toronto,ON,0.2,-3.6,21.6
2024-01-06,Toronto,ON,1.8,-2.0,27.4
2024-01-07,Toronto,ON,1.1,-4.4,18.9
2024-01-08,Toronto,ON,3.7,-3.1,12.6
2024-01-09,Toronto,ON,4.8,0.9,32.2
2024-01-10,Toronto,ON,6.4,-0.7,35.7
2024-01-11,Toronto,ON,2.2,-0.9,13.5
2024-01-12,Toronto,ON,2.8,-3.5,40.4
2024-01-13,Toronto,ON,5.8,-3.1,35.8
2024-01-14,Toronto,ON,-3.1,-10.6,38.4
2024-01-15,Toronto,ON,-7.5,-13.8,25.7
2024-01-16,Toronto,ON,-5.8,-11.1,21.9
2024-01-17,Toronto,ON,-7.3,-14.2,29.2
2024-01-18,Toronto,ON,-2.9,-9.6,21.4
2024-01-19,Toronto,ON,-6.3,-12.9,19.8
2024-01-20,Toronto,ON,-7.3,-14.6,22.2
2024-01-21,Toronto,ON,-1.3,-9.9,18.5
2024-01-22,Toronto,ON,-0.3,-6.3,24.4
2024-01-23,Toronto,ON,1.1,-3.2,17.3
2024-01-24,Toronto,ON,2.3,0.7,18.0
2024-01-25,Toronto,ON,3.7,0.5,17.0
2024-01-26,Toronto,ON,6.8,1.3,21.9
2024-01-27,Toronto,ON,4.8,-0.3,10.7
2024-01-28,Toronto,ON,3.2,0.5,16.8
2024-01-29,Toronto,ON,4.2,-2.2,17.3
2024-01-30,Toronto,ON,2.6,-2.8,18.1
2024-01-31,Toronto,ON,5.0,-2.1,21.8
2024-02-01,Toronto,ON,5.0,1.5,20.6
2024-02-02,Toronto,ON,2.9,-3.2,22.0
2024-02-03,Toronto,ON,2.2,-5.4,11.6
2024-02-04,Toronto,ON,4.5,-4.8,13.3
2024-02-05,Toronto,ON,3.8,-2.5,14.3
2024-02-06,Toronto,ON,2.6,-3.9,13.0
2024-02-07,Toronto,ON,4.3,-1.6,9.5
2024-02-08,Toronto,ON,4.9,-2.3,15.9
2024-02-09,Toronto,ON,13.4,2.9,28.9
2024-02-10,Toronto,ON,10.1,0.9,19.9
2024-02-11,Toronto,ON,4.5,-2.0,13.0
2024-02-12,Toronto,ON,3.6,-2.5,12.2
2024-02-13,Toronto,ON,5.0,-4.0,28.0
2024-02-14,Toronto,ON,0.8,-6.9,19.8
2024-02-15,Toronto,ON,0.8,-6.8,32.6
2024-02-16,Toronto,ON,-0.9,-3.9,31.2
2024-02-17,Toronto,ON,-4.4,-7.6,24.2
2024-02-18,Toronto,ON,1.1,-6.0,35.5
2024-02-19,Toronto,ON,-1.7,-12.4,21.9
2024-02-20,Toronto,ON,3.4,-5.9,14.5
2024-02-21,Toronto,ON,8.3,-3.1,20.6
2024-02-22,Toronto,ON,9.0,-0.9,19.7
2024-02-23,Toronto,ON,10.5,-5.1,30.5
2024-02-24,Toronto,ON,-3.3,-12.9,24.2
2024-02-25,Toronto,ON,4.8,-7.2,27.7
2024-02-26,Toronto,ON,7.0,-1.5,17.1
2024-02-27,Toronto,ON,13.1,0.7,26.2
2024-02-28,Toronto,ON,15.0,-4.7,42.4
2024-02-29,Toronto,ON,-2.5,-6.1,29.6
2024-03-01,Toronto,ON,7.3,-5.7,20.8
2024-03-02,Toronto,ON,6.6,2.5,12.6
2024-03-03,Toronto,ON,7.7,2.9,19.8
2024-03-04,Toronto,ON,11.8,2.6,19.6
2024-03-05,Toronto,ON,14.9,6.5,19.2
2024-03-06,Toronto,ON,8.5,4.1,19.3
2024-03-07,Toronto,ON,8.6,-0.1,17.3
2024-03-08,Toronto,ON,7.1,1.5,25.6
2024-03-09,Toronto,ON,9.5,4.6,31.2
2024-03-10,Toronto,ON,4.1,-0.9,33.3
2024-03-11,Toronto,ON,8.0,-1.6,27.3
2024-03-12,Toronto,ON,11.1,0.0,10.9
2024-03-13,Toronto,ON,19.3,5.3,17.7
2024-03-14,Toronto,ON,11.1,1.2,28.5
2024-03-15,Toronto,ON,11.7,2.4,19.5
2024-03-16,Toronto,ON,8.9,-3.1,29.2
2024-03-17,Toronto,ON,6.6,-0.9,24.1
2024-03-18,Toronto,ON,4.1,-2.5,22.6
2024-03-19,Toronto,ON,1.7,-1.8,29.3
2024-03-20,Toronto,ON,1.3,-4.7,36.1
2024-03-21,Toronto,ON,-0.4,-6.4,22.4
2024-03-22,Toronto,ON,-2.3,-7.4,22.8
2024-03-23,Toronto,ON,1.9,-5.4,20.8
2024-03-24,Toronto,ON,0.8,-9.9,17.1
2024-03-25,Toronto,ON,7.7,-0.9,25.7
2024-03-26,Toronto,ON,8.9,3.9,20.6
2024-03-27,Toronto,ON,10.7,3.6,25.0
2024-03-28,Toronto,ON,8.9,-3.6,16.9
2024-03-29,Toronto,ON,6.8,-2.3,22.1
2024-03-30,Toronto,ON,6.1,-3.0,15.6
2024-03-31,Toronto,ON,6.7,-0.4,17.7
2024-04-01,Toronto,ON,10.2,0.4,14.5
2024-04-02,Toronto,ON,5.6,4.1,39.2
2024-04-03,Toronto,ON,5.8,1.4,37.9
2024-04-04,Toronto,ON,3.7,0.1,27.9
2024-04-05,Toronto,ON,6.1,-0.7,25.8
2024-04-06,Toronto,ON,12.2,2.2,25.0
2024-04-07,Toronto,ON,12.3,1.6,20.2
2024-04-08,Toronto,ON,11.8,2.8,12.7
2024-04-09,Toronto,ON,14.8,3.1,17.6
2024-04-10,Toronto,ON,16.4,5.9,17.4
2024-04-11,Toronto,ON,12.2,7.5,23.9
2024-04-12,Toronto,ON,11.4,4.7,33.5
2024-04-13,Toronto,ON,12.1,3.3,34.9
2024-04-14,Toronto,ON,14.6,4.5,15.5
2024-04-15,Toronto,ON,16.6,4.1,24.6
2024-04-16,Toronto,ON,14.2,4.5,18.1
2024-04-17,Toronto,ON,8.4,4.4,35.9
2024-04-18,Toronto,ON,16.3,7.0,26.5
2024-04-19,Toronto,ON,15.8,6.4,27.2
2024-04-20,Toronto,ON,9.4,3.3,27.0
2024-04-21,Toronto,ON,9.5,0.6,26.5
2024-04-22,Toronto,ON,10.2,-0.8,21.7
2024-04-23,Toronto,ON,16.0,6.6,31.7
2024-04-24,Toronto,ON,9.3,1.4,24.1
2024-04-25,Toronto,ON,6.8,-1.0,15.9
2024-04-26,Toronto,ON,10.2,-2.1,24.4
2024-04-27,Toronto,ON,15.4,6.0,24.6
2024-04-28,Toronto,ON,20.4,11.9,21.0
2024-04-29,Toronto,ON,11.9,7.6,22.1
2024-04-30,Toronto,ON,14.2,8.1,12.4
2024-05-01,Toronto,ON,14.1,6.0,20.5
2024-05-02,Toronto,ON,16.7,10.0,24.2
2024-05-03,Toronto,ON,15.0,8.6,21.7
2024-05-04,Toronto,ON,16.6,11.1,20.1
2024-05-05,Toronto,ON,18.0,10.9,12.7
2024-05-06,Toronto,ON,18.7,8.2,20.0
2024-05-07,Toronto,ON,17.5,7.1,16.1
2024-05-08,Toronto,ON,20.3,9.2,34.2
2024-05-09,Toronto,ON,14.2,7.2,12.2
2024-05-10,Toronto,ON,15.3,7.6,11.6
2024-05-11,Toronto,ON,14.9,6.3,17.3
2024-05-12,Toronto,ON,16.3,7.8,19.5
2024-05-13,Toronto,ON,21.8,9.4,21.8
2024-05-14,Toronto,ON,19.7,12.1,12.5
2024-05-15,Toronto,ON,18.7,11.0,17.8
2024-05-16,Toronto,ON,19.4,10.5,11.3
2024-05-17,Toronto,ON,17.7,11.5,14.7
2024-05-18,Toronto,ON,19.7,12.3,11.8
2024-05-19,Toronto,ON,20.2,11.5,9.7
2024-05-20,Toronto,ON,23.6,11.4,10.4
2024-05-21,Toronto,ON,26.1,14.9,16.2
2024-05-22,Toronto,ON,24.7,14.4,25.8
2024-05-23,Toronto,ON,24.5,14.6,21.9
2024-05-24,Toronto,ON,23.1,13.9,16.6
2024-05-25,Toronto,ON,19.0,12.1,17.4
2024-05-26,Toronto,ON,20.7,11.7,29.0
2024-05-27,Toronto,ON,23.4,14.8,31.3
2024-05-28,Toronto,ON,20.0,13.7,20.7
2024-05-29,Toronto,ON,19.6,11.4,21.3
2024-05-30,Toronto,ON,18.8,8.6,23.3
2024-05-31,Toronto,ON,21.1,9.1,21.9
2024-06-01,Toronto,ON,21.5,8.0,11.0
2024-06-02,Toronto,ON,18.2,14.0,9.7
2024-06-03,Toronto,ON,21.3,15.1,10.9
2024-06-04,Toronto,ON,23.3,14.0,11.6
2024-06-05,Toronto,ON,23.1,15.8,16.3
2024-06-06,Toronto,ON,23.9,17.2,20.4
2024-06-07,Toronto,ON,20.1,14.6,20.9
2024-06-08,Toronto,ON,21.0,12.5,25.0
2024-06-09,Toronto,ON,18.3,11.4,22.0
2024-06-10,Toronto,ON,17.4,11.2,21.4
2024-06-11,Toronto,ON,16.2,10.5,13.6
2024-06-12,Toronto,ON,20.6,11.1,14.1
2024-06-13,Toronto,ON,27.5,15.8,28.5
2024-06-14,Toronto,ON,24.1,15.2,19.8
2024-06-15,Toronto,ON,21.5,12.7,18.4
2024-06-16,Toronto,ON,20.6,12.1,17.3
2024-06-17,Toronto,ON,28.6,14.3,22.4
2024-06-18,Toronto,ON,29.5,20.0,18.6
2024-06-19,Toronto,ON,30.2,21.3,17.3
2024-06-20,Toronto,ON,27.3,21.6,16.4
2024-06-21,Toronto,ON,24.5,20.2,15.8
2024-06-22,Toronto,ON,22.6,17.9,16.5
2024-06-23,Toronto,ON,27.6,17.9,36.7
2024-06-24,Toronto,ON,27.4,16.6,23.2
2024-06-25,Toronto,ON,24.6,15.2,29.1
2024-06-26,Toronto,ON,28.4,17.6,19.2
2024-06-27,Toronto,ON,22.2,14.1,20.5
2024-06-28,Toronto,ON,21.8,11.1,20.2
2024-06-29,Toronto,ON,27.2,17.2,26.4
2024-06-30,Toronto,ON,22.0,14.7,27.6
2024-07-01,Toronto,ON,23.9,11.3,15.2
2024-07-02,Toronto,ON,23.1,12.7,18.0
2024-07-03,Toronto,ON,27.4,19.2,27.2
2024-07-04,Toronto,ON,28.0,18.0,15.5
2024-07-05,Toronto,ON,27.3,18.1,13.7
2024-07-06,Toronto,ON,27.3,18.6,20.1
2024-07-07,Toronto,ON,25.5,16.0,13.4
2024-07-08,Toronto,ON,26.9,16.3,14.2
2024-07-09,Toronto,ON,28.4,20.2,14.8
2024-07-10,Toronto,ON,23.3,19.9,23.7
2024-07-11,Toronto,ON,26.3,19.0,22.4
2024-07-12,Toronto,ON,25.9,17.1,11.6
2024-07-13,Toronto,ON,26.3,17.7,15.7
2024-07-14,Toronto,ON,27.4,17.0,18.8
2024-07-15,Toronto,ON,25.7,19.9,17.6
2024-07-16,Toronto,ON,29.0,20.4,19.2
2024-07-17,Toronto,ON,26.8,19.4,18.1
2024-07-18,Toronto,ON,22.6,15.5,19.9
2024-07-19,Toronto,ON,22.9,12.7,19.8
2024-07-20,Toronto,ON,25.4,14.3,19.9
2024-07-21,Toronto,ON,25.8,17.0,15.1
2024-07-22,Toronto,ON,26.0,15.2,16.0
2024-07-23,Toronto,ON,26.3,17.7,13.3
2024-07-24,Toronto,ON,26.2,18.4,24.6
2024-07-25,Toronto,ON,24.1,15.5,19.7
2024-07-26,Toronto,ON,25.1,15.1,15.9
2024-07-27,Toronto,ON,26.2,14.8,13.0
2024-07-28,Toronto,ON,28.0,16.4,12.6
2024-07-29,Toronto,ON,28.1,18.0,12.7
2024-07-30,Toronto,ON,27.7,20.6,14.5
2024-07-31,Toronto,ON,30.9,20.6,17.4
2024-08-01,Toronto,ON,28.9,20.5,10.7
2024-08-02,Toronto,ON,26.4,21.1,9.4
2024-08-03,Toronto,ON,27.8,21.0,15.7
2024-08-04,Toronto,ON,30.9,19.5,17.2
2024-08-05,Toronto,ON,25.7,19.2,14.2
2024-08-06,Toronto,ON,20.8,17.7,15.5
2024-08-07,Toronto,ON,23.2,16.2,18.4
2024-08-08,Toronto,ON,24.0,18.2,20.5
2024-08-09,Toronto,ON,28.6,18.4,22.9
2024-08-10,Toronto,ON,23.7,16.0,27.8
2024-08-11,Toronto,ON,21.9,14.9,29.5
2024-08-12,Toronto,ON,24.6,14.8,16.7
2024-08-13,Toronto,ON,25.8,15.8,14.0
2024-08-14,Toronto,ON,27.4,16.4,14.1
2024-08-15,Toronto,ON,26.7,17.0,12.6
2024-08-16,Toronto,ON,26.7,18.8,18.9
2024-08-17,Toronto,ON,24.6,21.0,20.9
2024-08-18,Toronto,ON,25.2,19.6,24.6
2024-08-19,Toronto,ON,20.0,14.7,26.8
2024-08-20,Toronto,ON,19.1,12.3,25.8
2024-08-21,Toronto,ON,20.8,12.1,20.9
2024-08-22,Toronto,ON,24.7,13.2,16.4
2024-08-23,Toronto,ON,23.9,12.4,24.4
2024-08-24,Toronto,ON,24.5,13.0,15.3
2024-08-25,Toronto,ON,25.5,15.7,10.8
2024-08-26,Toronto,ON,26.1,16.5,11.5
2024-08-27,Toronto,ON,29.7,19.3,14.1
2024-08-28,Toronto,ON,24.4,18.5,18.4
2024-08-29,Toronto,ON,20.4,17.0,13.0
2024-08-30,Toronto,ON,24.3,15.7,12.1
2024-08-31,Toronto,ON,27.5,18.9,17.0
2024-09-01,Toronto,ON,25.9,16.4,23.7
2024-09-02,Toronto,ON,20.0,12.9,20.3
2024-09-03,Toronto,ON,21.8,10.0,19.7
2024-09-04,Toronto,ON,23.5,12.0,11.6
2024-09-05,Toronto,ON,24.5,16.7,17.1
2024-09-06,Toronto,ON,24.4,14.7,20.9
2024-09-07,Toronto,ON,16.1,10.3,27.8
2024-09-08,Toronto,ON,18.8,9.1,31.8
2024-09-09,Toronto,ON,19.2,13.4,15.9
2024-09-10,Toronto,ON,20.9,10.9,12.6
2024-09-11,Toronto,ON,22.3,11.8,10.2
2024-09-12,Toronto,ON,23.7,14.1,11.0
2024-09-13,Toronto,ON,25.0,15.3,10.2
2024-09-14,Toronto,ON,23.7,16.5,11.2
2024-09-15,Toronto,ON,24.2,17.0,11.5
2024-09-16,Toronto,ON,24.3,15.7,9.2
2024-09-17,Toronto,ON,23.0,16.3,11.2
2024-09-18,Toronto,ON,22.7,16.3,13.0
2024-09-19,Toronto,ON,23.6,15.4,11.5
2024-09-20,Toronto,ON,23.1,15.2,14.5
2024-09-21,Toronto,ON,23.4,15.9,14.2
2024-09-22,Toronto,ON,22.9,15.5,14.1
2024-09-23,Toronto,ON,21.6,17.6,19.3
2024-09-24,Toronto,ON,18.9,17.0,21.3
2024-09-25,Toronto,ON,21.7,17.1,22.7
2024-09-26,Toronto,ON,23.6,15.1,12.3
2024-09-27,Toronto,ON,21.1,14.5,18.5
2024-09-28,Toronto,ON,21.0,17.8,26.1
2024-09-29,Toronto,ON,22.3,17.2,16.8
2024-09-30,Toronto,ON,20.8,15.7,15.8
2024-10-01,Toronto,ON,21.8,14.1,30.4
2024-10-02,Toronto,ON,18.8,11.4,25.6
2024-10-03,Toronto,ON,22.3,10.1,18.1
2024-10-04,Toronto,ON,21.0,11.1,14.5
2024-10-05,Toronto,ON,18.2,8.8,13.5
2024-10-06,Toronto,ON,21.5,13.9,22.6
2024-10-07,Toronto,ON,16.4,9.0,23.5
2024-10-08,Toronto,ON,15.9,8.0,23.4
2024-10-09,Toronto,ON,13.7,5.9,27.3
2024-10-10,Toronto,ON,13.9,4.7,16.8
2024-10-11,Toronto,ON,20.8,4.8,30.5
2024-10-12,Toronto,ON,18.2,8.2,26.4
2024-10-13,Toronto,ON,12.9,7.6,23.4
2024-10-14,Toronto,ON,9.9,5.4,26.4
2024-10-15,Toronto,ON,10.3,3.0,24.2
2024-10-16,Toronto,ON,10.3,4.3,20.1
2024-10-17,Toronto,ON,13.1,2.0,13.4
2024-10-18,Toronto,ON,16.1,2.5,11.8
2024-10-19,Toronto,ON,16.9,4.0,15.6
2024-10-20,Toronto,ON,20.4,8.1,18.8
2024-10-21,Toronto,ON,22.9,13.6,14.9
2024-10-22,Toronto,ON,20.6,10.4,16.8
2024-10-23,Toronto,ON,21.4,10.3,26.5
2024-10-24,Toronto,ON,11.0,4.8,18.1
2024-10-25,Toronto,ON,13.1,4.6,18.9
2024-10-26,Toronto,ON,11.6,5.0,25.4
2024-10-27,Toronto,ON,12.3,2.0,16.7
2024-10-28,Toronto,ON,10.2,2.6,23.5
2024-10-29,Toronto,ON,16.2,6.9,17.7
2024-10-30,Toronto,ON,21.0,14.7,27.2
2024-10-31,Toronto,ON,21.3,15.6,32.5
2024-11-01,Toronto,ON,17.8,6.7,29.5
2024-11-02,Toronto,ON,9.3,2.7,16.3
2024-11-03,Toronto,ON,9.6,2.5,24.9
2024-11-04,Toronto,ON,15.4,9.6,24.2
2024-11-05,Toronto,ON,20.4,14.6,28.4
2024-11-06,Toronto,ON,20.2,13.7,28.5
2024-11-07,Toronto,ON,13.7,9.0,18.9
2024-11-08,Toronto,ON,12.5,4.8,28.5
2024-11-09,Toronto,ON,7.5,0.2,10.5
2024-11-10,Toronto,ON,12.6,5.5,23.7
2024-11-11,Toronto,ON,13.4,7.4,27.9
2024-11-12,Toronto,ON,6.8,1.7,25.5
2024-11-13,Toronto,ON,6.9,1.3,23.2
2024-11-14,Toronto,ON,9.0,6.4,23.0
2024-11-15,Toronto,ON,8.9,6.3,13.0
2024-11-16,Toronto,ON,10.6,4.8,18.4
2024-11-17,Toronto,ON,10.1,2.1,16.2
2024-11-18,Toronto,ON,12.5,5.8,13.6
2024-11-19,Toronto,ON,8.9,4.9,22.6
2024-11-20,Toronto,ON,10.0,5.6,25.6
2024-11-21,Toronto,ON,5.4,2.5,23.3
2024-11-22,Toronto,ON,6.7,3.8,20.2
2024-11-23,Toronto,ON,8.0,2.8,18.8
2024-11-24,Toronto,ON,6.4,1.7,18.4
2024-11-25,Toronto,ON,6.7,-0.3,18.7
2024-11-26,Toronto,ON,7.5,3.4,25.6
2024-11-27,Toronto,ON,4.1,0.3,21.9
2024-11-28,Toronto,ON,5.2,0.8,17.3
2024-11-29,Toronto,ON,1.4,-1.4,22.1
2024-11-30,Toronto,ON,0.4,-2.1,25.9
2024-12-01,Toronto,ON,1.7,-2.9,22.1
2024-12-02,Toronto,ON,3.1,-3.7,11.8
2024-12-03,Toronto,ON,1.7,-3.0,13.0
2024-12-04,Toronto,ON,1.5,-1.4,32.5
2024-12-05,Toronto,ON,1.2,-4.2,29.9
2024-12-06,Toronto,ON,-2.1,-6.9,22.0
2024-12-07,Toronto,ON,2.2,-2.9,25.0
2024-12-08,Toronto,ON,6.1,2.1,23.3
2024-12-09,Toronto,ON,4.0,0.6,25.9
2024-12-10,Toronto,ON,6.5,2.7,9.7
2024-12-11,Toronto,ON,4.5,-0.5,20.2
2024-12-12,Toronto,ON,-0.9,-6.8,34.1
2024-12-13,Toronto,ON,-3.5,-8.0,16.8
2024-12-14,Toronto,ON,-0.1,-8.2,22.1
2024-12-15,Toronto,ON,2.5,-0.9,21.8
2024-12-16,Toronto,ON,7.5,3.0,18.6
2024-12-17,Toronto,ON,8.9,2.6,25.6
2024-12-18,Toronto,ON,3.2,0.8,16.1
2024-12-19,Toronto,ON,0.5,-2.5,17.9
2024-12-20,Toronto,ON,-2.4,-4.2,17.1
2024-12-21,Toronto,ON,-4.6,-12.6,19.1
2024-12-22,Toronto,ON,-7.3,-17.0,9.9
2024-12-23,Toronto,ON,0.9,-7.3,20.2
2024-12-24,Toronto,ON,1.3,-2.3,11.6
2024-12-25,Toronto,ON,-0.9,-4.2,10.9
2024-12-26,Toronto,ON,0.2,-4.2,12.2
2024-12-27,Toronto,ON,2.4,-0.1,20.2
2024-12-28,Toronto,ON,9.4,2.4,17.3
2024-12-29,Toronto,ON,10.0,2.3,23.8
2024-12-30,Toronto,ON,9.8,2.4,33.0
2024-12-31,Toronto,ON,3.8,-1.2,23.3
2025-01-01,Toronto,ON,3.7,0.2,23.0
2025-01-02,Toronto,ON,0.5,-2.8,25.0
2025-01-03,Toronto,ON,-0.5,-5.9,24.0
2025-01-04,Toronto,ON,-2.4,-5.5,31.9
2025-01-05,Toronto,ON,-2.2,-4.8,23.8
2025-01-06,Toronto,ON,-3.9,-10.1,17.9
2025-01-07,Toronto,ON,-5.1,-9.8,20.2
2025-01-08,Toronto,ON,-7.3,-13.2,20.8
2025-01-09,Toronto,ON,-7.2,-10.4,17.7
2025-01-10,Toronto,ON,-2.5,-12.0,13.8
2025-01-11,Toronto,ON,-2.1,-5.2,12.1
2025-01-12,Toronto,ON,0.3,-2.5,19.4
2025-01-13,Toronto,ON,1.1,-5.1,24.7
2025-01-14,Toronto,ON,-5.8,-8.4,27.1
2025-01-15,Toronto,ON,-3.6,-9.2,20.2
2025-01-16,Toronto,ON,-4.2,-8.0,19.3
2025-01-17,Toronto,ON,2.0,-3.6,23.3
2025-01-18,Toronto,ON,2.5,-4.1,22.6
2025-01-19,Toronto,ON,-4.5,-8.9,12.1
2025-01-20,Toronto,ON,-9.2,-15.6,24.1
2025-01-21,Toronto,ON,-11.4,-15.5,22.8
2025-01-22,Toronto,ON,-8.0,-18.6,24.6
2025-01-23,Toronto,ON,-4.7,-7.9,21.8
2025-01-24,Toronto,ON,-5.8,-12.7,14.5
2025-01-25,Toronto,ON,-1.8,-9.9,26.2
2025-01-26,Toronto,ON,-0.7,-3.7,27.3
2025-01-27,Toronto,ON,-0.4,-5.6,31.5
2025-01-28,Toronto,ON,0.5,-11.7,24.6
2025-01-29,Toronto,ON,1.9,-9.4,28.9
2025-01-30,Toronto,ON,-0.5,-12.5,13.3
2025-01-31,Toronto,ON,1.7,-2.2,20.5
2025-02-01,Toronto,ON,-4.1,-14.7,21.9
2025-02-02,Toronto,ON,-2.4,-13.3,21.1
2025-02-03,Toronto,ON,1.3,-5.1,13.1
2025-02-04,Toronto,ON,-0.5,-9.6,22.2
2025-02-05,Toronto,ON,-6.2,-11.0,12.8
2025-02-06,Toronto,ON,0.5,-5.4,28.9
2025-02-07,Toronto,ON,-0.4,-8.1,29.6
2025-02-08,Toronto,ON,-2.4,-10.6,17.9
2025-02-09,Toronto,ON,-0.8,-5.2,19.4
2025-02-10,Toronto,ON,-5.1,-8.1,16.4
2025-02-11,Toronto,ON,-4.0,-10.1,13.3
2025-02-12,Toronto,ON,-2.5,-10.6,31.7
2025-02-13,Toronto,ON,1.7,-6.1,25.3
2025-02-14,Toronto,ON,-5.9,-8.2,22.4
2025-02-15,Toronto,ON,-0.4,-9.2,22.0
2025-02-16,Toronto,ON,-3.4,-7.7,24.6
2025-02-17,Toronto,ON,-7.8,-11.7,30.2
2025-02-18,Toronto,ON,-8.7,-12.7,26.6
2025-02-19,Toronto,ON,-8.8,-15.4,23.7
2025-02-20,Toronto,ON,-9.2,-12.6,17.2
2025-02-21,Toronto,ON,-6.9,-12.6,16.3
2025-02-22,Toronto,ON,-3.3,-11.3,20.3
2025-02-23,Toronto,ON,-0.5,-4.0,16.5
2025-02-24,Toronto,ON,3.9,-2.9,34.5
2025-02-25,Toronto,ON,3.9,1.5,15.9
2025-02-26,Toronto,ON,2.1,-4.4,15.2
2025-02-27,Toronto,ON,2.9,-0.9,18.4
2025-02-28,Toronto,ON,3.3,-8.2,23.0
2025-03-01,Toronto,ON,3.5,-12.0,28.3
2025-03-02,Toronto,ON,-6.2,-20.1,15.1
2025-03-03,Toronto,ON,0.8,-10.4,17.7
2025-03-04,Toronto,ON,3.9,-2.3,13.8
2025-03-05,Toronto,ON,6.5,1.7,21.8
2025-03-06,Toronto,ON,3.8,-5.2,34.9
2025-03-07,Toronto,ON,0.0,-4.0,25.7
2025-03-08,Toronto,ON,-1.7,-7.7,23.1
2025-03-09,Toronto,ON,4.4,-4.1,20.7
2025-03-10,Toronto,ON,7.5,0.2,22.3
2025-03-11,Toronto,ON,9.7,-2.1,19.0
2025-03-12,Toronto,ON,0.3,-4.9,19.2
2025-03-13,Toronto,ON,6.1,-1.8,14.7
2025-03-14,Toronto,ON,7.4,-1.4,17.3
2025-03-15,Toronto,ON,13.2,5.9,24.2
2025-03-16,Toronto,ON,13.6,3.4,35.5
2025-03-17,Toronto,ON,4.8,-2.6,18.7
2025-03-18,Toronto,ON,11.6,-0.3,15.8
2025-03-19,Toronto,ON,16.5,4.5,14.9
2025-03-20,Toronto,ON,11.1,0.6,27.5
2025-03-21,Toronto,ON,6.7,-2.3,20.6
2025-03-22,Toronto,ON,6.4,-4.2,27.4
2025-03-23,Toronto,ON,-0.2,-4.4,23.1
2025-03-24,Toronto,ON,6.3,0.3,25.8
2025-03-25,Toronto,ON,3.4,-0.9,20.9
2025-03-26,Toronto,ON,2.3,-2.3,18.0
2025-03-27,Toronto,ON,9.3,-3.2,18.6
2025-03-28,Toronto,ON,3.8,-0.9,19.5
2025-03-29,Toronto,ON,2.3,0.1,20.7
2025-03-30,Toronto,ON,6.9,-0.2,18.9
2025-03-31,Toronto,ON,11.2,-0.1,24.5
2025-04-01,Toronto,ON,3.3,-2.6,16.3
2025-04-02,Toronto,ON,3.7,-0.9,32.1
2025-04-03,Toronto,ON,19.3,3.6,29.1
2025-04-04,Toronto,ON,8.9,0.9,10.1
2025-04-05,Toronto,ON,12.1,3.5,24.6
2025-04-06,Toronto,ON,5.8,0.7,17.9
2025-04-07,Toronto,ON,6.2,-2.3,28.4
2025-04-08,Toronto,ON,-1.7,-5.6,32.2
2025-04-09,Toronto,ON,5.1,-4.0,13.7
2025-04-10,Toronto,ON,3.5,-0.5,23.8
2025-04-11,Toronto,ON,5.4,1.3,15.3
2025-04-12,Toronto,ON,8.7,1.6,10.4
2025-04-13,Toronto,ON,12.0,1.4,11.7
2025-04-14,Toronto,ON,14.4,4.4,16.6
2025-04-15,Toronto,ON,11.0,2.2,28.1
2025-04-16,Toronto,ON,5.6,0.7,27.8
2025-04-17,Toronto,ON,9.4,-0.6,11.6
2025-04-18,Toronto,ON,17.2,3.1,19.4
2025-04-19,Toronto,ON,20.1,6.6,20.7
2025-04-20,Toronto,ON,8.9,1.4,16.7
2025-04-21,Toronto,ON,15.4,4.3,24.4
2025-04-22,Toronto,ON,13.7,6.1,24.1
2025-04-23,Toronto,ON,13.6,3.6,9.3
2025-04-24,Toronto,ON,20.7,6.8,12.7
2025-04-25,Toronto,ON,13.4,10.4,16.9
2025-04-26,Toronto,ON,11.7,5.2,32.3
2025-04-27,Toronto,ON,16.7,4.8,20.6
2025-04-28,Toronto,ON,17.5,4.4,11.9
2025-04-29,Toronto,ON,24.0,7.4,28.4
2025-04-30,Toronto,ON,10.0,1.2,26.0
2025-05-01,Toronto,ON,9.2,5.2,19.7
2025-05-02,Toronto,ON,19.8,6.9,21.9
2025-05-03,Toronto,ON,11.6,6.6,12.2
2025-05-04,Toronto,ON,14.3,6.2,16.0
2025-05-05,Toronto,ON,15.2,10.0,23.8
2025-05-06,Toronto,ON,17.2,8.8,23.1
2025-05-07,Toronto,ON,21.2,10.3,19.6
2025-05-08,Toronto,ON,10.7,6.7,17.8
2025-05-09,Toronto,ON,13.8,4.5,12.2
2025-05-10,Toronto,ON,19.9,5.5,19.7
2025-05-11,Toronto,ON,12.7,5.8,18.9
2025-05-12,Toronto,ON,22.6,6.6,11.2
2025-05-13,Toronto,ON,20.8,11.6,17.7
2025-05-14,Toronto,ON,16.5,11.2,20.8
2025-05-15,Toronto,ON,20.5,11.9,13.0
2025-05-16,Toronto,ON,28.2,11.7,14.0
2025-05-17,Toronto,ON,18.5,13.5,24.5
2025-05-18,Toronto,ON,15.9,10.8,22.5
2025-05-19,Toronto,ON,15.1,7.3,17.2
2025-05-20,Toronto,ON,13.2,5.2,15.4
2025-05-21,Toronto,ON,10.5,8.2,29.4
2025-05-22,Toronto,ON,10.6,7.4,26.1
2025-05-23,Toronto,ON,11.4,8.4,20.8
2025-05-24,Toronto,ON,14.7,8.5,21.3
2025-05-25,Toronto,ON,16.2,7.5,15.9
2025-05-26,Toronto,ON,18.3,8.6,12.0
2025-05-27,Toronto,ON,19.8,10.3,10.6
2025-05-28,Toronto,ON,15.4,10.7,18.3
2025-05-29,Toronto,ON,18.8,10.9,13.3
2025-05-30,Toronto,ON,23.1,12.4,14.9
2025-05-31,Toronto,ON,14.1,9.5,28.5
2025-06-01,Toronto,ON,15.8,7.0,23.6
2025-06-02,Toronto,ON,21.7,7.4,13.4
2025-06-03,Toronto,ON,23.7,12.5,20.4
2025-06-04,Toronto,ON,28.4,17.5,22.3
2025-06-05,Toronto,ON,21.8,14.9,12.8
2025-06-06,Toronto,ON,21.7,14.9,12.8
2025-06-07,Toronto,ON,23.7,15.3,18.2
2025-06-08,Toronto,ON,18.8,14.1,15.7
2025-06-09,Toronto,ON,19.4,12.9,16.4
2025-06-10,Toronto,ON,21.4,14.0,20.1
2025-06-11,Toronto,ON,24.4,14.0,22.1
2025-06-12,Toronto,ON,23.5,15.6,15.7
2025-06-13,Toronto,ON,17.8,12.7,16.0
2025-06-14,Toronto,ON,20.1,13.8,15.8
2025-06-15,Toronto,ON,22.5,15.6,14.9
2025-06-16,Toronto,ON,24.7,16.3,11.9
2025-06-17,Toronto,ON,24.2,14.5,11.6
2025-06-18,Toronto,ON,27.7,19.3,19.5
2025-06-19,Toronto,ON,24.9,17.5,34.7
2025-06-20,Toronto,ON,26.1,14.9,17.8
2025-06-21,Toronto,ON,26.7,16.0,22.3
2025-06-22,Toronto,ON,32.8,23.3,26.5
2025-06-23,Toronto,ON,35.6,23.5,18.0
2025-06-24,Toronto,ON,35.9,26.9,20.9
2025-06-25,Toronto,ON,29.2,22.9,11.9
2025-06-26,Toronto,ON,25.5,17.3,18.9
2025-06-27,Toronto,ON,23.4,16.1,19.7
2025-06-28,Toronto,ON,27.9,19.7,22.1
2025-06-29,Toronto,ON,25.4,15.1,11.4
2025-06-30,Toronto,ON,27.6,19.0,12.3
2025-07-01,Toronto,ON,28.6,21.1,15.4
2025-07-02,Toronto,ON,28.0,18.1,12.8
2025-07-03,Toronto,ON,25.7,18.7,22.2
2025-07-04,Toronto,ON,24.8,15.4,16.2
2025-07-05,Toronto,ON,30.2,18.4,16.5
2025-07-06,Toronto,ON,32.2,23.6,23.4
2025-07-07,Toronto,ON,31.4,20.7,16.8
2025-07-08,Toronto,ON,25.3,19.3,11.9
2025-07-09,Toronto,ON,25.5,19.2,12.7
2025-07-10,Toronto,ON,26.7,19.6,9.4
2025-07-11,Toronto,ON,28.0,20.3,12.3
2025-07-12,Toronto,ON,31.7,21.9,16.9
2025-07-13,Toronto,ON,30.8,23.6,15.9
2025-07-14,Toronto,ON,28.7,22.5,14.6
2025-07-15,Toronto,ON,30.2,21.0,13.1
2025-07-16,Toronto,ON,30.9,22.8,14.8
2025-07-17,Toronto,ON,28.6,17.8,29.0
2025-07-18,Toronto,ON,22.9,14.8,16.5
2025-07-19,Toronto,ON,26.2,17.4,11.4
2025-07-20,Toronto,ON,26.3,19.9,18.7
2025-07-21,Toronto,ON,23.5,16.5,15.9
2025-07-22,Toronto,ON,23.6,15.9,13.5
2025-07-23,Toronto,ON,27.5,17.6,10.8
2025-07-24,Toronto,ON,32.4,21.3,20.5
2025-07-25,Toronto,ON,29.7,23.1,11.8
2025-07-26,Toronto,ON,28.1,20.1,10.2
2025-07-27,Toronto,ON,32.8,21.8,16.9
2025-07-28,Toronto,ON,31.3,20.3,18.6
2025-07-29,Toronto,ON,29.9,22.1,13.1
2025-07-30,Toronto,ON,29.4,22.0,18.0
2025-07-31,Toronto,ON,23.2,17.9,13.6
2025-08-01,Toronto,ON,23.7,16.5,14.9
2025-08-02,Toronto,ON,25.4,16.2,16.2
2025-08-03,Toronto,ON,28.2,17.7,14.8
2025-08-04,Toronto,ON,27.5,18.9,14.7
2025-08-05,Toronto,ON,26.0,21.4,15.8
2025-08-06,Toronto,ON,26.2,20.6,16.3
2025-08-07,Toronto,ON,27.8,21.0,11.9
2025-08-08,Toronto,ON,28.7,21.8,15.7
2025-08-09,Toronto,ON,29.6,21.8,16.1
2025-08-10,Toronto,ON,30.8,22.9,17.0
2025-08-11,Toronto,ON,31.5,22.3,16.5
2025-08-12,Toronto,ON,29.6,22.6,20.5
2025-08-13,Toronto,ON,27.5,21.4,13.8
2025-08-14,Toronto,ON,25.7,18.9,14.0
2025-08-15,Toronto,ON,26.7,20.3,12.5
2025-08-16,Toronto,ON,28.8,18.9,12.5
2025-08-17,Toronto,ON,25.6,19.8,17.6
2025-08-18,Toronto,ON,20.0,14.2,15.6
2025-08-19,Toronto,ON,20.7,18.4,24.5
2025-08-20,Toronto,ON,21.5,18.0,23.3
2025-08-21,Toronto,ON,21.5,15.8,11.9
2025-08-22,Toronto,ON,24.9,16.0,11.5
2025-08-23,Toronto,ON,25.3,18.2,14.9
2025-08-24,Toronto,ON,23.4,16.9,15.9
2025-08-25,Toronto,ON,21.1,14.6,21.3
2025-08-26,Toronto,ON,19.7,12.6,18.8
2025-08-27,Toronto,ON,22.2,12.3,17.1
2025-08-28,Toronto,ON,18.1,13.1,15.0
2025-08-29,Toronto,ON,17.7,10.4,15.9
2025-08-30,Toronto,ON,21.3,10.9,13.4
2025-08-31,Toronto,ON,21.9,11.6,11.2
2025-09-01,Toronto,ON,23.3,13.8,10.1
2025-09-02,Toronto,ON,23.6,16.5,10.9
2025-09-03,Toronto,ON,25.1,16.2,17.9
2025-09-04,Toronto,ON,20.0,12.2,20.1
2025-09-05,Toronto,ON,21.0,11.8,29.7
2025-09-06,Toronto,ON,19.1,12.2,15.4
2025-09-07,Toronto,ON,17.6,11.1,19.4
2025-09-08,Toronto,ON,19.4,9.5,9.9
2025-09-09,Toronto,ON,20.0,12.0,9.7
2025-09-10,Toronto,ON,22.4,14.3,9.6
2025-09-11,Toronto,ON,24.3,14.5,11.7
2025-09-12,Toronto,ON,21.6,14.6,11.3
2025-09-13,Toronto,ON,22.2,15.1,13.0
2025-09-14,Toronto,ON,23.9,15.8,7.5
2025-09-15,Toronto,ON,22.1,15.8,10.2
2025-09-16,Toronto,ON,23.0,14.8,11.5
2025-09-17,Toronto,ON,23.4,14.5,7.4
2025-09-18,Toronto,ON,26.4,14.9,17.5
2025-09-19,Toronto,ON,20.5,13.6,13.3
2025-09-20,Toronto,ON,17.0,12.2,17.0
2025-09-21,Toronto,ON,22.4,14.7,17.8
2025-09-22,Toronto,ON,23.7,18.3,16.8
2025-09-23,Toronto,ON,23.5,18.5,9.7
2025-09-24,Toronto,ON,20.8,18.0,15.6
2025-09-25,Toronto,ON,21.3,17.3,15.9
2025-09-26,Toronto,ON,22.2,15.1,11.3
2025-09-27,Toronto,ON,22.1,16.0,15.7
2025-09-28,Toronto,ON,22.8,15.5,13.2
2025-09-29,Toronto,ON,22.2,11.9,7.6
2025-09-30,Toronto,ON,20.4,13.8,13.7
2025-10-01,Toronto,ON,16.7,9.7,15.2
2025-10-02,Toronto,ON,17.4,9.6,11.9
2025-10-03,Toronto,ON,21.4,8.3,6.5
2025-10-04,Toronto,ON,23.4,13.6,13.1
2025-10-05,Toronto,ON,25.4,15.2,15.9
2025-10-06,Toronto,ON,24.8,15.9,17.6
2025-10-07,Toronto,ON,22.4,14.6,18.2
2025-10-08,Toronto,ON,14.6,8.6,18.8
2025-10-09,Toronto,ON,11.9,4.4,10.9
2025-10-10,Toronto,ON,16.5,6.7,17.5
2025-10-11,Toronto,ON,16.2,12.1,16.4
2025-10-12,Toronto,ON,17.2,10.9,20.0
2025-10-13,Toronto,ON,17.0,12.0,15.7
2025-10-14,Toronto,ON,20.7,9.3,17.8
2025-10-15,Toronto,ON,14.0,8.3,14.9
2025-10-16,Toronto,ON,14.7,4.4,15.0
2025-10-17,Toronto,ON,12.3,4.4,11.7
2025-10-18,Toronto,ON,20.1,12.2,14.8
2025-10-19,Toronto,ON,20.9,14.3,29.4
2025-10-20,Toronto,ON,15.2,8.1,25.2
2025-10-21,Toronto,ON,15.4,5.6,21.1
2025-10-22,Toronto,ON,11.5,6.9,15.1
2025-10-23,Toronto,ON,11.7,7.0,16.3
2025-10-24,Toronto,ON,10.9,5.9,15.2
2025-10-25,Toronto,ON,11.2,3.2,12.2
2025-10-26,Toronto,ON,8.2,0.4,10.5
2025-10-27,Toronto,ON,9.3,2.5,14.5
2025-10-28,Toronto,ON,10.8,5.5,19.2
2025-10-29,Toronto,ON,10.7,3.7,13.7
2025-10-30,Toronto,ON,8.6,5.7,23.8
2025-10-31,Toronto,ON,8.1,5.0,27.2
2025-11-01,Toronto,ON,9.1,3.2,16.7
2025-11-02,Toronto,ON,9.6,0.1,10.9
2025-11-03,Toronto,ON,10.1,6.7,25.4
2025-11-04,Toronto,ON,13.2,4.9,20.4
2025-11-05,Toronto,ON,12.8,5.8,26.9
2025-11-06,Toronto,ON,6.9,2.3,19.7
2025-11-07,Toronto,ON,11.2,2.3,20.3
2025-11-08,Toronto,ON,9.1,1.3,20.7
2025-11-09,Toronto,ON,1.3,-2.0,20.9
2025-11-10,Toronto,ON,-2.1,-4.7,18.7
2025-11-11,Toronto,ON,2.4,-4.2,17.7
2025-11-12,Toronto,ON,7.4,1.3,20.0
2025-11-13,Toronto,ON,7.2,2.9,23.8
2025-11-14,Toronto,ON,8.6,1.8,11.0
2025-11-15,Toronto,ON,10.8,2.5,24.3
2025-11-16,Toronto,ON,8.1,-0.1,32.0
2025-11-17,Toronto,ON,3.9,-0.3,23.9
2025-11-18,Toronto,ON,5.5,0.1,10.4
2025-11-19,Toronto,ON,5.3,-1.3,8.6
2025-11-20,Toronto,ON,5.5,-0.7,8.8
2025-11-21,Toronto,ON,9.4,2.9,18.4
2025-11-22,Toronto,ON,5.3,0.9,10.6
2025-11-23,Toronto,ON,8.2,2.0,21.5
2025-11-24,Toronto,ON,6.7,0.3,16.6
2025-11-25,Toronto,ON,8.4,4.7,12.9
2025-11-26,Toronto,ON,10.7,1.8,26.1
2025-11-27,Toronto,ON,2.8,0.1,30.7
2025-11-28,Toronto,ON,1.5,-1.9,24.1
2025-11-29,Toronto,ON,1.0,-3.7,18.3
2025-11-30,Toronto,ON,3.5,0.3,27.5
2025-12-01,Toronto,ON,-0.3,-5.5,22.5
2025-12-02,Toronto,ON,0.5,-4.2,13.3
2025-12-03,Toronto,ON,1.7,-6.4,25.6
2025-12-04,Toronto,ON,-1.3,-11.0,24.3
2025-12-05,Toronto,ON,-0.6,-13.2,17.9
2025-12-06,Toronto,ON,1.2,-0.8,22.8
2025-12-07,Toronto,ON,-0.1,-6.2,16.5
2025-12-08,Toronto,ON,-4.8,-13.9,15.7
2025-12-09,Toronto,ON,0.6,-10.9,27.0
2025-12-10,Toronto,ON,1.5,-4.0,28.0
2025-12-11,Toronto,ON,-4.4,-10.1,25.5
2025-12-12,Toronto,ON,-1.3,-10.4,18.9
2025-12-13,Toronto,ON,-1.7,-7.7,23.2
2025-12-14,Toronto,ON,-7.9,-12.0,18.0
2025-12-15,Toronto,ON,-5.3,-11.4,21.2
2025-12-16,Toronto,ON,0.1,-9.2,23.7
2025-12-17,Toronto,ON,4.4,-0.6,25.4
2025-12-18,Toronto,ON,8.0,-0.4,26.0
2025-12-19,Toronto,ON,8.9,-4.1,34.9
2025-12-20,Toronto,ON,3.4,-4.2,26.5
2025-12-21,Toronto,ON,2.6,-4.9,30.3
2025-12-22,Toronto,ON,2.2,-7.2,15.0
2025-12-23,Toronto,ON,2.9,0.5,18.5
2025-12-24,Toronto,ON,2.3,-1.9,24.6
2025-12-25,Toronto,ON,2.0,-6.6,18.1
2025-12-26,Toronto,ON,-1.9,-7.6,33.3
2025-12-27,Toronto,ON,-3.5,-9.0,14.3
2025-12-28,Toronto,ON,2.3,-3.6,20.9
2025-12-29,Toronto,ON,8.5,-8.2,36.4
2025-12-30,Toronto,ON,-3.9,-10.1,32.4
2025-12-31,Toronto,ON,-3.4,-7.7,24.9
2026-01-01,Toronto,ON,-7.3,-13.6,21.7
2026-01-02,Toronto,ON,-4.9,-9.2,21.7
2026-01-03,Toronto,ON,-3.1,-7.4,18.4
2026-01-04,Toronto,ON,-1.8,-6.0,17.8
2026-01-05,Toronto,ON,0.0,-5.9,18.0
2026-01-06,Toronto,ON,1.4,-5.5,22.2
2026-01-07,Toronto,ON,2.5,0.3,14.0
2026-01-08,Toronto,ON,4.2,1.3,13.7
2026-01-09,Toronto,ON,13.2,1.8,37.6
2026-01-10,Toronto,ON,2.8,-0.7,24.3
2026-01-11,Toronto,ON,2.1,-4.5,27.9
2026-01-12,Toronto,ON,0.6,-2.0,25.4
2026-01-13,Toronto,ON,4.6,-1.3,27.7
2026-01-14,Toronto,ON,5.1,-4.8,23.4
2026-01-15,Toronto,ON,-6.1,-14.0,23.9
2026-01-16,Toronto,ON,-1.5,-13.8,24.4
2026-01-17,Toronto,ON,1.7,-6.4,25.8
2026-01-18,Toronto,ON,-7.6,-11.2,21.8
2026-01-19,Toronto,ON,-5.9,-9.0,28.3
2026-01-20,Toronto,ON,-9.0,-14.1,27.4
2026-01-21,Toronto,ON,-0.6,-12.0,22.8
2026-01-22,Toronto,ON,-1.0,-9.2,25.9
2026-01-23,Toronto,ON,-8.3,-17.8,26.6
2026-01-24,Toronto,ON,-13.6,-24.9,11.0
2026-01-25,Toronto,ON,-7.3,-15.2,29.5
2026-01-26,Toronto,ON,-10.0,-15.4,21.2
2026-01-27,Toronto,ON,-10.0,-14.5,24.7
2026-01-28,Toronto,ON,-9.3,-12.0,22.6
2026-01-29,Toronto,ON,-11.8,-18.8,17.1
2026-01-30,Toronto,ON,-11.6,-25.0,13.8
2026-01-31,Toronto,ON,-11.0,-18.2,15.2
2026-02-01,Toronto,ON,-8.0,-18.2,15.5
2026-02-02,Toronto,ON,-5.7,-17.3,13.4
2026-02-03,Toronto,ON,-3.3,-8.9,19.1
2026-02-04,Toronto,ON,-6.8,-14.3,13.4
2026-02-05,Toronto,ON,-5.9,-14.7,15.8
2026-02-06,Toronto,ON,-2.7,-10.6,33.7
2026-02-07,Toronto,ON,-13.3,-20.4,35.4
2026-02-08,Toronto,ON,-16.3,-22.7,13.7
2026-02-09,Toronto,ON,-7.0,-22.6,9.4
2026-02-10,Toronto,ON,0.5,-6.4,16.5
2026-02-11,Toronto,ON,1.2,-3.5,23.5
2026-02-12,Toronto,ON,-3.8,-10.0,15.3
2026-02-13,Toronto,ON,-1.9,-14.7,14.1
2026-02-14,Toronto,ON,1.3,-5.8,13.0
2026-02-15,Toronto,ON,-0.9,-6.4,18.2
2026-02-16,Toronto,ON,1.9,-6.4,10.9
2026-02-17,Toronto,ON,3.6,-1.2,11.9
2026-02-18,Toronto,ON,1.1,-2.2,30.4
2026-02-19,Toronto,ON,1.8,-2.3,24.2
2026-02-20,Toronto,ON,2.6,0.9,28.7
2026-02-21,Toronto,ON,1.4,0.1,15.5
2026-02-22,Toronto,ON,-0.1,-1.7,15.4
2026-02-23,Toronto,ON,-1.2,-10.2,28.3
2026-02-24,Toronto,ON,-2.8,-16.0,27.3
2026-02-25,Toronto,ON,1.3,-4.0,23.0
2026-02-26,Toronto,ON,-3.6,-10.3,16.8
2026-02-27,Toronto,ON,3.5,-8.5,20.0
2026-02-28,Toronto,ON,4.9,-6.1,28.1
2026-03-01,Toronto,ON,-6.3,-14.7,15.8
2026-03-02,Toronto,ON,-5.2,-20.9,9.6
2026-03-03,Toronto,ON,0.0,-9.0,9.8
2026-03-04,Toronto,ON,3.3,-6.1,11.1
2026-03-05,Toronto,ON,2.5,-3.3,22.6
2026-03-06,Toronto,ON,2.5,-0.4,21.9
2026-03-07,Toronto,ON,14.9,1.6,29.1
2026-03-08,Toronto,ON,12.2,1.9,21.5
2026-03-09,Toronto,ON,14.6,5.0,23.9
2026-03-10,Toronto,ON,16.6,6.6,18.6
2026-03-11,Toronto,ON,7.4,1.9,25.3
2026-03-12,Toronto,ON,1.3,-2.7,26.0
2026-03-13,Toronto,ON,2.2,-4.1,28.8
2026-03-14,Toronto,ON,1.2,-4.1,30.4
2026-03-15,Toronto,ON,8.3,-4.1,35.0
2026-03-16,Toronto,ON,10.9,-2.2,31.9
2026-03-17,Toronto,ON,-3.7,-10.4,32.3
2026-03-18,Toronto,ON,-0.6,-8.5,21.4
2026-03-19,Toronto,ON,8.4,-1.2,18.3
2026-03-20,Toronto,ON,6.3,-1.5,16.4
2026-03-21,Toronto,ON,4.4,-0.4,16.5
2026-03-22,Toronto,ON,6.9,0.5,15.5
2026-03-23,Toronto,ON,2.9,-3.3,20.6
2026-03-24,Toronto,ON,4.1,-5.1,15.0
2026-03-25,Toronto,ON,4.5,-1.9,11.6
2026-03-26,Toronto,ON,9.2,2.2,21.3
2026-03-27,Toronto,ON,1.2,-7.5,23.9
2026-03-28,Toronto,ON,1.2,-5.1,20.9
2026-03-29,Toronto,ON,8.3,-0.6,14.5
2026-03-30,Toronto,ON,16.7,2.5,17.1
2026-03-31,Toronto,ON,16.3,7.7,21.6
2026-04-01,Toronto,ON,12.0,1.0,22.5
2026-04-02,Toronto,ON,4.4,0.3,25.8
2026-04-03,Toronto,ON,22.1,4.4,27.4
2026-04-04,Toronto,ON,5.4,2.4,25.9
2026-04-05,Toronto,ON,9.2,1.3,26.8
2026-04-06,Toronto,ON,4.7,-0.4,18.0
2026-04-07,Toronto,ON,0.7,-4.9,28.9
2026-04-08,Toronto,ON,3.7,-5.4,13.8
2026-04-09,Toronto,ON,15.5,1.2,21.8
2026-04-10,Toronto,ON,7.6,2.9,15.2
2026-04-11,Toronto,ON,8.9,0.0,15.0
2026-04-12,Toronto,ON,8.8,1.2,12.9
2026-04-13,Toronto,ON,21.0,10.8,31.7
2026-04-14,Toronto,ON,21.4,8.0,25.9
2026-04-15,Toronto,ON,18.1,5.8,15.9
2026-04-16,Toronto,ON,19.3,9.4,16.2
2026-04-17,Toronto,ON,16.3,6.4,15.6
2026-04-18,Toronto,ON,19.2,5.8,23.4
2026-04-19,Toronto,ON,7.4,0.4,18.8
2026-04-20,Toronto,ON,4.1,-1.9,16.2
2026-04-21,Toronto,ON,9.7,-1.7,14.5
2026-04-22,Toronto,ON,15.5,3.5,13.4
2026-04-23,Toronto,ON,14.8,5.9,14.2
2026-04-24,Toronto,ON,9.4,5.4,19.8
2026-04-25,Toronto,ON,8.9,4.1,24.2
2026-04-26,Toronto,ON,11.8,3.0,8.8
2026-04-27,Toronto,ON,15.0,2.8,20.5
2026-04-28,Toronto,ON,13.7,10.3,22.5
2026-04-29,Toronto,ON,12.6,5.5,16.4
2026-04-30,Toronto,ON,10.9,4.2,17.0
2026-05-01,Toronto,ON,8.1,1.4,11.9
2026-05-02,Toronto,ON,7.4,1.0,15.1
2026-05-03,Toronto,ON,12.7,0.0,21.3
2026-05-04,Toronto,ON,18.7,8.4,22.2
2026-05-05,Toronto,ON,17.2,8.0,24.4
2026-05-06,Toronto,ON,9.1,4.6,15.3
2026-05-07,Toronto,ON,9.4,3.4,11.4
2026-05-08,Toronto,ON,10.7,3.1,15.2
2026-05-09,Toronto,ON,15.0,4.8,23.1
2026-05-10,Toronto,ON,13.0,4.8,21.3
2026-05-11,Toronto,ON,11.8,4.5,16.0
2026-05-12,Toronto,ON,12.2,2.7,12.5
2026-05-13,Toronto,ON,16.8,5.9,22.7
2026-05-14,Toronto,ON,11.6,6.7,22.0
2026-05-15,Toronto,ON,19.0,7.6,15.5
2026-05-16,Toronto,ON,18.8,10.0,20.4
2026-05-17,Toronto,ON,23.9,12.8,12.9
2026-05-18,Toronto,ON,27.8,13.0,22.5
2026-05-19,Toronto,ON,26.1,17.3,23.4
2026-05-20,Toronto,ON,22.9,10.4,22.5
2026-05-21,Toronto,ON,13.2,7.9,18.2
2026-05-22,Toronto,ON,15.6,8.6,21.1
2026-05-23,Toronto,ON,11.9,7.5,32.7
2026-05-24,Toronto,ON,14.2,7.5,26.0
2026-05-25,Toronto,ON,18.4,11.9,13.0
2026-05-26,Toronto,ON,24.8,14.1,20.2
2026-05-27,Toronto,ON,24.9,15.9,23.1
2026-05-28,Toronto,ON,20.8,13.0,21.0
2026-05-29,Toronto,ON,26.5,10.6,29.4
2026-05-30,Toronto,ON,20.0,9.9,21.4
2026-05-31,Toronto,ON,25.3,11.0,16.8
2026-06-01,Toronto,ON,19.0,12.9,16.1
2026-06-02,Toronto,ON,24.9,11.8,15.2
2026-06-03,Toronto,ON,26.5,14.9,15.7
2026-06-04,Toronto,ON,26.6,15.6,17.7
2026-06-05,Toronto,ON,27.4,17.3,24.7
2026-06-06,Toronto,ON,25.1,16.6,32.8
2026-06-07,Toronto,ON,23.1,15.3,15.8
2026-06-08,Toronto,ON,21.8,14.4,13.9
2026-06-09,Toronto,ON,23.6,15.1,11.1
2026-06-10,Toronto,ON,31.5,19.1,20.2
2026-06-11,Toronto,ON,30.0,20.6,19.1
2026-06-12,Toronto,ON,26.9,20.9,20.7
2026-06-13,Toronto,ON,27.3,18.0,22.3
2026-06-14,Toronto,ON,24.0,14.5,19.4
2026-06-15,Toronto,ON,20.1,9.4,19.7
2026-06-16,Toronto,ON,21.8,13.5,16.2
2026-06-17,Toronto,ON,20.3,14.5,17.6
2026-06-18,Toronto,ON,22.2,14.0,31.0
2026-06-19,Toronto,ON,21.8,14.8,23.7
2026-06-20,Toronto,ON,22.9,13.7,16.5
2026-06-21,Toronto,ON,21.6,12.2,14.5
2026-06-22,Toronto,ON,19.4,14.5,10.5
2026-06-23,Toronto,ON,24.3,13.2,17.1
2026-06-24,Toronto,ON,24.4,14.7,14.7
2026-06-25,Toronto,ON,19.7,15.5,14.5
2026-06-26,Toronto,ON,21.1,15.5,12.4
2026-06-27,Toronto,ON,23.9,15.7,10.5
2026-06-28,Toronto,ON,26.1,17.6,12.5
2026-06-29,Toronto,ON,27.7,18.7,11.7
2026-06-30,Toronto,ON,32.1,19.2,19.2
2026-07-01,Toronto,ON,35.9,23.8,20.3
2026-07-02,Toronto,ON,35.1,25.0,18.6
2026-07-03,Toronto,ON,30.5,25.1,14.5
2026-07-04,Toronto,ON,25.3,21.4,16.6
2026-07-05,Toronto,ON,24.3,20.3,12.7
2026-07-06,Toronto,ON,24.1,19.1,14.8
2026-07-07,Toronto,ON,23.8,19.3,13.1
2026-07-08,Toronto,ON,27.2,18.3,10.1
2026-07-09,Toronto,ON,27.9,20.7,8.3
2026-07-10,Toronto,ON,24.8,19.4,10.8
2026-07-11,Toronto,ON,25.3,19.4,12.0
2026-07-12,Toronto,ON,25.4,18.1,10.7
2026-07-13,Toronto,ON,30.1,16.7,15.0
2026-07-14,Toronto,ON,36.9,23.7,20.2
2026-07-15,Toronto,ON,30.7,24.3,17.9
2026-07-16,Toronto,ON,31.0,19.1,19.9
2026-07-17,Toronto,ON,25.2,18.6,13.2
2026-07-18,Toronto,ON,27.7,20.8,25.1
2026-07-19,Toronto,ON,24.0,16.2,19.9
2026-07-20,Toronto,ON,25.4,14.8,20.2
2026-07-21,Toronto,ON,23.1,19.5,21.9
2026-07-22,Toronto,ON,22.4,15.3,22.6
2026-07-23,Toronto,ON,24.2,13.0,15.7
2026-07-24,Toronto,ON,25.0,13.7,10.4
2024-01-01,Ottawa,ON,-3.7,-8.4,9.7
2024-01-02,Ottawa,ON,2.2,-7.1,17.3
2024-01-03,Ottawa,ON,4.6,-1.0,14.2
2024-01-04,Ottawa,ON,0.2,-11.3,20.7
2024-01-05,Ottawa,ON,-1.3,-12.2,17.9
2024-01-06,Ottawa,ON,-2.6,-9.6,18.9
2024-01-07,Ottawa,ON,-3.9,-9.1,17.8
2024-01-08,Ottawa,ON,0.3,-7.4,16.4
2024-01-09,Ottawa,ON,-0.3,-5.2,26.7
2024-01-10,Ottawa,ON,4.7,-5.8,28.1
2024-01-11,Ottawa,ON,-5.2,-11.3,18.1
2024-01-12,Ottawa,ON,-5.0,-15.6,24.4
2024-01-13,Ottawa,ON,2.9,-5.7,30.3
2024-01-14,Ottawa,ON,-3.1,-9.1,23.6
2024-01-15,Ottawa,ON,-7.6,-17.2,16.9
2024-01-16,Ottawa,ON,-6.9,-16.5,11.2
2024-01-17,Ottawa,ON,-9.3,-19.8,16.6
2024-01-18,Ottawa,ON,-5.4,-14.4,15.0
2024-01-19,Ottawa,ON,-11.3,-20.3,12.9
2024-01-20,Ottawa,ON,-9.9,-18.8,15.6
2024-01-21,Ottawa,ON,-9.9,-18.8,13.9
2024-01-22,Ottawa,ON,-1.3,-12.7,20.5
2024-01-23,Ottawa,ON,-1.1,-7.6,14.6
2024-01-24,Ottawa,ON,-4.0,-9.9,16.6
2024-01-25,Ottawa,ON,2.6,-6.8,8.8
2024-01-26,Ottawa,ON,2.8,-3.3,12.4
2024-01-27,Ottawa,ON,1.9,-0.3,7.2
2024-01-28,Ottawa,ON,3.8,-1.5,12.6
2024-01-29,Ottawa,ON,-0.2,-11.0,16.1
2024-01-30,Ottawa,ON,-4.9,-10.5,12.7
2024-01-31,Ottawa,ON,2.2,-10.0,12.6
2024-02-01,Ottawa,ON,3.1,-0.9,16.4
2024-02-02,Ottawa,ON,1.6,-7.3,15.5
2024-02-03,Ottawa,ON,-3.1,-14.9,10.8
2024-02-04,Ottawa,ON,-0.9,-10.9,10.2
2024-02-05,Ottawa,ON,1.7,-11.4,13.3
2024-02-06,Ottawa,ON,0.3,-15.4,11.4
2024-02-07,Ottawa,ON,0.2,-12.7,8.3
2024-02-08,Ottawa,ON,5.3,-5.4,13.1
2024-02-09,Ottawa,ON,9.3,-1.2,17.3
2024-02-10,Ottawa,ON,7.5,-0.4,16.4
2024-02-11,Ottawa,ON,2.6,-1.0,16.0
2024-02-12,Ottawa,ON,1.3,-3.8,10.4
2024-02-13,Ottawa,ON,3.6,-7.4,21.0
2024-02-14,Ottawa,ON,-5.1,-13.5,23.1
2024-02-15,Ottawa,ON,-2.0,-12.6,15.8
2024-02-16,Ottawa,ON,-2.2,-10.3,17.2
2024-02-17,Ottawa,ON,-9.0,-18.0,17.9
2024-02-18,Ottawa,ON,-0.5,-17.3,24.4
2024-02-19,Ottawa,ON,-7.3,-17.7,19.8
2024-02-20,Ottawa,ON,-4.4,-15.6,11.3
2024-02-21,Ottawa,ON,5.3,-12.7,13.7
2024-02-22,Ottawa,ON,7.3,-0.2,13.5
2024-02-23,Ottawa,ON,4.6,-13.2,21.9
2024-02-24,Ottawa,ON,-10.0,-20.6,15.9
2024-02-25,Ottawa,ON,1.8,-16.6,20.3
2024-02-26,Ottawa,ON,3.0,-4.2,15.3
2024-02-27,Ottawa,ON,16.1,-3.5,14.4
2024-02-28,Ottawa,ON,16.5,-10.6,31.8
2024-02-29,Ottawa,ON,-8.1,-13.4,31.0
2024-03-01,Ottawa,ON,6.3,-12.1,16.0
2024-03-02,Ottawa,ON,7.1,-1.2,13.9
2024-03-03,Ottawa,ON,8.4,0.2,8.6
2024-03-04,Ottawa,ON,13.6,-0.5,13.8
2024-03-05,Ottawa,ON,15.6,-0.4,13.5
2024-03-06,Ottawa,ON,6.3,2.7,15.5
2024-03-07,Ottawa,ON,10.6,-0.4,15.6
2024-03-08,Ottawa,ON,8.5,-4.4,16.9
2024-03-09,Ottawa,ON,6.9,0.2,20.5
2024-03-10,Ottawa,ON,4.7,-3.9,23.4
2024-03-11,Ottawa,ON,5.6,-3.8,31.3
2024-03-12,Ottawa,ON,10.4,-4.1,12.2
2024-03-13,Ottawa,ON,10.6,-2.3,14.8
2024-03-14,Ottawa,ON,13.4,-1.9,9.4
2024-03-15,Ottawa,ON,11.0,1.5,16.5
2024-03-16,Ottawa,ON,8.4,-3.2,18.9
2024-03-17,Ottawa,ON,6.2,0.0,17.6
2024-03-18,Ottawa,ON,3.5,-2.1,19.8
2024-03-19,Ottawa,ON,2.1,-4.8,17.6
2024-03-20,Ottawa,ON,2.8,-6.4,22.0
2024-03-21,Ottawa,ON,-2.6,-9.3,24.3
2024-03-22,Ottawa,ON,-3.5,-11.2,12.5
2024-03-23,Ottawa,ON,0.2,-6.4,16.3
2024-03-24,Ottawa,ON,2.1,-8.0,15.7
2024-03-25,Ottawa,ON,10.9,-5.7,17.7
2024-03-26,Ottawa,ON,12.9,-2.4,18.8
2024-03-27,Ottawa,ON,13.8,4.4,21.6
2024-03-28,Ottawa,ON,9.6,-1.8,14.6
2024-03-29,Ottawa,ON,6.8,-2.8,20.9
2024-03-30,Ottawa,ON,5.9,-2.6,19.9
2024-03-31,Ottawa,ON,9.6,-1.7,19.4
2024-04-01,Ottawa,ON,9.8,-2.3,13.8
2024-04-02,Ottawa,ON,10.3,-2.0,21.9
2024-04-03,Ottawa,ON,5.9,1.1,28.4
2024-04-04,Ottawa,ON,1.2,-0.7,26.7
2024-04-05,Ottawa,ON,5.1,0.3,13.8
2024-04-06,Ottawa,ON,9.8,1.0,19.5
2024-04-07,Ottawa,ON,15.1,-1.1,10.0
2024-04-08,Ottawa,ON,17.1,-0.3,10.9
2024-04-09,Ottawa,ON,19.5,1.1,14.6
2024-04-10,Ottawa,ON,19.8,4.1,17.7
2024-04-11,Ottawa,ON,13.4,4.0,21.3
2024-04-12,Ottawa,ON,17.6,8.4,29.9
2024-04-13,Ottawa,ON,7.6,3.4,23.4
2024-04-14,Ottawa,ON,8.1,0.1,13.1
2024-04-15,Ottawa,ON,13.2,4.3,16.0
2024-04-16,Ottawa,ON,12.9,1.4,18.4
2024-04-17,Ottawa,ON,10.7,0.2,20.7
2024-04-18,Ottawa,ON,9.2,4.8,21.5
2024-04-19,Ottawa,ON,12.4,6.4,24.1
2024-04-20,Ottawa,ON,9.6,3.0,21.5
2024-04-21,Ottawa,ON,8.4,0.7,22.3
2024-04-22,Ottawa,ON,9.4,-2.5,19.5
2024-04-23,Ottawa,ON,16.7,3.8,27.7
2024-04-24,Ottawa,ON,8.1,-1.1,23.5
2024-04-25,Ottawa,ON,9.1,-3.5,12.3
2024-04-26,Ottawa,ON,13.4,-1.2,9.4
2024-04-27,Ottawa,ON,18.0,1.6,17.9
2024-04-28,Ottawa,ON,21.9,8.3,18.7
2024-04-29,Ottawa,ON,11.5,4.6,17.5
2024-04-30,Ottawa,ON,9.7,5.9,21.3
2024-05-01,Ottawa,ON,16.4,6.1,12.8
2024-05-02,Ottawa,ON,18.1,6.3,18.0
2024-05-03,Ottawa,ON,18.1,6.6,13.8
2024-05-04,Ottawa,ON,21.9,10.3,13.1
2024-05-05,Ottawa,ON,15.2,10.7,16.0
2024-05-06,Ottawa,ON,20.8,9.9,14.9
2024-05-07,Ottawa,ON,20.9,7.2,12.2
2024-05-08,Ottawa,ON,13.3,6.8,20.0
2024-05-09,Ottawa,ON,16.9,6.3,11.2
2024-05-10,Ottawa,ON,16.7,6.5,13.2
2024-05-11,Ottawa,ON,16.0,6.0,12.5
2024-05-12,Ottawa,ON,18.1,7.1,13.6
2024-05-13,Ottawa,ON,19.2,8.4,25.8
2024-05-14,Ottawa,ON,21.4,12.4,14.7
2024-05-15,Ottawa,ON,21.2,11.4,10.8
2024-05-16,Ottawa,ON,23.0,10.0,12.2
2024-05-17,Ottawa,ON,24.3,12.3,11.0
2024-05-18,Ottawa,ON,23.9,12.9,11.9
2024-05-19,Ottawa,ON,25.9,12.6,11.8
2024-05-20,Ottawa,ON,27.8,15.3,10.3
2024-05-21,Ottawa,ON,24.7,16.4,13.6
2024-05-22,Ottawa,ON,30.1,15.4,25.0
2024-05-23,Ottawa,ON,24.4,16.5,24.9
2024-05-24,Ottawa,ON,16.9,12.6,21.1
2024-05-25,Ottawa,ON,19.7,9.9,10.5
2024-05-26,Ottawa,ON,22.9,13.6,11.8
2024-05-27,Ottawa,ON,22.3,16.0,20.9
2024-05-28,Ottawa,ON,18.9,14.0,20.5
2024-05-29,Ottawa,ON,17.0,9.3,13.9
2024-05-30,Ottawa,ON,19.0,8.5,13.8
2024-05-31,Ottawa,ON,23.9,9.4,15.2
2024-06-01,Ottawa,ON,25.7,11.7,14.4
2024-06-02,Ottawa,ON,23.6,13.0,7.4
2024-06-03,Ottawa,ON,27.4,13.2,7.9
2024-06-04,Ottawa,ON,28.2,15.4,9.4
2024-06-05,Ottawa,ON,30.5,17.6,11.8
2024-06-06,Ottawa,ON,21.8,16.7,13.3
2024-06-07,Ottawa,ON,21.1,14.8,16.0
2024-06-08,Ottawa,ON,20.3,12.8,18.8
2024-06-09,Ottawa,ON,18.0,13.7,17.7
2024-06-10,Ottawa,ON,14.7,10.9,18.3
2024-06-11,Ottawa,ON,16.5,10.2,10.0
2024-06-12,Ottawa,ON,20.5,12.5,11.7
2024-06-13,Ottawa,ON,25.8,12.5,26.0
2024-06-14,Ottawa,ON,22.3,14.4,20.4
2024-06-15,Ottawa,ON,17.9,11.1,14.2
2024-06-16,Ottawa,ON,20.9,10.8,6.9
2024-06-17,Ottawa,ON,30.3,14.4,15.5
2024-06-18,Ottawa,ON,32.4,19.6,14.7
2024-06-19,Ottawa,ON,32.5,22.4,18.7
2024-06-20,Ottawa,ON,30.1,19.7,18.5
2024-06-21,Ottawa,ON,24.3,16.7,9.9
2024-06-22,Ottawa,ON,19.2,16.1,8.1
2024-06-23,Ottawa,ON,25.8,16.0,19.9
2024-06-24,Ottawa,ON,26.1,14.0,20.9
2024-06-25,Ottawa,ON,27.3,16.5,22.8
2024-06-26,Ottawa,ON,25.2,17.1,18.8
2024-06-27,Ottawa,ON,18.3,13.6,22.1
2024-06-28,Ottawa,ON,22.3,10.9,14.0
2024-06-29,Ottawa,ON,22.2,16.4,18.8
2024-06-30,Ottawa,ON,23.9,16.0,21.3
2024-07-01,Ottawa,ON,24.2,14.4,15.3
2024-07-02,Ottawa,ON,26.8,14.9,11.3
2024-07-03,Ottawa,ON,27.4,18.1,20.9
2024-07-04,Ottawa,ON,28.7,18.1,12.9
2024-07-05,Ottawa,ON,27.9,19.9,9.8
2024-07-06,Ottawa,ON,26.8,19.2,13.9
2024-07-07,Ottawa,ON,26.5,18.9,9.4
2024-07-08,Ottawa,ON,28.1,18.4,12.2
2024-07-09,Ottawa,ON,27.9,20.0,15.3
2024-07-10,Ottawa,ON,22.5,19.4,17.3
2024-07-11,Ottawa,ON,24.0,17.9,14.4
2024-07-12,Ottawa,ON,27.6,19.2,9.4
2024-07-13,Ottawa,ON,27.8,20.5,11.7
2024-07-14,Ottawa,ON,29.2,19.3,16.0
2024-07-15,Ottawa,ON,29.7,20.4,14.8
2024-07-16,Ottawa,ON,24.6,19.6,13.7
2024-07-17,Ottawa,ON,26.6,19.7,14.7
2024-07-18,Ottawa,ON,21.2,16.0,18.7
2024-07-19,Ottawa,ON,24.8,15.1,13.4
2024-07-20,Ottawa,ON,27.1,15.6,20.1
2024-07-21,Ottawa,ON,23.6,14.1,10.4
2024-07-22,Ottawa,ON,25.9,15.0,8.3
2024-07-23,Ottawa,ON,26.3,17.0,11.2
2024-07-24,Ottawa,ON,26.5,17.0,16.8
2024-07-25,Ottawa,ON,20.7,16.3,23.7
2024-07-26,Ottawa,ON,26.2,14.5,16.1
2024-07-27,Ottawa,ON,28.2,16.7,11.9
2024-07-28,Ottawa,ON,29.5,18.5,9.6
2024-07-29,Ottawa,ON,28.1,19.9,5.8
2024-07-30,Ottawa,ON,31.3,19.9,12.1
2024-07-31,Ottawa,ON,27.9,21.0,10.8
2024-08-01,Ottawa,ON,30.0,20.3,10.0
2024-08-02,Ottawa,ON,30.5,20.9,7.9
2024-08-03,Ottawa,ON,30.5,22.5,12.0
2024-08-04,Ottawa,ON,27.9,20.2,15.6
2024-08-05,Ottawa,ON,19.9,16.4,14.6
2024-08-06,Ottawa,ON,23.2,15.0,8.1
2024-08-07,Ottawa,ON,23.7,15.3,11.5
2024-08-08,Ottawa,ON,25.6,14.3,15.8
2024-08-09,Ottawa,ON,20.0,18.2,15.2
2024-08-10,Ottawa,ON,23.5,15.3,16.6
2024-08-11,Ottawa,ON,21.9,14.7,21.3
2024-08-12,Ottawa,ON,21.4,14.1,13.7
2024-08-13,Ottawa,ON,26.0,15.1,12.5
2024-08-14,Ottawa,ON,28.1,16.4,17.7
2024-08-15,Ottawa,ON,29.1,17.7,10.7
2024-08-16,Ottawa,ON,28.8,18.2,9.8
2024-08-17,Ottawa,ON,25.3,18.7,15.1
2024-08-18,Ottawa,ON,24.6,19.2,15.0
2024-08-19,Ottawa,ON,20.2,14.1,20.4
2024-08-20,Ottawa,ON,17.5,12.4,20.8
2024-08-21,Ottawa,ON,17.3,12.8,13.5
2024-08-22,Ottawa,ON,22.8,14.3,12.7
2024-08-23,Ottawa,ON,25.1,14.1,12.5
2024-08-24,Ottawa,ON,25.8,15.2,12.6
2024-08-25,Ottawa,ON,25.7,17.1,9.1
2024-08-26,Ottawa,ON,26.7,16.7,7.6
2024-08-27,Ottawa,ON,28.4,18.3,17.3
2024-08-28,Ottawa,ON,21.4,14.2,20.4
2024-08-29,Ottawa,ON,21.0,11.7,12.5
2024-08-30,Ottawa,ON,24.7,12.7,13.7
2024-08-31,Ottawa,ON,24.3,17.7,20.4
2024-09-01,Ottawa,ON,23.3,15.1,21.4
2024-09-02,Ottawa,ON,18.7,11.6,19.2
2024-09-03,Ottawa,ON,22.4,11.2,14.5
2024-09-04,Ottawa,ON,24.4,13.3,13.6
2024-09-05,Ottawa,ON,25.1,12.7,14.4
2024-09-06,Ottawa,ON,25.2,14.7,15.7
2024-09-07,Ottawa,ON,16.7,10.1,20.0
2024-09-08,Ottawa,ON,12.4,8.2,23.2
2024-09-09,Ottawa,ON,18.8,9.9,12.2
2024-09-10,Ottawa,ON,20.4,9.1,13.0
2024-09-11,Ottawa,ON,23.7,10.9,10.7
2024-09-12,Ottawa,ON,25.4,13.9,8.1
2024-09-13,Ottawa,ON,26.2,13.9,5.8
2024-09-14,Ottawa,ON,26.8,14.7,5.5
2024-09-15,Ottawa,ON,26.8,15.7,9.2
2024-09-16,Ottawa,ON,27.6,15.9,8.0
2024-09-17,Ottawa,ON,27.3,16.0,9.0
2024-09-18,Ottawa,ON,26.2,15.3,7.2
2024-09-19,Ottawa,ON,27.3,15.1,6.1
2024-09-20,Ottawa,ON,25.4,15.7,12.0
2024-09-21,Ottawa,ON,24.1,15.1,14.3
2024-09-22,Ottawa,ON,23.6,13.5,13.3
2024-09-23,Ottawa,ON,16.9,14.7,10.8
2024-09-24,Ottawa,ON,21.5,13.6,18.5
2024-09-25,Ottawa,ON,19.0,12.8,17.1
2024-09-26,Ottawa,ON,21.4,15.1,21.9
2024-09-27,Ottawa,ON,20.5,12.7,10.7
2024-09-28,Ottawa,ON,22.0,12.3,11.8
2024-09-29,Ottawa,ON,23.2,12.4,10.7
2024-09-30,Ottawa,ON,22.0,12.3,15.2
2024-10-01,Ottawa,ON,23.0,11.9,16.1
2024-10-02,Ottawa,ON,17.0,11.8,12.2
2024-10-03,Ottawa,ON,21.2,9.6,18.4
2024-10-04,Ottawa,ON,20.9,11.4,10.4
2024-10-05,Ottawa,ON,16.4,9.7,11.0
2024-10-06,Ottawa,ON,19.3,7.0,19.0
2024-10-07,Ottawa,ON,13.9,6.6,18.3
2024-10-08,Ottawa,ON,14.0,7.1,8.8
2024-10-09,Ottawa,ON,10.2,6.6,15.6
2024-10-10,Ottawa,ON,11.9,5.3,19.1
2024-10-11,Ottawa,ON,17.6,6.3,18.7
2024-10-12,Ottawa,ON,14.9,7.1,25.1
2024-10-13,Ottawa,ON,11.7,5.3,15.0
2024-10-14,Ottawa,ON,9.7,4.9,22.8
2024-10-15,Ottawa,ON,7.8,3.9,21.1
2024-10-16,Ottawa,ON,10.4,4.5,17.2
2024-10-17,Ottawa,ON,13.2,3.6,10.2
2024-10-18,Ottawa,ON,15.6,3.1,11.7
2024-10-19,Ottawa,ON,18.4,3.7,14.1
2024-10-20,Ottawa,ON,19.4,7.5,16.5
2024-10-21,Ottawa,ON,22.3,11.4,12.9
2024-10-22,Ottawa,ON,22.0,10.2,12.6
2024-10-23,Ottawa,ON,20.2,8.7,21.7
2024-10-24,Ottawa,ON,9.3,5.1,15.1
2024-10-25,Ottawa,ON,9.1,2.6,10.2
2024-10-26,Ottawa,ON,9.2,3.3,21.5
2024-10-27,Ottawa,ON,6.9,1.6,20.7
2024-10-28,Ottawa,ON,5.6,-0.3,11.8
2024-10-29,Ottawa,ON,11.9,1.4,13.0
2024-10-30,Ottawa,ON,20.8,7.2,19.1
2024-10-31,Ottawa,ON,22.2,14.6,25.0
2024-11-01,Ottawa,ON,17.8,5.3,28.8
2024-11-02,Ottawa,ON,5.1,1.1,12.4
2024-11-03,Ottawa,ON,5.6,-0.8,8.1
2024-11-04,Ottawa,ON,6.7,1.4,13.5
2024-11-05,Ottawa,ON,18.9,6.6,20.8
2024-11-06,Ottawa,ON,19.2,11.0,22.1
2024-11-07,Ottawa,ON,11.8,6.1,20.2
2024-11-08,Ottawa,ON,11.4,3.8,26.1
2024-11-09,Ottawa,ON,6.4,0.9,19.2
2024-11-10,Ottawa,ON,7.3,0.5,10.7
2024-11-11,Ottawa,ON,12.3,5.0,26.2
2024-11-12,Ottawa,ON,5.0,-0.1,23.6
2024-11-13,Ottawa,ON,3.1,-2.3,11.4
2024-11-14,Ottawa,ON,3.5,-3.3,14.7
2024-11-15,Ottawa,ON,8.8,-1.0,11.2
2024-11-16,Ottawa,ON,10.6,2.6,16.0
2024-11-17,Ottawa,ON,6.3,-0.2,6.3
2024-11-18,Ottawa,ON,10.4,3.9,18.1
2024-11-19,Ottawa,ON,10.1,3.1,10.2
2024-11-20,Ottawa,ON,8.2,2.5,18.4
2024-11-21,Ottawa,ON,5.6,4.9,19.1
2024-11-22,Ottawa,ON,6.7,4.2,22.3
2024-11-23,Ottawa,ON,7.1,2.8,20.0
2024-11-24,Ottawa,ON,3.3,-1.0,22.0
2024-11-25,Ottawa,ON,3.7,-2.2,14.3
2024-11-26,Ottawa,ON,4.6,-0.4,18.2
2024-11-27,Ottawa,ON,4.6,0.4,20.3
2024-11-28,Ottawa,ON,1.5,-1.1,12.6
2024-11-29,Ottawa,ON,3.1,-1.7,15.4
2024-11-30,Ottawa,ON,2.5,-1.3,17.5
2024-12-01,Ottawa,ON,0.2,-4.0,13.2
2024-12-02,Ottawa,ON,-0.3,-4.7,11.5
2024-12-03,Ottawa,ON,-0.6,-5.0,13.0
2024-12-04,Ottawa,ON,-0.4,-4.5,18.8
2024-12-05,Ottawa,ON,1.1,-4.1,24.9
2024-12-06,Ottawa,ON,-4.7,-9.6,21.7
2024-12-07,Ottawa,ON,-5.1,-9.9,13.8
2024-12-08,Ottawa,ON,2.8,-8.7,21.5
2024-12-09,Ottawa,ON,-5.0,-9.6,24.6
2024-12-10,Ottawa,ON,1.5,-4.2,15.2
2024-12-11,Ottawa,ON,2.6,0.6,18.2
2024-12-12,Ottawa,ON,1.2,-9.4,24.4
2024-12-13,Ottawa,ON,-5.1,-11.7,17.5
2024-12-14,Ottawa,ON,-6.8,-15.8,7.8
2024-12-15,Ottawa,ON,-7.7,-15.3,13.5
2024-12-16,Ottawa,ON,2.4,-7.0,12.8
2024-12-17,Ottawa,ON,4.7,1.0,23.3
2024-12-18,Ottawa,ON,2.2,-1.1,11.0
2024-12-19,Ottawa,ON,0.2,-12.7,16.6
2024-12-20,Ottawa,ON,-7.5,-13.9,11.3
2024-12-21,Ottawa,ON,-9.3,-17.9,17.7
2024-12-22,Ottawa,ON,-13.0,-20.8,10.5
2024-12-23,Ottawa,ON,-7.8,-18.7,9.5
2024-12-24,Ottawa,ON,-4.9,-10.3,9.4
2024-12-25,Ottawa,ON,-7.8,-12.3,6.4
2024-12-26,Ottawa,ON,-7.3,-11.4,6.8
2024-12-27,Ottawa,ON,-6.3,-11.1,12.0
2024-12-28,Ottawa,ON,0.5,-8.6,13.4
2024-12-29,Ottawa,ON,3.4,-0.6,17.1
2024-12-30,Ottawa,ON,5.5,2.1,23.7
2024-12-31,Ottawa,ON,3.6,1.1,17.9
2025-01-01,Ottawa,ON,1.6,-0.6,24.4
2025-01-02,Ottawa,ON,-0.9,-4.1,28.6
2025-01-03,Ottawa,ON,-4.6,-10.3,19.9
2025-01-04,Ottawa,ON,-9.1,-12.8,18.3
2025-01-05,Ottawa,ON,-10.2,-14.9,14.5
2025-01-06,Ottawa,ON,-9.9,-17.4,15.3
2025-01-07,Ottawa,ON,-8.1,-12.2,33.8
2025-01-08,Ottawa,ON,-11.1,-15.6,23.0
2025-01-09,Ottawa,ON,-7.2,-14.1,21.5
2025-01-10,Ottawa,ON,-8.4,-13.5,15.2
2025-01-11,Ottawa,ON,-4.3,-9.6,11.0
2025-01-12,Ottawa,ON,-3.2,-11.0,6.6
2025-01-13,Ottawa,ON,-1.4,-5.2,16.8
2025-01-14,Ottawa,ON,-1.8,-8.3,22.5
2025-01-15,Ottawa,ON,-7.0,-12.0,14.7
2025-01-16,Ottawa,ON,-4.3,-13.3,12.2
2025-01-17,Ottawa,ON,-0.4,-10.9,14.1
2025-01-18,Ottawa,ON,1.5,-5.9,21.2
2025-01-19,Ottawa,ON,-8.0,-16.9,16.3
2025-01-20,Ottawa,ON,-14.1,-20.5,9.8
2025-01-21,Ottawa,ON,-12.1,-22.8,11.5
2025-01-22,Ottawa,ON,-11.2,-21.6,14.3
2025-01-23,Ottawa,ON,-5.1,-11.5,12.6
2025-01-24,Ottawa,ON,-11.1,-19.6,9.8
2025-01-25,Ottawa,ON,-5.3,-21.4,16.3
2025-01-26,Ottawa,ON,-2.6,-9.8,24.0
2025-01-27,Ottawa,ON,-1.0,-6.3,34.9
2025-01-28,Ottawa,ON,-1.6,-17.5,25.7
2025-01-29,Ottawa,ON,-8.2,-12.8,20.4
2025-01-30,Ottawa,ON,-7.2,-23.1,17.4
2025-01-31,Ottawa,ON,-2.1,-11.3,17.2
2025-02-01,Ottawa,ON,-10.6,-22.0,18.3
2025-02-02,Ottawa,ON,-12.7,-23.1,15.3
2025-02-03,Ottawa,ON,-0.8,-12.3,17.1
2025-02-04,Ottawa,ON,-4.1,-14.4,19.4
2025-02-05,Ottawa,ON,-14.2,-23.3,10.2
2025-02-06,Ottawa,ON,-2.0,-19.8,20.1
2025-02-07,Ottawa,ON,-0.9,-10.7,29.4
2025-02-08,Ottawa,ON,-5.7,-13.5,12.1
2025-02-09,Ottawa,ON,-4.7,-10.7,12.1
2025-02-10,Ottawa,ON,-7.5,-16.9,9.3
2025-02-11,Ottawa,ON,-5.7,-15.7,20.2
2025-02-12,Ottawa,ON,-12.5,-22.0,21.4
2025-02-13,Ottawa,ON,-3.5,-13.0,26.8
2025-02-14,Ottawa,ON,-9.1,-15.4,20.3
2025-02-15,Ottawa,ON,-8.9,-16.6,19.2
2025-02-16,Ottawa,ON,-8.3,-11.2,28.0
2025-02-17,Ottawa,ON,-11.3,-15.5,29.4
2025-02-18,Ottawa,ON,-14.1,-18.3,23.4
2025-02-19,Ottawa,ON,-12.2,-19.6,13.6
2025-02-20,Ottawa,ON,-7.1,-17.8,15.6
2025-02-21,Ottawa,ON,-5.1,-15.7,19.7
2025-02-22,Ottawa,ON,-1.8,-18.8,17.8
2025-02-23,Ottawa,ON,-0.5,-5.3,15.4
2025-02-24,Ottawa,ON,4.3,-5.5,27.8
2025-02-25,Ottawa,ON,3.7,-1.5,15.1
2025-02-26,Ottawa,ON,-0.2,-6.1,14.2
2025-02-27,Ottawa,ON,1.0,-10.0,15.8
2025-02-28,Ottawa,ON,1.1,-14.5,23.4
2025-03-01,Ottawa,ON,-3.3,-14.6,23.9
2025-03-02,Ottawa,ON,-12.9,-22.3,18.4
2025-03-03,Ottawa,ON,-3.7,-22.5,15.1
2025-03-04,Ottawa,ON,1.7,-5.4,16.8
2025-03-05,Ottawa,ON,2.9,0.0,16.9
2025-03-06,Ottawa,ON,3.6,-8.2,25.4
2025-03-07,Ottawa,ON,-1.8,-9.1,30.5
2025-03-08,Ottawa,ON,-4.4,-10.2,28.3
2025-03-09,Ottawa,ON,0.6,-9.1,20.3
2025-03-10,Ottawa,ON,3.7,-6.8,13.5
2025-03-11,Ottawa,ON,9.4,-5.4,24.1
2025-03-12,Ottawa,ON,-4.2,-14.6,15.8
2025-03-13,Ottawa,ON,2.9,-11.8,11.6
2025-03-14,Ottawa,ON,5.4,-9.1,10.7
2025-03-15,Ottawa,ON,10.0,-0.6,14.0
2025-03-16,Ottawa,ON,12.8,5.1,24.9
2025-03-17,Ottawa,ON,6.8,-5.6,17.3
2025-03-18,Ottawa,ON,6.2,-8.0,13.7
2025-03-19,Ottawa,ON,13.5,-1.7,13.4
2025-03-20,Ottawa,ON,14.0,3.2,21.2
2025-03-21,Ottawa,ON,6.2,-5.5,21.9
2025-03-22,Ottawa,ON,6.3,-5.7,26.0
2025-03-23,Ottawa,ON,0.2,-9.8,19.7
2025-03-24,Ottawa,ON,9.3,-4.2,22.1
2025-03-25,Ottawa,ON,3.8,-0.6,17.4
2025-03-26,Ottawa,ON,1.9,-2.3,15.1
2025-03-27,Ottawa,ON,8.7,-5.5,20.6
2025-03-28,Ottawa,ON,2.9,-6.8,21.4
2025-03-29,Ottawa,ON,-0.1,-4.8,17.3
2025-03-30,Ottawa,ON,1.0,-3.5,18.9
2025-03-31,Ottawa,ON,8.4,-1.2,20.6
2025-04-01,Ottawa,ON,-0.6,-6.5,17.8
2025-04-02,Ottawa,ON,0.0,-9.5,22.3
2025-04-03,Ottawa,ON,17.8,-0.7,35.3
2025-04-04,Ottawa,ON,10.6,-0.6,19.3
2025-04-05,Ottawa,ON,7.0,0.5,17.2
2025-04-06,Ottawa,ON,6.7,-0.6,20.2
2025-04-07,Ottawa,ON,7.7,-2.8,15.1
2025-04-08,Ottawa,ON,0.3,-7.2,27.3
2025-04-09,Ottawa,ON,0.2,-10.7,11.8
2025-04-10,Ottawa,ON,3.7,-8.4,9.7
2025-04-11,Ottawa,ON,3.7,0.2,10.7
2025-04-12,Ottawa,ON,11.7,1.3,9.7
2025-04-13,Ottawa,ON,14.9,-1.4,9.9
2025-04-14,Ottawa,ON,16.7,0.0,15.5
2025-04-15,Ottawa,ON,11.0,2.0,22.7
2025-04-16,Ottawa,ON,4.5,-1.2,26.0
2025-04-17,Ottawa,ON,8.6,-1.7,17.8
2025-04-18,Ottawa,ON,13.3,-1.1,12.9
2025-04-19,Ottawa,ON,21.4,7.0,22.8
2025-04-20,Ottawa,ON,10.2,0.8,21.0
2025-04-21,Ottawa,ON,11.4,0.0,18.4
2025-04-22,Ottawa,ON,9.9,5.6,23.7
2025-04-23,Ottawa,ON,13.9,1.9,18.3
2025-04-24,Ottawa,ON,18.3,3.1,10.7
2025-04-25,Ottawa,ON,15.3,6.3,15.8
2025-04-26,Ottawa,ON,12.4,4.1,19.2
2025-04-27,Ottawa,ON,17.2,2.8,25.8
2025-04-28,Ottawa,ON,20.3,4.1,14.3
2025-04-29,Ottawa,ON,23.3,9.0,31.4
2025-04-30,Ottawa,ON,9.6,-1.4,28.4
2025-05-01,Ottawa,ON,15.1,1.6,17.9
2025-05-02,Ottawa,ON,19.1,7.7,22.1
2025-05-03,Ottawa,ON,14.9,6.1,12.1
2025-05-04,Ottawa,ON,19.3,5.8,14.7
2025-05-05,Ottawa,ON,19.1,7.7,19.0
2025-05-06,Ottawa,ON,21.7,11.7,16.3
2025-05-07,Ottawa,ON,16.9,8.0,19.1
2025-05-08,Ottawa,ON,11.8,5.4,13.5
2025-05-09,Ottawa,ON,12.6,6.4,11.4
2025-05-10,Ottawa,ON,20.4,7.0,21.6
2025-05-11,Ottawa,ON,15.1,2.2,14.7
2025-05-12,Ottawa,ON,22.3,6.7,11.2
2025-05-13,Ottawa,ON,24.3,10.2,14.7
2025-05-14,Ottawa,ON,24.3,12.4,13.8
2025-05-15,Ottawa,ON,22.3,15.0,8.7
2025-05-16,Ottawa,ON,25.5,12.6,15.1
2025-05-17,Ottawa,ON,21.4,13.2,14.8
2025-05-18,Ottawa,ON,13.5,8.0,23.0
2025-05-19,Ottawa,ON,9.3,4.7,22.0
2025-05-20,Ottawa,ON,12.7,5.8,17.3
2025-05-21,Ottawa,ON,13.3,8.4,16.6
2025-05-22,Ottawa,ON,10.6,7.5,21.6
2025-05-23,Ottawa,ON,10.5,6.9,17.0
2025-05-24,Ottawa,ON,12.4,7.1,12.8
2025-05-25,Ottawa,ON,17.9,7.8,12.6
2025-05-26,Ottawa,ON,22.1,8.1,12.7
2025-05-27,Ottawa,ON,24.1,9.2,11.0
2025-05-28,Ottawa,ON,25.1,11.2,9.5
2025-05-29,Ottawa,ON,17.6,13.6,11.5
2025-05-30,Ottawa,ON,22.2,12.0,14.0
2025-05-31,Ottawa,ON,13.7,8.7,23.5
2025-06-01,Ottawa,ON,12.1,7.8,22.8
2025-06-02,Ottawa,ON,19.4,7.4,18.0
2025-06-03,Ottawa,ON,24.5,9.0,14.8
2025-06-04,Ottawa,ON,28.1,15.3,19.0
2025-06-05,Ottawa,ON,23.3,16.2,11.2
2025-06-06,Ottawa,ON,25.8,12.3,8.2
2025-06-07,Ottawa,ON,25.3,15.9,16.5
2025-06-08,Ottawa,ON,24.8,13.0,13.1
2025-06-09,Ottawa,ON,20.4,16.7,19.0
2025-06-10,Ottawa,ON,22.8,15.9,20.8
2025-06-11,Ottawa,ON,23.2,12.9,18.2
2025-06-12,Ottawa,ON,18.1,11.9,20.2
2025-06-13,Ottawa,ON,17.4,9.7,8.6
2025-06-14,Ottawa,ON,21.0,10.1,11.7
2025-06-15,Ottawa,ON,24.5,11.0,10.4
2025-06-16,Ottawa,ON,27.0,12.3,8.5
2025-06-17,Ottawa,ON,26.9,16.9,17.7
2025-06-18,Ottawa,ON,28.8,19.5,14.0
2025-06-19,Ottawa,ON,27.2,18.0,25.7
2025-06-20,Ottawa,ON,21.7,13.7,29.4
2025-06-21,Ottawa,ON,27.6,13.5,14.0
2025-06-22,Ottawa,ON,28.4,20.5,17.9
2025-06-23,Ottawa,ON,33.8,20.6,18.6
2025-06-24,Ottawa,ON,31.7,24.1,16.3
2025-06-25,Ottawa,ON,27.0,21.1,14.4
2025-06-26,Ottawa,ON,22.3,17.4,14.4
2025-06-27,Ottawa,ON,26.3,15.5,18.6
2025-06-28,Ottawa,ON,27.0,18.1,20.4
2025-06-29,Ottawa,ON,24.7,17.2,14.1
2025-06-30,Ottawa,ON,30.3,17.9,11.7
2025-07-01,Ottawa,ON,27.8,20.7,18.4
2025-07-02,Ottawa,ON,27.2,18.9,15.8
2025-07-03,Ottawa,ON,22.7,16.8,16.5
2025-07-04,Ottawa,ON,23.7,14.1,17.9
2025-07-05,Ottawa,ON,29.0,15.2,15.9
2025-07-06,Ottawa,ON,31.7,21.2,19.2
2025-07-07,Ottawa,ON,22.7,18.4,12.5
2025-07-08,Ottawa,ON,25.4,16.9,6.7
2025-07-09,Ottawa,ON,26.8,18.7,20.1
2025-07-10,Ottawa,ON,25.6,17.3,7.9
2025-07-11,Ottawa,ON,28.2,18.2,8.4
2025-07-12,Ottawa,ON,30.9,20.5,12.1
2025-07-13,Ottawa,ON,30.0,22.1,13.4
2025-07-14,Ottawa,ON,28.3,19.5,11.7
2025-07-15,Ottawa,ON,29.2,20.3,9.6
2025-07-16,Ottawa,ON,33.1,21.8,16.2
2025-07-17,Ottawa,ON,28.5,17.7,23.6
2025-07-18,Ottawa,ON,24.0,13.6,17.4
2025-07-19,Ottawa,ON,26.1,16.6,12.4
2025-07-20,Ottawa,ON,24.4,17.6,14.7
2025-07-21,Ottawa,ON,19.5,13.3,16.0
2025-07-22,Ottawa,ON,22.1,12.6,6.8
2025-07-23,Ottawa,ON,26.7,14.6,10.9
2025-07-24,Ottawa,ON,33.2,18.0,20.4
2025-07-25,Ottawa,ON,27.8,20.6,15.7
2025-07-26,Ottawa,ON,30.5,18.2,12.6
2025-07-27,Ottawa,ON,29.8,20.2,11.9
2025-07-28,Ottawa,ON,34.5,20.3,20.4
2025-07-29,Ottawa,ON,29.6,21.1,13.1
2025-07-30,Ottawa,ON,27.5,20.1,15.3
2025-07-31,Ottawa,ON,24.0,16.6,16.0
2025-08-01,Ottawa,ON,23.5,13.5,14.1
2025-08-02,Ottawa,ON,27.0,15.6,16.8
2025-08-03,Ottawa,ON,29.2,17.0,15.9
2025-08-04,Ottawa,ON,25.7,17.8,12.6
2025-08-05,Ottawa,ON,26.1,16.3,11.6
2025-08-06,Ottawa,ON,28.1,16.6,10.0
2025-08-07,Ottawa,ON,29.7,17.6,11.1
2025-08-08,Ottawa,ON,30.5,18.8,14.8
2025-08-09,Ottawa,ON,32.5,19.9,15.0
2025-08-10,Ottawa,ON,34.1,22.5,17.0
2025-08-11,Ottawa,ON,34.4,22.3,14.5
2025-08-12,Ottawa,ON,34.1,22.0,16.4
2025-08-13,Ottawa,ON,29.6,21.8,14.5
2025-08-14,Ottawa,ON,25.8,19.2,12.8
2025-08-15,Ottawa,ON,28.0,15.9,8.9
2025-08-16,Ottawa,ON,32.5,18.5,14.4
2025-08-17,Ottawa,ON,24.7,15.5,16.9
2025-08-18,Ottawa,ON,20.9,11.8,13.3
2025-08-19,Ottawa,ON,20.6,14.1,11.5
2025-08-20,Ottawa,ON,23.9,15.8,10.5
2025-08-21,Ottawa,ON,26.7,14.3,12.1
2025-08-22,Ottawa,ON,28.5,15.7,16.3
2025-08-23,Ottawa,ON,28.2,18.3,21.0
2025-08-24,Ottawa,ON,27.4,17.9,15.2
2025-08-25,Ottawa,ON,22.8,16.0,17.7
2025-08-26,Ottawa,ON,19.7,14.0,20.1
2025-08-27,Ottawa,ON,20.9,12.2,13.5
2025-08-28,Ottawa,ON,19.7,12.8,15.5
2025-08-29,Ottawa,ON,17.8,11.4,12.9
2025-08-30,Ottawa,ON,19.4,11.4,20.1
2025-08-31,Ottawa,ON,23.0,11.8,9.8
2025-09-01,Ottawa,ON,25.0,13.6,4.6
2025-09-02,Ottawa,ON,24.0,16.2,11.9
2025-09-03,Ottawa,ON,25.3,13.6,15.4
2025-09-04,Ottawa,ON,24.9,12.4,19.8
2025-09-05,Ottawa,ON,22.9,10.4,23.1
2025-09-06,Ottawa,ON,19.4,11.8,16.7
2025-09-07,Ottawa,ON,17.4,11.1,17.2
2025-09-08,Ottawa,ON,17.3,9.7,10.8
2025-09-09,Ottawa,ON,21.2,8.5,6.2
2025-09-10,Ottawa,ON,22.1,10.6,5.0
2025-09-11,Ottawa,ON,20.8,12.1,14.3
2025-09-12,Ottawa,ON,19.2,8.7,8.9
2025-09-13,Ottawa,ON,21.8,12.8,6.0
2025-09-14,Ottawa,ON,21.8,13.6,12.3
2025-09-15,Ottawa,ON,22.3,11.4,10.7
2025-09-16,Ottawa,ON,24.0,11.9,7.5
2025-09-17,Ottawa,ON,23.7,13.2,5.9
2025-09-18,Ottawa,ON,23.1,14.6,17.2
2025-09-19,Ottawa,ON,17.3,10.3,12.4
2025-09-20,Ottawa,ON,16.3,6.8,9.0
2025-09-21,Ottawa,ON,22.4,7.2,10.3
2025-09-22,Ottawa,ON,21.5,15.8,12.9
2025-09-23,Ottawa,ON,23.1,15.3,7.9
2025-09-24,Ottawa,ON,21.7,14.8,13.8
2025-09-25,Ottawa,ON,19.5,14.7,14.0
2025-09-26,Ottawa,ON,20.9,13.8,17.2
2025-09-27,Ottawa,ON,20.6,11.2,10.1
2025-09-28,Ottawa,ON,21.6,15.1,14.9
2025-09-29,Ottawa,ON,24.3,12.3,13.8
2025-09-30,Ottawa,ON,17.7,11.3,14.6
2025-10-01,Ottawa,ON,15.9,6.1,13.6
2025-10-02,Ottawa,ON,17.3,5.4,10.6
2025-10-03,Ottawa,ON,23.6,7.4,11.2
2025-10-04,Ottawa,ON,24.2,12.1,11.2
2025-10-05,Ottawa,ON,29.7,13.8,13.9
2025-10-06,Ottawa,ON,28.0,13.2,17.6
2025-10-07,Ottawa,ON,21.9,13.6,16.8
2025-10-08,Ottawa,ON,13.6,6.9,17.7
2025-10-09,Ottawa,ON,11.0,3.2,11.3
2025-10-10,Ottawa,ON,13.7,0.9,11.1
2025-10-11,Ottawa,ON,17.1,7.1,9.0
2025-10-12,Ottawa,ON,18.0,7.6,14.9
2025-10-13,Ottawa,ON,15.2,8.3,13.8
2025-10-14,Ottawa,ON,17.8,10.1,17.1
2025-10-15,Ottawa,ON,11.9,6.1,16.4
2025-10-16,Ottawa,ON,13.4,3.4,19.7
2025-10-17,Ottawa,ON,11.8,2.4,10.5
2025-10-18,Ottawa,ON,16.6,6.8,12.2
2025-10-19,Ottawa,ON,24.4,9.9,22.7
2025-10-20,Ottawa,ON,18.5,10.6,21.5
2025-10-21,Ottawa,ON,13.6,7.6,18.8
2025-10-22,Ottawa,ON,11.2,5.8,11.7
2025-10-23,Ottawa,ON,10.7,4.9,15.7
2025-10-24,Ottawa,ON,9.3,3.3,13.5
2025-10-25,Ottawa,ON,8.7,4.1,13.3
2025-10-26,Ottawa,ON,8.4,3.7,9.7
2025-10-27,Ottawa,ON,10.4,1.0,5.6
2025-10-28,Ottawa,ON,11.3,2.0,9.0
2025-10-29,Ottawa,ON,10.4,1.7,9.4
2025-10-30,Ottawa,ON,6.6,1.8,21.7
2025-10-31,Ottawa,ON,7.8,3.8,27.6
2025-11-01,Ottawa,ON,6.9,3.1,23.8
2025-11-02,Ottawa,ON,7.5,3.0,16.2
2025-11-03,Ottawa,ON,10.5,3.3,23.6
2025-11-04,Ottawa,ON,10.5,3.9,23.1
2025-11-05,Ottawa,ON,5.7,2.6,13.5
2025-11-06,Ottawa,ON,3.8,-0.8,19.4
2025-11-07,Ottawa,ON,5.8,-1.8,14.8
2025-11-08,Ottawa,ON,6.6,-1.8,23.8
2025-11-09,Ottawa,ON,-0.1,-2.3,17.7
2025-11-10,Ottawa,ON,-1.4,-2.9,15.7
2025-11-11,Ottawa,ON,0.2,-3.3,23.6
2025-11-12,Ottawa,ON,1.6,-2.4,10.3
2025-11-13,Ottawa,ON,3.9,-0.5,13.9
2025-11-14,Ottawa,ON,4.0,-2.2,11.8
2025-11-15,Ottawa,ON,0.7,-3.1,13.6
2025-11-16,Ottawa,ON,2.3,-1.6,23.7
2025-11-17,Ottawa,ON,0.3,-2.1,25.0
2025-11-18,Ottawa,ON,2.2,-2.9,14.9
2025-11-19,Ottawa,ON,0.0,-5.9,8.3
2025-11-20,Ottawa,ON,-0.1,-4.8,8.3
2025-11-21,Ottawa,ON,6.7,-3.3,13.4
2025-11-22,Ottawa,ON,2.8,-3.3,14.7
2025-11-23,Ottawa,ON,0.2,-3.6,10.3
2025-11-24,Ottawa,ON,3.3,0.2,12.3
2025-11-25,Ottawa,ON,6.8,1.5,10.7
2025-11-26,Ottawa,ON,3.7,1.3,20.1
2025-11-27,Ottawa,ON,3.6,-1.0,20.9
2025-11-28,Ottawa,ON,-1.3,-2.8,24.5
2025-11-29,Ottawa,ON,-1.0,-5.5,20.7
2025-11-30,Ottawa,ON,1.4,-4.8,21.3
2025-12-01,Ottawa,ON,0.1,-11.3,23.9
2025-12-02,Ottawa,ON,-5.0,-10.8,8.5
2025-12-03,Ottawa,ON,0.7,-11.7,18.9
2025-12-04,Ottawa,ON,-0.5,-16.9,29.9
2025-12-05,Ottawa,ON,-7.2,-19.0,9.5
2025-12-06,Ottawa,ON,0.2,-7.1,20.0
2025-12-07,Ottawa,ON,-7.9,-15.7,11.8
2025-12-08,Ottawa,ON,-11.2,-19.2,19.0
2025-12-09,Ottawa,ON,-7.1,-23.1,11.3
2025-12-10,Ottawa,ON,-3.3,-7.4,13.2
2025-12-11,Ottawa,ON,-4.0,-12.3,24.8
2025-12-12,Ottawa,ON,-6.0,-12.7,21.4
2025-12-13,Ottawa,ON,-2.1,-14.7,15.7
2025-12-14,Ottawa,ON,-7.3,-15.4,16.1
2025-12-15,Ottawa,ON,-5.9,-16.1,13.9
2025-12-16,Ottawa,ON,-2.5,-9.4,18.8
2025-12-17,Ottawa,ON,2.8,-5.8,20.2
2025-12-18,Ottawa,ON,5.0,-9.5,24.7
2025-12-19,Ottawa,ON,9.1,-6.3,30.2
2025-12-20,Ottawa,ON,1.2,-9.6,23.1
2025-12-21,Ottawa,ON,2.1,-11.7,27.4
2025-12-22,Ottawa,ON,-6.0,-13.2,12.4
2025-12-23,Ottawa,ON,-5.7,-8.0,12.8
2025-12-24,Ottawa,ON,-1.1,-9.8,19.2
2025-12-25,Ottawa,ON,-4.7,-16.5,21.6
2025-12-26,Ottawa,ON,-15.3,-20.3,18.3
2025-12-27,Ottawa,ON,-9.2,-15.2,20.0
2025-12-28,Ottawa,ON,-8.0,-17.4,15.5
2025-12-29,Ottawa,ON,3.8,-9.7,28.1
2025-12-30,Ottawa,ON,-10.1,-15.2,27.7
2025-12-31,Ottawa,ON,-9.3,-15.3,17.8
2026-01-01,Ottawa,ON,-10.4,-21.0,20.4
2026-01-02,Ottawa,ON,-10.9,-23.9,9.6
2026-01-03,Ottawa,ON,-11.9,-17.6,11.9
2026-01-04,Ottawa,ON,-11.8,-20.9,10.3
2026-01-05,Ottawa,ON,-11.9,-19.7,13.1
2026-01-06,Ottawa,ON,-7.1,-12.8,14.7
2026-01-07,Ottawa,ON,-0.3,-6.5,16.4
2026-01-08,Ottawa,ON,2.9,-1.7,10.4
2026-01-09,Ottawa,ON,6.1,-2.0,34.7
2026-01-10,Ottawa,ON,1.6,-4.5,24.2
2026-01-11,Ottawa,ON,1.5,-8.9,23.5
2026-01-12,Ottawa,ON,0.0,-13.3,18.8
2026-01-13,Ottawa,ON,1.9,-1.2,19.2
2026-01-14,Ottawa,ON,3.5,-5.7,20.8
2026-01-15,Ottawa,ON,-7.0,-15.5,19.6
2026-01-16,Ottawa,ON,-14.4,-22.4,14.9
2026-01-17,Ottawa,ON,-0.5,-15.7,19.9
2026-01-18,Ottawa,ON,-0.7,-13.3,22.8
2026-01-19,Ottawa,ON,-5.1,-14.8,21.6
2026-01-20,Ottawa,ON,-9.8,-19.5,25.1
2026-01-21,Ottawa,ON,-4.0,-14.2,16.6
2026-01-22,Ottawa,ON,-1.9,-9.0,21.1
2026-01-23,Ottawa,ON,-9.3,-23.0,22.0
2026-01-24,Ottawa,ON,-21.2,-28.2,16.9
2026-01-25,Ottawa,ON,-17.4,-26.6,18.7
2026-01-26,Ottawa,ON,-11.6,-17.2,17.3
2026-01-27,Ottawa,ON,-10.0,-23.4,11.9
2026-01-28,Ottawa,ON,-10.9,-19.3,12.4
2026-01-29,Ottawa,ON,-14.4,-20.0,15.0
2026-01-30,Ottawa,ON,-16.0,-23.5,16.8
2026-01-31,Ottawa,ON,-11.3,-18.9,10.4
2026-02-01,Ottawa,ON,-8.9,-18.0,13.0
2026-02-02,Ottawa,ON,-6.3,-16.3,11.8
2026-02-03,Ottawa,ON,-5.2,-17.1,9.1
2026-02-04,Ottawa,ON,-6.2,-12.8,14.2
2026-02-05,Ottawa,ON,-8.4,-17.7,10.2
2026-02-06,Ottawa,ON,-8.9,-19.4,10.9
2026-02-07,Ottawa,ON,-9.1,-20.9,25.5
2026-02-08,Ottawa,ON,-14.4,-24.3,16.6
2026-02-09,Ottawa,ON,-11.3,-22.1,11.7
2026-02-10,Ottawa,ON,-8.4,-16.4,14.6
2026-02-11,Ottawa,ON,-3.3,-8.8,18.2
2026-02-12,Ottawa,ON,-4.7,-10.2,13.9
2026-02-13,Ottawa,ON,-5.1,-16.4,15.8
2026-02-14,Ottawa,ON,-0.5,-7.1,14.9
2026-02-15,Ottawa,ON,-7.6,-14.8,13.2
2026-02-16,Ottawa,ON,-2.4,-12.0,12.0
2026-02-17,Ottawa,ON,3.3,-4.7,9.3
2026-02-18,Ottawa,ON,-1.7,-7.4,13.4
2026-02-19,Ottawa,ON,-2.0,-10.3,12.2
2026-02-20,Ottawa,ON,-1.8,-9.0,24.3
2026-02-21,Ottawa,ON,-3.8,-13.1,20.0
2026-02-22,Ottawa,ON,-2.9,-12.4,14.4
2026-02-23,Ottawa,ON,0.3,-11.0,22.6
2026-02-24,Ottawa,ON,-12.4,-18.2,19.4
2026-02-25,Ottawa,ON,-4.1,-15.4,13.8
2026-02-26,Ottawa,ON,-4.6,-12.2,19.5
2026-02-27,Ottawa,ON,1.1,-12.9,12.5
2026-02-28,Ottawa,ON,5.2,-7.5,29.0
2026-03-01,Ottawa,ON,-8.8,-18.9,14.4
2026-03-02,Ottawa,ON,-6.8,-24.5,11.1
2026-03-03,Ottawa,ON,1.5,-15.0,9.1
2026-03-04,Ottawa,ON,6.6,-4.6,13.3
2026-03-05,Ottawa,ON,-0.3,-8.0,16.8
2026-03-06,Ottawa,ON,0.1,-10.9,15.8
2026-03-07,Ottawa,ON,8.7,0.4,21.1
2026-03-08,Ottawa,ON,9.7,2.8,23.3
2026-03-09,Ottawa,ON,14.2,2.5,26.5
2026-03-10,Ottawa,ON,10.3,1.2,15.7
2026-03-11,Ottawa,ON,0.7,-2.1,24.9
2026-03-12,Ottawa,ON,1.8,-5.4,27.0
2026-03-13,Ottawa,ON,-0.6,-8.5,23.4
2026-03-14,Ottawa,ON,0.8,-6.8,22.1
2026-03-15,Ottawa,ON,-1.5,-12.7,26.8
2026-03-16,Ottawa,ON,8.7,-0.7,18.4
2026-03-17,Ottawa,ON,1.0,-12.0,31.3
2026-03-18,Ottawa,ON,-3.3,-16.0,10.1
2026-03-19,Ottawa,ON,2.2,-6.9,16.5
2026-03-20,Ottawa,ON,-2.0,-7.5,15.7
2026-03-21,Ottawa,ON,2.5,-3.4,9.0
2026-03-22,Ottawa,ON,1.8,-3.3,18.9
2026-03-23,Ottawa,ON,1.7,-7.8,15.7
2026-03-24,Ottawa,ON,1.9,-10.7,21.7
2026-03-25,Ottawa,ON,1.5,-9.3,13.4
2026-03-26,Ottawa,ON,4.4,-3.1,19.8
2026-03-27,Ottawa,ON,-1.9,-12.7,20.0
2026-03-28,Ottawa,ON,-1.2,-12.5,19.5
2026-03-29,Ottawa,ON,8.3,-4.8,18.9
2026-03-30,Ottawa,ON,16.0,0.5,16.2
2026-03-31,Ottawa,ON,4.5,0.8,17.4
2026-04-01,Ottawa,ON,3.7,-1.9,16.6
2026-04-02,Ottawa,ON,6.1,-3.0,21.8
2026-04-03,Ottawa,ON,18.5,1.7,26.1
2026-04-04,Ottawa,ON,4.0,-0.5,22.8
2026-04-05,Ottawa,ON,9.5,1.4,25.1
2026-04-06,Ottawa,ON,4.1,-1.9,20.4
2026-04-07,Ottawa,ON,-0.7,-6.9,18.6
2026-04-08,Ottawa,ON,3.9,-9.1,9.9
2026-04-09,Ottawa,ON,14.1,-1.0,25.3
2026-04-10,Ottawa,ON,7.5,1.6,11.6
2026-04-11,Ottawa,ON,7.4,0.7,19.6
2026-04-12,Ottawa,ON,6.4,-1.9,13.8
2026-04-13,Ottawa,ON,18.2,4.0,19.6
2026-04-14,Ottawa,ON,8.6,3.1,17.8
2026-04-15,Ottawa,ON,9.7,1.6,15.9
2026-04-16,Ottawa,ON,16.0,5.6,13.6
2026-04-17,Ottawa,ON,19.1,4.5,10.9
2026-04-18,Ottawa,ON,23.7,6.6,24.3
2026-04-19,Ottawa,ON,9.8,1.6,22.7
2026-04-20,Ottawa,ON,3.5,-3.2,16.2
2026-04-21,Ottawa,ON,8.0,-2.8,17.9
2026-04-22,Ottawa,ON,15.9,1.9,14.9
2026-04-23,Ottawa,ON,14.8,2.8,21.1
2026-04-24,Ottawa,ON,13.0,-0.5,15.7
2026-04-25,Ottawa,ON,12.6,1.7,18.8
2026-04-26,Ottawa,ON,17.9,1.5,10.8
2026-04-27,Ottawa,ON,21.2,2.9,8.5
2026-04-28,Ottawa,ON,18.1,8.4,19.5
2026-04-29,Ottawa,ON,14.5,7.1,16.9
2026-04-30,Ottawa,ON,8.9,4.6,19.2
2026-05-01,Ottawa,ON,10.2,0.7,16.5
2026-05-02,Ottawa,ON,9.2,1.6,14.9
2026-05-03,Ottawa,ON,12.6,2.4,14.4
2026-05-04,Ottawa,ON,18.9,6.1,18.5
2026-05-05,Ottawa,ON,20.7,8.8,25.1
2026-05-06,Ottawa,ON,12.6,6.4,13.8
2026-05-07,Ottawa,ON,9.8,4.0,21.5
2026-05-08,Ottawa,ON,11.9,3.0,18.4
2026-05-09,Ottawa,ON,17.9,3.9,19.6
2026-05-10,Ottawa,ON,12.0,6.5,20.5
2026-05-11,Ottawa,ON,10.4,3.3,13.4
2026-05-12,Ottawa,ON,13.1,2.8,11.0
2026-05-13,Ottawa,ON,9.8,7.1,21.0
2026-05-14,Ottawa,ON,12.9,7.3,12.3
2026-05-15,Ottawa,ON,18.1,7.8,13.3
2026-05-16,Ottawa,ON,21.0,9.2,19.3
2026-05-17,Ottawa,ON,22.7,12.0,14.8
2026-05-18,Ottawa,ON,24.2,9.3,18.1
2026-05-19,Ottawa,ON,29.2,18.3,19.7
2026-05-20,Ottawa,ON,20.2,11.0,21.8
2026-05-21,Ottawa,ON,14.1,4.6,16.2
2026-05-22,Ottawa,ON,19.8,5.3,7.1
2026-05-23,Ottawa,ON,19.9,9.5,15.2
2026-05-24,Ottawa,ON,14.0,10.0,20.6
2026-05-25,Ottawa,ON,19.7,12.2,16.5
2026-05-26,Ottawa,ON,27.7,12.1,22.2
2026-05-27,Ottawa,ON,22.0,14.2,15.7
2026-05-28,Ottawa,ON,18.5,12.8,20.3
2026-05-29,Ottawa,ON,20.1,8.3,30.2
2026-05-30,Ottawa,ON,20.8,9.2,21.6
2026-05-31,Ottawa,ON,19.6,11.7,22.8
2026-06-01,Ottawa,ON,21.8,8.7,13.2
2026-06-02,Ottawa,ON,25.1,10.1,14.1
2026-06-03,Ottawa,ON,28.6,12.6,13.1
2026-06-04,Ottawa,ON,29.9,14.7,14.9
2026-06-05,Ottawa,ON,29.0,16.2,13.7
2026-06-06,Ottawa,ON,23.1,17.5,20.8
2026-06-07,Ottawa,ON,20.7,15.5,20.8
2026-06-08,Ottawa,ON,24.7,12.6,10.3
2026-06-09,Ottawa,ON,27.6,13.1,6.7
2026-06-10,Ottawa,ON,25.9,18.0,13.6
2026-06-11,Ottawa,ON,28.4,19.1,12.2
2026-06-12,Ottawa,ON,29.3,19.4,22.2
2026-06-13,Ottawa,ON,26.8,16.3,16.7
2026-06-14,Ottawa,ON,19.5,16.5,13.0
2026-06-15,Ottawa,ON,17.9,13.3,16.5
2026-06-16,Ottawa,ON,22.0,11.5,15.5
2026-06-17,Ottawa,ON,22.0,13.5,10.8
2026-06-18,Ottawa,ON,21.8,15.4,22.0
2026-06-19,Ottawa,ON,18.7,15.1,23.4
2026-06-20,Ottawa,ON,21.4,14.7,17.2
2026-06-21,Ottawa,ON,21.5,13.9,14.9
2026-06-22,Ottawa,ON,22.6,13.6,11.8
2026-06-23,Ottawa,ON,23.4,13.5,12.0
2026-06-24,Ottawa,ON,24.5,14.0,17.6
2026-06-25,Ottawa,ON,25.5,15.2,13.2
2026-06-26,Ottawa,ON,22.9,15.4,13.3
2026-06-27,Ottawa,ON,26.9,15.2,5.8
2026-06-28,Ottawa,ON,29.1,17.8,8.3
2026-06-29,Ottawa,ON,31.3,17.4,10.5
2026-06-30,Ottawa,ON,25.6,19.6,13.0
2026-07-01,Ottawa,ON,28.9,20.4,17.2
2026-07-02,Ottawa,ON,31.7,21.4,18.0
2026-07-03,Ottawa,ON,29.0,20.9,17.5
2026-07-04,Ottawa,ON,26.3,20.9,12.8
2026-07-05,Ottawa,ON,27.4,16.6,10.1
2026-07-06,Ottawa,ON,29.7,18.8,12.1
2026-07-07,Ottawa,ON,30.8,18.9,9.2
2026-07-08,Ottawa,ON,31.2,20.7,16.9
2026-07-09,Ottawa,ON,26.8,19.0,7.5
2026-07-10,Ottawa,ON,26.1,17.2,8.7
2026-07-11,Ottawa,ON,26.0,15.7,9.9
2026-07-12,Ottawa,ON,27.8,15.3,8.6
2026-07-13,Ottawa,ON,30.4,18.5,18.9
2026-07-14,Ottawa,ON,32.8,21.9,20.3
2026-07-15,Ottawa,ON,26.2,20.8,20.4
2026-07-16,Ottawa,ON,24.8,17.8,21.1
2026-07-17,Ottawa,ON,24.0,13.8,10.7
2026-07-18,Ottawa,ON,21.8,15.6,20.0
2026-07-19,Ottawa,ON,22.4,14.2,19.8
2026-07-20,Ottawa,ON,25.0,14.6,15.7
2026-07-21,Ottawa,ON,25.8,17.0,19.9
2026-07-22,Ottawa,ON,19.7,14.1,22.6
2026-07-23,Ottawa,ON,24.4,11.7,15.7
2026-07-24,Ottawa,ON,27.5,14.6,15.4
2024-01-01,Hamilton,ON,0.5,-3.5,18.9
2024-01-02,Hamilton,ON,2.3,-3.4,29.5
2024-01-03,Hamilton,ON,2.7,-2.0,18.4
2024-01-04,Hamilton,ON,0.1,-4.6,17.1
2024-01-05,Hamilton,ON,0.3,-5.7,22.5
2024-01-06,Hamilton,ON,0.7,-4.1,19.9
2024-01-07,Hamilton,ON,2.3,-3.5,12.3
2024-01-08,Hamilton,ON,4.7,-2.6,14.3
2024-01-09,Hamilton,ON,3.3,-1.6,23.1
2024-01-10,Hamilton,ON,6.1,-0.5,36.8
2024-01-11,Hamilton,ON,2.2,-0.4,17.7
2024-01-12,Hamilton,ON,2.9,-2.6,29.0
2024-01-13,Hamilton,ON,5.5,-3.0,42.1
2024-01-14,Hamilton,ON,-3.3,-13.1,37.2
2024-01-15,Hamilton,ON,-7.4,-15.3,23.2
2024-01-16,Hamilton,ON,-6.6,-12.4,22.6
2024-01-17,Hamilton,ON,-7.1,-14.5,33.3
2024-01-18,Hamilton,ON,-2.1,-9.2,22.3
2024-01-19,Hamilton,ON,-5.2,-11.6,17.7
2024-01-20,Hamilton,ON,-7.1,-12.7,19.4
2024-01-21,Hamilton,ON,-1.6,-11.4,18.9
2024-01-22,Hamilton,ON,-0.4,-6.2,25.8
2024-01-23,Hamilton,ON,0.5,-2.1,12.9
2024-01-24,Hamilton,ON,2.7,-0.2,8.5
2024-01-25,Hamilton,ON,3.7,0.4,19.1
2024-01-26,Hamilton,ON,5.2,1.2,29.9
2024-01-27,Hamilton,ON,5.8,0.2,8.0
2024-01-28,Hamilton,ON,1.7,0.3,21.6
2024-01-29,Hamilton,ON,5.4,-1.2,13.0
2024-01-30,Hamilton,ON,3.4,-1.3,15.5
2024-01-31,Hamilton,ON,5.3,-2.0,23.4
2024-02-01,Hamilton,ON,5.4,1.1,23.9
2024-02-02,Hamilton,ON,3.5,-3.6,16.4
2024-02-03,Hamilton,ON,3.9,-5.3,8.2
2024-02-04,Hamilton,ON,4.9,-5.8,8.4
2024-02-05,Hamilton,ON,2.5,-3.5,14.0
2024-02-06,Hamilton,ON,3.1,-4.2,10.6
2024-02-07,Hamilton,ON,6.8,-4.3,9.6
2024-02-08,Hamilton,ON,6.4,-3.5,17.4
2024-02-09,Hamilton,ON,13.7,3.9,28.3
2024-02-10,Hamilton,ON,10.1,1.5,27.6
2024-02-11,Hamilton,ON,4.9,-2.7,11.4
2024-02-12,Hamilton,ON,4.6,-3.2,10.1
2024-02-13,Hamilton,ON,4.4,-3.8,23.1
2024-02-14,Hamilton,ON,1.2,-6.3,17.6
2024-02-15,Hamilton,ON,1.7,-6.1,30.2
2024-02-16,Hamilton,ON,0.7,-4.4,28.1
2024-02-17,Hamilton,ON,-2.8,-6.7,23.6
2024-02-18,Hamilton,ON,1.7,-6.7,34.0
2024-02-19,Hamilton,ON,0.4,-8.3,18.5
2024-02-20,Hamilton,ON,5.3,-6.5,12.0
2024-02-21,Hamilton,ON,9.8,-4.2,21.3
2024-02-22,Hamilton,ON,10.8,1.4,24.5
2024-02-23,Hamilton,ON,10.5,-4.7,20.2
2024-02-24,Hamilton,ON,-2.9,-12.1,17.3
2024-02-25,Hamilton,ON,5.5,-7.2,27.8
2024-02-26,Hamilton,ON,8.1,-2.1,21.6
2024-02-27,Hamilton,ON,15.1,-0.8,25.2
2024-02-28,Hamilton,ON,15.1,-4.6,40.7
2024-02-29,Hamilton,ON,-2.8,-5.9,28.8
2024-03-01,Hamilton,ON,9.4,-4.1,19.2
2024-03-02,Hamilton,ON,9.2,2.8,15.0
2024-03-03,Hamilton,ON,7.6,0.9,12.5
2024-03-04,Hamilton,ON,16.5,0.9,9.0
2024-03-05,Hamilton,ON,19.6,8.2,19.5
2024-03-06,Hamilton,ON,8.7,3.8,19.9
2024-03-07,Hamilton,ON,6.7,1.2,21.9
2024-03-08,Hamilton,ON,8.2,1.0,16.3
2024-03-09,Hamilton,ON,10.4,4.4,32.8
2024-03-10,Hamilton,ON,4.1,-0.6,32.1
2024-03-11,Hamilton,ON,7.9,-1.6,24.3
2024-03-12,Hamilton,ON,17.0,2.6,18.7
2024-03-13,Hamilton,ON,19.8,7.4,20.6
2024-03-14,Hamilton,ON,10.9,1.9,23.4
2024-03-15,Hamilton,ON,12.6,2.0,22.5
2024-03-16,Hamilton,ON,11.2,-2.7,29.0
2024-03-17,Hamilton,ON,6.5,-1.0,25.7
2024-03-18,Hamilton,ON,3.6,-2.9,22.3
2024-03-19,Hamilton,ON,2.0,-2.5,33.6
2024-03-20,Hamilton,ON,1.0,-4.7,32.8
2024-03-21,Hamilton,ON,-0.9,-6.3,19.1
2024-03-22,Hamilton,ON,-2.1,-7.3,20.8
2024-03-23,Hamilton,ON,3.3,-4.7,19.0
2024-03-24,Hamilton,ON,1.3,-6.4,16.3
2024-03-25,Hamilton,ON,8.6,-2.5,16.6
2024-03-26,Hamilton,ON,9.0,1.9,21.7
2024-03-27,Hamilton,ON,9.7,2.6,25.7
2024-03-28,Hamilton,ON,9.6,-3.5,20.0
2024-03-29,Hamilton,ON,7.8,-2.7,21.9
2024-03-30,Hamilton,ON,7.8,-3.7,10.1
2024-03-31,Hamilton,ON,10.2,-0.5,10.1
2024-04-01,Hamilton,ON,9.5,0.0,13.0
2024-04-02,Hamilton,ON,5.4,2.9,33.0
2024-04-03,Hamilton,ON,8.1,1.8,22.3
2024-04-04,Hamilton,ON,4.4,-1.1,25.0
2024-04-05,Hamilton,ON,6.5,-1.3,19.9
2024-04-06,Hamilton,ON,12.9,1.9,18.8
2024-04-07,Hamilton,ON,13.4,0.3,15.4
2024-04-08,Hamilton,ON,13.1,3.7,11.6
2024-04-09,Hamilton,ON,21.7,3.8,17.6
2024-04-10,Hamilton,ON,18.8,7.9,23.9
2024-04-11,Hamilton,ON,12.6,6.3,19.2
2024-04-12,Hamilton,ON,12.6,4.2,41.3
2024-04-13,Hamilton,ON,12.1,3.4,36.1
2024-04-14,Hamilton,ON,22.0,6.5,20.8
2024-04-15,Hamilton,ON,17.8,4.1,22.5
2024-04-16,Hamilton,ON,17.7,3.9,13.9
2024-04-17,Hamilton,ON,8.8,4.5,24.6
2024-04-18,Hamilton,ON,17.3,6.7,20.9
2024-04-19,Hamilton,ON,16.0,7.2,25.8
2024-04-20,Hamilton,ON,8.6,3.1,26.9
2024-04-21,Hamilton,ON,9.7,1.9,24.2
2024-04-22,Hamilton,ON,14.9,-0.5,20.9
2024-04-23,Hamilton,ON,17.0,7.5,38.0
2024-04-24,Hamilton,ON,9.9,1.9,22.0
2024-04-25,Hamilton,ON,7.5,0.2,15.3
2024-04-26,Hamilton,ON,10.6,0.9,19.6
2024-04-27,Hamilton,ON,20.2,4.9,26.5
2024-04-28,Hamilton,ON,22.1,11.9,25.2
2024-04-29,Hamilton,ON,11.3,7.6,18.6
2024-04-30,Hamilton,ON,20.9,8.6,16.6
2024-05-01,Hamilton,ON,22.3,8.1,22.2
2024-05-02,Hamilton,ON,19.7,10.2,13.5
2024-05-03,Hamilton,ON,13.7,8.6,14.2
2024-05-04,Hamilton,ON,17.6,10.4,14.2
2024-05-05,Hamilton,ON,22.1,12.5,16.9
2024-05-06,Hamilton,ON,19.6,8.1,13.4
2024-05-07,Hamilton,ON,16.9,6.6,14.1
2024-05-08,Hamilton,ON,21.6,10.1,38.1
2024-05-09,Hamilton,ON,14.9,6.9,14.6
2024-05-10,Hamilton,ON,15.1,7.6,14.3
2024-05-11,Hamilton,ON,15.8,6.6,21.9
2024-05-12,Hamilton,ON,18.2,8.4,16.0
2024-05-13,Hamilton,ON,24.7,10.1,26.5
2024-05-14,Hamilton,ON,21.9,11.5,15.1
2024-05-15,Hamilton,ON,17.2,10.8,18.9
2024-05-16,Hamilton,ON,20.0,10.0,12.3
2024-05-17,Hamilton,ON,18.2,11.4,14.4
2024-05-18,Hamilton,ON,22.1,12.4,12.3
2024-05-19,Hamilton,ON,23.1,12.2,12.8
2024-05-20,Hamilton,ON,28.0,14.0,15.3
2024-05-21,Hamilton,ON,28.4,17.3,22.1
2024-05-22,Hamilton,ON,27.5,17.4,30.9
2024-05-23,Hamilton,ON,25.8,14.3,24.9
2024-05-24,Hamilton,ON,26.1,13.0,16.5
2024-05-25,Hamilton,ON,21.4,12.6,12.6
2024-05-26,Hamilton,ON,20.4,11.6,22.1
2024-05-27,Hamilton,ON,23.4,15.7,28.7
2024-05-28,Hamilton,ON,20.7,13.4,21.6
2024-05-29,Hamilton,ON,19.6,11.4,14.6
2024-05-30,Hamilton,ON,19.1,8.7,15.9
2024-05-31,Hamilton,ON,22.6,5.6,16.0
2024-06-01,Hamilton,ON,24.2,9.4,14.5
2024-06-02,Hamilton,ON,20.9,14.8,10.1
2024-06-03,Hamilton,ON,21.8,15.3,10.9
2024-06-04,Hamilton,ON,24.1,15.3,9.4
2024-06-05,Hamilton,ON,26.6,15.3,18.3
2024-06-06,Hamilton,ON,24.4,18.3,20.3
2024-06-07,Hamilton,ON,20.5,13.8,22.7
2024-06-08,Hamilton,ON,22.6,12.0,24.5
2024-06-09,Hamilton,ON,20.5,11.7,23.8
2024-06-10,Hamilton,ON,18.9,10.3,19.0
2024-06-11,Hamilton,ON,18.5,11.5,13.3
2024-06-12,Hamilton,ON,24.0,11.2,16.6
2024-06-13,Hamilton,ON,28.6,17.6,27.9
2024-06-14,Hamilton,ON,25.0,16.0,24.2
2024-06-15,Hamilton,ON,22.3,12.6,15.6
2024-06-16,Hamilton,ON,22.0,12.9,14.6
2024-06-17,Hamilton,ON,30.7,14.6,20.3
2024-06-18,Hamilton,ON,33.5,21.2,16.8
2024-06-19,Hamilton,ON,33.7,22.4,14.5
2024-06-20,Hamilton,ON,31.4,21.3,19.7
2024-06-21,Hamilton,ON,25.9,19.5,12.0
2024-06-22,Hamilton,ON,24.4,18.6,12.1
2024-06-23,Hamilton,ON,27.2,18.8,29.9
2024-06-24,Hamilton,ON,28.7,16.8,16.1
2024-06-25,Hamilton,ON,26.0,15.8,37.4
2024-06-26,Hamilton,ON,29.1,18.2,18.1
2024-06-27,Hamilton,ON,22.6,14.1,13.0
2024-06-28,Hamilton,ON,23.2,12.1,13.8
2024-06-29,Hamilton,ON,26.9,17.0,25.1
2024-06-30,Hamilton,ON,21.5,14.4,25.4
2024-07-01,Hamilton,ON,24.5,11.1,13.0
2024-07-02,Hamilton,ON,24.4,12.5,13.1
2024-07-03,Hamilton,ON,30.1,17.5,31.2
2024-07-04,Hamilton,ON,29.7,18.5,10.7
2024-07-05,Hamilton,ON,28.2,18.2,14.1
2024-07-06,Hamilton,ON,27.7,17.9,19.1
2024-07-07,Hamilton,ON,27.9,16.3,13.0
2024-07-08,Hamilton,ON,29.9,17.2,11.9
2024-07-09,Hamilton,ON,29.1,20.6,15.4
2024-07-10,Hamilton,ON,22.2,19.1,25.0
2024-07-11,Hamilton,ON,26.2,18.7,19.3
2024-07-12,Hamilton,ON,27.4,18.4,11.5
2024-07-13,Hamilton,ON,29.9,17.3,13.6
2024-07-14,Hamilton,ON,29.8,18.9,19.9
2024-07-15,Hamilton,ON,25.5,21.3,17.4
2024-07-16,Hamilton,ON,29.6,20.6,23.2
2024-07-17,Hamilton,ON,27.2,19.3,15.0
2024-07-18,Hamilton,ON,22.7,15.3,16.1
2024-07-19,Hamilton,ON,25.1,12.3,11.4
2024-07-20,Hamilton,ON,27.5,14.1,12.2
2024-07-21,Hamilton,ON,25.9,15.9,10.9
2024-07-22,Hamilton,ON,26.6,15.4,9.1
2024-07-23,Hamilton,ON,27.9,17.7,8.3
2024-07-24,Hamilton,ON,26.9,18.9,23.3
2024-07-25,Hamilton,ON,24.5,15.1,17.0
2024-07-26,Hamilton,ON,26.5,13.2,11.7
2024-07-27,Hamilton,ON,27.2,13.9,9.1
2024-07-28,Hamilton,ON,29.1,15.9,10.1
2024-07-29,Hamilton,ON,29.4,17.0,9.7
2024-07-30,Hamilton,ON,28.3,21.1,16.2
2024-07-31,Hamilton,ON,31.2,20.6,14.4
2024-08-01,Hamilton,ON,30.1,19.4,11.4
2024-08-02,Hamilton,ON,27.0,21.4,14.8
2024-08-03,Hamilton,ON,30.0,20.1,12.3
2024-08-04,Hamilton,ON,30.1,19.0,14.6
2024-08-05,Hamilton,ON,29.3,19.3,20.4
2024-08-06,Hamilton,ON,20.5,18.6,21.7
2024-08-07,Hamilton,ON,22.5,16.1,22.5
2024-08-08,Hamilton,ON,24.3,17.2,13.9
2024-08-09,Hamilton,ON,28.7,17.7,21.9
2024-08-10,Hamilton,ON,23.1,15.4,25.1
2024-08-11,Hamilton,ON,22.0,14.3,26.3
2024-08-12,Hamilton,ON,23.9,14.3,15.2
2024-08-13,Hamilton,ON,25.3,14.2,7.9
2024-08-14,Hamilton,ON,27.6,14.5,9.4
2024-08-15,Hamilton,ON,27.7,14.5,9.2
2024-08-16,Hamilton,ON,26.9,17.5,12.8
2024-08-17,Hamilton,ON,25.4,19.8,22.2
2024-08-18,Hamilton,ON,26.8,19.3,19.4
2024-08-19,Hamilton,ON,19.8,15.1,19.3
2024-08-20,Hamilton,ON,19.5,12.0,19.1
2024-08-21,Hamilton,ON,20.2,11.5,16.3
2024-08-22,Hamilton,ON,23.8,12.3,13.6
2024-08-23,Hamilton,ON,25.7,12.9,16.2
2024-08-24,Hamilton,ON,27.0,14.3,13.5
2024-08-25,Hamilton,ON,27.9,14.5,8.8
2024-08-26,Hamilton,ON,28.4,16.7,12.3
2024-08-27,Hamilton,ON,31.5,19.3,19.7
2024-08-28,Hamilton,ON,28.2,17.8,21.5
2024-08-29,Hamilton,ON,20.5,16.7,16.5
2024-08-30,Hamilton,ON,25.8,16.0,14.5
2024-08-31,Hamilton,ON,28.7,19.5,16.5
2024-09-01,Hamilton,ON,25.0,15.9,21.0
2024-09-02,Hamilton,ON,21.2,12.4,14.1
2024-09-03,Hamilton,ON,22.2,9.1,9.7
2024-09-04,Hamilton,ON,24.6,11.4,10.0
2024-09-05,Hamilton,ON,26.1,15.0,14.3
2024-09-06,Hamilton,ON,24.3,15.2,17.3
2024-09-07,Hamilton,ON,16.3,10.3,23.5
2024-09-08,Hamilton,ON,18.7,8.8,27.5
2024-09-09,Hamilton,ON,21.7,12.5,20.2
2024-09-10,Hamilton,ON,22.4,10.1,8.9
2024-09-11,Hamilton,ON,23.7,11.2,10.3
2024-09-12,Hamilton,ON,25.3,13.5,8.3
2024-09-13,Hamilton,ON,25.5,14.8,9.8
2024-09-14,Hamilton,ON,24.4,16.8,10.8
2024-09-15,Hamilton,ON,27.1,15.0,9.4
2024-09-16,Hamilton,ON,26.1,15.1,11.0
2024-09-17,Hamilton,ON,23.8,14.9,11.4
2024-09-18,Hamilton,ON,22.8,14.1,12.6
2024-09-19,Hamilton,ON,23.6,15.1,11.0
2024-09-20,Hamilton,ON,22.8,15.1,13.4
2024-09-21,Hamilton,ON,26.6,15.4,9.0
2024-09-22,Hamilton,ON,25.8,15.4,11.8
2024-09-23,Hamilton,ON,23.0,17.6,16.5
2024-09-24,Hamilton,ON,20.5,17.2,16.6
2024-09-25,Hamilton,ON,22.7,17.4,24.7
2024-09-26,Hamilton,ON,24.1,14.9,9.8
2024-09-27,Hamilton,ON,20.5,14.5,21.9
2024-09-28,Hamilton,ON,19.0,17.1,25.0
2024-09-29,Hamilton,ON,21.1,16.7,20.7
2024-09-30,Hamilton,ON,20.4,16.8,20.4
2024-10-01,Hamilton,ON,23.4,14.5,22.4
2024-10-02,Hamilton,ON,18.5,10.3,13.2
2024-10-03,Hamilton,ON,23.2,9.9,15.8
2024-10-04,Hamilton,ON,20.6,11.7,10.6
2024-10-05,Hamilton,ON,17.5,8.0,11.2
2024-10-06,Hamilton,ON,23.9,9.8,32.5
2024-10-07,Hamilton,ON,16.2,9.3,21.2
2024-10-08,Hamilton,ON,15.4,7.8,22.1
2024-10-09,Hamilton,ON,13.2,5.5,26.3
2024-10-10,Hamilton,ON,14.6,4.2,10.9
2024-10-11,Hamilton,ON,21.0,4.7,26.5
2024-10-12,Hamilton,ON,18.4,8.6,18.1
2024-10-13,Hamilton,ON,11.8,7.9,26.3
2024-10-14,Hamilton,ON,11.3,5.0,27.5
2024-10-15,Hamilton,ON,10.2,3.3,19.3
2024-10-16,Hamilton,ON,11.6,4.0,15.2
2024-10-17,Hamilton,ON,14.8,1.8,12.7
2024-10-18,Hamilton,ON,17.4,2.2,10.4
2024-10-19,Hamilton,ON,19.2,5.9,13.6
2024-10-20,Hamilton,ON,20.8,8.1,21.1
2024-10-21,Hamilton,ON,23.7,12.8,18.6
2024-10-22,Hamilton,ON,23.3,10.5,14.4
2024-10-23,Hamilton,ON,21.3,9.3,25.5
2024-10-24,Hamilton,ON,12.5,4.7,12.5
2024-10-25,Hamilton,ON,14.5,3.2,17.2
2024-10-26,Hamilton,ON,11.8,4.6,22.5
2024-10-27,Hamilton,ON,12.7,1.1,16.9
2024-10-28,Hamilton,ON,11.6,2.3,16.9
2024-10-29,Hamilton,ON,19.2,4.5,26.5
2024-10-30,Hamilton,ON,21.4,16.7,29.9
2024-10-31,Hamilton,ON,22.3,16.7,36.8
2024-11-01,Hamilton,ON,17.5,5.2,29.3
2024-11-02,Hamilton,ON,9.6,3.0,8.8
2024-11-03,Hamilton,ON,9.1,2.6,18.9
2024-11-04,Hamilton,ON,17.3,8.4,25.0
2024-11-05,Hamilton,ON,22.0,16.2,29.5
2024-11-06,Hamilton,ON,20.2,14.5,30.3
2024-11-07,Hamilton,ON,13.8,8.4,17.6
2024-11-08,Hamilton,ON,12.7,6.4,26.3
2024-11-09,Hamilton,ON,7.3,1.2,10.9
2024-11-10,Hamilton,ON,13.4,5.0,26.3
2024-11-11,Hamilton,ON,13.2,7.3,31.2
2024-11-12,Hamilton,ON,7.2,1.7,19.9
2024-11-13,Hamilton,ON,5.7,1.6,22.9
2024-11-14,Hamilton,ON,9.1,4.7,16.6
2024-11-15,Hamilton,ON,8.0,5.9,13.8
2024-11-16,Hamilton,ON,11.0,2.9,16.9
2024-11-17,Hamilton,ON,10.4,1.8,18.8
2024-11-18,Hamilton,ON,12.8,4.3,20.7
2024-11-19,Hamilton,ON,8.6,3.7,20.7
2024-11-20,Hamilton,ON,9.9,4.6,30.1
2024-11-21,Hamilton,ON,4.7,1.0,28.9
2024-11-22,Hamilton,ON,6.5,2.2,23.4
2024-11-23,Hamilton,ON,8.0,3.1,22.8
2024-11-24,Hamilton,ON,6.9,1.8,23.0
2024-11-25,Hamilton,ON,5.8,-0.7,17.8
2024-11-26,Hamilton,ON,8.1,2.7,29.5
2024-11-27,Hamilton,ON,4.2,-1.6,24.5
2024-11-28,Hamilton,ON,4.8,0.4,18.5
2024-11-29,Hamilton,ON,1.5,-2.7,26.8
2024-11-30,Hamilton,ON,-0.7,-3.6,27.2
2024-12-01,Hamilton,ON,1.0,-4.2,26.5
2024-12-02,Hamilton,ON,1.5,-6.0,13.7
2024-12-03,Hamilton,ON,-0.7,-6.1,14.4
2024-12-04,Hamilton,ON,1.1,-3.2,32.7
2024-12-05,Hamilton,ON,0.1,-5.9,28.6
2024-12-06,Hamilton,ON,-3.0,-10.2,21.7
2024-12-07,Hamilton,ON,2.4,-3.4,31.6
2024-12-08,Hamilton,ON,6.0,0.6,36.6
2024-12-09,Hamilton,ON,4.0,1.9,18.4
2024-12-10,Hamilton,ON,7.8,2.5,13.4
2024-12-11,Hamilton,ON,4.8,-1.9,24.1
2024-12-12,Hamilton,ON,-2.4,-9.3,35.5
2024-12-13,Hamilton,ON,-4.3,-9.6,20.2
2024-12-14,Hamilton,ON,-0.7,-9.8,18.4
2024-12-15,Hamilton,ON,2.0,-3.5,13.4
2024-12-16,Hamilton,ON,9.2,1.9,27.2
2024-12-17,Hamilton,ON,9.7,1.8,30.3
2024-12-18,Hamilton,ON,2.6,-0.1,14.8
2024-12-19,Hamilton,ON,0.3,-2.2,14.9
2024-12-20,Hamilton,ON,-0.7,-4.2,21.4
2024-12-21,Hamilton,ON,-4.2,-12.5,14.5
2024-12-22,Hamilton,ON,-10.5,-18.4,13.0
2024-12-23,Hamilton,ON,1.0,-12.5,22.7
2024-12-24,Hamilton,ON,1.7,-2.2,19.4
2024-12-25,Hamilton,ON,-0.9,-3.0,7.7
2024-12-26,Hamilton,ON,-0.1,-3.9,11.8
2024-12-27,Hamilton,ON,2.2,-1.2,15.0
2024-12-28,Hamilton,ON,12.0,1.2,23.9
2024-12-29,Hamilton,ON,11.0,1.8,21.9
2024-12-30,Hamilton,ON,10.1,1.6,36.5
2024-12-31,Hamilton,ON,3.1,-2.2,25.1
2025-01-01,Hamilton,ON,2.7,-1.0,25.8
2025-01-02,Hamilton,ON,-0.5,-3.5,28.6
2025-01-03,Hamilton,ON,-1.1,-5.1,24.3
2025-01-04,Hamilton,ON,-4.2,-6.6,31.9
2025-01-05,Hamilton,ON,-3.9,-7.0,28.8
2025-01-06,Hamilton,ON,-4.3,-9.5,17.3
2025-01-07,Hamilton,ON,-3.9,-6.9,24.6
2025-01-08,Hamilton,ON,-6.3,-11.7,19.3
2025-01-09,Hamilton,ON,-6.1,-12.4,17.2
2025-01-10,Hamilton,ON,-2.5,-11.6,14.3
2025-01-11,Hamilton,ON,-1.9,-5.6,15.1
2025-01-12,Hamilton,ON,0.2,-4.0,22.0
2025-01-13,Hamilton,ON,0.8,-6.3,29.3
2025-01-14,Hamilton,ON,-7.4,-9.8,30.6
2025-01-15,Hamilton,ON,-4.4,-8.5,21.0
2025-01-16,Hamilton,ON,-3.8,-8.3,20.8
2025-01-17,Hamilton,ON,1.6,-3.5,29.4
2025-01-18,Hamilton,ON,2.9,-6.3,30.5
2025-01-19,Hamilton,ON,-4.7,-9.0,14.3
2025-01-20,Hamilton,ON,-9.6,-16.1,27.8
2025-01-21,Hamilton,ON,-11.1,-16.4,23.5
2025-01-22,Hamilton,ON,-9.4,-19.9,26.1
2025-01-23,Hamilton,ON,-4.6,-9.7,22.6
2025-01-24,Hamilton,ON,-6.2,-11.3,22.7
2025-01-25,Hamilton,ON,-1.1,-10.1,30.0
2025-01-26,Hamilton,ON,-0.8,-4.9,32.0
2025-01-27,Hamilton,ON,-0.1,-6.4,39.5
2025-01-28,Hamilton,ON,1.9,-8.8,35.3
2025-01-29,Hamilton,ON,2.7,-7.8,32.6
2025-01-30,Hamilton,ON,1.8,-12.1,22.7
2025-01-31,Hamilton,ON,2.0,-2.7,23.6
2025-02-01,Hamilton,ON,-4.8,-15.0,23.9
2025-02-02,Hamilton,ON,-3.8,-15.0,13.5
2025-02-03,Hamilton,ON,2.2,-5.8,14.3
2025-02-04,Hamilton,ON,-0.1,-9.4,26.3
2025-02-05,Hamilton,ON,-3.8,-10.6,13.1
2025-02-06,Hamilton,ON,0.7,-6.5,31.2
2025-02-07,Hamilton,ON,-0.9,-10.6,35.9
2025-02-08,Hamilton,ON,-2.6,-11.2,21.0
2025-02-09,Hamilton,ON,-1.9,-8.2,23.4
2025-02-10,Hamilton,ON,-5.8,-10.9,16.7
2025-02-11,Hamilton,ON,-4.0,-12.6,14.5
2025-02-12,Hamilton,ON,-2.9,-10.2,30.1
2025-02-13,Hamilton,ON,1.7,-8.0,31.7
2025-02-14,Hamilton,ON,-6.3,-11.7,25.8
2025-02-15,Hamilton,ON,-0.7,-9.6,16.4
2025-02-16,Hamilton,ON,-0.7,-7.3,24.5
2025-02-17,Hamilton,ON,-7.6,-12.4,36.5
2025-02-18,Hamilton,ON,-10.0,-14.5,30.2
2025-02-19,Hamilton,ON,-7.4,-13.4,21.4
2025-02-20,Hamilton,ON,-8.5,-12.6,15.4
2025-02-21,Hamilton,ON,-6.2,-13.2,19.6
2025-02-22,Hamilton,ON,-3.7,-9.2,34.0
2025-02-23,Hamilton,ON,-1.1,-7.0,26.1
2025-02-24,Hamilton,ON,3.6,-3.8,42.1
2025-02-25,Hamilton,ON,4.1,0.3,20.6
2025-02-26,Hamilton,ON,2.7,-5.3,14.0
2025-02-27,Hamilton,ON,2.7,-0.1,19.9
2025-02-28,Hamilton,ON,4.1,-3.9,31.2
2025-03-01,Hamilton,ON,2.8,-11.2,30.6
2025-03-02,Hamilton,ON,-5.6,-17.3,19.5
2025-03-03,Hamilton,ON,1.4,-10.0,18.7
2025-03-04,Hamilton,ON,5.8,-2.5,18.8
2025-03-05,Hamilton,ON,13.5,1.6,26.9
2025-03-06,Hamilton,ON,2.8,-4.3,36.8
2025-03-07,Hamilton,ON,1.6,-3.5,30.5
2025-03-08,Hamilton,ON,-0.9,-6.8,24.9
2025-03-09,Hamilton,ON,8.5,-2.9,29.4
2025-03-10,Hamilton,ON,13.6,-0.2,26.2
2025-03-11,Hamilton,ON,11.3,-2.6,25.8
2025-03-12,Hamilton,ON,1.0,-4.4,25.5
2025-03-13,Hamilton,ON,7.6,-2.1,16.5
2025-03-14,Hamilton,ON,7.5,-0.5,12.4
2025-03-15,Hamilton,ON,17.0,7.4,35.5
2025-03-16,Hamilton,ON,16.8,3.1,35.3
2025-03-17,Hamilton,ON,6.2,-1.7,17.9
2025-03-18,Hamilton,ON,13.6,-1.4,23.8
2025-03-19,Hamilton,ON,19.6,7.7,20.6
2025-03-20,Hamilton,ON,11.9,0.6,30.5
2025-03-21,Hamilton,ON,6.6,-3.1,26.8
2025-03-22,Hamilton,ON,6.5,-5.0,27.7
2025-03-23,Hamilton,ON,0.5,-5.6,20.8
2025-03-24,Hamilton,ON,6.5,-0.3,35.1
2025-03-25,Hamilton,ON,3.5,-2.1,24.5
2025-03-26,Hamilton,ON,2.7,-3.0,19.2
2025-03-27,Hamilton,ON,9.6,-4.0,26.0
2025-03-28,Hamilton,ON,4.7,-0.7,13.1
2025-03-29,Hamilton,ON,2.2,-0.5,22.2
2025-03-30,Hamilton,ON,12.5,-0.1,20.9
2025-03-31,Hamilton,ON,13.0,0.1,28.4
2025-04-01,Hamilton,ON,4.8,-1.3,15.4
2025-04-02,Hamilton,ON,3.3,-0.8,27.6
2025-04-03,Hamilton,ON,19.6,3.3,43.2
2025-04-04,Hamilton,ON,8.8,1.3,11.3
2025-04-05,Hamilton,ON,14.7,3.5,24.4
2025-04-06,Hamilton,ON,6.8,0.9,18.8
2025-04-07,Hamilton,ON,7.6,-2.5,30.5
2025-04-08,Hamilton,ON,-0.3,-4.9,26.7
2025-04-09,Hamilton,ON,5.2,-5.0,16.2
2025-04-10,Hamilton,ON,2.4,-1.0,25.6
2025-04-11,Hamilton,ON,5.7,0.6,15.3
2025-04-12,Hamilton,ON,9.2,2.0,11.2
2025-04-13,Hamilton,ON,15.1,-1.9,13.1
2025-04-14,Hamilton,ON,18.9,4.7,20.7
2025-04-15,Hamilton,ON,10.5,1.9,33.8
2025-04-16,Hamilton,ON,6.0,0.5,29.1
2025-04-17,Hamilton,ON,12.3,-2.1,13.9
2025-04-18,Hamilton,ON,19.8,3.6,23.5
2025-04-19,Hamilton,ON,21.3,6.6,30.7
2025-04-20,Hamilton,ON,9.4,1.7,14.7
2025-04-21,Hamilton,ON,20.2,4.2,29.1
2025-04-22,Hamilton,ON,13.7,5.8,26.8
2025-04-23,Hamilton,ON,12.1,4.2,11.0
2025-04-24,Hamilton,ON,24.8,5.9,13.4
2025-04-25,Hamilton,ON,13.1,8.6,15.8
2025-04-26,Hamilton,ON,12.5,5.9,30.2
2025-04-27,Hamilton,ON,17.5,4.4,21.4
2025-04-28,Hamilton,ON,19.2,3.9,14.6
2025-04-29,Hamilton,ON,23.7,6.4,35.4
2025-04-30,Hamilton,ON,12.6,1.9,20.7
2025-05-01,Hamilton,ON,8.9,5.7,16.3
2025-05-02,Hamilton,ON,20.0,8.3,24.8
2025-05-03,Hamilton,ON,9.9,6.4,13.9
2025-05-04,Hamilton,ON,10.3,6.0,20.3
2025-05-05,Hamilton,ON,12.2,8.2,21.1
2025-05-06,Hamilton,ON,18.6,8.3,17.8
2025-05-07,Hamilton,ON,22.2,10.7,17.0
2025-05-08,Hamilton,ON,10.2,5.9,16.0
2025-05-09,Hamilton,ON,15.4,4.4,13.4
2025-05-10,Hamilton,ON,21.7,4.0,14.9
2025-05-11,Hamilton,ON,11.1,5.8,18.3
2025-05-12,Hamilton,ON,23.1,5.5,6.6
2025-05-13,Hamilton,ON,19.0,11.7,13.4
2025-05-14,Hamilton,ON,17.8,12.3,14.8
2025-05-15,Hamilton,ON,17.7,11.1,8.5
2025-05-16,Hamilton,ON,26.3,12.7,20.4
2025-05-17,Hamilton,ON,19.1,13.2,28.2
2025-05-18,Hamilton,ON,18.3,9.7,22.9
2025-05-19,Hamilton,ON,16.2,7.2,17.9
2025-05-20,Hamilton,ON,12.6,4.5,17.6
2025-05-21,Hamilton,ON,9.7,7.4,23.4
2025-05-22,Hamilton,ON,11.8,8.8,16.1
2025-05-23,Hamilton,ON,11.8,7.0,28.6
2025-05-24,Hamilton,ON,14.1,7.6,21.3
2025-05-25,Hamilton,ON,16.4,6.5,17.8
2025-05-26,Hamilton,ON,19.8,6.3,11.3
2025-05-27,Hamilton,ON,18.4,9.9,8.9
2025-05-28,Hamilton,ON,14.3,9.8,15.0
2025-05-29,Hamilton,ON,18.9,12.2,19.4
2025-05-30,Hamilton,ON,22.6,12.2,18.4
2025-05-31,Hamilton,ON,13.5,8.6,27.1
2025-06-01,Hamilton,ON,15.6,5.7,25.0
2025-06-02,Hamilton,ON,21.7,7.0,16.6
2025-06-03,Hamilton,ON,25.8,12.4,21.6
2025-06-04,Hamilton,ON,28.9,17.2,28.5
2025-06-05,Hamilton,ON,21.2,15.6,12.2
2025-06-06,Hamilton,ON,21.8,14.9,13.0
2025-06-07,Hamilton,ON,24.6,14.9,15.5
2025-06-08,Hamilton,ON,17.9,12.5,15.6
2025-06-09,Hamilton,ON,22.2,13.5,19.4
2025-06-10,Hamilton,ON,22.2,12.6,24.3
2025-06-11,Hamilton,ON,27.1,14.1,28.4
2025-06-12,Hamilton,ON,25.7,15.3,16.7
2025-06-13,Hamilton,ON,16.9,12.4,22.7
2025-06-14,Hamilton,ON,18.6,12.0,22.5
2025-06-15,Hamilton,ON,21.1,13.2,16.9
2025-06-16,Hamilton,ON,24.1,13.8,13.1
2025-06-17,Hamilton,ON,25.0,15.3,14.7
2025-06-18,Hamilton,ON,29.5,20.0,14.3
2025-06-19,Hamilton,ON,24.4,17.9,37.6
2025-06-20,Hamilton,ON,26.0,15.3,19.6
2025-06-21,Hamilton,ON,28.4,16.9,29.8
2025-06-22,Hamilton,ON,35.3,24.5,39.5
2025-06-23,Hamilton,ON,36.2,24.7,23.4
2025-06-24,Hamilton,ON,35.6,25.3,22.8
2025-06-25,Hamilton,ON,31.0,22.5,11.2
2025-06-26,Hamilton,ON,23.4,15.7,21.5
2025-06-27,Hamilton,ON,26.9,14.6,22.4
2025-06-28,Hamilton,ON,26.8,18.2,22.6
2025-06-29,Hamilton,ON,28.3,14.9,11.3
2025-06-30,Hamilton,ON,28.5,17.7,16.2
2025-07-01,Hamilton,ON,28.4,20.6,18.4
2025-07-02,Hamilton,ON,28.7,17.2,17.9
2025-07-03,Hamilton,ON,26.5,17.9,21.5
2025-07-04,Hamilton,ON,26.4,13.4,11.0
2025-07-05,Hamilton,ON,33.2,17.9,18.4
2025-07-06,Hamilton,ON,33.5,23.2,23.2
2025-07-07,Hamilton,ON,31.4,22.3,20.4
2025-07-08,Hamilton,ON,26.5,19.9,11.7
2025-07-09,Hamilton,ON,25.6,17.5,11.8
2025-07-10,Hamilton,ON,27.8,18.7,9.7
2025-07-11,Hamilton,ON,30.9,19.3,8.6
2025-07-12,Hamilton,ON,32.7,21.5,21.3
2025-07-13,Hamilton,ON,30.7,22.3,17.9
2025-07-14,Hamilton,ON,31.5,21.3,16.4
2025-07-15,Hamilton,ON,32.4,18.5,11.9
2025-07-16,Hamilton,ON,32.7,20.2,16.7
2025-07-17,Hamilton,ON,25.9,17.8,31.8
2025-07-18,Hamilton,ON,22.5,13.6,16.0
2025-07-19,Hamilton,ON,28.4,14.8,12.2
2025-07-20,Hamilton,ON,26.3,19.1,17.6
2025-07-21,Hamilton,ON,23.6,16.2,14.5
2025-07-22,Hamilton,ON,24.4,14.2,14.5
2025-07-23,Hamilton,ON,28.8,15.0,10.9
2025-07-24,Hamilton,ON,33.2,20.6,25.8
2025-07-25,Hamilton,ON,30.8,22.3,14.5
2025-07-26,Hamilton,ON,29.4,19.5,9.0
2025-07-27,Hamilton,ON,31.7,21.6,19.0
2025-07-28,Hamilton,ON,33.1,19.4,14.8
2025-07-29,Hamilton,ON,33.0,21.4,14.2
2025-07-30,Hamilton,ON,31.3,20.3,20.7
2025-07-31,Hamilton,ON,21.3,16.9,20.0
2025-08-01,Hamilton,ON,21.7,14.5,13.1
2025-08-02,Hamilton,ON,27.2,12.9,12.6
2025-08-03,Hamilton,ON,29.1,15.0,11.4
2025-08-04,Hamilton,ON,28.0,16.7,9.8
2025-08-05,Hamilton,ON,25.1,19.6,18.4
2025-08-06,Hamilton,ON,26.2,19.9,16.6
2025-08-07,Hamilton,ON,27.9,19.1,16.5
2025-08-08,Hamilton,ON,29.7,20.2,14.9
2025-08-09,Hamilton,ON,31.2,21.4,15.7
2025-08-10,Hamilton,ON,32.6,22.0,15.7
2025-08-11,Hamilton,ON,32.2,21.6,17.5
2025-08-12,Hamilton,ON,32.3,22.8,19.4
2025-08-13,Hamilton,ON,29.8,21.9,13.8
2025-08-14,Hamilton,ON,26.2,18.5,14.4
2025-08-15,Hamilton,ON,28.8,19.4,13.6
2025-08-16,Hamilton,ON,32.1,18.2,14.9
2025-08-17,Hamilton,ON,27.6,18.2,23.3
2025-08-18,Hamilton,ON,20.0,15.9,21.2
2025-08-19,Hamilton,ON,21.5,15.7,16.7
2025-08-20,Hamilton,ON,21.7,17.9,25.4
2025-08-21,Hamilton,ON,20.5,16.4,20.6
2025-08-22,Hamilton,ON,26.6,14.5,8.3
2025-08-23,Hamilton,ON,26.1,17.1,19.5
2025-08-24,Hamilton,ON,24.5,15.8,19.4
2025-08-25,Hamilton,ON,20.6,13.7,22.9
2025-08-26,Hamilton,ON,19.5,11.5,21.9
2025-08-27,Hamilton,ON,21.9,11.0,18.1
2025-08-28,Hamilton,ON,20.1,13.0,17.6
2025-08-29,Hamilton,ON,18.1,9.4,15.2
2025-08-30,Hamilton,ON,21.4,9.8,13.6
2025-08-31,Hamilton,ON,21.2,8.9,9.3
2025-09-01,Hamilton,ON,22.6,12.3,10.9
2025-09-02,Hamilton,ON,23.5,13.9,10.9
2025-09-03,Hamilton,ON,25.7,15.1,20.7
2025-09-04,Hamilton,ON,18.8,11.6,15.3
2025-09-05,Hamilton,ON,21.4,11.6,38.1
2025-09-06,Hamilton,ON,18.8,11.1,19.3
2025-09-07,Hamilton,ON,17.3,9.6,20.8
2025-09-08,Hamilton,ON,19.3,8.4,9.4
2025-09-09,Hamilton,ON,21.7,10.2,10.7
2025-09-10,Hamilton,ON,23.9,12.6,9.1
2025-09-11,Hamilton,ON,23.4,13.6,11.4
2025-09-12,Hamilton,ON,22.2,13.8,10.1
2025-09-13,Hamilton,ON,24.6,13.8,13.2
2025-09-14,Hamilton,ON,24.1,14.1,8.7
2025-09-15,Hamilton,ON,21.3,15.3,14.2
2025-09-16,Hamilton,ON,21.4,14.2,14.6
2025-09-17,Hamilton,ON,23.1,14.0,9.6
2025-09-18,Hamilton,ON,28.5,11.6,16.7
2025-09-19,Hamilton,ON,20.0,13.3,13.7
2025-09-20,Hamilton,ON,17.3,13.0,24.7
2025-09-21,Hamilton,ON,26.7,12.3,17.0
2025-09-22,Hamilton,ON,23.8,18.7,21.6
2025-09-23,Hamilton,ON,25.3,17.7,15.5
2025-09-24,Hamilton,ON,20.3,17.2,18.8
2025-09-25,Hamilton,ON,22.8,16.7,16.6
2025-09-26,Hamilton,ON,23.2,14.1,14.8
2025-09-27,Hamilton,ON,25.0,13.7,14.9
2025-09-28,Hamilton,ON,23.0,15.6,15.4
2025-09-29,Hamilton,ON,22.3,11.9,5.9
2025-09-30,Hamilton,ON,18.5,13.3,21.0
2025-10-01,Hamilton,ON,15.8,10.7,19.6
2025-10-02,Hamilton,ON,17.5,9.6,11.9
2025-10-03,Hamilton,ON,25.4,9.1,11.8
2025-10-04,Hamilton,ON,27.8,12.4,13.2
2025-10-05,Hamilton,ON,28.8,15.9,17.4
2025-10-06,Hamilton,ON,28.2,15.8,21.0
2025-10-07,Hamilton,ON,22.7,14.3,19.4
2025-10-08,Hamilton,ON,15.1,7.8,16.7
2025-10-09,Hamilton,ON,12.0,4.5,14.2
2025-10-10,Hamilton,ON,16.9,3.7,19.2
2025-10-11,Hamilton,ON,15.9,10.6,19.2
2025-10-12,Hamilton,ON,17.1,10.9,20.2
2025-10-13,Hamilton,ON,15.9,10.4,20.9
2025-10-14,Hamilton,ON,20.9,8.0,17.0
2025-10-15,Hamilton,ON,14.5,7.4,14.5
2025-10-16,Hamilton,ON,14.6,3.8,11.4
2025-10-17,Hamilton,ON,12.6,2.9,10.2
2025-10-18,Hamilton,ON,21.7,11.9,20.9
2025-10-19,Hamilton,ON,21.9,13.3,27.0
2025-10-20,Hamilton,ON,14.8,7.1,27.5
2025-10-21,Hamilton,ON,15.4,4.7,21.5
2025-10-22,Hamilton,ON,10.1,5.5,17.1
2025-10-23,Hamilton,ON,11.4,5.9,20.1
2025-10-24,Hamilton,ON,10.8,5.0,17.1
2025-10-25,Hamilton,ON,11.4,2.6,11.9
2025-10-26,Hamilton,ON,8.0,1.1,13.3
2025-10-27,Hamilton,ON,9.8,1.6,19.6
2025-10-28,Hamilton,ON,10.9,5.6,27.0
2025-10-29,Hamilton,ON,11.1,5.1,20.3
2025-10-30,Hamilton,ON,8.8,5.6,27.7
2025-10-31,Hamilton,ON,10.4,5.1,31.4
2025-11-01,Hamilton,ON,10.1,3.1,16.7
2025-11-02,Hamilton,ON,11.7,1.2,13.1
2025-11-03,Hamilton,ON,10.7,5.9,31.0
2025-11-04,Hamilton,ON,13.0,3.9,23.2
2025-11-05,Hamilton,ON,13.6,5.5,33.7
2025-11-06,Hamilton,ON,7.5,0.9,21.9
2025-11-07,Hamilton,ON,12.0,0.9,26.9
2025-11-08,Hamilton,ON,8.8,1.5,20.0
2025-11-09,Hamilton,ON,0.9,-3.0,24.8
2025-11-10,Hamilton,ON,-1.2,-4.5,20.2
2025-11-11,Hamilton,ON,2.3,-4.1,21.4
2025-11-12,Hamilton,ON,6.3,0.9,24.0
2025-11-13,Hamilton,ON,7.0,1.8,27.1
2025-11-14,Hamilton,ON,7.0,0.7,14.1
2025-11-15,Hamilton,ON,12.7,1.3,26.0
2025-11-16,Hamilton,ON,8.1,0.4,31.4
2025-11-17,Hamilton,ON,3.6,-1.9,27.2
2025-11-18,Hamilton,ON,5.7,-1.9,11.7
2025-11-19,Hamilton,ON,5.6,-1.5,9.0
2025-11-20,Hamilton,ON,5.9,-1.8,9.9
2025-11-21,Hamilton,ON,10.3,3.4,22.6
2025-11-22,Hamilton,ON,6.2,0.7,12.9
2025-11-23,Hamilton,ON,8.2,1.3,26.5
2025-11-24,Hamilton,ON,8.4,-1.1,15.9
2025-11-25,Hamilton,ON,8.3,4.9,14.0
2025-11-26,Hamilton,ON,10.8,1.1,34.1
2025-11-27,Hamilton,ON,2.3,-0.7,36.9
2025-11-28,Hamilton,ON,0.1,-3.1,29.9
2025-11-29,Hamilton,ON,-0.3,-3.4,19.4
2025-11-30,Hamilton,ON,2.3,-1.1,30.9
2025-12-01,Hamilton,ON,-1.4,-6.3,20.8
2025-12-02,Hamilton,ON,-0.4,-7.5,9.4
2025-12-03,Hamilton,ON,1.2,-8.0,30.6
2025-12-04,Hamilton,ON,-2.5,-12.6,29.5
2025-12-05,Hamilton,ON,-1.5,-12.5,20.0
2025-12-06,Hamilton,ON,0.5,-1.4,24.9
2025-12-07,Hamilton,ON,-0.9,-6.7,22.1
2025-12-08,Hamilton,ON,-4.8,-14.6,15.4
2025-12-09,Hamilton,ON,0.7,-11.9,27.5
2025-12-10,Hamilton,ON,1.1,-5.6,26.5
2025-12-11,Hamilton,ON,-4.9,-10.6,23.0
2025-12-12,Hamilton,ON,-3.1,-13.1,17.4
2025-12-13,Hamilton,ON,-2.0,-9.0,24.3
2025-12-14,Hamilton,ON,-7.6,-13.6,20.9
2025-12-15,Hamilton,ON,-5.1,-12.1,24.8
2025-12-16,Hamilton,ON,-0.3,-11.1,29.2
2025-12-17,Hamilton,ON,4.5,-0.2,34.8
2025-12-18,Hamilton,ON,9.7,-1.8,30.6
2025-12-19,Hamilton,ON,10.4,-5.2,38.7
2025-12-20,Hamilton,ON,3.7,-5.7,32.1
2025-12-21,Hamilton,ON,2.2,-6.3,31.9
2025-12-22,Hamilton,ON,2.5,-9.1,20.1
2025-12-23,Hamilton,ON,3.0,0.1,22.3
2025-12-24,Hamilton,ON,1.8,-1.6,22.1
2025-12-25,Hamilton,ON,2.0,-6.0,17.5
2025-12-26,Hamilton,ON,-1.8,-5.7,26.2
2025-12-27,Hamilton,ON,-4.2,-8.1,11.8
2025-12-28,Hamilton,ON,1.5,-4.6,14.3
2025-12-29,Hamilton,ON,10.3,-6.6,43.7
2025-12-30,Hamilton,ON,-5.0,-6.6,38.9
2025-12-31,Hamilton,ON,-4.2,-8.2,25.5
2026-01-01,Hamilton,ON,-7.4,-13.5,25.9
2026-01-02,Hamilton,ON,-5.9,-9.9,19.5
2026-01-03,Hamilton,ON,-6.0,-8.9,20.7
2026-01-04,Hamilton,ON,-2.3,-7.0,21.7
2026-01-05,Hamilton,ON,1.6,-5.3,14.4
2026-01-06,Hamilton,ON,0.5,-4.6,14.3
2026-01-07,Hamilton,ON,3.1,0.5,15.0
2026-01-08,Hamilton,ON,8.2,0.9,14.6
2026-01-09,Hamilton,ON,15.1,0.9,44.6
2026-01-10,Hamilton,ON,2.8,-1.2,26.2
2026-01-11,Hamilton,ON,1.4,-3.9,31.0
2026-01-12,Hamilton,ON,1.2,-2.9,32.4
2026-01-13,Hamilton,ON,4.5,-2.0,33.5
2026-01-14,Hamilton,ON,4.5,-4.8,24.8
2026-01-15,Hamilton,ON,-5.9,-12.7,26.5
2026-01-16,Hamilton,ON,-1.8,-13.0,24.8
2026-01-17,Hamilton,ON,1.2,-8.5,28.0
2026-01-18,Hamilton,ON,-6.4,-11.8,23.8
2026-01-19,Hamilton,ON,-6.8,-11.1,32.0
2026-01-20,Hamilton,ON,-12.0,-16.1,26.9
2026-01-21,Hamilton,ON,-0.8,-12.8,27.0
2026-01-22,Hamilton,ON,-1.3,-8.9,28.1
2026-01-23,Hamilton,ON,-9.0,-17.4,30.4
2026-01-24,Hamilton,ON,-13.1,-20.8,16.4
2026-01-25,Hamilton,ON,-9.7,-15.9,25.9
2026-01-26,Hamilton,ON,-9.6,-14.5,21.5
2026-01-27,Hamilton,ON,-10.3,-14.9,31.0
2026-01-28,Hamilton,ON,-10.7,-16.1,23.6
2026-01-29,Hamilton,ON,-11.5,-19.8,20.2
2026-01-30,Hamilton,ON,-11.4,-22.4,17.0
2026-01-31,Hamilton,ON,-11.0,-18.4,12.2
2026-02-01,Hamilton,ON,-6.8,-18.1,14.2
2026-02-02,Hamilton,ON,-5.6,-17.4,15.4
2026-02-03,Hamilton,ON,-3.8,-8.5,20.9
2026-02-04,Hamilton,ON,-6.7,-15.9,14.0
2026-02-05,Hamilton,ON,-6.7,-12.0,16.0
2026-02-06,Hamilton,ON,-2.3,-8.4,28.6
2026-02-07,Hamilton,ON,-10.3,-20.4,28.2
2026-02-08,Hamilton,ON,-13.9,-22.6,11.4
2026-02-09,Hamilton,ON,-8.1,-23.9,7.8
2026-02-10,Hamilton,ON,2.1,-9.0,17.7
2026-02-11,Hamilton,ON,0.2,-3.5,28.2
2026-02-12,Hamilton,ON,-3.7,-8.8,17.4
2026-02-13,Hamilton,ON,-1.3,-14.5,21.6
2026-02-14,Hamilton,ON,1.7,-6.9,19.9
2026-02-15,Hamilton,ON,-0.1,-7.5,19.6
2026-02-16,Hamilton,ON,3.6,-6.8,22.3
2026-02-17,Hamilton,ON,7.1,0.2,22.9
2026-02-18,Hamilton,ON,0.9,-1.2,30.6
2026-02-19,Hamilton,ON,1.6,-1.8,21.6
2026-02-20,Hamilton,ON,5.1,0.4,32.1
2026-02-21,Hamilton,ON,2.5,-0.1,24.6
2026-02-22,Hamilton,ON,0.9,-1.6,10.8
2026-02-23,Hamilton,ON,-1.0,-10.2,23.2
2026-02-24,Hamilton,ON,-2.5,-12.9,22.4
2026-02-25,Hamilton,ON,2.0,-4.1,28.1
2026-02-26,Hamilton,ON,-1.6,-9.1,18.8
2026-02-27,Hamilton,ON,7.7,-6.0,22.9
2026-02-28,Hamilton,ON,6.4,-5.3,29.8
2026-03-01,Hamilton,ON,-5.1,-11.0,15.4
2026-03-02,Hamilton,ON,-3.8,-14.9,11.3
2026-03-03,Hamilton,ON,0.6,-7.5,11.7
2026-03-04,Hamilton,ON,8.9,-5.2,9.7
2026-03-05,Hamilton,ON,1.8,-1.2,28.5
2026-03-06,Hamilton,ON,1.2,-0.6,24.8
2026-03-07,Hamilton,ON,17.7,1.4,35.2
2026-03-08,Hamilton,ON,12.6,1.7,31.4
2026-03-09,Hamilton,ON,16.7,5.2,29.9
2026-03-10,Hamilton,ON,20.1,6.6,21.0
2026-03-11,Hamilton,ON,13.1,0.7,27.0
2026-03-12,Hamilton,ON,1.9,-2.8,31.6
2026-03-13,Hamilton,ON,3.8,-4.5,32.9
2026-03-14,Hamilton,ON,0.3,-4.5,39.9
2026-03-15,Hamilton,ON,10.5,-3.6,37.8
2026-03-16,Hamilton,ON,13.6,-3.7,37.6
2026-03-17,Hamilton,ON,-4.9,-10.0,35.9
2026-03-18,Hamilton,ON,-0.7,-8.1,20.1
2026-03-19,Hamilton,ON,6.8,-1.3,16.3
2026-03-20,Hamilton,ON,10.6,-1.8,18.6
2026-03-21,Hamilton,ON,5.4,-0.8,12.1
2026-03-22,Hamilton,ON,6.7,-0.1,17.4
2026-03-23,Hamilton,ON,2.2,-2.6,22.9
2026-03-24,Hamilton,ON,3.3,-5.9,18.1
2026-03-25,Hamilton,ON,6.8,-2.8,10.7
2026-03-26,Hamilton,ON,14.6,3.6,18.4
2026-03-27,Hamilton,ON,2.6,-6.2,22.9
2026-03-28,Hamilton,ON,2.3,-5.7,22.3
2026-03-29,Hamilton,ON,10.4,-1.1,17.5
2026-03-30,Hamilton,ON,19.9,1.1,23.6
2026-03-31,Hamilton,ON,20.4,10.6,29.2
2026-04-01,Hamilton,ON,12.1,1.9,23.4
2026-04-02,Hamilton,ON,3.6,0.3,29.1
2026-04-03,Hamilton,ON,23.7,4.3,34.5
2026-04-04,Hamilton,ON,11.9,2.7,26.6
2026-04-05,Hamilton,ON,12.3,1.3,33.8
2026-04-06,Hamilton,ON,6.1,-2.0,19.0
2026-04-07,Hamilton,ON,1.2,-4.6,28.3
2026-04-08,Hamilton,ON,5.1,-5.0,13.2
2026-04-09,Hamilton,ON,17.0,2.7,27.7
2026-04-10,Hamilton,ON,8.1,3.4,13.3
2026-04-11,Hamilton,ON,9.8,-0.7,13.1
2026-04-12,Hamilton,ON,16.9,1.1,27.4
2026-04-13,Hamilton,ON,22.3,14.5,37.4
2026-04-14,Hamilton,ON,22.7,11.5,33.2
2026-04-15,Hamilton,ON,23.2,6.7,23.1
2026-04-16,Hamilton,ON,21.0,13.7,21.6
2026-04-17,Hamilton,ON,16.9,8.1,10.6
2026-04-18,Hamilton,ON,20.1,7.8,25.4
2026-04-19,Hamilton,ON,8.1,-0.2,26.9
2026-04-20,Hamilton,ON,3.6,-1.4,16.2
2026-04-21,Hamilton,ON,13.5,-2.3,22.9
2026-04-22,Hamilton,ON,18.2,2.5,10.9
2026-04-23,Hamilton,ON,15.0,6.1,11.2
2026-04-24,Hamilton,ON,8.6,4.2,23.4
2026-04-25,Hamilton,ON,7.8,3.5,28.4
2026-04-26,Hamilton,ON,12.7,2.7,11.6
2026-04-27,Hamilton,ON,13.6,2.8,12.6
2026-04-28,Hamilton,ON,17.8,12.1,32.2
2026-04-29,Hamilton,ON,12.9,6.0,13.3
2026-04-30,Hamilton,ON,11.4,4.5,14.7
2026-05-01,Hamilton,ON,10.3,-0.1,17.9
2026-05-02,Hamilton,ON,7.1,-0.2,16.6
2026-05-03,Hamilton,ON,14.4,0.1,26.8
2026-05-04,Hamilton,ON,20.5,8.1,30.2
2026-05-05,Hamilton,ON,17.2,8.8,31.2
2026-05-06,Hamilton,ON,11.3,5.7,15.1
2026-05-07,Hamilton,ON,11.6,2.7,11.8
2026-05-08,Hamilton,ON,13.6,3.0,14.9
2026-05-09,Hamilton,ON,17.5,6.8,25.2
2026-05-10,Hamilton,ON,12.5,3.9,20.1
2026-05-11,Hamilton,ON,13.0,4.9,16.6
2026-05-12,Hamilton,ON,12.4,1.6,11.0
2026-05-13,Hamilton,ON,15.5,7.0,27.2
2026-05-14,Hamilton,ON,11.4,6.4,22.0
2026-05-15,Hamilton,ON,18.7,7.3,16.6
2026-05-16,Hamilton,ON,20.4,10.1,31.1
2026-05-17,Hamilton,ON,27.3,13.6,17.9
2026-05-18,Hamilton,ON,29.4,18.9,27.4
2026-05-19,Hamilton,ON,27.2,19.1,32.0
2026-05-20,Hamilton,ON,20.4,9.0,21.9
2026-05-21,Hamilton,ON,13.4,6.9,17.5
2026-05-22,Hamilton,ON,12.7,6.5,24.2
2026-05-23,Hamilton,ON,11.4,8.1,26.4
2026-05-24,Hamilton,ON,17.9,8.7,13.6
2026-05-25,Hamilton,ON,22.5,11.2,17.2
2026-05-26,Hamilton,ON,26.3,12.6,17.5
2026-05-27,Hamilton,ON,25.2,15.7,20.4
2026-05-28,Hamilton,ON,19.5,11.7,18.4
2026-05-29,Hamilton,ON,23.7,8.5,28.4
2026-05-30,Hamilton,ON,17.7,8.7,22.5
2026-05-31,Hamilton,ON,22.7,8.3,18.1
2026-06-01,Hamilton,ON,18.3,11.0,12.1
2026-06-02,Hamilton,ON,24.4,9.5,14.8
2026-06-03,Hamilton,ON,26.9,10.5,11.2
2026-06-04,Hamilton,ON,27.3,11.3,20.2
2026-06-05,Hamilton,ON,28.7,15.8,26.4
2026-06-06,Hamilton,ON,25.0,17.8,31.3
2026-06-07,Hamilton,ON,23.6,14.8,14.4
2026-06-08,Hamilton,ON,20.3,13.6,15.8
2026-06-09,Hamilton,ON,28.6,14.1,14.7
2026-06-10,Hamilton,ON,29.5,20.5,20.8
2026-06-11,Hamilton,ON,29.2,21.0,21.7
2026-06-12,Hamilton,ON,25.6,19.3,23.0
2026-06-13,Hamilton,ON,28.1,16.3,26.3
2026-06-14,Hamilton,ON,23.1,13.5,19.0
2026-06-15,Hamilton,ON,19.2,9.6,21.8
2026-06-16,Hamilton,ON,22.1,12.4,24.8
2026-06-17,Hamilton,ON,21.7,13.6,21.0
2026-06-18,Hamilton,ON,22.0,15.3,35.7
2026-06-19,Hamilton,ON,21.1,14.0,24.2
2026-06-20,Hamilton,ON,22.0,11.7,15.7
2026-06-21,Hamilton,ON,22.9,11.9,14.8
2026-06-22,Hamilton,ON,18.1,13.2,13.7
2026-06-23,Hamilton,ON,23.6,11.6,13.1
2026-06-24,Hamilton,ON,23.7,13.6,13.6
2026-06-25,Hamilton,ON,21.4,15.0,11.4
2026-06-26,Hamilton,ON,23.1,13.7,9.8
2026-06-27,Hamilton,ON,22.9,14.5,10.9
2026-06-28,Hamilton,ON,23.2,15.2,10.8
2026-06-29,Hamilton,ON,25.1,15.8,10.1
2026-06-30,Hamilton,ON,31.3,18.6,24.2
2026-07-01,Hamilton,ON,33.4,23.7,22.7
2026-07-02,Hamilton,ON,32.2,23.6,23.0
2026-07-03,Hamilton,ON,30.6,22.2,20.6
2026-07-04,Hamilton,ON,26.7,21.5,21.0
2026-07-05,Hamilton,ON,22.7,20.2,15.4
2026-07-06,Hamilton,ON,23.0,19.1,16.9
2026-07-07,Hamilton,ON,23.5,19.3,18.2
2026-07-08,Hamilton,ON,28.8,17.7,13.9
2026-07-09,Hamilton,ON,28.6,20.2,16.7
2026-07-10,Hamilton,ON,24.9,18.7,11.7
2026-07-11,Hamilton,ON,24.8,18.5,14.7
2026-07-12,Hamilton,ON,25.4,17.4,12.2
2026-07-13,Hamilton,ON,29.7,14.7,19.2
2026-07-14,Hamilton,ON,32.9,21.2,27.0
2026-07-15,Hamilton,ON,31.7,21.8,15.6
2026-07-16,Hamilton,ON,28.8,19.4,18.4
2026-07-17,Hamilton,ON,26.7,16.2,14.4
2026-07-18,Hamilton,ON,28.3,19.3,25.8
2026-07-19,Hamilton,ON,24.3,15.6,15.1
2026-07-20,Hamilton,ON,25.6,11.9,20.6
2026-07-21,Hamilton,ON,23.9,18.6,26.7
2026-07-22,Hamilton,ON,20.7,13.7,23.1
2026-07-23,Hamilton,ON,23.5,11.4,14.0
2026-07-24,Hamilton,ON,24.1,10.8,12.1
2024-01-01,London,ON,0.8,-2.7,15.2
2024-01-02,London,ON,1.8,-3.8,19.3
2024-01-03,London,ON,1.6,-1.4,15.7
2024-01-04,London,ON,-0.4,-5.3,19.6
2024-01-05,London,ON,-0.1,-6.4,17.8
2024-01-06,London,ON,0.6,-4.3,19.1
2024-01-07,London,ON,1.1,-2.4,14.0
2024-01-08,London,ON,3.5,-2.8,15.6
2024-01-09,London,ON,5.6,-0.6,24.5
2024-01-10,London,ON,5.2,-1.2,30.6
2024-01-11,London,ON,2.2,-1.6,18.6
2024-01-12,London,ON,4.0,-4.7,33.2
2024-01-13,London,ON,5.4,-5.1,34.0
2024-01-14,London,ON,-5.7,-15.3,32.8
2024-01-15,London,ON,-11.1,-17.9,17.7
2024-01-16,London,ON,-9.4,-14.1,18.8
2024-01-17,London,ON,-9.5,-16.3,27.7
2024-01-18,London,ON,-4.0,-10.7,16.1
2024-01-19,London,ON,-6.3,-13.3,14.5
2024-01-20,London,ON,-7.0,-15.1,20.4
2024-01-21,London,ON,-4.9,-8.4,18.6
2024-01-22,London,ON,-1.3,-9.3,18.1
2024-01-23,London,ON,1.2,-2.2,13.4
2024-01-24,London,ON,3.1,1.1,7.4
2024-01-25,London,ON,6.2,1.4,16.6
2024-01-26,London,ON,9.0,1.1,25.8
2024-01-27,London,ON,6.9,0.5,10.8
2024-01-28,London,ON,2.5,0.4,21.1
2024-01-29,London,ON,1.8,-1.3,16.9
2024-01-30,London,ON,1.1,-2.6,20.1
2024-01-31,London,ON,4.4,-1.6,17.4
2024-02-01,London,ON,5.7,-0.8,19.2
2024-02-02,London,ON,3.1,-4.5,15.2
2024-02-03,London,ON,3.8,-5.6,9.7
2024-02-04,London,ON,7.4,-6.0,12.8
2024-02-05,London,ON,5.4,-4.1,13.8
2024-02-06,London,ON,5.5,-5.1,8.9
2024-02-07,London,ON,7.5,-3.4,10.1
2024-02-08,London,ON,9.7,-0.6,18.2
2024-02-09,London,ON,13.6,5.5,25.5
2024-02-10,London,ON,8.0,0.8,18.4
2024-02-11,London,ON,3.0,-3.0,14.0
2024-02-12,London,ON,4.3,-4.1,8.8
2024-02-13,London,ON,2.5,-3.9,26.0
2024-02-14,London,ON,-0.5,-5.2,15.7
2024-02-15,London,ON,3.0,-5.1,33.5
2024-02-16,London,ON,-2.2,-4.4,21.9
2024-02-17,London,ON,-3.5,-7.0,24.1
2024-02-18,London,ON,1.3,-7.3,29.5
2024-02-19,London,ON,2.1,-7.3,18.2
2024-02-20,London,ON,6.0,-5.6,14.3
2024-02-21,London,ON,8.9,-2.1,19.5
2024-02-22,London,ON,10.5,0.2,19.1
2024-02-23,London,ON,7.3,-5.9,23.4
2024-02-24,London,ON,-1.7,-10.3,17.7
2024-02-25,London,ON,4.4,-7.3,25.6
2024-02-26,London,ON,11.2,-1.4,16.6
2024-02-27,London,ON,13.7,5.2,21.0
2024-02-28,London,ON,15.3,-5.8,36.6
2024-02-29,London,ON,-1.4,-7.3,26.0
2024-03-01,London,ON,8.1,-3.6,16.9
2024-03-02,London,ON,9.7,2.2,9.8
2024-03-03,London,ON,11.4,-1.4,17.7
2024-03-04,London,ON,17.4,4.6,17.7
2024-03-05,London,ON,18.9,4.9,18.3
2024-03-06,London,ON,9.8,4.8,15.9
2024-03-07,London,ON,11.7,1.8,14.8
2024-03-08,London,ON,14.0,2.1,17.8
2024-03-09,London,ON,10.0,2.3,26.7
2024-03-10,London,ON,1.4,-1.7,37.0
2024-03-11,London,ON,9.4,-2.9,26.3
2024-03-12,London,ON,16.2,1.6,17.5
2024-03-13,London,ON,16.7,6.3,18.1
2024-03-14,London,ON,14.1,3.6,18.3
2024-03-15,London,ON,9.3,-1.2,19.4
2024-03-16,London,ON,10.8,-3.6,25.1
2024-03-17,London,ON,4.5,-1.7,22.3
2024-03-18,London,ON,1.0,-3.3,24.8
2024-03-19,London,ON,2.8,-3.4,25.5
2024-03-20,London,ON,-0.8,-5.0,31.2
2024-03-21,London,ON,-2.4,-6.2,22.1
2024-03-22,London,ON,-0.6,-6.5,14.3
2024-03-23,London,ON,2.4,-5.9,22.2
2024-03-24,London,ON,4.4,-6.7,18.7
2024-03-25,London,ON,14.3,-1.4,21.8
2024-03-26,London,ON,10.3,4.7,28.8
2024-03-27,London,ON,8.5,-0.1,20.6
2024-03-28,London,ON,8.2,-3.5,18.5
2024-03-29,London,ON,6.6,-3.6,20.8
2024-03-30,London,ON,7.1,-3.4,10.3
2024-03-31,London,ON,9.0,-0.6,13.0
2024-04-01,London,ON,13.2,0.8,13.0
2024-04-02,London,ON,8.5,3.7,30.6
2024-04-03,London,ON,9.2,1.8,25.2
2024-04-04,London,ON,7.9,-2.7,15.3
2024-04-05,London,ON,4.5,-1.5,28.9
2024-04-06,London,ON,11.7,0.8,21.7
2024-04-07,London,ON,14.3,-1.4,14.0
2024-04-08,London,ON,17.7,6.0,14.8
2024-04-09,London,ON,20.3,7.5,20.6
2024-04-10,London,ON,16.4,6.7,13.2
2024-04-11,London,ON,15.6,8.3,22.0
2024-04-12,London,ON,13.4,4.0,39.5
2024-04-13,London,ON,12.3,3.4,35.2
2024-04-14,London,ON,21.2,6.9,24.2
2024-04-15,London,ON,15.9,3.6,17.5
2024-04-16,London,ON,18.8,3.3,18.8
2024-04-17,London,ON,16.9,7.4,25.2
2024-04-18,London,ON,16.2,8.9,21.4
2024-04-19,London,ON,14.9,7.4,24.7
2024-04-20,London,ON,7.5,2.9,24.6
2024-04-21,London,ON,9.9,2.3,22.4
2024-04-22,London,ON,13.0,-0.3,18.1
2024-04-23,London,ON,15.1,7.3,30.2
2024-04-24,London,ON,8.4,0.6,21.7
2024-04-25,London,ON,12.2,-0.9,15.0
2024-04-26,London,ON,17.4,0.2,20.5
2024-04-27,London,ON,22.3,9.4,23.1
2024-04-28,London,ON,22.8,15.3,19.3
2024-04-29,London,ON,22.9,13.2,21.0
2024-04-30,London,ON,21.1,10.9,16.4
2024-05-01,London,ON,22.9,7.8,22.8
2024-05-02,London,ON,21.1,9.1,12.3
2024-05-03,London,ON,19.7,12.5,15.6
2024-05-04,London,ON,23.8,12.2,18.5
2024-05-05,London,ON,20.8,11.2,17.9
2024-05-06,London,ON,19.6,7.8,11.7
2024-05-07,London,ON,22.3,7.3,18.7
2024-05-08,London,ON,21.2,10.2,35.6
2024-05-09,London,ON,17.6,7.5,15.5
2024-05-10,London,ON,16.4,7.4,16.6
2024-05-11,London,ON,14.7,7.7,22.3
2024-05-12,London,ON,18.0,6.5,16.0
2024-05-13,London,ON,25.7,10.6,24.1
2024-05-14,London,ON,22.9,11.0,10.3
2024-05-15,London,ON,22.1,12.1,12.0
2024-05-16,London,ON,22.6,11.1,8.8
2024-05-17,London,ON,19.4,14.6,13.9
2024-05-18,London,ON,25.7,13.7,13.4
2024-05-19,London,ON,26.6,11.8,12.0
2024-05-20,London,ON,28.6,14.3,19.8
2024-05-21,London,ON,26.7,18.0,15.9
2024-05-22,London,ON,26.5,18.7,29.1
2024-05-23,London,ON,25.0,13.6,21.3
2024-05-24,London,ON,24.4,12.6,12.5
2024-05-25,London,ON,23.9,15.0,15.1
2024-05-26,London,ON,25.4,11.2,27.1
2024-05-27,London,ON,22.0,14.6,27.7
2024-05-28,London,ON,19.7,12.3,21.0
2024-05-29,London,ON,18.7,8.9,21.2
2024-05-30,London,ON,18.4,5.6,19.4
2024-05-31,London,ON,22.2,5.4,12.3
2024-06-01,London,ON,23.0,10.3,15.2
2024-06-02,London,ON,21.8,15.1,17.5
2024-06-03,London,ON,25.6,13.7,13.7
2024-06-04,London,ON,27.8,14.0,13.3
2024-06-05,London,ON,25.9,18.1,22.3
2024-06-06,London,ON,23.2,16.4,19.1
2024-06-07,London,ON,19.3,12.6,23.3
2024-06-08,London,ON,22.2,11.7,19.2
2024-06-09,London,ON,21.1,11.3,27.0
2024-06-10,London,ON,14.7,9.3,24.0
2024-06-11,London,ON,21.4,8.0,13.8
2024-06-12,London,ON,26.5,12.4,20.4
2024-06-13,London,ON,28.5,18.5,23.5
2024-06-14,London,ON,22.4,13.9,20.7
2024-06-15,London,ON,22.1,10.7,13.2
2024-06-16,London,ON,25.8,12.9,16.3
2024-06-17,London,ON,30.3,18.6,18.8
2024-06-18,London,ON,29.9,20.9,15.8
2024-06-19,London,ON,32.0,21.7,17.1
2024-06-20,London,ON,31.3,21.0,12.0
2024-06-21,London,ON,30.4,20.6,12.6
2024-06-22,London,ON,31.0,19.4,18.4
2024-06-23,London,ON,26.3,16.8,29.3
2024-06-24,London,ON,25.1,14.7,16.2
2024-06-25,London,ON,25.6,17.5,28.0
2024-06-26,London,ON,27.7,17.0,14.6
2024-06-27,London,ON,20.2,13.3,18.1
2024-06-28,London,ON,22.7,11.8,19.5
2024-06-29,London,ON,27.3,17.7,23.2
2024-06-30,London,ON,22.8,12.1,28.5
2024-07-01,London,ON,23.6,9.6,13.3
2024-07-02,London,ON,24.0,13.6,16.6
2024-07-03,London,ON,29.2,20.5,22.2
2024-07-04,London,ON,28.3,16.9,9.7
2024-07-05,London,ON,27.5,17.1,12.3
2024-07-06,London,ON,25.2,16.8,13.7
2024-07-07,London,ON,27.1,16.2,10.5
2024-07-08,London,ON,28.7,17.7,13.0
2024-07-09,London,ON,27.6,20.4,11.5
2024-07-10,London,ON,25.4,18.9,24.5
2024-07-11,London,ON,25.1,16.4,22.1
2024-07-12,London,ON,27.6,16.7,9.9
2024-07-13,London,ON,29.7,16.1,9.5
2024-07-14,London,ON,28.7,20.0,21.1
2024-07-15,London,ON,26.2,21.5,18.1
2024-07-16,London,ON,28.0,20.3,22.2
2024-07-17,London,ON,25.5,18.2,15.8
2024-07-18,London,ON,21.7,14.2,18.9
2024-07-19,London,ON,24.4,10.5,9.2
2024-07-20,London,ON,26.0,14.7,10.5
2024-07-21,London,ON,26.5,16.6,13.0
2024-07-22,London,ON,26.9,16.4,9.3
2024-07-23,London,ON,27.3,16.3,14.1
2024-07-24,London,ON,24.3,17.1,17.3
2024-07-25,London,ON,23.4,14.5,15.8
2024-07-26,London,ON,25.1,12.5,11.7
2024-07-27,London,ON,27.3,13.8,9.0
2024-07-28,London,ON,29.1,16.2,12.0
2024-07-29,London,ON,28.1,18.5,17.1
2024-07-30,London,ON,26.3,20.9,15.8
2024-07-31,London,ON,30.6,19.6,10.9
2024-08-01,London,ON,29.2,20.3,10.3
2024-08-02,London,ON,29.0,21.2,14.1
2024-08-03,London,ON,27.6,19.6,15.1
2024-08-04,London,ON,28.5,17.2,11.8
2024-08-05,London,ON,27.0,19.0,15.3
2024-08-06,London,ON,19.7,16.8,16.9
2024-08-07,London,ON,24.8,14.8,19.5
2024-08-08,London,ON,25.9,16.1,14.2
2024-08-09,London,ON,26.1,17.8,22.0
2024-08-10,London,ON,21.6,14.2,23.2
2024-08-11,London,ON,21.9,14.1,21.3
2024-08-12,London,ON,22.7,13.9,16.9
2024-08-13,London,ON,25.1,12.8,9.8
2024-08-14,London,ON,27.3,14.4,9.7
2024-08-15,London,ON,26.7,15.0,12.2
2024-08-16,London,ON,26.3,19.2,17.1
2024-08-17,London,ON,24.6,19.7,16.4
2024-08-18,London,ON,23.2,18.3,24.0
2024-08-19,London,ON,18.4,14.1,21.4
2024-08-20,London,ON,18.5,10.6,22.7
2024-08-21,London,ON,19.4,10.4,19.0
2024-08-22,London,ON,22.8,9.9,11.2
2024-08-23,London,ON,24.9,13.0,12.3
2024-08-24,London,ON,26.7,14.3,13.2
2024-08-25,London,ON,27.7,16.2,8.9
2024-08-26,London,ON,29.0,18.9,10.8
2024-08-27,London,ON,30.6,20.6,17.8
2024-08-28,London,ON,28.0,19.2,16.7
2024-08-29,London,ON,25.6,17.5,14.0
2024-08-30,London,ON,27.8,15.3,14.9
2024-08-31,London,ON,26.0,18.8,13.8
2024-09-01,London,ON,22.3,14.8,23.8
2024-09-02,London,ON,19.6,11.7,17.4
2024-09-03,London,ON,21.6,8.6,9.6
2024-09-04,London,ON,23.7,12.8,12.4
2024-09-05,London,ON,25.3,15.3,16.9
2024-09-06,London,ON,21.7,13.1,21.5
2024-09-07,London,ON,14.7,9.8,27.9
2024-09-08,London,ON,18.1,8.3,20.7
2024-09-09,London,ON,22.4,12.3,21.6
2024-09-10,London,ON,24.0,9.3,10.0
2024-09-11,London,ON,26.0,12.7,9.4
2024-09-12,London,ON,28.1,14.3,10.4
2024-09-13,London,ON,27.3,15.9,12.3
2024-09-14,London,ON,27.6,15.6,13.7
2024-09-15,London,ON,26.8,16.1,13.7
2024-09-16,London,ON,26.5,15.9,12.4
2024-09-17,London,ON,25.5,14.1,11.0
2024-09-18,London,ON,26.5,14.9,11.9
2024-09-19,London,ON,27.5,14.6,10.4
2024-09-20,London,ON,25.3,15.2,11.3
2024-09-21,London,ON,27.0,16.9,13.6
2024-09-22,London,ON,24.3,13.7,9.4
2024-09-23,London,ON,23.3,17.7,18.0
2024-09-24,London,ON,21.4,16.9,16.3
2024-09-25,London,ON,23.6,16.9,19.7
2024-09-26,London,ON,23.3,14.9,11.0
2024-09-27,London,ON,23.2,14.6,22.1
2024-09-28,London,ON,23.2,17.4,22.2
2024-09-29,London,ON,24.6,17.4,17.5
2024-09-30,London,ON,22.4,15.3,18.9
2024-10-01,London,ON,22.8,12.5,21.1
2024-10-02,London,ON,17.5,9.3,17.1
2024-10-03,London,ON,22.4,10.5,14.0
2024-10-04,London,ON,21.1,10.5,13.7
2024-10-05,London,ON,18.4,8.2,14.1
2024-10-06,London,ON,23.2,11.5,28.3
2024-10-07,London,ON,14.4,9.8,20.9
2024-10-08,London,ON,15.9,8.0,23.6
2024-10-09,London,ON,12.8,6.2,28.1
2024-10-10,London,ON,13.6,3.7,12.7
2024-10-11,London,ON,20.9,6.4,20.9
2024-10-12,London,ON,17.8,10.6,19.9
2024-10-13,London,ON,10.9,7.3,19.3
2024-10-14,London,ON,11.1,4.2,22.4
2024-10-15,London,ON,9.6,2.8,21.1
2024-10-16,London,ON,10.2,3.8,19.1
2024-10-17,London,ON,14.5,2.2,8.1
2024-10-18,London,ON,17.3,3.5,10.1
2024-10-19,London,ON,19.5,5.9,11.9
2024-10-20,London,ON,20.3,7.6,15.0
2024-10-21,London,ON,23.1,11.6,12.4
2024-10-22,London,ON,21.8,10.1,15.0
2024-10-23,London,ON,19.3,8.1,21.9
2024-10-24,London,ON,12.4,4.7,14.4
2024-10-25,London,ON,14.9,4.6,15.4
2024-10-26,London,ON,10.8,3.2,25.0
2024-10-27,London,ON,12.0,1.7,14.0
2024-10-28,London,ON,13.4,4.0,15.9
2024-10-29,London,ON,21.0,6.2,21.5
2024-10-30,London,ON,21.4,16.4,22.4
2024-10-31,London,ON,21.0,16.3,31.8
2024-11-01,London,ON,16.6,5.7,27.0
2024-11-02,London,ON,9.4,4.2,9.1
2024-11-03,London,ON,12.1,2.5,21.8
2024-11-04,London,ON,17.3,9.8,21.7
2024-11-05,London,ON,20.9,15.9,28.0
2024-11-06,London,ON,20.3,12.3,27.7
2024-11-07,London,ON,12.5,7.9,15.5
2024-11-08,London,ON,11.3,5.7,25.1
2024-11-09,London,ON,9.7,1.0,13.0
2024-11-10,London,ON,14.4,4.9,26.0
2024-11-11,London,ON,12.2,6.8,27.2
2024-11-12,London,ON,7.3,1.0,23.1
2024-11-13,London,ON,8.1,-0.2,23.0
2024-11-14,London,ON,7.3,6.1,21.3
2024-11-15,London,ON,9.1,6.0,15.0
2024-11-16,London,ON,10.2,5.7,14.8
2024-11-17,London,ON,10.1,4.9,20.3
2024-11-18,London,ON,11.9,5.4,14.3
2024-11-19,London,ON,11.8,4.8,21.1
2024-11-20,London,ON,13.0,3.8,24.7
2024-11-21,London,ON,4.4,-0.4,14.9
2024-11-22,London,ON,6.9,1.3,26.2
2024-11-23,London,ON,6.7,4.9,24.6
2024-11-24,London,ON,6.3,1.7,16.8
2024-11-25,London,ON,8.1,1.5,20.4
2024-11-26,London,ON,8.2,1.0,28.2
2024-11-27,London,ON,4.2,-2.9,22.4
2024-11-28,London,ON,3.4,-0.3,20.4
2024-11-29,London,ON,-0.1,-4.2,25.6
2024-11-30,London,ON,-2.4,-4.8,27.7
2024-12-01,London,ON,-0.3,-5.7,23.2
2024-12-02,London,ON,-1.5,-4.5,18.9
2024-12-03,London,ON,-1.9,-11.0,21.8
2024-12-04,London,ON,0.2,-4.2,32.6
2024-12-05,London,ON,-0.5,-5.8,39.2
2024-12-06,London,ON,-3.8,-8.1,22.3
2024-12-07,London,ON,2.5,-4.1,32.5
2024-12-08,London,ON,2.9,-2.0,33.3
2024-12-09,London,ON,4.3,1.9,19.3
2024-12-10,London,ON,3.2,0.9,13.1
2024-12-11,London,ON,0.8,-3.5,23.2
2024-12-12,London,ON,-3.5,-11.9,32.5
2024-12-13,London,ON,-7.9,-16.1,19.7
2024-12-14,London,ON,-2.0,-17.1,22.8
2024-12-15,London,ON,2.0,-4.1,22.2
2024-12-16,London,ON,8.9,2.0,23.3
2024-12-17,London,ON,8.6,1.4,27.1
2024-12-18,London,ON,1.6,0.3,17.3
2024-12-19,London,ON,0.1,-3.1,17.4
2024-12-20,London,ON,-0.8,-5.0,18.2
2024-12-21,London,ON,-5.6,-9.6,15.8
2024-12-22,London,ON,-5.6,-11.4,12.2
2024-12-23,London,ON,0.9,-5.0,23.6
2024-12-24,London,ON,1.4,-3.4,16.3
2024-12-25,London,ON,-0.2,-5.1,10.6
2024-12-26,London,ON,2.2,-1.9,16.5
2024-12-27,London,ON,5.7,-0.6,20.1
2024-12-28,London,ON,12.2,3.5,22.0
2024-12-29,London,ON,10.2,2.7,26.1
2024-12-30,London,ON,8.5,0.8,32.6
2024-12-31,London,ON,3.2,-2.5,21.6
2025-01-01,London,ON,0.8,-2.3,24.5
2025-01-02,London,ON,-2.0,-4.5,24.2
2025-01-03,London,ON,-3.4,-5.0,26.4
2025-01-04,London,ON,-5.5,-7.8,29.0
2025-01-05,London,ON,-5.8,-9.1,22.9
2025-01-06,London,ON,-5.2,-9.4,20.7
2025-01-07,London,ON,-3.8,-8.3,25.6
2025-01-08,London,ON,-6.0,-9.5,20.5
2025-01-09,London,ON,-6.2,-12.1,18.6
2025-01-10,London,ON,-3.9,-13.5,16.2
2025-01-11,London,ON,-2.2,-7.1,17.0
2025-01-12,London,ON,-0.6,-7.9,22.2
2025-01-13,London,ON,-0.1,-8.3,28.1
2025-01-14,London,ON,-8.4,-11.6,28.1
2025-01-15,London,ON,-6.3,-10.4,24.1
2025-01-16,London,ON,-2.4,-10.1,20.4
2025-01-17,London,ON,0.8,-3.7,28.0
2025-01-18,London,ON,1.5,-5.0,27.0
2025-01-19,London,ON,-5.3,-11.0,18.8
2025-01-20,London,ON,-11.6,-16.8,25.2
2025-01-21,London,ON,-13.6,-19.6,21.2
2025-01-22,London,ON,-9.4,-22.0,25.9
2025-01-23,London,ON,-5.9,-9.7,21.8
2025-01-24,London,ON,-8.1,-10.9,16.7
2025-01-25,London,ON,-1.8,-13.0,28.0
2025-01-26,London,ON,-1.8,-6.9,28.0
2025-01-27,London,ON,-0.9,-7.8,32.7
2025-01-28,London,ON,1.7,-8.0,30.8
2025-01-29,London,ON,2.0,-6.8,31.1
2025-01-30,London,ON,2.1,-11.5,20.7
2025-01-31,London,ON,1.6,-5.3,22.3
2025-02-01,London,ON,-6.4,-13.4,23.4
2025-02-02,London,ON,-2.1,-11.2,19.5
2025-02-03,London,ON,2.7,-4.4,16.9
2025-02-04,London,ON,-1.5,-7.3,27.8
2025-02-05,London,ON,-3.6,-8.4,17.1
2025-02-06,London,ON,0.2,-6.5,30.6
2025-02-07,London,ON,-1.3,-11.0,32.3
2025-02-08,London,ON,-3.4,-10.7,20.8
2025-02-09,London,ON,-3.8,-7.9,21.0
2025-02-10,London,ON,-4.9,-14.2,17.9
2025-02-11,London,ON,-4.8,-11.8,11.7
2025-02-12,London,ON,-3.9,-11.9,26.3
2025-02-13,London,ON,0.1,-7.7,27.8
2025-02-14,London,ON,-8.1,-11.6,25.9
2025-02-15,London,ON,-0.2,-7.8,18.6
2025-02-16,London,ON,-1.5,-7.3,35.5
2025-02-17,London,ON,-7.7,-14.4,34.1
2025-02-18,London,ON,-11.8,-16.7,25.7
2025-02-19,London,ON,-8.6,-15.4,15.0
2025-02-20,London,ON,-6.8,-11.0,26.2
2025-02-21,London,ON,-5.2,-9.6,24.5
2025-02-22,London,ON,-4.1,-10.1,23.8
2025-02-23,London,ON,-1.7,-8.5,20.2
2025-02-24,London,ON,3.1,-2.9,37.8
2025-02-25,London,ON,3.0,-0.3,18.5
2025-02-26,London,ON,2.8,-6.8,11.3
2025-02-27,London,ON,3.7,-0.3,20.8
2025-02-28,London,ON,4.1,-5.0,32.3
2025-03-01,London,ON,3.4,-10.1,34.0
2025-03-02,London,ON,-5.8,-9.8,20.2
2025-03-03,London,ON,2.1,-11.3,16.1
2025-03-04,London,ON,4.8,-1.9,17.3
2025-03-05,London,ON,12.6,2.5,31.8
2025-03-06,London,ON,1.4,-4.8,38.1
2025-03-07,London,ON,3.2,-3.7,23.6
2025-03-08,London,ON,-0.3,-6.3,23.6
2025-03-09,London,ON,9.2,-1.7,24.0
2025-03-10,London,ON,14.3,-0.1,24.0
2025-03-11,London,ON,11.1,-3.6,27.0
2025-03-12,London,ON,4.1,-4.7,19.3
2025-03-13,London,ON,10.7,-3.5,14.8
2025-03-14,London,ON,16.9,0.3,19.6
2025-03-15,London,ON,16.7,10.1,33.4
2025-03-16,London,ON,16.4,0.5,34.2
2025-03-17,London,ON,4.5,-2.8,26.4
2025-03-18,London,ON,13.2,-1.0,18.9
2025-03-19,London,ON,17.7,6.9,22.1
2025-03-20,London,ON,11.4,-1.4,33.0
2025-03-21,London,ON,6.1,-4.0,25.1
2025-03-22,London,ON,5.6,-4.8,32.3
2025-03-23,London,ON,2.2,-5.6,25.6
2025-03-24,London,ON,3.9,0.1,31.3
2025-03-25,London,ON,1.6,-1.1,21.2
2025-03-26,London,ON,-0.4,-3.7,21.9
2025-03-27,London,ON,10.2,-4.0,21.3
2025-03-28,London,ON,9.5,-0.9,16.3
2025-03-29,London,ON,15.2,5.3,26.5
2025-03-30,London,ON,17.6,4.3,26.5
2025-03-31,London,ON,13.0,-1.1,25.6
2025-04-01,London,ON,5.0,-2.7,20.8
2025-04-02,London,ON,8.1,-0.8,33.3
2025-04-03,London,ON,17.6,5.2,35.6
2025-04-04,London,ON,11.5,1.0,16.4
2025-04-05,London,ON,10.2,4.5,18.9
2025-04-06,London,ON,5.0,-0.2,20.0
2025-04-07,London,ON,6.4,-3.0,34.8
2025-04-08,London,ON,-3.1,-6.2,30.7
2025-04-09,London,ON,4.7,-6.7,14.7
2025-04-10,London,ON,1.4,-0.6,19.5
2025-04-11,London,ON,8.1,-0.7,18.1
2025-04-12,London,ON,11.4,1.5,17.1
2025-04-13,London,ON,14.7,-0.5,16.7
2025-04-14,London,ON,20.8,5.1,25.2
2025-04-15,London,ON,9.0,1.3,33.7
2025-04-16,London,ON,4.9,-0.7,30.2
2025-04-17,London,ON,11.1,-2.3,16.8
2025-04-18,London,ON,20.0,6.0,27.0
2025-04-19,London,ON,18.4,5.7,24.4
2025-04-20,London,ON,12.9,0.5,17.5
2025-04-21,London,ON,21.0,6.1,33.9
2025-04-22,London,ON,13.5,4.7,24.0
2025-04-23,London,ON,18.6,5.9,13.3
2025-04-24,London,ON,24.0,9.0,13.3
2025-04-25,London,ON,19.9,10.9,17.3
2025-04-26,London,ON,13.4,3.4,34.5
2025-04-27,London,ON,14.2,2.1,18.5
2025-04-28,London,ON,17.6,3.4,17.6
2025-04-29,London,ON,24.0,5.8,32.3
2025-04-30,London,ON,11.4,0.9,22.3
2025-05-01,London,ON,17.9,6.9,20.6
2025-05-02,London,ON,18.4,9.4,22.4
2025-05-03,London,ON,12.8,6.9,12.6
2025-05-04,London,ON,12.7,6.7,27.5
2025-05-05,London,ON,19.6,10.5,25.1
2025-05-06,London,ON,16.7,11.1,19.5
2025-05-07,London,ON,18.2,8.1,16.2
2025-05-08,London,ON,13.8,4.4,16.0
2025-05-09,London,ON,14.9,2.7,20.4
2025-05-10,London,ON,18.8,4.4,17.5
2025-05-11,London,ON,16.6,4.7,16.3
2025-05-12,London,ON,24.2,6.6,11.7
2025-05-13,London,ON,21.7,14.4,22.2
2025-05-14,London,ON,22.4,15.5,22.6
2025-05-15,London,ON,23.2,14.4,17.5
2025-05-16,London,ON,25.5,16.0,21.7
2025-05-17,London,ON,17.9,13.0,26.4
2025-05-18,London,ON,13.1,6.6,26.8
2025-05-19,London,ON,14.0,5.4,20.7
2025-05-20,London,ON,14.3,3.3,24.4
2025-05-21,London,ON,11.1,7.8,26.1
2025-05-22,London,ON,10.9,7.0,27.9
2025-05-23,London,ON,9.8,6.6,26.4
2025-05-24,London,ON,12.8,6.6,26.3
2025-05-25,London,ON,14.5,5.2,21.5
2025-05-26,London,ON,19.2,5.4,11.3
2025-05-27,London,ON,20.4,10.0,16.5
2025-05-28,London,ON,14.4,10.5,22.3
2025-05-29,London,ON,18.6,11.2,20.3
2025-05-30,London,ON,21.4,10.8,20.1
2025-05-31,London,ON,11.7,7.1,32.8
2025-06-01,London,ON,13.4,4.2,27.3
2025-06-02,London,ON,21.5,5.3,14.3
2025-06-03,London,ON,24.4,11.9,22.3
2025-06-04,London,ON,27.7,17.0,27.5
2025-06-05,London,ON,20.6,14.3,13.7
2025-06-06,London,ON,22.8,13.8,13.1
2025-06-07,London,ON,24.5,13.8,15.5
2025-06-08,London,ON,24.1,13.4,16.3
2025-06-09,London,ON,20.7,14.7,18.5
2025-06-10,London,ON,20.6,11.1,20.9
2025-06-11,London,ON,25.7,13.4,23.4
2025-06-12,London,ON,21.3,14.0,15.0
2025-06-13,London,ON,19.6,12.4,16.9
2025-06-14,London,ON,22.1,12.9,20.0
2025-06-15,London,ON,24.6,12.8,13.0
2025-06-16,London,ON,26.4,14.2,12.0
2025-06-17,London,ON,26.8,17.8,15.4
2025-06-18,London,ON,28.7,18.5,13.8
2025-06-19,London,ON,21.8,15.8,34.5
2025-06-20,London,ON,24.0,14.9,14.7
2025-06-21,London,ON,26.2,17.8,27.4
2025-06-22,London,ON,32.6,24.0,27.6
2025-06-23,London,ON,32.4,23.3,18.7
2025-06-24,London,ON,31.1,23.6,16.9
2025-06-25,London,ON,27.5,20.5,11.5
2025-06-26,London,ON,27.5,16.7,17.0
2025-06-27,London,ON,27.6,16.5,21.9
2025-06-28,London,ON,23.9,17.3,20.0
2025-06-29,London,ON,26.1,13.9,9.3
2025-06-30,London,ON,26.9,18.6,15.2
2025-07-01,London,ON,26.5,20.2,18.0
2025-07-02,London,ON,26.5,16.4,16.0
2025-07-03,London,ON,23.8,16.4,20.1
2025-07-04,London,ON,25.8,13.3,10.7
2025-07-05,London,ON,29.7,18.4,15.5
2025-07-06,London,ON,29.8,22.1,22.8
2025-07-07,London,ON,22.6,16.8,17.9
2025-07-08,London,ON,24.7,14.6,13.4
2025-07-09,London,ON,24.1,17.7,12.3
2025-07-10,London,ON,26.5,16.7,8.0
2025-07-11,London,ON,28.0,18.1,14.2
2025-07-12,London,ON,29.8,20.3,22.8
2025-07-13,London,ON,28.0,21.5,11.9
2025-07-14,London,ON,28.1,20.4,11.6
2025-07-15,London,ON,29.1,16.9,10.5
2025-07-16,London,ON,29.0,20.0,15.6
2025-07-17,London,ON,22.8,14.4,31.2
2025-07-18,London,ON,23.3,11.7,12.0
2025-07-19,London,ON,25.4,13.4,12.0
2025-07-20,London,ON,23.0,16.6,20.2
2025-07-21,London,ON,21.4,13.9,13.6
2025-07-22,London,ON,24.1,13.0,12.6
2025-07-23,London,ON,26.4,15.0,12.1
2025-07-24,London,ON,30.1,20.1,18.6
2025-07-25,London,ON,26.4,21.1,13.9
2025-07-26,London,ON,26.8,19.1,16.3
2025-07-27,London,ON,28.4,21.2,15.9
2025-07-28,London,ON,29.9,18.6,13.5
2025-07-29,London,ON,29.8,19.6,12.2
2025-07-30,London,ON,27.7,18.9,20.0
2025-07-31,London,ON,22.2,15.4,16.8
2025-08-01,London,ON,22.8,12.8,12.6
2025-08-02,London,ON,23.6,12.1,11.6
2025-08-03,London,ON,25.4,13.7,10.7
2025-08-04,London,ON,26.3,15.8,9.0
2025-08-05,London,ON,27.6,17.2,13.5
2025-08-06,London,ON,27.0,18.2,15.7
2025-08-07,London,ON,25.4,18.6,16.3
2025-08-08,London,ON,27.0,19.7,16.1
2025-08-09,London,ON,28.6,20.9,17.7
2025-08-10,London,ON,29.6,21.4,15.0
2025-08-11,London,ON,29.5,21.1,19.4
2025-08-12,London,ON,30.2,21.4,16.0
2025-08-13,London,ON,26.4,20.0,16.0
2025-08-14,London,ON,27.3,16.1,12.3
2025-08-15,London,ON,28.5,18.3,9.0
2025-08-16,London,ON,29.8,18.3,11.0
2025-08-17,London,ON,25.2,16.5,23.8
2025-08-18,London,ON,22.6,14.1,16.3
2025-08-19,London,ON,20.9,14.1,15.4
2025-08-20,London,ON,23.1,18.0,17.6
2025-08-21,London,ON,24.4,15.0,19.4
2025-08-22,London,ON,24.7,14.0,8.0
2025-08-23,London,ON,23.6,17.6,17.6
2025-08-24,London,ON,22.3,14.5,17.0
2025-08-25,London,ON,18.6,12.7,22.7
2025-08-26,London,ON,17.6,10.8,20.5
2025-08-27,London,ON,19.4,10.7,14.5
2025-08-28,London,ON,18.4,12.5,16.8
2025-08-29,London,ON,16.2,8.8,18.3
2025-08-30,London,ON,18.3,9.1,14.9
2025-08-31,London,ON,21.3,8.4,8.2
2025-09-01,London,ON,24.0,11.4,12.3
2025-09-02,London,ON,24.6,12.8,12.2
2025-09-03,London,ON,24.9,14.6,23.5
2025-09-04,London,ON,17.6,12.1,17.6
2025-09-05,London,ON,20.1,10.2,33.3
2025-09-06,London,ON,17.2,9.8,18.5
2025-09-07,London,ON,16.3,8.6,20.5
2025-09-08,London,ON,18.1,7.0,7.0
2025-09-09,London,ON,21.5,10.6,13.0
2025-09-10,London,ON,23.3,13.0,10.7
2025-09-11,London,ON,23.4,10.9,13.7
2025-09-12,London,ON,24.2,12.1,11.1
2025-09-13,London,ON,23.5,14.4,7.8
2025-09-14,London,ON,25.2,13.6,11.4
2025-09-15,London,ON,25.3,14.8,12.4
2025-09-16,London,ON,26.3,13.7,12.9
2025-09-17,London,ON,25.1,12.7,11.3
2025-09-18,London,ON,26.0,12.6,14.3
2025-09-19,London,ON,23.6,13.7,11.1
2025-09-20,London,ON,22.4,12.7,19.6
2025-09-21,London,ON,25.2,13.4,19.3
2025-09-22,London,ON,22.3,17.6,16.9
2025-09-23,London,ON,23.8,17.2,12.4
2025-09-24,London,ON,19.6,16.9,16.5
2025-09-25,London,ON,21.9,15.3,17.2
2025-09-26,London,ON,22.1,14.5,10.0
2025-09-27,London,ON,24.7,14.9,14.8
2025-09-28,London,ON,22.6,14.6,11.0
2025-09-29,London,ON,23.6,11.9,9.3
2025-09-30,London,ON,23.1,12.1,14.3
2025-10-01,London,ON,20.0,10.2,15.1
2025-10-02,London,ON,22.0,8.4,16.6
2025-10-03,London,ON,25.2,10.1,10.7
2025-10-04,London,ON,26.1,13.3,14.6
2025-10-05,London,ON,26.5,16.5,13.4
2025-10-06,London,ON,26.5,15.5,19.2
2025-10-07,London,ON,19.9,13.3,23.1
2025-10-08,London,ON,14.3,6.6,19.0
2025-10-09,London,ON,13.7,3.3,12.7
2025-10-10,London,ON,16.6,4.0,17.9
2025-10-11,London,ON,16.7,8.8,14.4
2025-10-12,London,ON,20.2,8.7,17.6
2025-10-13,London,ON,19.7,8.9,16.5
2025-10-14,London,ON,18.9,7.5,18.0
2025-10-15,London,ON,15.1,6.6,16.0
2025-10-16,London,ON,14.8,2.9,12.2
2025-10-17,London,ON,17.8,3.2,15.9
2025-10-18,London,ON,20.8,12.7,20.3
2025-10-19,London,ON,19.0,10.4,32.0
2025-10-20,London,ON,13.4,7.4,30.9
2025-10-21,London,ON,14.7,7.1,22.1
2025-10-22,London,ON,10.0,4.6,20.6
2025-10-23,London,ON,9.2,5.2,23.8
2025-10-24,London,ON,9.5,4.4,20.8
2025-10-25,London,ON,10.3,2.6,11.5
2025-10-26,London,ON,9.9,0.2,12.5
2025-10-27,London,ON,10.9,0.4,20.7
2025-10-28,London,ON,11.8,3.0,21.6
2025-10-29,London,ON,12.4,3.2,18.7
2025-10-30,London,ON,8.3,5.7,24.7
2025-10-31,London,ON,9.3,5.7,32.6
2025-11-01,London,ON,11.1,3.2,16.1
2025-11-02,London,ON,12.6,0.9,14.4
2025-11-03,London,ON,11.9,5.4,29.4
2025-11-04,London,ON,12.7,3.7,21.4
2025-11-05,London,ON,12.8,5.4,31.3
2025-11-06,London,ON,7.6,2.7,24.3
2025-11-07,London,ON,11.1,3.4,26.5
2025-11-08,London,ON,8.8,1.8,19.1
2025-11-09,London,ON,1.3,-2.2,21.5
2025-11-10,London,ON,-1.5,-4.6,18.0
2025-11-11,London,ON,0.3,-4.0,24.7
2025-11-12,London,ON,3.9,-0.3,20.9
2025-11-13,London,ON,7.1,1.5,26.6
2025-11-14,London,ON,9.7,-0.4,12.8
2025-11-15,London,ON,14.5,2.3,30.3
2025-11-16,London,ON,7.8,1.1,36.5
2025-11-17,London,ON,2.5,0.0,24.9
2025-11-18,London,ON,5.2,-3.0,10.0
2025-11-19,London,ON,4.7,-2.9,11.6
2025-11-20,London,ON,6.5,-2.9,13.4
2025-11-21,London,ON,9.4,3.8,17.8
2025-11-22,London,ON,5.4,0.2,14.1
2025-11-23,London,ON,8.2,2.1,27.1
2025-11-24,London,ON,8.2,-1.5,15.5
2025-11-25,London,ON,9.5,5.8,16.4
2025-11-26,London,ON,9.8,0.1,33.7
2025-11-27,London,ON,1.5,-1.5,36.6
2025-11-28,London,ON,-0.8,-2.7,31.8
2025-11-29,London,ON,-0.6,-4.1,18.7
2025-11-30,London,ON,2.2,-1.4,31.2
2025-12-01,London,ON,-1.6,-5.4,23.2
2025-12-02,London,ON,-3.6,-8.7,9.6
2025-12-03,London,ON,-2.6,-7.4,23.8
2025-12-04,London,ON,-3.3,-10.5,24.0
2025-12-05,London,ON,-3.2,-14.8,19.5
2025-12-06,London,ON,-0.8,-3.6,20.8
2025-12-07,London,ON,-2.6,-6.0,21.8
2025-12-08,London,ON,-7.3,-15.5,12.8
2025-12-09,London,ON,-0.1,-12.9,25.7
2025-12-10,London,ON,0.7,-4.4,29.6
2025-12-11,London,ON,-4.9,-7.9,26.8
2025-12-12,London,ON,-5.3,-11.3,17.7
2025-12-13,London,ON,-2.7,-11.8,27.4
2025-12-14,London,ON,-9.3,-15.2,25.4
2025-12-15,London,ON,-7.6,-12.9,27.1
2025-12-16,London,ON,-0.9,-11.5,27.1
2025-12-17,London,ON,2.7,-3.1,28.3
2025-12-18,London,ON,6.6,-1.7,32.8
2025-12-19,London,ON,6.6,-6.4,33.5
2025-12-20,London,ON,3.0,-8.5,29.7
2025-12-21,London,ON,1.0,-9.0,31.8
2025-12-22,London,ON,2.4,-9.0,16.3
2025-12-23,London,ON,5.3,0.5,22.9
2025-12-24,London,ON,2.8,-0.6,22.7
2025-12-25,London,ON,1.8,-4.9,21.5
2025-12-26,London,ON,-1.1,-5.5,23.7
2025-12-27,London,ON,-0.9,-7.1,14.2
2025-12-28,London,ON,11.5,-2.4,26.1
2025-12-29,London,ON,11.5,-6.8,43.6
2025-12-30,London,ON,-6.4,-7.3,31.0
2025-12-31,London,ON,-4.1,-8.3,29.0
2026-01-01,London,ON,-8.4,-10.9,25.6
2026-01-02,London,ON,-7.9,-9.7,21.0
2026-01-03,London,ON,-5.7,-10.6,14.5
2026-01-04,London,ON,-3.6,-7.2,16.6
2026-01-05,London,ON,0.4,-7.8,21.5
2026-01-06,London,ON,1.5,-3.8,17.9
2026-01-07,London,ON,2.6,0.4,19.5
2026-01-08,London,ON,6.9,0.5,24.1
2026-01-09,London,ON,15.0,1.9,43.2
2026-01-10,London,ON,3.7,-1.3,26.6
2026-01-11,London,ON,-1.2,-4.4,33.9
2026-01-12,London,ON,-0.2,-4.8,28.6
2026-01-13,London,ON,2.8,-2.9,28.9
2026-01-14,London,ON,2.4,-8.1,25.9
2026-01-15,London,ON,-8.4,-13.2,26.9
2026-01-16,London,ON,-1.6,-16.3,25.5
2026-01-17,London,ON,0.1,-10.2,24.7
2026-01-18,London,ON,-8.8,-13.3,19.3
2026-01-19,London,ON,-8.1,-13.5,33.8
2026-01-20,London,ON,-11.4,-16.7,26.5
2026-01-21,London,ON,-1.8,-12.7,25.7
2026-01-22,London,ON,-2.9,-9.5,29.7
2026-01-23,London,ON,-9.6,-19.5,29.8
2026-01-24,London,ON,-14.2,-20.9,12.4
2026-01-25,London,ON,-11.4,-15.4,20.5
2026-01-26,London,ON,-9.2,-15.8,24.3
2026-01-27,London,ON,-10.3,-17.1,26.4
2026-01-28,London,ON,-10.3,-18.9,20.4
2026-01-29,London,ON,-10.9,-13.6,21.2
2026-01-30,London,ON,-11.5,-20.9,21.9
2026-01-31,London,ON,-11.7,-18.3,16.9
2026-02-01,London,ON,-8.2,-20.8,13.7
2026-02-02,London,ON,-6.3,-19.5,17.5
2026-02-03,London,ON,-5.0,-9.1,18.9
2026-02-04,London,ON,-6.2,-9.4,14.3
2026-02-05,London,ON,-7.9,-15.7,15.1
2026-02-06,London,ON,-2.2,-10.0,37.9
2026-02-07,London,ON,-10.6,-17.1,33.9
2026-02-08,London,ON,-13.7,-22.5,12.1
2026-02-09,London,ON,-8.0,-24.0,13.2
2026-02-10,London,ON,1.4,-6.5,18.8
2026-02-11,London,ON,0.0,-4.0,28.4
2026-02-12,London,ON,-4.4,-11.7,20.4
2026-02-13,London,ON,-0.7,-16.8,19.0
2026-02-14,London,ON,0.2,-7.3,12.1
2026-02-15,London,ON,1.5,-5.1,15.2
2026-02-16,London,ON,2.8,-4.9,19.0
2026-02-17,London,ON,2.6,-0.4,17.4
2026-02-18,London,ON,1.8,-1.2,27.2
2026-02-19,London,ON,4.4,-3.0,24.0
2026-02-20,London,ON,5.4,-0.3,33.4
2026-02-21,London,ON,1.2,-0.7,22.8
2026-02-22,London,ON,0.7,-2.9,11.8
2026-02-23,London,ON,-1.7,-7.8,30.1
2026-02-24,London,ON,-2.5,-9.1,26.7
2026-02-25,London,ON,0.5,-5.7,25.3
2026-02-26,London,ON,-3.0,-11.7,16.9
2026-02-27,London,ON,6.5,-6.6,23.7
2026-02-28,London,ON,5.8,-4.8,26.4
2026-03-01,London,ON,-5.0,-9.4,18.5
2026-03-02,London,ON,-2.1,-12.6,14.0
2026-03-03,London,ON,2.6,-5.9,13.1
2026-03-04,London,ON,10.2,-4.7,9.6
2026-03-05,London,ON,3.8,0.8,27.1
2026-03-06,London,ON,6.4,-1.4,19.3
2026-03-07,London,ON,17.9,7.8,34.0
2026-03-08,London,ON,11.8,0.9,26.2
2026-03-09,London,ON,16.5,5.6,25.8
2026-03-10,London,ON,16.8,8.8,16.9
2026-03-11,London,ON,14.3,-0.2,29.1
2026-03-12,London,ON,0.9,-3.0,33.5
2026-03-13,London,ON,3.6,-3.7,33.4
2026-03-14,London,ON,0.1,-3.9,30.9
2026-03-15,London,ON,13.1,-2.6,33.1
2026-03-16,London,ON,12.3,-5.8,35.9
2026-03-17,London,ON,-5.8,-9.3,36.4
2026-03-18,London,ON,-1.3,-8.6,23.6
2026-03-19,London,ON,4.8,-1.5,16.5
2026-03-20,London,ON,11.6,-1.5,22.9
2026-03-21,London,ON,4.2,-0.2,18.3
2026-03-22,London,ON,8.5,0.7,18.5
2026-03-23,London,ON,1.0,-4.6,26.1
2026-03-24,London,ON,3.2,-7.6,15.9
2026-03-25,London,ON,7.9,-1.8,16.4
2026-03-26,London,ON,13.4,2.0,19.8
2026-03-27,London,ON,1.6,-6.4,22.2
2026-03-28,London,ON,2.5,-6.0,20.3
2026-03-29,London,ON,10.6,-0.1,17.1
2026-03-30,London,ON,19.8,2.8,21.1
2026-03-31,London,ON,19.8,8.0,26.1
2026-04-01,London,ON,7.1,0.3,20.5
2026-04-02,London,ON,9.9,-0.1,25.5
2026-04-03,London,ON,21.6,4.6,37.0
2026-04-04,London,ON,16.6,2.8,21.6
2026-04-05,London,ON,9.8,1.3,30.5
2026-04-06,London,ON,6.7,-2.1,27.3
2026-04-07,London,ON,-1.6,-6.0,31.4
2026-04-08,London,ON,7.5,-6.4,20.5
2026-04-09,London,ON,18.8,5.9,25.1
2026-04-10,London,ON,10.5,1.6,19.6
2026-04-11,London,ON,8.5,-1.4,13.8
2026-04-12,London,ON,17.8,1.0,25.5
2026-04-13,London,ON,23.0,15.3,31.4
2026-04-14,London,ON,22.2,12.5,32.9
2026-04-15,London,ON,22.5,13.1,22.1
2026-04-16,London,ON,19.3,12.0,20.8
2026-04-17,London,ON,19.2,5.8,13.9
2026-04-18,London,ON,17.8,6.9,27.5
2026-04-19,London,ON,7.5,-1.4,26.6
2026-04-20,London,ON,2.6,-2.4,15.8
2026-04-21,London,ON,13.3,-1.5,23.8
2026-04-22,London,ON,18.3,6.6,16.5
2026-04-23,London,ON,20.6,4.6,10.8
2026-04-24,London,ON,16.2,6.3,19.8
2026-04-25,London,ON,11.6,4.7,19.4
2026-04-26,London,ON,16.2,4.3,13.8
2026-04-27,London,ON,19.2,5.6,23.5
2026-04-28,London,ON,20.1,11.0,31.8
2026-04-29,London,ON,12.9,5.1,16.1
2026-04-30,London,ON,9.9,2.2,17.6
2026-05-01,London,ON,8.8,1.0,20.1
2026-05-02,London,ON,7.0,-0.5,19.0
2026-05-03,London,ON,14.6,0.6,25.6
2026-05-04,London,ON,19.8,8.2,25.4
2026-05-05,London,ON,16.9,8.5,26.4
2026-05-06,London,ON,11.3,6.0,20.2
2026-05-07,London,ON,10.7,1.5,17.7
2026-05-08,London,ON,14.7,2.6,16.6
2026-05-09,London,ON,16.3,6.8,24.5
2026-05-10,London,ON,12.2,3.3,20.0
2026-05-11,London,ON,10.6,3.3,19.5
2026-05-12,London,ON,14.0,0.5,23.4
2026-05-13,London,ON,13.4,5.9,31.1
2026-05-14,London,ON,13.9,5.6,28.1
2026-05-15,London,ON,16.6,4.2,12.4
2026-05-16,London,ON,20.4,10.0,26.0
2026-05-17,London,ON,26.6,13.8,16.4
2026-05-18,London,ON,27.6,18.0,23.8
2026-05-19,London,ON,25.9,17.1,26.4
2026-05-20,London,ON,19.6,6.6,21.1
2026-05-21,London,ON,16.2,3.8,15.2
2026-05-22,London,ON,16.6,7.3,25.4
2026-05-23,London,ON,13.0,10.1,31.0
2026-05-24,London,ON,17.8,11.8,20.0
2026-05-25,London,ON,22.1,11.5,12.4
2026-05-26,London,ON,25.4,12.3,15.1
2026-05-27,London,ON,23.0,13.8,21.6
2026-05-28,London,ON,19.7,9.8,19.0
2026-05-29,London,ON,22.9,7.1,22.1
2026-05-30,London,ON,19.2,7.7,22.4
2026-05-31,London,ON,20.8,7.6,16.0
2026-06-01,London,ON,21.3,8.6,12.0
2026-06-02,London,ON,23.2,9.4,21.9
2026-06-03,London,ON,24.9,9.2,10.4
2026-06-04,London,ON,27.7,11.6,19.2
2026-06-05,London,ON,28.2,15.3,23.1
2026-06-06,London,ON,24.4,18.3,26.7
2026-06-07,London,ON,25.2,12.6,14.7
2026-06-08,London,ON,26.9,14.2,14.6
2026-06-09,London,ON,27.1,18.6,20.8
2026-06-10,London,ON,28.0,19.9,19.5
2026-06-11,London,ON,28.1,20.6,20.3
2026-06-12,London,ON,23.8,19.7,22.3
2026-06-13,London,ON,27.7,16.2,25.4
2026-06-14,London,ON,21.9,12.5,18.0
2026-06-15,London,ON,19.1,10.2,22.1
2026-06-16,London,ON,21.6,11.8,25.8
2026-06-17,London,ON,20.7,12.7,25.4
2026-06-18,London,ON,20.2,15.1,34.1
2026-06-19,London,ON,20.2,12.6,23.4
2026-06-20,London,ON,20.5,10.8,15.9
2026-06-21,London,ON,21.2,10.8,12.1
2026-06-22,London,ON,21.9,14.2,15.5
2026-06-23,London,ON,22.4,9.8,21.3
2026-06-24,London,ON,22.9,10.5,15.5
2026-06-25,London,ON,21.6,14.8,19.8
2026-06-26,London,ON,21.6,14.5,11.7
2026-06-27,London,ON,24.9,12.0,10.9
2026-06-28,London,ON,26.1,15.0,11.8
2026-06-29,London,ON,28.5,16.7,16.1
2026-06-30,London,ON,30.9,21.2,20.8
2026-07-01,London,ON,32.5,23.1,18.0
2026-07-02,London,ON,31.7,23.9,19.7
2026-07-03,London,ON,31.4,23.1,19.9
2026-07-04,London,ON,26.6,20.8,17.3
2026-07-05,London,ON,24.2,19.9,20.4
2026-07-06,London,ON,26.3,18.5,20.2
2026-07-07,London,ON,27.1,18.8,11.4
2026-07-08,London,ON,28.6,17.5,13.1
2026-07-09,London,ON,27.8,20.0,17.2
2026-07-10,London,ON,26.9,18.5,7.5
2026-07-11,London,ON,27.0,18.2,14.0
2026-07-12,London,ON,27.3,16.4,11.1
2026-07-13,London,ON,29.8,16.1,12.1
2026-07-14,London,ON,33.5,20.9,17.8
2026-07-15,London,ON,30.4,22.0,17.1
2026-07-16,London,ON,25.9,18.3,18.3
2026-07-17,London,ON,26.0,14.7,11.2
2026-07-18,London,ON,28.1,18.2,28.4
2026-07-19,London,ON,22.2,14.2,15.0
2026-07-20,London,ON,24.8,11.3,19.2
2026-07-21,London,ON,25.5,17.7,28.3
2026-07-22,London,ON,19.2,14.2,24.5
2026-07-23,London,ON,22.1,11.0,10.6
2026-07-24,London,ON,24.8,12.8,8.6
2024-01-01,Montreal,QC,-3.9,-8.9,13.7
2024-01-02,Montreal,QC,1.8,-6.8,25.8
2024-01-03,Montreal,QC,2.3,-2.2,17.6
2024-01-04,Montreal,QC,0.5,-10.5,21.4
2024-01-05,Montreal,QC,-2.4,-12.1,16.3
2024-01-06,Montreal,QC,-2.3,-10.8,24.3
2024-01-07,Montreal,QC,-5.3,-7.7,22.4
2024-01-08,Montreal,QC,-2.6,-8.9,17.3
2024-01-09,Montreal,QC,0.3,-8.5,26.8
2024-01-10,Montreal,QC,3.9,0.2,28.7
2024-01-11,Montreal,QC,-0.8,-8.7,31.0
2024-01-12,Montreal,QC,-6.2,-12.1,21.0
2024-01-13,Montreal,QC,2.2,-6.2,32.1
2024-01-14,Montreal,QC,-1.1,-6.6,28.5
2024-01-15,Montreal,QC,-5.5,-10.2,21.0
2024-01-16,Montreal,QC,-5.9,-11.5,10.7
2024-01-17,Montreal,QC,-9.3,-14.8,22.8
2024-01-18,Montreal,QC,-7.4,-14.9,18.1
2024-01-19,Montreal,QC,-14.6,-22.6,15.7
2024-01-20,Montreal,QC,-9.8,-18.6,20.2
2024-01-21,Montreal,QC,-10.6,-17.1,19.0
2024-01-22,Montreal,QC,-1.3,-12.8,26.3
2024-01-23,Montreal,QC,-0.9,-10.9,20.8
2024-01-24,Montreal,QC,-5.5,-12.4,14.5
2024-01-25,Montreal,QC,1.2,-4.8,11.9
2024-01-26,Montreal,QC,0.4,-2.6,16.9
2024-01-27,Montreal,QC,-0.2,-1.8,12.7
2024-01-28,Montreal,QC,1.2,-4.1,10.4
2024-01-29,Montreal,QC,-0.8,-4.9,16.6
2024-01-30,Montreal,QC,-6.0,-13.2,15.6
2024-01-31,Montreal,QC,0.8,-13.0,12.2
2024-02-01,Montreal,QC,1.9,0.4,19.3
2024-02-02,Montreal,QC,0.5,-8.8,17.9
2024-02-03,Montreal,QC,-3.9,-13.2,10.5
2024-02-04,Montreal,QC,-4.7,-13.2,11.4
2024-02-05,Montreal,QC,-0.4,-14.2,13.4
2024-02-06,Montreal,QC,-2.0,-12.2,12.1
2024-02-07,Montreal,QC,-2.8,-14.1,8.6
2024-02-08,Montreal,QC,2.7,-7.7,9.9
2024-02-09,Montreal,QC,5.3,-2.1,17.7
2024-02-10,Montreal,QC,8.7,2.2,17.4
2024-02-11,Montreal,QC,3.2,-0.4,21.8
2024-02-12,Montreal,QC,1.5,-4.4,14.8
2024-02-13,Montreal,QC,0.9,-8.5,19.9
2024-02-14,Montreal,QC,-3.5,-12.7,31.8
2024-02-15,Montreal,QC,-4.0,-12.9,16.3
2024-02-16,Montreal,QC,-2.0,-7.7,24.4
2024-02-17,Montreal,QC,-7.2,-14.9,25.8
2024-02-18,Montreal,QC,-1.5,-16.6,27.8
2024-02-19,Montreal,QC,-5.6,-13.5,19.8
2024-02-20,Montreal,QC,-6.9,-16.2,10.4
2024-02-21,Montreal,QC,2.2,-13.7,21.8
2024-02-22,Montreal,QC,3.6,-1.9,20.3
2024-02-23,Montreal,QC,6.6,-5.7,20.6
2024-02-24,Montreal,QC,-8.4,-17.1,19.5
2024-02-25,Montreal,QC,0.0,-12.6,14.9
2024-02-26,Montreal,QC,4.1,-4.1,17.2
2024-02-27,Montreal,QC,12.8,-4.9,31.1
2024-02-28,Montreal,QC,14.8,-0.9,43.5
2024-02-29,Montreal,QC,-5.7,-13.9,39.3
2024-03-01,Montreal,QC,1.8,-12.2,20.4
2024-03-02,Montreal,QC,5.2,-3.9,15.3
2024-03-03,Montreal,QC,7.6,-0.1,10.8
2024-03-04,Montreal,QC,12.5,-2.7,25.5
2024-03-05,Montreal,QC,12.7,3.0,23.3
2024-03-06,Montreal,QC,4.5,1.6,21.9
2024-03-07,Montreal,QC,8.6,-0.7,26.6
2024-03-08,Montreal,QC,6.8,-4.9,15.6
2024-03-09,Montreal,QC,6.2,-1.7,28.8
2024-03-10,Montreal,QC,2.0,-2.6,27.4
2024-03-11,Montreal,QC,1.7,-3.0,36.4
2024-03-12,Montreal,QC,7.9,-4.2,23.6
2024-03-13,Montreal,QC,6.8,-5.3,15.1
2024-03-14,Montreal,QC,11.4,-2.4,12.8
2024-03-15,Montreal,QC,10.8,1.0,16.7
2024-03-16,Montreal,QC,5.8,-1.1,12.2
2024-03-17,Montreal,QC,7.8,1.4,26.7
2024-03-18,Montreal,QC,4.7,-1.1,25.5
2024-03-19,Montreal,QC,1.6,-4.6,21.6
2024-03-20,Montreal,QC,4.6,-2.6,30.5
2024-03-21,Montreal,QC,-2.4,-7.9,34.2
2024-03-22,Montreal,QC,-2.7,-12.0,24.5
2024-03-23,Montreal,QC,-4.6,-6.9,22.1
2024-03-24,Montreal,QC,2.5,-8.5,13.1
2024-03-25,Montreal,QC,7.4,-6.8,16.2
2024-03-26,Montreal,QC,13.8,-3.2,15.5
2024-03-27,Montreal,QC,14.5,3.4,21.5
2024-03-28,Montreal,QC,9.1,2.4,18.6
2024-03-29,Montreal,QC,9.4,-1.7,28.8
2024-03-30,Montreal,QC,6.1,-1.9,29.6
2024-03-31,Montreal,QC,8.9,-1.9,23.9
2024-04-01,Montreal,QC,9.8,-1.8,19.5
2024-04-02,Montreal,QC,10.2,-3.4,24.3
2024-04-03,Montreal,QC,10.9,0.9,30.7
2024-04-04,Montreal,QC,1.4,-1.3,35.1
2024-04-05,Montreal,QC,3.1,0.5,24.0
2024-04-06,Montreal,QC,7.7,0.0,20.5
2024-04-07,Montreal,QC,12.4,-2.7,11.0
2024-04-08,Montreal,QC,18.7,-0.2,18.9
2024-04-09,Montreal,QC,16.9,1.7,14.8
2024-04-10,Montreal,QC,16.4,3.2,20.6
2024-04-11,Montreal,QC,13.8,6.4,21.1
2024-04-12,Montreal,QC,22.1,8.9,36.3
2024-04-13,Montreal,QC,9.1,2.7,27.7
2024-04-14,Montreal,QC,12.1,1.9,20.8
2024-04-15,Montreal,QC,14.0,4.5,22.0
2024-04-16,Montreal,QC,12.8,2.3,23.9
2024-04-17,Montreal,QC,9.6,-0.5,16.9
2024-04-18,Montreal,QC,11.1,4.3,23.2
2024-04-19,Montreal,QC,13.1,5.9,29.8
2024-04-20,Montreal,QC,10.2,5.0,23.4
2024-04-21,Montreal,QC,9.0,2.4,29.5
2024-04-22,Montreal,QC,9.7,-2.3,25.6
2024-04-23,Montreal,QC,19.5,1.8,29.5
2024-04-24,Montreal,QC,10.6,-1.6,25.6
2024-04-25,Montreal,QC,9.0,-4.1,17.7
2024-04-26,Montreal,QC,12.8,-2.1,11.4
2024-04-27,Montreal,QC,17.8,2.5,25.6
2024-04-28,Montreal,QC,19.5,8.4,21.7
2024-04-29,Montreal,QC,12.0,3.8,21.9
2024-04-30,Montreal,QC,8.7,5.6,22.5
2024-05-01,Montreal,QC,14.4,2.7,12.5
2024-05-02,Montreal,QC,17.7,8.1,16.2
2024-05-03,Montreal,QC,18.3,5.7,16.0
2024-05-04,Montreal,QC,20.1,10.9,16.6
2024-05-05,Montreal,QC,14.4,10.0,25.1
2024-05-06,Montreal,QC,21.2,10.7,21.0
2024-05-07,Montreal,QC,21.0,6.7,20.9
2024-05-08,Montreal,QC,13.2,8.3,26.4
2024-05-09,Montreal,QC,14.8,6.5,14.4
2024-05-10,Montreal,QC,16.7,5.4,17.5
2024-05-11,Montreal,QC,17.5,4.6,11.8
2024-05-12,Montreal,QC,16.2,8.8,11.9
2024-05-13,Montreal,QC,19.2,8.3,21.7
2024-05-14,Montreal,QC,21.2,12.3,20.7
2024-05-15,Montreal,QC,21.7,11.0,13.9
2024-05-16,Montreal,QC,22.5,11.7,17.1
2024-05-17,Montreal,QC,24.6,11.8,18.2
2024-05-18,Montreal,QC,23.4,15.3,16.9
2024-05-19,Montreal,QC,24.1,12.6,13.7
2024-05-20,Montreal,QC,28.0,14.6,17.1
2024-05-21,Montreal,QC,26.1,16.2,17.1
2024-05-22,Montreal,QC,29.1,17.3,13.4
2024-05-23,Montreal,QC,25.1,19.1,27.6
2024-05-24,Montreal,QC,18.9,11.9,30.7
2024-05-25,Montreal,QC,19.6,8.7,8.9
2024-05-26,Montreal,QC,24.2,14.2,14.3
2024-05-27,Montreal,QC,24.8,17.0,38.5
2024-05-28,Montreal,QC,21.0,14.5,28.5
2024-05-29,Montreal,QC,19.0,11.6,16.0
2024-05-30,Montreal,QC,20.4,8.9,14.8
2024-05-31,Montreal,QC,23.2,9.2,21.5
2024-06-01,Montreal,QC,25.9,9.8,12.5
2024-06-02,Montreal,QC,26.1,13.0,11.3
2024-06-03,Montreal,QC,29.1,13.9,10.1
2024-06-04,Montreal,QC,29.7,14.7,10.4
2024-06-05,Montreal,QC,30.0,16.9,16.1
2024-06-06,Montreal,QC,26.7,17.9,22.5
2024-06-07,Montreal,QC,21.4,15.9,21.5
2024-06-08,Montreal,QC,21.2,14.2,26.3
2024-06-09,Montreal,QC,18.6,14.3,26.8
2024-06-10,Montreal,QC,17.9,13.6,20.9
2024-06-11,Montreal,QC,18.8,12.6,15.1
2024-06-12,Montreal,QC,20.7,12.9,16.8
2024-06-13,Montreal,QC,28.0,13.5,20.2
2024-06-14,Montreal,QC,23.5,15.8,25.2
2024-06-15,Montreal,QC,19.6,11.1,16.7
2024-06-16,Montreal,QC,21.4,9.9,10.9
2024-06-17,Montreal,QC,28.6,16.0,19.6
2024-06-18,Montreal,QC,31.2,20.5,19.9
2024-06-19,Montreal,QC,33.3,23.0,21.2
2024-06-20,Montreal,QC,31.3,23.5,23.4
2024-06-21,Montreal,QC,25.1,18.4,17.1
2024-06-22,Montreal,QC,23.3,18.2,9.0
2024-06-23,Montreal,QC,25.3,16.8,32.4
2024-06-24,Montreal,QC,22.4,14.7,28.0
2024-06-25,Montreal,QC,27.4,15.4,26.0
2024-06-26,Montreal,QC,26.4,18.7,23.2
2024-06-27,Montreal,QC,19.8,13.0,30.6
2024-06-28,Montreal,QC,21.9,10.2,13.0
2024-06-29,Montreal,QC,21.7,17.5,22.4
2024-06-30,Montreal,QC,25.4,19.0,25.2
2024-07-01,Montreal,QC,25.5,15.9,16.1
2024-07-02,Montreal,QC,27.3,14.8,11.3
2024-07-03,Montreal,QC,29.1,17.1,25.6
2024-07-04,Montreal,QC,28.3,20.6,19.8
2024-07-05,Montreal,QC,27.4,20.3,13.7
2024-07-06,Montreal,QC,27.1,18.7,14.8
2024-07-07,Montreal,QC,27.1,19.8,11.9
2024-07-08,Montreal,QC,28.1,20.2,14.6
2024-07-09,Montreal,QC,28.8,20.7,19.2
2024-07-10,Montreal,QC,25.0,18.4,26.0
2024-07-11,Montreal,QC,23.3,18.4,23.9
2024-07-12,Montreal,QC,26.8,18.0,9.3
2024-07-13,Montreal,QC,27.3,20.6,18.8
2024-07-14,Montreal,QC,29.0,20.1,20.4
2024-07-15,Montreal,QC,29.8,20.6,28.6
2024-07-16,Montreal,QC,27.9,21.8,20.8
2024-07-17,Montreal,QC,26.4,21.3,22.0
2024-07-18,Montreal,QC,23.0,17.6,24.1
2024-07-19,Montreal,QC,25.6,15.5,19.4
2024-07-20,Montreal,QC,26.9,17.2,26.2
2024-07-21,Montreal,QC,23.9,13.7,18.9
2024-07-22,Montreal,QC,26.6,14.3,12.6
2024-07-23,Montreal,QC,25.8,17.8,11.4
2024-07-24,Montreal,QC,27.3,17.3,18.7
2024-07-25,Montreal,QC,22.5,16.9,28.6
2024-07-26,Montreal,QC,26.7,15.8,23.2
2024-07-27,Montreal,QC,28.1,15.1,12.7
2024-07-28,Montreal,QC,28.4,18.8,15.0
2024-07-29,Montreal,QC,29.3,18.6,6.4
2024-07-30,Montreal,QC,30.0,21.5,13.1
2024-07-31,Montreal,QC,26.6,22.2,15.5
2024-08-01,Montreal,QC,29.4,21.1,13.1
2024-08-02,Montreal,QC,30.9,22.4,14.1
2024-08-03,Montreal,QC,30.0,22.0,18.6
2024-08-04,Montreal,QC,29.5,21.4,11.5
2024-08-05,Montreal,QC,22.1,16.2,12.2
2024-08-06,Montreal,QC,23.1,14.8,12.0
2024-08-07,Montreal,QC,24.7,15.0,9.2
2024-08-08,Montreal,QC,26.0,14.4,22.3
2024-08-09,Montreal,QC,21.1,18.4,34.9
2024-08-10,Montreal,QC,24.5,18.8,26.5
2024-08-11,Montreal,QC,22.6,16.2,23.4
2024-08-12,Montreal,QC,22.6,14.9,15.8
2024-08-13,Montreal,QC,27.3,15.3,14.3
2024-08-14,Montreal,QC,28.6,16.7,17.3
2024-08-15,Montreal,QC,28.1,18.4,11.0
2024-08-16,Montreal,QC,28.5,19.9,8.4
2024-08-17,Montreal,QC,26.4,20.6,27.8
2024-08-18,Montreal,QC,25.6,20.6,25.8
2024-08-19,Montreal,QC,21.0,14.4,25.5
2024-08-20,Montreal,QC,17.5,14.3,16.2
2024-08-21,Montreal,QC,15.3,13.2,19.1
2024-08-22,Montreal,QC,19.9,13.6,11.8
2024-08-23,Montreal,QC,24.0,13.7,18.3
2024-08-24,Montreal,QC,25.0,15.9,19.7
2024-08-25,Montreal,QC,25.5,17.1,11.9
2024-08-26,Montreal,QC,26.2,17.0,10.4
2024-08-27,Montreal,QC,28.1,19.2,18.8
2024-08-28,Montreal,QC,22.0,14.4,27.1
2024-08-29,Montreal,QC,21.2,11.2,12.8
2024-08-30,Montreal,QC,24.6,12.1,20.9
2024-08-31,Montreal,QC,21.8,17.2,18.9
2024-09-01,Montreal,QC,25.3,15.5,29.3
2024-09-02,Montreal,QC,17.3,11.9,22.3
2024-09-03,Montreal,QC,21.8,10.3,20.8
2024-09-04,Montreal,QC,23.6,14.2,16.9
2024-09-05,Montreal,QC,25.8,14.4,17.4
2024-09-06,Montreal,QC,23.6,15.4,21.3
2024-09-07,Montreal,QC,23.4,13.3,27.1
2024-09-08,Montreal,QC,13.4,9.2,29.1
2024-09-09,Montreal,QC,20.3,11.2,23.3
2024-09-10,Montreal,QC,19.7,8.4,20.9
2024-09-11,Montreal,QC,23.2,12.3,17.3
2024-09-12,Montreal,QC,24.1,13.7,10.7
2024-09-13,Montreal,QC,26.1,13.6,9.7
2024-09-14,Montreal,QC,25.9,15.5,9.7
2024-09-15,Montreal,QC,27.3,15.2,8.2
2024-09-16,Montreal,QC,27.2,16.7,14.9
2024-09-17,Montreal,QC,27.3,17.3,12.9
2024-09-18,Montreal,QC,26.5,15.8,10.5
2024-09-19,Montreal,QC,26.6,15.2,15.1
2024-09-20,Montreal,QC,24.8,15.4,15.8
2024-09-21,Montreal,QC,22.7,15.1,13.6
2024-09-22,Montreal,QC,21.4,13.0,15.0
2024-09-23,Montreal,QC,17.3,14.9,20.1
2024-09-24,Montreal,QC,20.9,12.9,16.3
2024-09-25,Montreal,QC,16.9,12.6,27.8
2024-09-26,Montreal,QC,21.6,14.0,27.6
2024-09-27,Montreal,QC,19.7,12.6,11.7
2024-09-28,Montreal,QC,21.2,11.6,17.1
2024-09-29,Montreal,QC,21.0,11.7,11.0
2024-09-30,Montreal,QC,21.3,13.0,13.4
2024-10-01,Montreal,QC,22.4,11.7,21.3
2024-10-02,Montreal,QC,19.0,12.7,20.0
2024-10-03,Montreal,QC,20.3,10.8,19.8
2024-10-04,Montreal,QC,21.2,10.9,17.3
2024-10-05,Montreal,QC,18.8,9.1,13.1
2024-10-06,Montreal,QC,17.9,7.6,20.4
2024-10-07,Montreal,QC,17.0,9.3,21.7
2024-10-08,Montreal,QC,13.6,5.7,12.4
2024-10-09,Montreal,QC,12.3,7.5,17.1
2024-10-10,Montreal,QC,12.1,6.2,25.1
2024-10-11,Montreal,QC,16.0,7.2,27.1
2024-10-12,Montreal,QC,15.0,5.6,32.0
2024-10-13,Montreal,QC,10.2,3.9,11.5
2024-10-14,Montreal,QC,7.3,5.4,28.3
2024-10-15,Montreal,QC,9.5,4.0,26.3
2024-10-16,Montreal,QC,10.8,4.7,19.6
2024-10-17,Montreal,QC,12.2,1.6,16.2
2024-10-18,Montreal,QC,14.7,3.2,12.5
2024-10-19,Montreal,QC,16.4,6.5,16.9
2024-10-20,Montreal,QC,18.4,8.3,23.7
2024-10-21,Montreal,QC,20.9,13.5,21.9
2024-10-22,Montreal,QC,19.8,9.5,11.6
2024-10-23,Montreal,QC,23.0,14.1,29.6
2024-10-24,Montreal,QC,13.1,5.5,17.5
2024-10-25,Montreal,QC,9.9,1.9,9.1
2024-10-26,Montreal,QC,10.7,3.9,27.6
2024-10-27,Montreal,QC,8.5,-0.2,31.4
2024-10-28,Montreal,QC,5.7,-3.2,11.7
2024-10-29,Montreal,QC,11.8,-0.4,22.6
2024-10-30,Montreal,QC,21.7,9.3,23.4
2024-10-31,Montreal,QC,22.5,16.0,29.2
2024-11-01,Montreal,QC,18.3,6.1,40.0
2024-11-02,Montreal,QC,5.7,0.8,18.7
2024-11-03,Montreal,QC,5.0,-2.1,9.3
2024-11-04,Montreal,QC,7.4,0.6,21.6
2024-11-05,Montreal,QC,18.6,7.4,16.0
2024-11-06,Montreal,QC,20.4,12.7,33.7
2024-11-07,Montreal,QC,11.8,7.1,24.0
2024-11-08,Montreal,QC,11.5,4.3,32.9
2024-11-09,Montreal,QC,7.6,1.6,22.4
2024-11-10,Montreal,QC,10.3,0.9,13.7
2024-11-11,Montreal,QC,12.1,6.0,28.7
2024-11-12,Montreal,QC,8.8,0.8,23.2
2024-11-13,Montreal,QC,2.3,-1.7,9.7
2024-11-14,Montreal,QC,4.0,-2.5,11.0
2024-11-15,Montreal,QC,6.4,-1.0,11.2
2024-11-16,Montreal,QC,9.9,1.6,11.4
2024-11-17,Montreal,QC,6.2,0.6,7.4
2024-11-18,Montreal,QC,9.9,4.2,13.7
2024-11-19,Montreal,QC,10.6,3.9,10.3
2024-11-20,Montreal,QC,8.9,0.8,14.1
2024-11-21,Montreal,QC,7.6,4.6,16.4
2024-11-22,Montreal,QC,8.8,5.5,24.7
2024-11-23,Montreal,QC,7.6,3.7,15.1
2024-11-24,Montreal,QC,5.2,0.6,24.2
2024-11-25,Montreal,QC,4.4,-0.4,15.9
2024-11-26,Montreal,QC,5.3,-0.7,18.0
2024-11-27,Montreal,QC,5.1,2.0,23.4
2024-11-28,Montreal,QC,2.7,0.3,11.4
2024-11-29,Montreal,QC,2.7,-1.2,13.7
2024-11-30,Montreal,QC,1.3,-0.5,15.5
2024-12-01,Montreal,QC,0.3,-2.2,17.5
2024-12-02,Montreal,QC,-0.7,-3.7,13.4
2024-12-03,Montreal,QC,-0.4,-4.3,7.7
2024-12-04,Montreal,QC,0.1,-5.3,19.5
2024-12-05,Montreal,QC,1.1,-1.0,20.2
2024-12-06,Montreal,QC,-2.2,-8.6,21.7
2024-12-07,Montreal,QC,-6.4,-11.0,11.5
2024-12-08,Montreal,QC,2.4,-5.3,20.7
2024-12-09,Montreal,QC,-3.3,-9.7,18.8
2024-12-10,Montreal,QC,3.1,-2.8,18.0
2024-12-11,Montreal,QC,3.8,1.0,20.1
2024-12-12,Montreal,QC,1.0,-6.3,29.4
2024-12-13,Montreal,QC,-6.1,-9.0,20.4
2024-12-14,Montreal,QC,-7.6,-12.5,7.1
2024-12-15,Montreal,QC,-7.2,-15.8,11.4
2024-12-16,Montreal,QC,3.3,-7.6,16.9
2024-12-17,Montreal,QC,6.6,2.7,30.0
2024-12-18,Montreal,QC,3.2,0.0,14.4
2024-12-19,Montreal,QC,0.5,-9.4,14.6
2024-12-20,Montreal,QC,-7.3,-11.5,10.5
2024-12-21,Montreal,QC,-8.4,-15.1,12.9
2024-12-22,Montreal,QC,-11.0,-18.3,10.6
2024-12-23,Montreal,QC,-7.2,-15.7,11.4
2024-12-24,Montreal,QC,-6.2,-13.1,9.8
2024-12-25,Montreal,QC,-13.0,-17.8,8.7
2024-12-26,Montreal,QC,-12.2,-16.9,3.1
2024-12-27,Montreal,QC,-8.6,-12.3,6.7
2024-12-28,Montreal,QC,-2.1,-11.1,10.3
2024-12-29,Montreal,QC,6.8,-2.3,19.7
2024-12-30,Montreal,QC,10.1,3.7,25.5
2024-12-31,Montreal,QC,5.0,1.1,21.6
2025-01-01,Montreal,QC,1.5,0.0,15.9
2025-01-02,Montreal,QC,1.0,-3.9,28.6
2025-01-03,Montreal,QC,-4.0,-9.0,22.3
2025-01-04,Montreal,QC,-9.5,-12.3,19.5
2025-01-05,Montreal,QC,-9.8,-15.7,15.4
2025-01-06,Montreal,QC,-10.8,-17.0,13.1
2025-01-07,Montreal,QC,-7.1,-10.7,21.2
2025-01-08,Montreal,QC,-9.9,-14.5,24.5
2025-01-09,Montreal,QC,-5.6,-12.1,22.1
2025-01-10,Montreal,QC,-7.7,-10.6,17.5
2025-01-11,Montreal,QC,-5.9,-9.6,7.7
2025-01-12,Montreal,QC,-5.9,-10.8,7.2
2025-01-13,Montreal,QC,-1.3,-8.3,15.8
2025-01-14,Montreal,QC,-1.2,-5.6,21.6
2025-01-15,Montreal,QC,-6.6,-11.3,13.0
2025-01-16,Montreal,QC,-4.4,-12.9,12.0
2025-01-17,Montreal,QC,-1.5,-9.0,13.0
2025-01-18,Montreal,QC,1.7,-1.4,18.7
2025-01-19,Montreal,QC,0.6,-13.4,14.8
2025-01-20,Montreal,QC,-12.1,-19.7,15.1
2025-01-21,Montreal,QC,-13.1,-20.6,14.5
2025-01-22,Montreal,QC,-13.0,-18.7,11.8
2025-01-23,Montreal,QC,-6.3,-15.0,12.6
2025-01-24,Montreal,QC,-6.9,-15.9,10.8
2025-01-25,Montreal,QC,-6.3,-21.1,12.5
2025-01-26,Montreal,QC,-1.6,-9.0,27.2
2025-01-27,Montreal,QC,-0.4,-9.0,36.8
2025-01-28,Montreal,QC,-1.4,-17.1,31.2
2025-01-29,Montreal,QC,-9.4,-14.9,19.6
2025-01-30,Montreal,QC,-11.7,-20.0,16.8
2025-01-31,Montreal,QC,-6.2,-12.0,15.5
2025-02-01,Montreal,QC,-9.1,-20.7,16.7
2025-02-02,Montreal,QC,-9.9,-25.1,14.9
2025-02-03,Montreal,QC,0.3,-8.2,16.2
2025-02-04,Montreal,QC,-2.0,-12.7,19.0
2025-02-05,Montreal,QC,-13.6,-20.9,13.1
2025-02-06,Montreal,QC,-2.1,-21.0,21.8
2025-02-07,Montreal,QC,-1.0,-7.9,29.3
2025-02-08,Montreal,QC,-7.2,-12.1,14.6
2025-02-09,Montreal,QC,-6.2,-10.3,10.1
2025-02-10,Montreal,QC,-5.8,-13.7,13.3
2025-02-11,Montreal,QC,-4.9,-14.8,21.7
2025-02-12,Montreal,QC,-13.8,-21.0,14.3
2025-02-13,Montreal,QC,2.1,-13.4,32.1
2025-02-14,Montreal,QC,-7.9,-13.5,22.9
2025-02-15,Montreal,QC,-9.4,-17.6,14.3
2025-02-16,Montreal,QC,-6.6,-10.7,27.9
2025-02-17,Montreal,QC,-10.1,-14.5,30.1
2025-02-18,Montreal,QC,-12.6,-16.8,24.7
2025-02-19,Montreal,QC,-12.7,-17.8,16.9
2025-02-20,Montreal,QC,-7.4,-17.2,11.6
2025-02-21,Montreal,QC,-7.4,-12.4,21.1
2025-02-22,Montreal,QC,-2.7,-15.8,18.7
2025-02-23,Montreal,QC,-1.5,-5.1,15.5
2025-02-24,Montreal,QC,4.7,-7.7,23.6
2025-02-25,Montreal,QC,4.4,1.4,24.9
2025-02-26,Montreal,QC,1.7,-4.4,13.6
2025-02-27,Montreal,QC,1.9,-8.4,17.2
2025-02-28,Montreal,QC,1.4,-11.3,24.4
2025-03-01,Montreal,QC,2.1,-11.5,26.3
2025-03-02,Montreal,QC,-12.1,-21.0,24.1
2025-03-03,Montreal,QC,-6.9,-21.9,9.9
2025-03-04,Montreal,QC,1.4,-6.7,13.1
2025-03-05,Montreal,QC,7.1,0.3,24.5
2025-03-06,Montreal,QC,6.4,-3.3,26.8
2025-03-07,Montreal,QC,-1.8,-9.0,29.2
2025-03-08,Montreal,QC,-4.2,-9.5,26.7
2025-03-09,Montreal,QC,0.6,-8.4,20.2
2025-03-10,Montreal,QC,2.1,-4.6,10.0
2025-03-11,Montreal,QC,8.0,-2.5,21.1
2025-03-12,Montreal,QC,-4.2,-11.8,9.5
2025-03-13,Montreal,QC,3.3,-12.1,9.4
2025-03-14,Montreal,QC,5.7,-5.5,8.5
2025-03-15,Montreal,QC,11.7,2.0,17.7
2025-03-16,Montreal,QC,14.7,5.6,25.5
2025-03-17,Montreal,QC,10.3,-2.3,17.9
2025-03-18,Montreal,QC,7.1,-5.0,8.9
2025-03-19,Montreal,QC,17.2,-2.0,18.2
2025-03-20,Montreal,QC,15.3,6.8,22.5
2025-03-21,Montreal,QC,6.0,-2.4,18.9
2025-03-22,Montreal,QC,5.1,-6.1,23.0
2025-03-23,Montreal,QC,-3.4,-11.1,16.9
2025-03-24,Montreal,QC,3.3,-7.8,20.3
2025-03-25,Montreal,QC,3.7,0.4,17.3
2025-03-26,Montreal,QC,4.2,-1.6,13.0
2025-03-27,Montreal,QC,6.6,-2.9,20.7
2025-03-28,Montreal,QC,2.5,-5.8,16.5
2025-03-29,Montreal,QC,0.9,-6.9,17.1
2025-03-30,Montreal,QC,3.5,-3.0,15.8
2025-03-31,Montreal,QC,14.4,3.1,18.8
2025-04-01,Montreal,QC,1.9,-4.1,19.0
2025-04-02,Montreal,QC,2.3,-7.5,11.5
2025-04-03,Montreal,QC,18.3,0.6,27.2
2025-04-04,Montreal,QC,9.6,1.6,18.9
2025-04-05,Montreal,QC,7.3,0.5,22.4
2025-04-06,Montreal,QC,8.2,1.7,17.8
2025-04-07,Montreal,QC,7.5,-1.4,13.3
2025-04-08,Montreal,QC,2.3,-3.8,19.0
2025-04-09,Montreal,QC,-1.1,-8.3,15.8
2025-04-10,Montreal,QC,6.1,-4.1,8.7
2025-04-11,Montreal,QC,8.2,2.3,10.4
2025-04-12,Montreal,QC,11.7,1.7,11.5
2025-04-13,Montreal,QC,14.7,1.5,13.4
2025-04-14,Montreal,QC,16.2,0.6,7.3
2025-04-15,Montreal,QC,13.6,4.8,23.3
2025-04-16,Montreal,QC,4.5,0.7,27.0
2025-04-17,Montreal,QC,8.5,-1.4,18.7
2025-04-18,Montreal,QC,13.2,0.4,17.5
2025-04-19,Montreal,QC,21.0,8.2,22.8
2025-04-20,Montreal,QC,11.2,0.8,21.9
2025-04-21,Montreal,QC,13.8,-0.1,16.9
2025-04-22,Montreal,QC,12.0,7.3,23.1
2025-04-23,Montreal,QC,12.4,4.1,18.0
2025-04-24,Montreal,QC,18.2,2.4,8.5
2025-04-25,Montreal,QC,16.9,4.8,12.9
2025-04-26,Montreal,QC,11.9,7.5,12.8
2025-04-27,Montreal,QC,15.5,2.5,17.5
2025-04-28,Montreal,QC,19.5,5.5,12.8
2025-04-29,Montreal,QC,23.3,9.0,32.1
2025-04-30,Montreal,QC,17.7,1.0,26.4
2025-05-01,Montreal,QC,15.4,2.1,9.5
2025-05-02,Montreal,QC,20.7,9.5,22.6
2025-05-03,Montreal,QC,14.4,8.6,12.3
2025-05-04,Montreal,QC,18.2,8.4,10.0
2025-05-05,Montreal,QC,22.0,7.3,16.5
2025-05-06,Montreal,QC,20.9,12.1,20.3
2025-05-07,Montreal,QC,19.8,10.8,15.5
2025-05-08,Montreal,QC,10.4,7.4,12.9
2025-05-09,Montreal,QC,8.0,6.4,16.0
2025-05-10,Montreal,QC,17.5,7.2,16.3
2025-05-11,Montreal,QC,15.7,4.3,16.8
2025-05-12,Montreal,QC,19.6,8.9,15.4
2025-05-13,Montreal,QC,24.0,9.2,12.3
2025-05-14,Montreal,QC,25.1,12.6,13.7
2025-05-15,Montreal,QC,24.4,16.1,9.5
2025-05-16,Montreal,QC,27.5,15.6,11.7
2025-05-17,Montreal,QC,22.3,15.3,19.5
2025-05-18,Montreal,QC,16.4,8.2,22.5
2025-05-19,Montreal,QC,10.2,7.0,17.0
2025-05-20,Montreal,QC,12.8,6.8,12.9
2025-05-21,Montreal,QC,16.4,8.4,14.3
2025-05-22,Montreal,QC,11.7,8.7,20.9
2025-05-23,Montreal,QC,10.6,7.6,14.9
2025-05-24,Montreal,QC,10.7,6.8,11.8
2025-05-25,Montreal,QC,17.7,7.0,16.9
2025-05-26,Montreal,QC,20.9,7.6,11.1
2025-05-27,Montreal,QC,23.7,11.5,11.9
2025-05-28,Montreal,QC,25.7,12.2,9.4
2025-05-29,Montreal,QC,18.6,14.3,17.3
2025-05-30,Montreal,QC,21.0,14.0,14.4
2025-05-31,Montreal,QC,15.9,10.8,17.7
2025-06-01,Montreal,QC,13.2,8.8,25.9
2025-06-02,Montreal,QC,18.8,9.9,17.2
2025-06-03,Montreal,QC,24.9,10.3,11.2
2025-06-04,Montreal,QC,29.8,14.8,17.3
2025-06-05,Montreal,QC,26.1,19.4,16.9
2025-06-06,Montreal,QC,26.1,15.2,8.3
2025-06-07,Montreal,QC,26.0,17.3,14.2
2025-06-08,Montreal,QC,26.3,13.6,12.5
2025-06-09,Montreal,QC,21.6,17.7,19.5
2025-06-10,Montreal,QC,22.9,16.4,20.3
2025-06-11,Montreal,QC,22.7,14.9,22.0
2025-06-12,Montreal,QC,21.0,13.1,20.9
2025-06-13,Montreal,QC,19.1,10.0,12.0
2025-06-14,Montreal,QC,23.1,11.3,15.3
2025-06-15,Montreal,QC,26.0,12.2,9.1
2025-06-16,Montreal,QC,27.3,16.2,12.9
2025-06-17,Montreal,QC,26.7,18.4,17.8
2025-06-18,Montreal,QC,29.0,19.6,17.3
2025-06-19,Montreal,QC,27.7,21.2,14.6
2025-06-20,Montreal,QC,22.8,15.7,24.5
2025-06-21,Montreal,QC,25.5,13.9,14.6
2025-06-22,Montreal,QC,29.2,20.5,25.1
2025-06-23,Montreal,QC,34.5,20.7,19.0
2025-06-24,Montreal,QC,34.0,25.3,17.5
2025-06-25,Montreal,QC,29.7,22.6,16.4
2025-06-26,Montreal,QC,22.8,17.2,14.1
2025-06-27,Montreal,QC,26.3,16.1,18.6
2025-06-28,Montreal,QC,25.9,16.2,17.2
2025-06-29,Montreal,QC,23.4,18.2,14.3
2025-06-30,Montreal,QC,29.0,18.0,8.8
2025-07-01,Montreal,QC,27.1,20.9,17.1
2025-07-02,Montreal,QC,27.6,19.9,18.5
2025-07-03,Montreal,QC,22.8,17.6,15.3
2025-07-04,Montreal,QC,23.4,14.4,13.5
2025-07-05,Montreal,QC,26.1,16.9,11.4
2025-07-06,Montreal,QC,32.0,22.7,17.0
2025-07-07,Montreal,QC,24.2,16.7,14.2
2025-07-08,Montreal,QC,24.8,15.7,11.0
2025-07-09,Montreal,QC,26.6,18.1,3.6
2025-07-10,Montreal,QC,27.5,19.7,13.7
2025-07-11,Montreal,QC,28.9,18.8,6.1
2025-07-12,Montreal,QC,31.6,21.0,9.9
2025-07-13,Montreal,QC,31.1,22.9,14.6
2025-07-14,Montreal,QC,28.2,21.6,15.7
2025-07-15,Montreal,QC,29.5,20.9,13.3
2025-07-16,Montreal,QC,33.0,22.8,11.8
2025-07-17,Montreal,QC,30.4,20.1,22.6
2025-07-18,Montreal,QC,24.0,15.5,17.6
2025-07-19,Montreal,QC,26.3,17.7,14.0
2025-07-20,Montreal,QC,24.9,18.4,12.7
2025-07-21,Montreal,QC,21.4,14.4,13.1
2025-07-22,Montreal,QC,22.6,12.9,7.8
2025-07-23,Montreal,QC,26.3,16.3,8.7
2025-07-24,Montreal,QC,32.9,19.9,22.3
2025-07-25,Montreal,QC,29.2,22.6,16.9
2025-07-26,Montreal,QC,30.2,19.3,10.4
2025-07-27,Montreal,QC,27.7,21.0,11.2
2025-07-28,Montreal,QC,30.7,20.8,13.4
2025-07-29,Montreal,QC,30.0,21.7,10.7
2025-07-30,Montreal,QC,27.5,20.9,15.1
2025-07-31,Montreal,QC,23.3,16.8,12.0
2025-08-01,Montreal,QC,23.5,14.3,11.2
2025-08-02,Montreal,QC,26.8,15.6,18.1
2025-08-03,Montreal,QC,29.1,18.6,17.5
2025-08-04,Montreal,QC,25.9,18.7,11.7
2025-08-05,Montreal,QC,25.7,15.6,11.0
2025-08-06,Montreal,QC,29.1,16.3,11.1
2025-08-07,Montreal,QC,30.4,17.3,8.1
2025-08-08,Montreal,QC,30.9,20.4,11.4
2025-08-09,Montreal,QC,31.4,20.7,11.5
2025-08-10,Montreal,QC,33.4,23.9,12.5
2025-08-11,Montreal,QC,34.1,23.8,9.3
2025-08-12,Montreal,QC,34.5,23.9,11.2
2025-08-13,Montreal,QC,28.7,23.9,15.7
2025-08-14,Montreal,QC,27.8,20.5,12.0
2025-08-15,Montreal,QC,27.7,16.7,7.3
2025-08-16,Montreal,QC,30.4,18.5,10.7
2025-08-17,Montreal,QC,24.8,15.9,18.5
2025-08-18,Montreal,QC,20.4,11.7,8.2
2025-08-19,Montreal,QC,22.6,14.0,8.6
2025-08-20,Montreal,QC,24.7,15.1,10.5
2025-08-21,Montreal,QC,26.2,15.9,12.2
2025-08-22,Montreal,QC,28.4,16.9,8.9
2025-08-23,Montreal,QC,29.8,19.6,15.7
2025-08-24,Montreal,QC,24.1,18.3,15.2
2025-08-25,Montreal,QC,24.8,18.4,17.7
2025-08-26,Montreal,QC,20.4,15.8,20.4
2025-08-27,Montreal,QC,21.9,13.2,15.0
2025-08-28,Montreal,QC,23.4,14.8,19.8
2025-08-29,Montreal,QC,18.5,14.0,15.5
2025-08-30,Montreal,QC,17.5,12.5,17.7
2025-08-31,Montreal,QC,22.5,12.6,7.5
2025-09-01,Montreal,QC,24.8,13.8,4.6
2025-09-02,Montreal,QC,24.2,16.7,6.8
2025-09-03,Montreal,QC,25.1,15.7,8.9
2025-09-04,Montreal,QC,26.0,16.4,21.2
2025-09-05,Montreal,QC,23.2,12.8,16.6
2025-09-06,Montreal,QC,19.1,14.2,14.7
2025-09-07,Montreal,QC,18.4,13.4,19.0
2025-09-08,Montreal,QC,18.0,11.1,14.4
2025-09-09,Montreal,QC,19.5,10.4,4.6
2025-09-10,Montreal,QC,21.4,12.3,5.0
2025-09-11,Montreal,QC,22.2,13.2,9.4
2025-09-12,Montreal,QC,19.7,10.4,7.1
2025-09-13,Montreal,QC,21.9,13.6,9.2
2025-09-14,Montreal,QC,23.3,14.6,9.5
2025-09-15,Montreal,QC,22.1,12.2,9.7
2025-09-16,Montreal,QC,23.9,12.3,5.0
2025-09-17,Montreal,QC,23.9,13.8,8.0
2025-09-18,Montreal,QC,24.9,15.7,15.7
2025-09-19,Montreal,QC,19.5,12.4,14.6
2025-09-20,Montreal,QC,15.8,7.7,10.0
2025-09-21,Montreal,QC,21.8,8.1,11.5
2025-09-22,Montreal,QC,22.4,14.0,10.3
2025-09-23,Montreal,QC,22.2,15.6,7.2
2025-09-24,Montreal,QC,21.6,13.9,13.4
2025-09-25,Montreal,QC,20.1,15.2,12.1
2025-09-26,Montreal,QC,21.1,14.4,16.6
2025-09-27,Montreal,QC,19.5,10.2,6.7
2025-09-28,Montreal,QC,22.1,16.1,15.3
2025-09-29,Montreal,QC,22.1,13.4,15.0
2025-09-30,Montreal,QC,17.0,11.2,14.9
2025-10-01,Montreal,QC,15.8,6.5,11.5
2025-10-02,Montreal,QC,17.0,4.8,6.6
2025-10-03,Montreal,QC,21.4,8.3,11.6
2025-10-04,Montreal,QC,23.8,13.6,12.1
2025-10-05,Montreal,QC,29.3,15.3,13.8
2025-10-06,Montreal,QC,28.3,15.5,16.7
2025-10-07,Montreal,QC,23.1,15.8,19.4
2025-10-08,Montreal,QC,15.3,7.6,15.7
2025-10-09,Montreal,QC,12.2,3.7,11.2
2025-10-10,Montreal,QC,13.6,3.4,8.7
2025-10-11,Montreal,QC,17.9,6.2,7.0
2025-10-12,Montreal,QC,19.7,7.1,12.6
2025-10-13,Montreal,QC,15.0,8.5,12.3
2025-10-14,Montreal,QC,15.7,10.4,10.2
2025-10-15,Montreal,QC,12.7,7.2,14.9
2025-10-16,Montreal,QC,13.3,3.6,14.2
2025-10-17,Montreal,QC,12.4,2.5,7.2
2025-10-18,Montreal,QC,14.2,5.2,11.1
2025-10-19,Montreal,QC,21.2,10.2,24.2
2025-10-20,Montreal,QC,19.2,13.5,22.5
2025-10-21,Montreal,QC,13.7,9.6,15.9
2025-10-22,Montreal,QC,13.9,8.8,15.3
2025-10-23,Montreal,QC,12.0,8.1,14.9
2025-10-24,Montreal,QC,9.7,5.8,8.5
2025-10-25,Montreal,QC,9.0,4.8,14.2
2025-10-26,Montreal,QC,9.4,3.7,8.6
2025-10-27,Montreal,QC,10.2,3.4,9.3
2025-10-28,Montreal,QC,11.4,3.7,11.5
2025-10-29,Montreal,QC,11.0,2.3,10.7
2025-10-30,Montreal,QC,7.6,2.6,20.2
2025-10-31,Montreal,QC,9.1,5.6,26.8
2025-11-01,Montreal,QC,8.1,3.7,23.5
2025-11-02,Montreal,QC,6.6,2.7,15.8
2025-11-03,Montreal,QC,11.8,1.6,22.7
2025-11-04,Montreal,QC,9.8,5.8,21.8
2025-11-05,Montreal,QC,6.5,2.5,12.9
2025-11-06,Montreal,QC,6.4,0.6,20.2
2025-11-07,Montreal,QC,6.4,-1.5,16.1
2025-11-08,Montreal,QC,9.2,-0.8,23.8
2025-11-09,Montreal,QC,0.6,-1.6,18.3
2025-11-10,Montreal,QC,1.6,0.1,14.1
2025-11-11,Montreal,QC,0.3,-1.8,22.4
2025-11-12,Montreal,QC,1.5,-1.8,18.0
2025-11-13,Montreal,QC,2.0,-0.4,13.6
2025-11-14,Montreal,QC,1.3,-1.9,11.4
2025-11-15,Montreal,QC,0.6,-4.6,12.8
2025-11-16,Montreal,QC,1.4,-1.9,19.6
2025-11-17,Montreal,QC,0.1,-1.6,20.3
2025-11-18,Montreal,QC,0.1,-2.4,20.3
2025-11-19,Montreal,QC,-0.5,-5.3,11.0
2025-11-20,Montreal,QC,-1.1,-6.2,5.0
2025-11-21,Montreal,QC,2.8,-4.7,10.8
2025-11-22,Montreal,QC,2.3,-2.8,13.3
2025-11-23,Montreal,QC,0.3,-5.3,8.2
2025-11-24,Montreal,QC,1.6,-1.2,12.9
2025-11-25,Montreal,QC,4.2,0.3,10.2
2025-11-26,Montreal,QC,3.4,1.7,23.6
2025-11-27,Montreal,QC,4.0,1.0,20.7
2025-11-28,Montreal,QC,0.7,-2.0,21.1
2025-11-29,Montreal,QC,0.3,-3.1,19.1
2025-11-30,Montreal,QC,2.2,-4.2,18.9
2025-12-01,Montreal,QC,1.7,-9.9,21.5
2025-12-02,Montreal,QC,-6.3,-10.2,10.9
2025-12-03,Montreal,QC,0.3,-12.6,16.8
2025-12-04,Montreal,QC,0.5,-15.7,24.3
2025-12-05,Montreal,QC,-8.6,-18.8,12.7
2025-12-06,Montreal,QC,-0.2,-9.9,20.0
2025-12-07,Montreal,QC,-4.7,-15.5,11.8
2025-12-08,Montreal,QC,-12.4,-18.4,16.2
2025-12-09,Montreal,QC,-7.0,-20.7,14.4
2025-12-10,Montreal,QC,-2.3,-6.9,13.3
2025-12-11,Montreal,QC,-5.0,-10.7,25.3
2025-12-12,Montreal,QC,-6.0,-11.3,25.5
2025-12-13,Montreal,QC,-1.9,-13.5,18.1
2025-12-14,Montreal,QC,-4.8,-13.9,14.8
2025-12-15,Montreal,QC,-7.9,-15.4,16.3
2025-12-16,Montreal,QC,-2.5,-8.0,15.6
2025-12-17,Montreal,QC,3.0,-4.5,22.4
2025-12-18,Montreal,QC,3.7,-8.4,20.7
2025-12-19,Montreal,QC,10.5,-1.6,35.1
2025-12-20,Montreal,QC,-1.2,-9.7,27.0
2025-12-21,Montreal,QC,2.3,-10.2,29.2
2025-12-22,Montreal,QC,-8.1,-13.5,13.9
2025-12-23,Montreal,QC,-6.6,-11.4,13.9
2025-12-24,Montreal,QC,-5.5,-7.8,14.3
2025-12-25,Montreal,QC,-4.4,-15.7,17.2
2025-12-26,Montreal,QC,-15.5,-22.3,13.7
2025-12-27,Montreal,QC,-11.4,-15.2,13.0
2025-12-28,Montreal,QC,-9.0,-17.7,13.6
2025-12-29,Montreal,QC,3.4,-8.4,28.3
2025-12-30,Montreal,QC,-3.5,-14.9,27.1
2025-12-31,Montreal,QC,-9.3,-15.9,21.0
2026-01-01,Montreal,QC,-10.0,-19.7,18.1
2026-01-02,Montreal,QC,-12.8,-27.3,14.5
2026-01-03,Montreal,QC,-13.2,-19.0,9.7
2026-01-04,Montreal,QC,-13.8,-22.0,11.5
2026-01-05,Montreal,QC,-11.3,-21.2,11.6
2026-01-06,Montreal,QC,-8.9,-15.6,12.0
2026-01-07,Montreal,QC,-1.3,-8.2,13.0
2026-01-08,Montreal,QC,1.4,-1.5,11.9
2026-01-09,Montreal,QC,6.9,-0.6,34.6
2026-01-10,Montreal,QC,4.1,-2.0,33.4
2026-01-11,Montreal,QC,2.6,-5.6,22.0
2026-01-12,Montreal,QC,-0.4,-11.2,24.9
2026-01-13,Montreal,QC,1.8,-0.8,18.6
2026-01-14,Montreal,QC,3.7,0.0,19.6
2026-01-15,Montreal,QC,1.2,-13.9,21.4
2026-01-16,Montreal,QC,-14.2,-18.2,20.7
2026-01-17,Montreal,QC,-4.7,-15.6,11.7
2026-01-18,Montreal,QC,-0.9,-11.1,24.7
2026-01-19,Montreal,QC,-4.7,-12.8,24.0
2026-01-20,Montreal,QC,-8.3,-16.2,22.9
2026-01-21,Montreal,QC,-5.6,-13.9,18.6
2026-01-22,Montreal,QC,-1.3,-6.5,22.2
2026-01-23,Montreal,QC,-7.0,-17.9,21.5
2026-01-24,Montreal,QC,-19.5,-25.4,18.2
2026-01-25,Montreal,QC,-18.6,-26.6,14.7
2026-01-26,Montreal,QC,-12.3,-18.7,22.3
2026-01-27,Montreal,QC,-11.6,-19.9,15.8
2026-01-28,Montreal,QC,-12.6,-19.3,12.6
2026-01-29,Montreal,QC,-12.0,-19.8,18.7
2026-01-30,Montreal,QC,-16.9,-21.3,19.4
2026-01-31,Montreal,QC,-13.3,-18.4,12.7
2026-02-01,Montreal,QC,-13.2,-18.0,12.0
2026-02-02,Montreal,QC,-9.1,-17.7,13.6
2026-02-03,Montreal,QC,-5.0,-13.9,12.9
2026-02-04,Montreal,QC,-5.8,-9.9,17.3
2026-02-05,Montreal,QC,-9.1,-16.3,15.9
2026-02-06,Montreal,QC,-11.0,-21.2,8.6
2026-02-07,Montreal,QC,-9.5,-18.4,21.4
2026-02-08,Montreal,QC,-16.2,-21.6,18.7
2026-02-09,Montreal,QC,-12.2,-20.0,15.6
2026-02-10,Montreal,QC,-6.4,-16.8,12.5
2026-02-11,Montreal,QC,-3.7,-8.1,12.8
2026-02-12,Montreal,QC,-4.8,-10.7,12.3
2026-02-13,Montreal,QC,-6.9,-15.3,16.5
2026-02-14,Montreal,QC,-1.5,-10.3,17.0
2026-02-15,Montreal,QC,-8.7,-16.6,12.8
2026-02-16,Montreal,QC,-0.4,-13.3,11.1
2026-02-17,Montreal,QC,1.7,-1.6,13.3
2026-02-18,Montreal,QC,0.5,-10.0,13.5
2026-02-19,Montreal,QC,-3.8,-12.9,11.0
2026-02-20,Montreal,QC,-2.4,-11.3,22.7
2026-02-21,Montreal,QC,-6.4,-11.3,22.1
2026-02-22,Montreal,QC,-2.3,-12.2,13.7
2026-02-23,Montreal,QC,-2.8,-8.0,19.2
2026-02-24,Montreal,QC,-6.1,-14.5,16.3
2026-02-25,Montreal,QC,-1.5,-14.7,13.8
2026-02-26,Montreal,QC,-2.8,-13.1,17.7
2026-02-27,Montreal,QC,-1.8,-13.8,11.3
2026-02-28,Montreal,QC,5.3,-5.9,24.6
2026-03-01,Montreal,QC,-6.9,-16.7,15.4
2026-03-02,Montreal,QC,-9.7,-22.9,9.2
2026-03-03,Montreal,QC,-0.7,-16.0,10.8
2026-03-04,Montreal,QC,3.8,-3.3,18.3
2026-03-05,Montreal,QC,0.4,-10.2,20.6
2026-03-06,Montreal,QC,2.3,-11.8,18.6
2026-03-07,Montreal,QC,8.3,1.9,24.2
2026-03-08,Montreal,QC,9.3,4.2,24.0
2026-03-09,Montreal,QC,15.1,2.8,21.8
2026-03-10,Montreal,QC,11.6,1.8,16.6
2026-03-11,Montreal,QC,0.7,-3.1,19.1
2026-03-12,Montreal,QC,1.9,-4.5,25.6
2026-03-13,Montreal,QC,-0.6,-6.7,13.8
2026-03-14,Montreal,QC,0.5,-2.1,17.4
2026-03-15,Montreal,QC,1.5,-10.9,18.3
2026-03-16,Montreal,QC,13.1,2.3,31.4
2026-03-17,Montreal,QC,4.0,-10.9,32.6
2026-03-18,Montreal,QC,-4.3,-13.2,12.2
2026-03-19,Montreal,QC,1.4,-5.3,13.4
2026-03-20,Montreal,QC,-1.5,-6.3,12.9
2026-03-21,Montreal,QC,4.7,-7.3,11.1
2026-03-22,Montreal,QC,0.1,-4.6,18.3
2026-03-23,Montreal,QC,-0.1,-6.9,15.9
2026-03-24,Montreal,QC,1.2,-9.0,19.6
2026-03-25,Montreal,QC,0.2,-6.5,17.7
2026-03-26,Montreal,QC,5.3,-4.5,14.5
2026-03-27,Montreal,QC,1.7,-7.5,19.0
2026-03-28,Montreal,QC,-0.6,-10.2,17.1
2026-03-29,Montreal,QC,6.3,-2.9,16.0
2026-03-30,Montreal,QC,15.5,2.0,17.7
2026-03-31,Montreal,QC,4.0,0.4,17.4
2026-04-01,Montreal,QC,4.7,-0.7,14.4
2026-04-02,Montreal,QC,8.0,-3.2,12.5
2026-04-03,Montreal,QC,16.3,2.6,23.9
2026-04-04,Montreal,QC,7.2,0.1,20.5
2026-04-05,Montreal,QC,9.1,3.6,30.1
2026-04-06,Montreal,QC,3.9,-1.3,20.3
2026-04-07,Montreal,QC,-1.2,-5.8,16.2
2026-04-08,Montreal,QC,5.1,-7.0,11.8
2026-04-09,Montreal,QC,14.1,0.3,20.1
2026-04-10,Montreal,QC,11.0,4.2,11.6
2026-04-11,Montreal,QC,7.6,1.8,18.7
2026-04-12,Montreal,QC,8.6,-1.1,15.9
2026-04-13,Montreal,QC,14.3,4.7,23.6
2026-04-14,Montreal,QC,9.5,4.9,19.4
2026-04-15,Montreal,QC,10.6,4.4,13.6
2026-04-16,Montreal,QC,15.7,5.1,9.1
2026-04-17,Montreal,QC,18.5,6.2,10.8
2026-04-18,Montreal,QC,21.6,5.5,27.3
2026-04-19,Montreal,QC,13.8,2.4,22.3
2026-04-20,Montreal,QC,4.2,-1.4,16.8
2026-04-21,Montreal,QC,8.9,-2.0,15.5
2026-04-22,Montreal,QC,14.6,4.2,11.7
2026-04-23,Montreal,QC,13.0,3.4,15.7
2026-04-24,Montreal,QC,11.3,-0.1,15.3
2026-04-25,Montreal,QC,14.7,1.4,12.3
2026-04-26,Montreal,QC,17.8,3.6,9.4
2026-04-27,Montreal,QC,21.9,4.8,7.7
2026-04-28,Montreal,QC,22.3,9.4,23.4
2026-04-29,Montreal,QC,18.5,11.5,11.8
2026-04-30,Montreal,QC,12.8,7.0,20.7
2026-05-01,Montreal,QC,10.8,2.7,16.7
2026-05-02,Montreal,QC,10.0,4.6,11.3
2026-05-03,Montreal,QC,11.2,4.0,16.6
2026-05-04,Montreal,QC,18.0,6.8,17.5
2026-05-05,Montreal,QC,21.0,11.4,25.4
2026-05-06,Montreal,QC,10.8,6.0,14.4
2026-05-07,Montreal,QC,11.0,6.7,24.6
2026-05-08,Montreal,QC,11.3,5.3,16.9
2026-05-09,Montreal,QC,17.1,4.5,22.1
2026-05-10,Montreal,QC,14.8,8.9,21.2
2026-05-11,Montreal,QC,12.3,6.0,13.1
2026-05-12,Montreal,QC,11.6,4.5,10.4
2026-05-13,Montreal,QC,10.1,6.8,16.8
2026-05-14,Montreal,QC,12.9,8.0,11.7
2026-05-15,Montreal,QC,18.5,10.1,16.9
2026-05-16,Montreal,QC,22.3,11.2,19.5
2026-05-17,Montreal,QC,22.5,14.3,16.9
2026-05-18,Montreal,QC,20.3,9.9,11.8
2026-05-19,Montreal,QC,27.0,19.3,19.1
2026-05-20,Montreal,QC,23.3,12.8,24.6
2026-05-21,Montreal,QC,15.7,6.2,14.5
2026-05-22,Montreal,QC,19.6,7.0,10.1
2026-05-23,Montreal,QC,21.4,10.1,10.3
2026-05-24,Montreal,QC,16.2,10.9,20.5
2026-05-25,Montreal,QC,19.9,11.6,16.0
2026-05-26,Montreal,QC,26.5,13.6,24.9
2026-05-27,Montreal,QC,22.3,16.6,12.6
2026-05-28,Montreal,QC,19.5,12.5,16.6
2026-05-29,Montreal,QC,15.6,9.5,22.8
2026-05-30,Montreal,QC,17.2,9.2,30.8
2026-05-31,Montreal,QC,18.3,11.8,19.0
2026-06-01,Montreal,QC,20.1,9.2,13.6
2026-06-02,Montreal,QC,24.4,10.9,11.8
2026-06-03,Montreal,QC,28.2,12.8,14.4
2026-06-04,Montreal,QC,28.5,16.4,17.9
2026-06-05,Montreal,QC,27.7,17.6,12.3
2026-06-06,Montreal,QC,22.8,18.2,16.9
2026-06-07,Montreal,QC,19.3,16.2,21.2
2026-06-08,Montreal,QC,25.3,13.4,10.0
2026-06-09,Montreal,QC,27.1,15.3,9.7
2026-06-10,Montreal,QC,27.5,17.7,9.0
2026-06-11,Montreal,QC,28.2,21.1,13.9
2026-06-12,Montreal,QC,30.3,21.3,17.6
2026-06-13,Montreal,QC,26.8,18.2,16.7
2026-06-14,Montreal,QC,21.7,17.6,15.5
2026-06-15,Montreal,QC,20.2,15.3,17.5
2026-06-16,Montreal,QC,22.3,13.0,16.8
2026-06-17,Montreal,QC,23.5,13.9,16.0
2026-06-18,Montreal,QC,22.6,15.2,23.5
2026-06-19,Montreal,QC,19.8,15.7,23.4
2026-06-20,Montreal,QC,22.1,15.3,18.0
2026-06-21,Montreal,QC,22.5,15.0,14.9
2026-06-22,Montreal,QC,23.3,15.8,11.1
2026-06-23,Montreal,QC,24.1,17.1,8.9
2026-06-24,Montreal,QC,23.9,15.4,17.2
2026-06-25,Montreal,QC,25.7,16.9,11.7
2026-06-26,Montreal,QC,21.9,16.2,9.5
2026-06-27,Montreal,QC,25.7,16.1,4.4
2026-06-28,Montreal,QC,27.4,17.3,8.5
2026-06-29,Montreal,QC,29.8,16.4,9.4
2026-06-30,Montreal,QC,30.0,19.3,12.5
2026-07-01,Montreal,QC,32.0,22.2,16.3
2026-07-02,Montreal,QC,31.7,22.8,17.7
2026-07-03,Montreal,QC,30.8,22.8,21.2
2026-07-04,Montreal,QC,28.2,22.4,13.2
2026-07-05,Montreal,QC,29.3,18.9,11.3
2026-07-06,Montreal,QC,30.3,18.7,12.7
2026-07-07,Montreal,QC,29.4,21.1,12.3
2026-07-08,Montreal,QC,31.0,20.3,16.9
2026-07-09,Montreal,QC,26.3,20.6,13.4
2026-07-10,Montreal,QC,26.8,18.8,11.1
2026-07-11,Montreal,QC,26.6,16.4,8.6
2026-07-12,Montreal,QC,28.2,17.4,10.7
2026-07-13,Montreal,QC,28.7,20.5,17.7
2026-07-14,Montreal,QC,30.6,22.2,21.7
2026-07-15,Montreal,QC,27.7,22.0,20.2
2026-07-16,Montreal,QC,24.8,19.0,21.1
2026-07-17,Montreal,QC,25.8,16.1,15.9
2026-07-18,Montreal,QC,21.6,16.8,21.0
2026-07-19,Montreal,QC,22.7,15.2,22.8
2026-07-20,Montreal,QC,25.1,16.0,18.2
2026-07-21,Montreal,QC,26.4,18.7,26.4
2026-07-22,Montreal,QC,21.3,15.7,23.5
2026-07-23,Montreal,QC,23.9,13.2,17.2
2026-07-24,Montreal,QC,26.1,16.1,16.1
2024-01-01,Quebec City,QC,-4.1,-9.0,14.1
2024-01-02,Quebec City,QC,-1.8,-8.2,22.4
2024-01-03,Quebec City,QC,1.3,-2.8,12.0
2024-01-04,Quebec City,QC,-0.1,-13.2,21.7
2024-01-05,Quebec City,QC,-9.1,-16.3,18.7
2024-01-06,Quebec City,QC,-9.4,-17.9,16.8
2024-01-07,Quebec City,QC,-7.3,-10.8,23.3
2024-01-08,Quebec City,QC,-4.1,-11.3,19.1
2024-01-09,Quebec City,QC,-6.8,-18.0,28.2
2024-01-10,Quebec City,QC,2.7,-6.5,37.3
2024-01-11,Quebec City,QC,2.1,-11.4,25.3
2024-01-12,Quebec City,QC,-9.3,-18.3,14.8
2024-01-13,Quebec City,QC,-3.0,-14.8,37.1
2024-01-14,Quebec City,QC,-0.6,-8.1,27.2
2024-01-15,Quebec City,QC,-5.4,-19.6,17.0
2024-01-16,Quebec City,QC,-7.2,-14.7,13.1
2024-01-17,Quebec City,QC,-8.4,-14.9,20.0
2024-01-18,Quebec City,QC,-8.1,-16.4,23.3
2024-01-19,Quebec City,QC,-15.3,-23.5,17.9
2024-01-20,Quebec City,QC,-6.3,-16.9,14.1
2024-01-21,Quebec City,QC,-10.8,-17.0,21.1
2024-01-22,Quebec City,QC,-2.3,-18.0,25.1
2024-01-23,Quebec City,QC,-2.3,-19.2,23.6
2024-01-24,Quebec City,QC,-4.9,-21.8,11.9
2024-01-25,Quebec City,QC,3.1,-5.7,13.0
2024-01-26,Quebec City,QC,-1.7,-7.2,16.3
2024-01-27,Quebec City,QC,0.6,-3.8,14.8
2024-01-28,Quebec City,QC,2.0,-5.5,11.4
2024-01-29,Quebec City,QC,-2.6,-10.3,24.8
2024-01-30,Quebec City,QC,-8.2,-21.4,16.0
2024-01-31,Quebec City,QC,-3.3,-17.1,10.1
2024-02-01,Quebec City,QC,1.3,-4.1,19.7
2024-02-02,Quebec City,QC,-2.6,-13.9,19.7
2024-02-03,Quebec City,QC,-3.3,-19.6,8.3
2024-02-04,Quebec City,QC,-3.8,-18.5,8.5
2024-02-05,Quebec City,QC,-3.9,-18.6,10.8
2024-02-06,Quebec City,QC,-1.7,-18.7,9.8
2024-02-07,Quebec City,QC,-0.3,-17.7,9.0
2024-02-08,Quebec City,QC,4.0,-6.8,10.2
2024-02-09,Quebec City,QC,4.3,-7.0,13.2
2024-02-10,Quebec City,QC,7.1,0.8,17.1
2024-02-11,Quebec City,QC,3.3,-0.5,18.7
2024-02-12,Quebec City,QC,1.0,-10.4,16.4
2024-02-13,Quebec City,QC,-0.5,-15.8,14.2
2024-02-14,Quebec City,QC,-8.4,-14.6,25.1
2024-02-15,Quebec City,QC,-5.9,-15.1,18.0
2024-02-16,Quebec City,QC,-3.6,-13.9,15.6
2024-02-17,Quebec City,QC,-5.6,-18.7,17.3
2024-02-18,Quebec City,QC,-8.1,-22.5,15.2
2024-02-19,Quebec City,QC,-7.0,-15.8,21.7
2024-02-20,Quebec City,QC,-9.5,-24.1,13.8
2024-02-21,Quebec City,QC,1.3,-23.6,13.0
2024-02-22,Quebec City,QC,2.9,-9.6,7.7
2024-02-23,Quebec City,QC,4.7,-5.5,15.8
2024-02-24,Quebec City,QC,-7.1,-17.1,18.5
2024-02-25,Quebec City,QC,-2.5,-23.6,12.3
2024-02-26,Quebec City,QC,4.2,-7.8,21.7
2024-02-27,Quebec City,QC,6.6,-11.5,13.8
2024-02-28,Quebec City,QC,11.6,0.6,35.5
2024-02-29,Quebec City,QC,2.4,-17.6,35.7
2024-03-01,Quebec City,QC,-5.3,-20.4,26.3
2024-03-02,Quebec City,QC,7.0,-15.1,8.2
2024-03-03,Quebec City,QC,5.0,-2.2,9.8
2024-03-04,Quebec City,QC,2.4,-5.0,26.3
2024-03-05,Quebec City,QC,14.2,1.7,9.2
2024-03-06,Quebec City,QC,4.5,1.8,17.7
2024-03-07,Quebec City,QC,2.6,-4.0,23.8
2024-03-08,Quebec City,QC,1.5,-7.5,18.6
2024-03-09,Quebec City,QC,5.8,-5.2,19.1
2024-03-10,Quebec City,QC,1.1,-0.2,27.6
2024-03-11,Quebec City,QC,3.8,-1.8,24.1
2024-03-12,Quebec City,QC,3.8,-5.5,17.5
2024-03-13,Quebec City,QC,6.1,-10.1,15.8
2024-03-14,Quebec City,QC,8.3,-3.6,17.4
2024-03-15,Quebec City,QC,6.1,-4.9,12.4
2024-03-16,Quebec City,QC,3.6,-6.9,16.6
2024-03-17,Quebec City,QC,1.6,-2.4,22.1
2024-03-18,Quebec City,QC,4.3,-2.1,18.1
2024-03-19,Quebec City,QC,-0.2,-5.6,21.1
2024-03-20,Quebec City,QC,3.0,-10.9,13.5
2024-03-21,Quebec City,QC,-2.5,-11.4,32.8
2024-03-22,Quebec City,QC,-5.8,-16.4,23.7
2024-03-23,Quebec City,QC,-6.5,-17.6,19.0
2024-03-24,Quebec City,QC,0.6,-13.8,15.5
2024-03-25,Quebec City,QC,1.8,-16.3,18.1
2024-03-26,Quebec City,QC,6.0,-4.8,26.0
2024-03-27,Quebec City,QC,8.0,0.8,22.3
2024-03-28,Quebec City,QC,8.1,-1.4,8.7
2024-03-29,Quebec City,QC,8.7,-3.1,20.4
2024-03-30,Quebec City,QC,2.3,-3.9,25.8
2024-03-31,Quebec City,QC,5.2,-7.6,20.3
2024-04-01,Quebec City,QC,4.3,-10.6,8.4
2024-04-02,Quebec City,QC,6.5,-6.7,20.0
2024-04-03,Quebec City,QC,7.7,-1.9,27.6
2024-04-04,Quebec City,QC,1.4,-2.1,37.7
2024-04-05,Quebec City,QC,3.5,1.0,33.9
2024-04-06,Quebec City,QC,3.9,-0.2,27.2
2024-04-07,Quebec City,QC,10.2,-5.5,14.0
2024-04-08,Quebec City,QC,18.1,-3.9,17.6
2024-04-09,Quebec City,QC,10.3,-0.7,19.5
2024-04-10,Quebec City,QC,12.2,0.2,21.1
2024-04-11,Quebec City,QC,11.1,5.0,19.2
2024-04-12,Quebec City,QC,16.9,5.9,23.8
2024-04-13,Quebec City,QC,14.3,4.7,20.5
2024-04-14,Quebec City,QC,13.0,2.8,23.5
2024-04-15,Quebec City,QC,13.3,3.3,19.1
2024-04-16,Quebec City,QC,7.1,1.1,18.2
2024-04-17,Quebec City,QC,12.9,-3.9,19.9
2024-04-18,Quebec City,QC,12.0,-0.4,22.5
2024-04-19,Quebec City,QC,15.3,2.4,16.2
2024-04-20,Quebec City,QC,10.9,3.4,25.5
2024-04-21,Quebec City,QC,8.4,0.1,18.4
2024-04-22,Quebec City,QC,6.7,-4.5,24.6
2024-04-23,Quebec City,QC,18.0,-2.7,31.1
2024-04-24,Quebec City,QC,11.0,-4.3,22.3
2024-04-25,Quebec City,QC,8.4,-4.7,19.4
2024-04-26,Quebec City,QC,14.2,-4.7,16.8
2024-04-27,Quebec City,QC,18.7,-0.9,10.4
2024-04-28,Quebec City,QC,17.8,6.3,19.8
2024-04-29,Quebec City,QC,14.0,4.1,15.5
2024-04-30,Quebec City,QC,7.9,2.7,21.4
2024-05-01,Quebec City,QC,13.9,2.5,22.4
2024-05-02,Quebec City,QC,10.8,4.7,23.8
2024-05-03,Quebec City,QC,14.4,3.8,24.2
2024-05-04,Quebec City,QC,16.0,4.9,23.4
2024-05-05,Quebec City,QC,15.7,4.4,16.7
2024-05-06,Quebec City,QC,18.3,8.3,18.6
2024-05-07,Quebec City,QC,18.0,3.7,23.3
2024-05-08,Quebec City,QC,12.2,3.4,26.4
2024-05-09,Quebec City,QC,13.1,5.2,21.6
2024-05-10,Quebec City,QC,16.9,1.1,13.8
2024-05-11,Quebec City,QC,16.0,3.6,12.5
2024-05-12,Quebec City,QC,17.2,4.4,15.8
2024-05-13,Quebec City,QC,19.7,4.1,13.4
2024-05-14,Quebec City,QC,19.0,11.4,14.9
2024-05-15,Quebec City,QC,21.1,9.2,16.5
2024-05-16,Quebec City,QC,20.4,10.1,17.1
2024-05-17,Quebec City,QC,19.9,9.9,16.9
2024-05-18,Quebec City,QC,20.0,10.5,15.5
2024-05-19,Quebec City,QC,22.2,9.7,13.7
2024-05-20,Quebec City,QC,27.3,12.6,16.5
2024-05-21,Quebec City,QC,26.9,13.9,15.5
2024-05-22,Quebec City,QC,26.6,15.1,10.4
2024-05-23,Quebec City,QC,25.4,17.8,25.6
2024-05-24,Quebec City,QC,17.9,11.8,23.8
2024-05-25,Quebec City,QC,20.4,8.3,14.9
2024-05-26,Quebec City,QC,19.0,12.1,20.7
2024-05-27,Quebec City,QC,18.8,10.1,23.0
2024-05-28,Quebec City,QC,22.6,13.7,28.2
2024-05-29,Quebec City,QC,19.7,10.7,17.8
2024-05-30,Quebec City,QC,19.7,7.4,17.2
2024-05-31,Quebec City,QC,22.2,6.6,18.0
2024-06-01,Quebec City,QC,22.0,7.1,14.0
2024-06-02,Quebec City,QC,26.4,10.3,13.3
2024-06-03,Quebec City,QC,27.3,12.1,20.9
2024-06-04,Quebec City,QC,25.0,11.8,20.7
2024-06-05,Quebec City,QC,27.6,13.6,12.8
2024-06-06,Quebec City,QC,27.2,15.0,18.7
2024-06-07,Quebec City,QC,19.3,14.8,17.0
2024-06-08,Quebec City,QC,19.8,13.9,15.9
2024-06-09,Quebec City,QC,16.8,13.2,18.1
2024-06-10,Quebec City,QC,20.8,12.5,12.5
2024-06-11,Quebec City,QC,20.8,12.8,14.9
2024-06-12,Quebec City,QC,22.0,12.5,15.8
2024-06-13,Quebec City,QC,25.8,12.3,20.4
2024-06-14,Quebec City,QC,22.8,14.2,22.9
2024-06-15,Quebec City,QC,18.5,9.6,18.2
2024-06-16,Quebec City,QC,21.0,5.9,13.4
2024-06-17,Quebec City,QC,24.2,11.1,17.9
2024-06-18,Quebec City,QC,31.4,14.7,17.2
2024-06-19,Quebec City,QC,31.9,20.6,19.5
2024-06-20,Quebec City,QC,29.8,22.2,19.7
2024-06-21,Quebec City,QC,24.0,14.0,12.3
2024-06-22,Quebec City,QC,26.3,14.3,9.7
2024-06-23,Quebec City,QC,19.3,14.9,27.9
2024-06-24,Quebec City,QC,20.9,13.3,25.0
2024-06-25,Quebec City,QC,28.0,12.7,16.8
2024-06-26,Quebec City,QC,25.9,17.7,20.2
2024-06-27,Quebec City,QC,21.2,12.7,24.6
2024-06-28,Quebec City,QC,21.3,10.4,17.9
2024-06-29,Quebec City,QC,22.7,14.8,15.8
2024-06-30,Quebec City,QC,24.5,17.1,21.3
2024-07-01,Quebec City,QC,25.8,16.3,15.5
2024-07-02,Quebec City,QC,27.5,12.4,10.8
2024-07-03,Quebec City,QC,27.6,13.8,17.0
2024-07-04,Quebec City,QC,27.5,19.3,19.5
2024-07-05,Quebec City,QC,26.4,18.2,13.0
2024-07-06,Quebec City,QC,24.5,16.5,18.9
2024-07-07,Quebec City,QC,26.1,15.8,11.5
2024-07-08,Quebec City,QC,26.9,16.5,15.1
2024-07-09,Quebec City,QC,26.3,17.5,16.2
2024-07-10,Quebec City,QC,24.7,17.5,9.6
2024-07-11,Quebec City,QC,22.2,18.3,25.4
2024-07-12,Quebec City,QC,25.2,18.1,12.7
2024-07-13,Quebec City,QC,25.9,17.2,22.1
2024-07-14,Quebec City,QC,29.1,18.4,20.6
2024-07-15,Quebec City,QC,28.6,18.3,19.0
2024-07-16,Quebec City,QC,27.8,20.7,14.5
2024-07-17,Quebec City,QC,26.9,20.0,21.4
2024-07-18,Quebec City,QC,24.0,17.5,23.6
2024-07-19,Quebec City,QC,24.3,15.1,19.0
2024-07-20,Quebec City,QC,25.7,16.4,23.7
2024-07-21,Quebec City,QC,21.1,9.7,17.8
2024-07-22,Quebec City,QC,24.2,11.9,18.7
2024-07-23,Quebec City,QC,24.4,15.5,14.3
2024-07-24,Quebec City,QC,25.9,15.6,16.1
2024-07-25,Quebec City,QC,24.1,17.3,22.1
2024-07-26,Quebec City,QC,25.8,16.1,13.8
2024-07-27,Quebec City,QC,26.2,13.2,14.6
2024-07-28,Quebec City,QC,28.8,17.8,14.4
2024-07-29,Quebec City,QC,31.3,17.5,11.8
2024-07-30,Quebec City,QC,26.2,19.0,12.3
2024-07-31,Quebec City,QC,26.8,20.5,12.0
2024-08-01,Quebec City,QC,29.9,20.8,13.8
2024-08-02,Quebec City,QC,28.8,20.4,13.3
2024-08-03,Quebec City,QC,29.6,20.7,16.3
2024-08-04,Quebec City,QC,28.6,19.3,11.7
2024-08-05,Quebec City,QC,24.2,15.9,17.5
2024-08-06,Quebec City,QC,22.6,12.7,16.2
2024-08-07,Quebec City,QC,23.0,12.1,14.4
2024-08-08,Quebec City,QC,25.2,11.3,9.9
2024-08-09,Quebec City,QC,19.5,16.6,33.0
2024-08-10,Quebec City,QC,25.3,17.4,23.4
2024-08-11,Quebec City,QC,23.3,15.8,17.6
2024-08-12,Quebec City,QC,22.0,14.6,14.8
2024-08-13,Quebec City,QC,26.9,14.7,15.0
2024-08-14,Quebec City,QC,25.6,13.1,8.2
2024-08-15,Quebec City,QC,26.4,16.5,7.9
2024-08-16,Quebec City,QC,26.6,16.3,9.4
2024-08-17,Quebec City,QC,26.6,18.0,8.4
2024-08-18,Quebec City,QC,26.1,18.9,11.3
2024-08-19,Quebec City,QC,21.0,14.3,13.0
2024-08-20,Quebec City,QC,17.0,13.2,15.1
2024-08-21,Quebec City,QC,16.6,13.3,22.9
2024-08-22,Quebec City,QC,19.1,12.7,20.8
2024-08-23,Quebec City,QC,22.8,11.8,14.9
2024-08-24,Quebec City,QC,25.3,13.7,16.0
2024-08-25,Quebec City,QC,23.7,15.4,12.5
2024-08-26,Quebec City,QC,25.5,14.5,9.6
2024-08-27,Quebec City,QC,27.4,14.3,18.0
2024-08-28,Quebec City,QC,21.5,12.7,20.2
2024-08-29,Quebec City,QC,20.1,10.2,8.3
2024-08-30,Quebec City,QC,25.4,8.8,10.0
2024-08-31,Quebec City,QC,20.4,15.9,10.8
2024-09-01,Quebec City,QC,25.8,14.0,24.5
2024-09-02,Quebec City,QC,16.8,10.2,19.4
2024-09-03,Quebec City,QC,19.6,8.3,18.4
2024-09-04,Quebec City,QC,24.2,11.0,17.2
2024-09-05,Quebec City,QC,25.4,13.8,13.2
2024-09-06,Quebec City,QC,25.6,12.3,13.0
2024-09-07,Quebec City,QC,23.7,13.3,23.1
2024-09-08,Quebec City,QC,15.4,9.5,24.3
2024-09-09,Quebec City,QC,17.2,9.9,22.7
2024-09-10,Quebec City,QC,16.9,7.5,15.9
2024-09-11,Quebec City,QC,21.9,5.2,14.7
2024-09-12,Quebec City,QC,22.6,11.3,11.3
2024-09-13,Quebec City,QC,25.4,11.8,11.2
2024-09-14,Quebec City,QC,21.7,12.2,15.1
2024-09-15,Quebec City,QC,25.6,9.1,12.7
2024-09-16,Quebec City,QC,26.9,14.5,18.0
2024-09-17,Quebec City,QC,26.8,16.0,15.6
2024-09-18,Quebec City,QC,26.8,15.3,14.0
2024-09-19,Quebec City,QC,20.8,12.9,22.2
2024-09-20,Quebec City,QC,20.9,14.0,20.2
2024-09-21,Quebec City,QC,18.7,11.9,14.9
2024-09-22,Quebec City,QC,18.4,10.2,17.8
2024-09-23,Quebec City,QC,19.0,10.0,14.5
2024-09-24,Quebec City,QC,19.2,11.9,18.7
2024-09-25,Quebec City,QC,17.4,10.5,16.1
2024-09-26,Quebec City,QC,15.8,12.5,11.0
2024-09-27,Quebec City,QC,20.3,12.1,11.8
2024-09-28,Quebec City,QC,17.2,11.0,16.9
2024-09-29,Quebec City,QC,20.6,8.3,16.3
2024-09-30,Quebec City,QC,19.2,9.0,18.4
2024-10-01,Quebec City,QC,16.4,10.0,18.8
2024-10-02,Quebec City,QC,19.8,11.9,9.3
2024-10-03,Quebec City,QC,18.7,10.8,15.8
2024-10-04,Quebec City,QC,20.7,8.9,16.9
2024-10-05,Quebec City,QC,13.1,8.0,17.6
2024-10-06,Quebec City,QC,13.4,7.4,17.9
2024-10-07,Quebec City,QC,14.4,9.6,14.2
2024-10-08,Quebec City,QC,12.5,5.6,17.0
2024-10-09,Quebec City,QC,12.7,2.6,7.6
2024-10-10,Quebec City,QC,12.8,4.6,20.3
2024-10-11,Quebec City,QC,15.2,7.8,22.3
2024-10-12,Quebec City,QC,12.1,5.6,31.7
2024-10-13,Quebec City,QC,10.5,2.7,16.3
2024-10-14,Quebec City,QC,7.0,3.3,24.5
2024-10-15,Quebec City,QC,9.3,4.2,22.0
2024-10-16,Quebec City,QC,10.3,2.9,19.2
2024-10-17,Quebec City,QC,11.4,0.8,15.0
2024-10-18,Quebec City,QC,14.0,0.9,10.0
2024-10-19,Quebec City,QC,15.3,4.1,16.0
2024-10-20,Quebec City,QC,16.9,4.3,18.5
2024-10-21,Quebec City,QC,19.4,9.6,18.9
2024-10-22,Quebec City,QC,16.0,6.5,13.9
2024-10-23,Quebec City,QC,23.6,9.1,20.6
2024-10-24,Quebec City,QC,13.1,3.2,12.9
2024-10-25,Quebec City,QC,9.3,0.3,7.2
2024-10-26,Quebec City,QC,8.9,3.0,23.1
2024-10-27,Quebec City,QC,5.1,-1.6,24.3
2024-10-28,Quebec City,QC,5.5,-2.9,14.9
2024-10-29,Quebec City,QC,8.8,-4.5,13.1
2024-10-30,Quebec City,QC,14.6,3.4,13.1
2024-10-31,Quebec City,QC,21.3,8.3,21.4
2024-11-01,Quebec City,QC,8.2,2.4,16.5
2024-11-02,Quebec City,QC,5.5,-1.0,13.7
2024-11-03,Quebec City,QC,5.4,-3.4,15.7
2024-11-04,Quebec City,QC,4.8,-2.3,9.0
2024-11-05,Quebec City,QC,9.7,2.7,8.3
2024-11-06,Quebec City,QC,19.5,5.4,27.6
2024-11-07,Quebec City,QC,9.3,2.3,24.3
2024-11-08,Quebec City,QC,10.9,3.6,29.0
2024-11-09,Quebec City,QC,4.9,-1.0,18.5
2024-11-10,Quebec City,QC,7.3,-2.4,14.2
2024-11-11,Quebec City,QC,7.8,2.7,13.3
2024-11-12,Quebec City,QC,4.9,-0.4,27.9
2024-11-13,Quebec City,QC,1.0,-3.2,7.6
2024-11-14,Quebec City,QC,2.7,-3.2,16.0
2024-11-15,Quebec City,QC,7.0,-4.5,10.7
2024-11-16,Quebec City,QC,5.9,2.4,17.5
2024-11-17,Quebec City,QC,6.8,-0.6,13.2
2024-11-18,Quebec City,QC,5.0,-0.6,14.1
2024-11-19,Quebec City,QC,9.0,2.1,14.5
2024-11-20,Quebec City,QC,7.4,-0.2,22.7
2024-11-21,Quebec City,QC,5.7,4.4,29.6
2024-11-22,Quebec City,QC,5.4,3.2,34.7
2024-11-23,Quebec City,QC,3.9,2.1,22.9
2024-11-24,Quebec City,QC,2.5,1.2,22.5
2024-11-25,Quebec City,QC,4.3,1.0,21.6
2024-11-26,Quebec City,QC,2.9,-0.1,15.4
2024-11-27,Quebec City,QC,2.5,0.3,22.7
2024-11-28,Quebec City,QC,1.9,-1.7,14.1
2024-11-29,Quebec City,QC,1.1,-1.3,16.0
2024-11-30,Quebec City,QC,-1.0,-2.8,17.2
2024-12-01,Quebec City,QC,-0.9,-5.6,18.4
2024-12-02,Quebec City,QC,-2.8,-12.0,9.9
2024-12-03,Quebec City,QC,-2.6,-9.6,10.4
2024-12-04,Quebec City,QC,-2.2,-11.2,16.3
2024-12-05,Quebec City,QC,0.3,-2.4,18.4
2024-12-06,Quebec City,QC,-2.0,-11.3,26.8
2024-12-07,Quebec City,QC,-10.4,-18.6,17.2
2024-12-08,Quebec City,QC,-4.7,-16.2,22.3
2024-12-09,Quebec City,QC,-6.6,-14.5,25.8
2024-12-10,Quebec City,QC,-1.6,-7.5,24.3
2024-12-11,Quebec City,QC,2.6,-1.0,22.4
2024-12-12,Quebec City,QC,1.7,-5.0,29.6
2024-12-13,Quebec City,QC,-5.4,-11.2,19.2
2024-12-14,Quebec City,QC,-9.7,-14.8,15.1
2024-12-15,Quebec City,QC,-10.2,-19.9,7.3
2024-12-16,Quebec City,QC,-0.1,-14.1,9.5
2024-12-17,Quebec City,QC,5.1,0.9,27.4
2024-12-18,Quebec City,QC,2.1,-1.1,19.2
2024-12-19,Quebec City,QC,0.5,-13.1,16.9
2024-12-20,Quebec City,QC,-7.9,-13.8,16.7
2024-12-21,Quebec City,QC,-7.7,-15.0,13.7
2024-12-22,Quebec City,QC,-10.6,-18.3,15.9
2024-12-23,Quebec City,QC,-12.0,-20.0,9.0
2024-12-24,Quebec City,QC,-8.0,-14.7,8.3
2024-12-25,Quebec City,QC,-9.5,-18.7,9.4
2024-12-26,Quebec City,QC,-11.7,-18.0,11.5
2024-12-27,Quebec City,QC,-10.6,-16.2,13.9
2024-12-28,Quebec City,QC,-2.0,-13.7,5.9
2024-12-29,Quebec City,QC,2.4,-1.7,17.9
2024-12-30,Quebec City,QC,6.0,1.7,21.2
2024-12-31,Quebec City,QC,4.9,0.2,19.9
2025-01-01,Quebec City,QC,2.1,-0.3,29.3
2025-01-02,Quebec City,QC,1.1,-4.8,29.5
2025-01-03,Quebec City,QC,-5.1,-10.9,28.3
2025-01-04,Quebec City,QC,-11.2,-15.0,21.4
2025-01-05,Quebec City,QC,-13.6,-16.7,18.8
2025-01-06,Quebec City,QC,-9.6,-18.1,21.1
2025-01-07,Quebec City,QC,-4.1,-10.1,18.3
2025-01-08,Quebec City,QC,-6.7,-13.7,27.8
2025-01-09,Quebec City,QC,-1.7,-8.1,21.3
2025-01-10,Quebec City,QC,-3.5,-11.6,18.8
2025-01-11,Quebec City,QC,-6.3,-11.9,6.1
2025-01-12,Quebec City,QC,-6.2,-10.1,11.6
2025-01-13,Quebec City,QC,-4.8,-10.7,9.0
2025-01-14,Quebec City,QC,-3.3,-7.0,15.0
2025-01-15,Quebec City,QC,-6.4,-11.7,14.4
2025-01-16,Quebec City,QC,-8.9,-18.7,10.3
2025-01-17,Quebec City,QC,-4.9,-13.7,7.2
2025-01-18,Quebec City,QC,2.3,-4.9,15.6
2025-01-19,Quebec City,QC,1.0,-11.0,14.8
2025-01-20,Quebec City,QC,-10.1,-22.0,22.9
2025-01-21,Quebec City,QC,-17.4,-26.5,10.5
2025-01-22,Quebec City,QC,-16.9,-27.3,7.8
2025-01-23,Quebec City,QC,-10.0,-23.8,6.9
2025-01-24,Quebec City,QC,-11.2,-20.5,17.1
2025-01-25,Quebec City,QC,-14.5,-23.2,10.0
2025-01-26,Quebec City,QC,-1.9,-15.6,28.1
2025-01-27,Quebec City,QC,-0.4,-20.8,36.0
2025-01-28,Quebec City,QC,-1.6,-23.0,33.2
2025-01-29,Quebec City,QC,-11.9,-25.8,25.9
2025-01-30,Quebec City,QC,-15.2,-22.8,25.1
2025-01-31,Quebec City,QC,-8.0,-18.2,17.8
2025-02-01,Quebec City,QC,-10.5,-23.3,17.0
2025-02-02,Quebec City,QC,-13.6,-25.9,15.1
2025-02-03,Quebec City,QC,-3.1,-13.1,16.7
2025-02-04,Quebec City,QC,-5.2,-14.1,20.2
2025-02-05,Quebec City,QC,-15.3,-22.9,18.7
2025-02-06,Quebec City,QC,-8.1,-25.6,17.2
2025-02-07,Quebec City,QC,-4.0,-7.6,25.7
2025-02-08,Quebec City,QC,-7.1,-14.5,18.7
2025-02-09,Quebec City,QC,-7.4,-15.1,9.1
2025-02-10,Quebec City,QC,-8.8,-20.9,15.5
2025-02-11,Quebec City,QC,-8.3,-26.2,17.4
2025-02-12,Quebec City,QC,-15.4,-26.2,10.5
2025-02-13,Quebec City,QC,-8.6,-15.5,28.7
2025-02-14,Quebec City,QC,-8.2,-15.8,25.9
2025-02-15,Quebec City,QC,-13.0,-20.6,14.6
2025-02-16,Quebec City,QC,-10.8,-18.8,40.9
2025-02-17,Quebec City,QC,-9.6,-15.0,35.5
2025-02-18,Quebec City,QC,-12.4,-17.7,30.0
2025-02-19,Quebec City,QC,-11.7,-15.4,24.2
2025-02-20,Quebec City,QC,-7.1,-12.7,16.4
2025-02-21,Quebec City,QC,-4.3,-15.2,18.3
2025-02-22,Quebec City,QC,-6.3,-17.1,15.2
2025-02-23,Quebec City,QC,-1.7,-10.8,16.3
2025-02-24,Quebec City,QC,3.4,-20.4,25.8
2025-02-25,Quebec City,QC,4.5,1.2,27.9
2025-02-26,Quebec City,QC,1.3,-10.8,20.9
2025-02-27,Quebec City,QC,0.2,-14.7,12.8
2025-02-28,Quebec City,QC,-0.2,-15.8,21.6
2025-03-01,Quebec City,QC,-3.5,-14.2,25.0
2025-03-02,Quebec City,QC,-10.4,-18.7,26.2
2025-03-03,Quebec City,QC,-11.8,-26.9,13.0
2025-03-04,Quebec City,QC,0.4,-16.7,13.7
2025-03-05,Quebec City,QC,1.2,-2.8,26.0
2025-03-06,Quebec City,QC,4.8,0.9,23.9
2025-03-07,Quebec City,QC,0.1,-7.6,33.7
2025-03-08,Quebec City,QC,-6.8,-11.2,30.7
2025-03-09,Quebec City,QC,-3.5,-13.0,20.7
2025-03-10,Quebec City,QC,-3.1,-15.6,10.8
2025-03-11,Quebec City,QC,5.9,-9.9,21.6
2025-03-12,Quebec City,QC,-5.8,-15.0,16.1
2025-03-13,Quebec City,QC,0.6,-18.5,9.6
2025-03-14,Quebec City,QC,4.7,-9.2,10.8
2025-03-15,Quebec City,QC,4.9,-2.4,16.3
2025-03-16,Quebec City,QC,10.0,-1.3,13.5
2025-03-17,Quebec City,QC,6.9,-0.9,16.8
2025-03-18,Quebec City,QC,1.3,-6.7,14.2
2025-03-19,Quebec City,QC,3.2,-3.3,26.1
2025-03-20,Quebec City,QC,10.9,0.3,15.7
2025-03-21,Quebec City,QC,7.5,-2.8,16.4
2025-03-22,Quebec City,QC,9.3,-6.0,21.1
2025-03-23,Quebec City,QC,-2.1,-11.5,23.9
2025-03-24,Quebec City,QC,-2.4,-10.3,19.8
2025-03-25,Quebec City,QC,3.6,-3.0,13.7
2025-03-26,Quebec City,QC,5.1,-1.5,11.6
2025-03-27,Quebec City,QC,5.0,-5.3,20.1
2025-03-28,Quebec City,QC,1.4,-4.8,22.5
2025-03-29,Quebec City,QC,-0.2,-8.8,16.2
2025-03-30,Quebec City,QC,-0.4,-5.3,22.5
2025-03-31,Quebec City,QC,7.2,-1.3,21.7
2025-04-01,Quebec City,QC,2.7,-6.1,25.6
2025-04-02,Quebec City,QC,1.0,-9.9,17.0
2025-04-03,Quebec City,QC,5.7,-1.7,24.6
2025-04-04,Quebec City,QC,7.4,-1.2,25.2
2025-04-05,Quebec City,QC,2.3,-2.9,15.0
2025-04-06,Quebec City,QC,8.5,-0.9,21.3
2025-04-07,Quebec City,QC,4.1,-5.3,14.5
2025-04-08,Quebec City,QC,3.0,-2.7,26.7
2025-04-09,Quebec City,QC,-0.9,-8.2,24.9
2025-04-10,Quebec City,QC,5.7,-6.7,20.5
2025-04-11,Quebec City,QC,8.0,-2.5,7.7
2025-04-12,Quebec City,QC,11.7,-0.2,11.3
2025-04-13,Quebec City,QC,8.9,0.3,23.1
2025-04-14,Quebec City,QC,13.7,-3.0,14.0
2025-04-15,Quebec City,QC,12.1,3.6,14.7
2025-04-16,Quebec City,QC,4.2,1.6,23.9
2025-04-17,Quebec City,QC,6.8,-2.2,25.7
2025-04-18,Quebec City,QC,12.5,-3.4,17.4
2025-04-19,Quebec City,QC,13.7,1.9,16.6
2025-04-20,Quebec City,QC,8.9,0.5,31.1
2025-04-21,Quebec City,QC,12.1,-2.0,20.1
2025-04-22,Quebec City,QC,10.9,3.8,19.1
2025-04-23,Quebec City,QC,9.5,3.7,19.1
2025-04-24,Quebec City,QC,12.3,1.1,10.1
2025-04-25,Quebec City,QC,15.1,2.7,20.2
2025-04-26,Quebec City,QC,8.7,4.3,31.0
2025-04-27,Quebec City,QC,5.9,1.5,26.5
2025-04-28,Quebec City,QC,19.3,4.4,19.0
2025-04-29,Quebec City,QC,22.3,7.1,20.1
2025-04-30,Quebec City,QC,15.7,1.7,32.8
2025-05-01,Quebec City,QC,13.2,-2.2,8.5
2025-05-02,Quebec City,QC,13.7,6.1,17.6
2025-05-03,Quebec City,QC,13.6,6.7,14.2
2025-05-04,Quebec City,QC,19.3,3.5,16.3
2025-05-05,Quebec City,QC,17.4,3.6,18.7
2025-05-06,Quebec City,QC,19.9,8.5,14.6
2025-05-07,Quebec City,QC,21.9,10.9,18.4
2025-05-08,Quebec City,QC,10.7,5.4,24.7
2025-05-09,Quebec City,QC,7.7,3.4,29.1
2025-05-10,Quebec City,QC,10.6,5.4,20.4
2025-05-11,Quebec City,QC,14.0,2.3,19.2
2025-05-12,Quebec City,QC,17.6,4.7,19.7
2025-05-13,Quebec City,QC,16.0,4.8,13.1
2025-05-14,Quebec City,QC,26.3,6.5,13.3
2025-05-15,Quebec City,QC,26.9,12.7,18.1
2025-05-16,Quebec City,QC,20.1,9.9,22.0
2025-05-17,Quebec City,QC,20.3,10.2,20.0
2025-05-18,Quebec City,QC,14.1,7.8,18.0
2025-05-19,Quebec City,QC,10.1,7.6,14.7
2025-05-20,Quebec City,QC,13.2,7.5,23.6
2025-05-21,Quebec City,QC,13.4,6.5,23.0
2025-05-22,Quebec City,QC,13.8,5.5,20.4
2025-05-23,Quebec City,QC,8.7,6.2,26.3
2025-05-24,Quebec City,QC,7.7,5.7,13.2
2025-05-25,Quebec City,QC,12.7,6.2,10.3
2025-05-26,Quebec City,QC,21.3,4.7,17.4
2025-05-27,Quebec City,QC,24.2,8.0,13.3
2025-05-28,Quebec City,QC,25.7,8.5,15.9
2025-05-29,Quebec City,QC,22.3,10.8,15.4
2025-05-30,Quebec City,QC,21.4,14.3,18.6
2025-05-31,Quebec City,QC,17.4,10.9,21.6
2025-06-01,Quebec City,QC,11.1,9.1,30.5
2025-06-02,Quebec City,QC,16.8,9.3,20.4
2025-06-03,Quebec City,QC,22.5,7.0,14.3
2025-06-04,Quebec City,QC,27.7,11.9,17.2
2025-06-05,Quebec City,QC,25.5,17.1,17.8
2025-06-06,Quebec City,QC,25.1,11.9,12.6
2025-06-07,Quebec City,QC,22.9,13.0,13.8
2025-06-08,Quebec City,QC,22.5,10.2,11.2
2025-06-09,Quebec City,QC,25.4,12.3,18.4
2025-06-10,Quebec City,QC,22.7,13.5,14.3
2025-06-11,Quebec City,QC,21.7,13.2,24.6
2025-06-12,Quebec City,QC,18.9,11.3,25.3
2025-06-13,Quebec City,QC,16.4,8.2,14.9
2025-06-14,Quebec City,QC,19.6,5.3,7.2
2025-06-15,Quebec City,QC,23.3,6.7,16.3
2025-06-16,Quebec City,QC,26.1,9.8,13.5
2025-06-17,Quebec City,QC,27.6,15.2,20.6
2025-06-18,Quebec City,QC,25.2,19.7,20.6
2025-06-19,Quebec City,QC,22.2,16.3,20.0
2025-06-20,Quebec City,QC,18.7,13.4,22.1
2025-06-21,Quebec City,QC,22.9,11.8,16.8
2025-06-22,Quebec City,QC,27.8,15.0,23.6
2025-06-23,Quebec City,QC,30.2,15.2,15.7
2025-06-24,Quebec City,QC,30.6,23.4,19.3
2025-06-25,Quebec City,QC,23.6,15.0,17.6
2025-06-26,Quebec City,QC,20.6,10.5,12.9
2025-06-27,Quebec City,QC,22.7,10.3,13.9
2025-06-28,Quebec City,QC,17.1,12.5,16.8
2025-06-29,Quebec City,QC,22.2,13.6,16.5
2025-06-30,Quebec City,QC,26.9,14.7,13.4
2025-07-01,Quebec City,QC,25.2,17.0,16.3
2025-07-02,Quebec City,QC,26.3,17.1,18.7
2025-07-03,Quebec City,QC,23.6,16.8,19.2
2025-07-04,Quebec City,QC,24.4,12.7,16.2
2025-07-05,Quebec City,QC,24.3,14.2,16.7
2025-07-06,Quebec City,QC,26.6,17.1,18.9
2025-07-07,Quebec City,QC,19.7,14.2,21.7
2025-07-08,Quebec City,QC,24.6,11.8,12.2
2025-07-09,Quebec City,QC,26.2,12.7,7.5
2025-07-10,Quebec City,QC,25.1,16.9,13.5
2025-07-11,Quebec City,QC,25.7,17.1,11.1
2025-07-12,Quebec City,QC,28.0,16.4,13.2
2025-07-13,Quebec City,QC,29.3,19.1,13.5
2025-07-14,Quebec City,QC,27.9,20.7,17.1
2025-07-15,Quebec City,QC,27.4,19.1,14.8
2025-07-16,Quebec City,QC,29.8,18.9,17.7
2025-07-17,Quebec City,QC,23.6,18.0,16.9
2025-07-18,Quebec City,QC,23.6,14.5,18.4
2025-07-19,Quebec City,QC,23.3,15.2,20.1
2025-07-20,Quebec City,QC,23.3,16.0,15.3
2025-07-21,Quebec City,QC,20.8,12.4,23.1
2025-07-22,Quebec City,QC,22.0,11.8,19.6
2025-07-23,Quebec City,QC,23.7,12.1,15.0
2025-07-24,Quebec City,QC,29.3,16.3,29.2
2025-07-25,Quebec City,QC,27.4,16.6,17.9
2025-07-26,Quebec City,QC,25.1,13.3,15.9
2025-07-27,Quebec City,QC,27.2,16.7,18.4
2025-07-28,Quebec City,QC,26.9,18.2,12.4
2025-07-29,Quebec City,QC,27.0,19.3,14.4
2025-07-30,Quebec City,QC,25.5,17.8,12.8
2025-07-31,Quebec City,QC,22.0,13.3,14.8
2025-08-01,Quebec City,QC,21.9,10.6,10.4
2025-08-02,Quebec City,QC,22.7,11.5,18.1
2025-08-03,Quebec City,QC,26.0,14.5,22.9
2025-08-04,Quebec City,QC,23.1,14.9,14.7
2025-08-05,Quebec City,QC,23.1,11.3,9.0
2025-08-06,Quebec City,QC,25.4,12.7,9.3
2025-08-07,Quebec City,QC,27.8,12.0,6.7
2025-08-08,Quebec City,QC,28.5,13.1,8.3
2025-08-09,Quebec City,QC,29.4,17.8,17.1
2025-08-10,Quebec City,QC,31.7,20.6,15.9
2025-08-11,Quebec City,QC,32.7,21.3,14.0
2025-08-12,Quebec City,QC,33.0,20.0,13.0
2025-08-13,Quebec City,QC,31.0,19.6,17.1
2025-08-14,Quebec City,QC,24.7,16.2,14.6
2025-08-15,Quebec City,QC,24.1,11.4,9.3
2025-08-16,Quebec City,QC,27.6,11.4,13.6
2025-08-17,Quebec City,QC,21.4,11.4,17.9
2025-08-18,Quebec City,QC,20.9,9.0,14.8
2025-08-19,Quebec City,QC,19.7,8.6,16.5
2025-08-20,Quebec City,QC,21.7,12.6,17.2
2025-08-21,Quebec City,QC,25.2,10.4,9.6
2025-08-22,Quebec City,QC,26.4,11.6,11.0
2025-08-23,Quebec City,QC,27.2,18.9,15.7
2025-08-24,Quebec City,QC,25.0,16.9,18.6
2025-08-25,Quebec City,QC,23.7,16.9,14.2
2025-08-26,Quebec City,QC,18.9,14.2,20.8
2025-08-27,Quebec City,QC,19.4,12.1,16.2
2025-08-28,Quebec City,QC,15.5,10.2,9.3
2025-08-29,Quebec City,QC,17.5,11.6,12.8
2025-08-30,Quebec City,QC,17.9,10.6,10.1
2025-08-31,Quebec City,QC,21.8,10.5,18.5
2025-09-01,Quebec City,QC,24.6,11.1,11.4
2025-09-02,Quebec City,QC,24.0,11.7,8.3
2025-09-03,Quebec City,QC,22.4,13.6,12.3
2025-09-04,Quebec City,QC,26.5,12.4,15.7
2025-09-05,Quebec City,QC,22.2,16.0,15.9
2025-09-06,Quebec City,QC,18.6,11.8,17.8
2025-09-07,Quebec City,QC,16.8,10.9,18.9
2025-09-08,Quebec City,QC,16.5,9.2,17.5
2025-09-09,Quebec City,QC,19.4,6.7,7.0
2025-09-10,Quebec City,QC,20.8,8.2,9.4
2025-09-11,Quebec City,QC,21.1,11.3,15.7
2025-09-12,Quebec City,QC,17.9,7.0,8.6
2025-09-13,Quebec City,QC,19.6,8.8,9.5
2025-09-14,Quebec City,QC,20.6,9.2,12.3
2025-09-15,Quebec City,QC,20.8,9.6,11.2
2025-09-16,Quebec City,QC,21.5,9.6,8.3
2025-09-17,Quebec City,QC,22.2,10.0,8.7
2025-09-18,Quebec City,QC,23.1,13.4,15.1
2025-09-19,Quebec City,QC,16.2,7.7,15.3
2025-09-20,Quebec City,QC,15.8,5.0,18.6
2025-09-21,Quebec City,QC,18.2,3.7,5.0
2025-09-22,Quebec City,QC,19.2,8.8,6.6
2025-09-23,Quebec City,QC,21.9,11.7,17.2
2025-09-24,Quebec City,QC,18.6,11.0,20.3
2025-09-25,Quebec City,QC,15.3,12.1,15.5
2025-09-26,Quebec City,QC,19.6,10.7,18.9
2025-09-27,Quebec City,QC,16.5,8.3,15.4
2025-09-28,Quebec City,QC,21.1,9.7,23.5
2025-09-29,Quebec City,QC,20.9,10.1,15.1
2025-09-30,Quebec City,QC,16.7,8.0,15.5
2025-10-01,Quebec City,QC,12.6,5.2,12.3
2025-10-02,Quebec City,QC,14.7,1.3,13.0
2025-10-03,Quebec City,QC,18.7,4.8,13.4
2025-10-04,Quebec City,QC,22.1,9.7,15.0
2025-10-05,Quebec City,QC,25.6,9.4,11.6
2025-10-06,Quebec City,QC,26.6,11.8,16.1
2025-10-07,Quebec City,QC,25.0,13.8,20.6
2025-10-08,Quebec City,QC,14.6,5.7,17.3
2025-10-09,Quebec City,QC,10.8,3.5,19.5
2025-10-10,Quebec City,QC,12.2,-0.7,12.8
2025-10-11,Quebec City,QC,15.8,2.2,12.3
2025-10-12,Quebec City,QC,14.8,6.0,20.5
2025-10-13,Quebec City,QC,13.9,5.6,16.2
2025-10-14,Quebec City,QC,15.8,6.5,12.1
2025-10-15,Quebec City,QC,11.0,5.1,16.6
2025-10-16,Quebec City,QC,11.1,3.8,17.1
2025-10-17,Quebec City,QC,13.2,1.2,7.3
2025-10-18,Quebec City,QC,12.2,0.3,6.2
2025-10-19,Quebec City,QC,17.8,6.8,17.7
2025-10-20,Quebec City,QC,15.7,10.7,25.0
2025-10-21,Quebec City,QC,13.5,8.8,24.0
2025-10-22,Quebec City,QC,10.5,7.7,18.7
2025-10-23,Quebec City,QC,11.4,6.7,17.5
2025-10-24,Quebec City,QC,9.6,3.6,13.1
2025-10-25,Quebec City,QC,9.3,3.3,14.7
2025-10-26,Quebec City,QC,8.4,3.1,8.2
2025-10-27,Quebec City,QC,9.8,3.5,17.7
2025-10-28,Quebec City,QC,10.2,-0.2,6.9
2025-10-29,Quebec City,QC,9.6,0.2,15.2
2025-10-30,Quebec City,QC,8.4,0.5,25.7
2025-10-31,Quebec City,QC,10.9,6.7,38.2
2025-11-01,Quebec City,QC,8.4,3.5,30.3
2025-11-02,Quebec City,QC,6.0,0.4,16.9
2025-11-03,Quebec City,QC,8.0,-0.6,17.4
2025-11-04,Quebec City,QC,8.8,3.5,23.9
2025-11-05,Quebec City,QC,6.7,0.9,17.8
2025-11-06,Quebec City,QC,6.2,1.4,23.6
2025-11-07,Quebec City,QC,1.5,-2.9,16.9
2025-11-08,Quebec City,QC,5.7,-1.8,22.9
2025-11-09,Quebec City,QC,1.2,-2.4,30.5
2025-11-10,Quebec City,QC,3.0,-0.7,31.6
2025-11-11,Quebec City,QC,1.4,-2.0,22.4
2025-11-12,Quebec City,QC,1.0,-1.6,20.7
2025-11-13,Quebec City,QC,3.4,-2.3,8.2
2025-11-14,Quebec City,QC,2.2,-2.8,11.3
2025-11-15,Quebec City,QC,1.3,-4.3,17.6
2025-11-16,Quebec City,QC,-1.5,-4.9,18.2
2025-11-17,Quebec City,QC,1.7,-4.1,22.4
2025-11-18,Quebec City,QC,1.6,-2.1,21.3
2025-11-19,Quebec City,QC,1.0,-2.6,17.1
2025-11-20,Quebec City,QC,-0.7,-7.0,11.3
2025-11-21,Quebec City,QC,1.0,-5.3,13.9
2025-11-22,Quebec City,QC,1.3,-7.7,18.7
2025-11-23,Quebec City,QC,-1.6,-8.0,14.0
2025-11-24,Quebec City,QC,0.4,-8.7,15.2
2025-11-25,Quebec City,QC,2.5,-0.9,12.9
2025-11-26,Quebec City,QC,2.5,1.1,27.0
2025-11-27,Quebec City,QC,2.8,0.1,27.0
2025-11-28,Quebec City,QC,0.5,-2.8,17.7
2025-11-29,Quebec City,QC,-0.4,-3.8,23.2
2025-11-30,Quebec City,QC,-0.7,-5.6,10.4
2025-12-01,Quebec City,QC,1.6,-14.0,20.2
2025-12-02,Quebec City,QC,-7.9,-13.9,7.6
2025-12-03,Quebec City,QC,-7.8,-15.5,10.8
2025-12-04,Quebec City,QC,-0.9,-18.3,26.1
2025-12-05,Quebec City,QC,-14.5,-22.4,18.3
2025-12-06,Quebec City,QC,-2.2,-20.9,18.4
2025-12-07,Quebec City,QC,-3.2,-16.7,17.9
2025-12-08,Quebec City,QC,-13.5,-18.9,21.3
2025-12-09,Quebec City,QC,-15.5,-24.3,11.7
2025-12-10,Quebec City,QC,-5.1,-16.6,27.3
2025-12-11,Quebec City,QC,-5.0,-9.3,25.1
2025-12-12,Quebec City,QC,-4.6,-9.6,27.6
2025-12-13,Quebec City,QC,-6.9,-14.2,18.3
2025-12-14,Quebec City,QC,-5.2,-13.9,13.7
2025-12-15,Quebec City,QC,-7.0,-15.9,21.5
2025-12-16,Quebec City,QC,-4.0,-12.2,15.0
2025-12-17,Quebec City,QC,1.0,-5.1,19.7
2025-12-18,Quebec City,QC,-1.4,-14.0,17.4
2025-12-19,Quebec City,QC,8.2,-1.7,31.5
2025-12-20,Quebec City,QC,0.5,-8.6,37.6
2025-12-21,Quebec City,QC,0.3,-10.2,28.3
2025-12-22,Quebec City,QC,-10.4,-17.6,16.1
2025-12-23,Quebec City,QC,-9.3,-22.0,24.2
2025-12-24,Quebec City,QC,-7.7,-13.6,29.0
2025-12-25,Quebec City,QC,-6.0,-16.0,21.3
2025-12-26,Quebec City,QC,-15.4,-23.1,17.2
2025-12-27,Quebec City,QC,-10.7,-19.7,15.2
2025-12-28,Quebec City,QC,-9.6,-21.3,13.2
2025-12-29,Quebec City,QC,0.4,-12.0,29.9
2025-12-30,Quebec City,QC,-0.7,-15.0,32.3
2025-12-31,Quebec City,QC,-12.1,-18.6,24.5
2026-01-01,Quebec City,QC,-7.7,-18.6,22.5
2026-01-02,Quebec City,QC,-17.9,-24.7,20.8
2026-01-03,Quebec City,QC,-15.8,-22.6,20.7
2026-01-04,Quebec City,QC,-15.8,-27.0,12.6
2026-01-05,Quebec City,QC,-15.8,-23.0,12.6
2026-01-06,Quebec City,QC,-7.6,-20.5,11.4
2026-01-07,Quebec City,QC,-2.8,-8.0,20.9
2026-01-08,Quebec City,QC,0.4,-3.1,14.4
2026-01-09,Quebec City,QC,3.8,-1.7,13.6
2026-01-10,Quebec City,QC,5.7,-8.2,35.2
2026-01-11,Quebec City,QC,-3.2,-5.4,32.1
2026-01-12,Quebec City,QC,-4.1,-11.3,23.9
2026-01-13,Quebec City,QC,1.0,-8.4,13.4
2026-01-14,Quebec City,QC,3.5,-0.4,20.4
2026-01-15,Quebec City,QC,1.3,-7.9,27.2
2026-01-16,Quebec City,QC,-10.0,-17.8,24.3
2026-01-17,Quebec City,QC,-8.1,-20.0,10.7
2026-01-18,Quebec City,QC,-1.9,-9.4,22.6
2026-01-19,Quebec City,QC,-6.2,-15.5,8.7
2026-01-20,Quebec City,QC,-6.5,-16.9,27.8
2026-01-21,Quebec City,QC,-7.6,-17.9,20.1
2026-01-22,Quebec City,QC,-2.0,-9.9,23.5
2026-01-23,Quebec City,QC,-7.4,-19.6,21.7
2026-01-24,Quebec City,QC,-20.9,-26.4,26.8
2026-01-25,Quebec City,QC,-17.9,-28.7,16.3
2026-01-26,Quebec City,QC,-10.8,-16.0,27.1
2026-01-27,Quebec City,QC,-11.8,-17.9,14.9
2026-01-28,Quebec City,QC,-13.9,-25.5,15.7
2026-01-29,Quebec City,QC,-13.4,-24.4,23.6
2026-01-30,Quebec City,QC,-14.4,-18.1,28.1
2026-01-31,Quebec City,QC,-12.6,-18.1,18.4
2026-02-01,Quebec City,QC,-13.5,-24.5,6.0
2026-02-02,Quebec City,QC,-7.9,-25.3,7.1
2026-02-03,Quebec City,QC,-9.0,-23.0,6.4
2026-02-04,Quebec City,QC,-5.4,-15.3,19.4
2026-02-05,Quebec City,QC,-9.3,-20.5,16.4
2026-02-06,Quebec City,QC,-10.4,-25.1,15.2
2026-02-07,Quebec City,QC,-7.1,-13.8,19.5
2026-02-08,Quebec City,QC,-12.1,-18.6,22.3
2026-02-09,Quebec City,QC,-9.7,-18.0,22.2
2026-02-10,Quebec City,QC,-8.0,-20.4,17.7
2026-02-11,Quebec City,QC,-3.9,-7.8,20.5
2026-02-12,Quebec City,QC,-2.5,-10.3,16.8
2026-02-13,Quebec City,QC,-6.8,-14.8,16.8
2026-02-14,Quebec City,QC,-4.5,-18.0,17.1
2026-02-15,Quebec City,QC,-8.0,-19.3,9.9
2026-02-16,Quebec City,QC,-2.1,-16.7,10.5
2026-02-17,Quebec City,QC,0.5,-4.9,15.8
2026-02-18,Quebec City,QC,-0.2,-9.9,18.7
2026-02-19,Quebec City,QC,-4.0,-17.8,11.5
2026-02-20,Quebec City,QC,-7.5,-17.3,32.0
2026-02-21,Quebec City,QC,-6.2,-14.1,27.5
2026-02-22,Quebec City,QC,-2.7,-14.9,21.8
2026-02-23,Quebec City,QC,-4.5,-9.5,23.4
2026-02-24,Quebec City,QC,-8.4,-14.1,23.9
2026-02-25,Quebec City,QC,-6.1,-21.8,14.6
2026-02-26,Quebec City,QC,-3.7,-11.6,23.3
2026-02-27,Quebec City,QC,-5.0,-20.8,6.8
2026-02-28,Quebec City,QC,5.3,-10.8,30.7
2026-03-01,Quebec City,QC,-9.5,-18.9,19.4
2026-03-02,Quebec City,QC,-10.4,-24.6,16.9
2026-03-03,Quebec City,QC,-1.7,-19.8,11.4
2026-03-04,Quebec City,QC,3.6,-6.8,21.4
2026-03-05,Quebec City,QC,-1.8,-13.2,24.8
2026-03-06,Quebec City,QC,-2.1,-11.8,23.5
2026-03-07,Quebec City,QC,4.4,-3.4,10.8
2026-03-08,Quebec City,QC,6.0,2.1,22.0
2026-03-09,Quebec City,QC,10.1,-0.5,20.9
2026-03-10,Quebec City,QC,6.0,-1.3,16.5
2026-03-11,Quebec City,QC,-2.1,-6.9,44.5
2026-03-12,Quebec City,QC,1.1,-7.5,33.7
2026-03-13,Quebec City,QC,-2.2,-10.0,15.4
2026-03-14,Quebec City,QC,-2.2,-5.8,26.4
2026-03-15,Quebec City,QC,-2.1,-15.2,22.8
2026-03-16,Quebec City,QC,6.7,-3.7,24.4
2026-03-17,Quebec City,QC,6.7,-12.5,43.7
2026-03-18,Quebec City,QC,-9.2,-18.6,19.4
2026-03-19,Quebec City,QC,-1.6,-15.7,14.9
2026-03-20,Quebec City,QC,-1.9,-8.1,12.2
2026-03-21,Quebec City,QC,1.9,-14.1,17.2
2026-03-22,Quebec City,QC,-3.4,-8.8,23.4
2026-03-23,Quebec City,QC,-0.9,-4.9,22.8
2026-03-24,Quebec City,QC,0.0,-6.4,18.8
2026-03-25,Quebec City,QC,-2.8,-11.5,21.2
2026-03-26,Quebec City,QC,0.2,-7.8,16.0
2026-03-27,Quebec City,QC,-0.2,-14.7,19.2
2026-03-28,Quebec City,QC,-5.5,-22.5,11.9
2026-03-29,Quebec City,QC,1.7,-14.9,23.1
2026-03-30,Quebec City,QC,5.9,-6.5,18.3
2026-03-31,Quebec City,QC,1.3,-1.5,27.9
2026-04-01,Quebec City,QC,0.9,-1.5,25.3
2026-04-02,Quebec City,QC,2.2,-5.3,20.9
2026-04-03,Quebec City,QC,3.1,-0.6,19.2
2026-04-04,Quebec City,QC,0.9,-3.7,27.6
2026-04-05,Quebec City,QC,6.0,0.3,23.5
2026-04-06,Quebec City,QC,2.8,-5.6,22.6
2026-04-07,Quebec City,QC,-1.3,-15.2,14.5
2026-04-08,Quebec City,QC,2.4,-17.5,20.2
2026-04-09,Quebec City,QC,11.6,-6.2,13.4
2026-04-10,Quebec City,QC,5.3,1.4,10.4
2026-04-11,Quebec City,QC,4.8,-0.8,19.6
2026-04-12,Quebec City,QC,9.1,-4.6,9.4
2026-04-13,Quebec City,QC,9.3,3.0,18.5
2026-04-14,Quebec City,QC,10.2,0.3,22.6
2026-04-15,Quebec City,QC,6.5,2.0,23.8
2026-04-16,Quebec City,QC,5.7,1.9,16.7
2026-04-17,Quebec City,QC,18.0,1.0,17.5
2026-04-18,Quebec City,QC,20.3,3.1,23.5
2026-04-19,Quebec City,QC,11.6,0.1,25.4
2026-04-20,Quebec City,QC,1.2,-4.1,18.9
2026-04-21,Quebec City,QC,6.1,-6.9,12.0
2026-04-22,Quebec City,QC,9.7,0.7,14.0
2026-04-23,Quebec City,QC,7.9,-0.1,17.7
2026-04-24,Quebec City,QC,7.3,0.8,16.1
2026-04-25,Quebec City,QC,12.9,-1.4,12.2
2026-04-26,Quebec City,QC,16.6,1.5,8.5
2026-04-27,Quebec City,QC,21.4,2.5,10.7
2026-04-28,Quebec City,QC,23.5,5.9,20.9
2026-04-29,Quebec City,QC,20.1,7.4,16.5
2026-04-30,Quebec City,QC,11.0,6.9,14.1
2026-05-01,Quebec City,QC,8.4,2.8,21.4
2026-05-02,Quebec City,QC,10.3,-1.9,13.4
2026-05-03,Quebec City,QC,10.4,-0.8,18.6
2026-05-04,Quebec City,QC,9.5,-1.9,14.5
2026-05-05,Quebec City,QC,19.8,4.6,27.5
2026-05-06,Quebec City,QC,11.6,5.0,21.3
2026-05-07,Quebec City,QC,9.7,4.2,22.1
2026-05-08,Quebec City,QC,10.9,1.2,16.7
2026-05-09,Quebec City,QC,16.4,2.2,16.9
2026-05-10,Quebec City,QC,17.0,7.2,24.1
2026-05-11,Quebec City,QC,11.4,3.7,17.6
2026-05-12,Quebec City,QC,11.3,2.0,17.0
2026-05-13,Quebec City,QC,15.4,0.3,16.7
2026-05-14,Quebec City,QC,11.0,7.2,20.7
2026-05-15,Quebec City,QC,19.0,7.0,20.3
2026-05-16,Quebec City,QC,22.4,9.8,22.8
2026-05-17,Quebec City,QC,18.7,11.3,22.5
2026-05-18,Quebec City,QC,17.5,7.5,12.3
2026-05-19,Quebec City,QC,16.1,9.8,12.0
2026-05-20,Quebec City,QC,23.6,8.8,28.8
2026-05-21,Quebec City,QC,13.2,4.1,16.8
2026-05-22,Quebec City,QC,19.0,1.3,21.4
2026-05-23,Quebec City,QC,20.5,3.9,15.0
2026-05-24,Quebec City,QC,21.3,8.7,17.5
2026-05-25,Quebec City,QC,16.4,10.4,16.5
2026-05-26,Quebec City,QC,25.2,9.9,19.3
2026-05-27,Quebec City,QC,20.5,8.0,19.3
2026-05-28,Quebec City,QC,11.4,6.2,18.8
2026-05-29,Quebec City,QC,14.1,6.1,26.6
2026-05-30,Quebec City,QC,16.3,6.6,24.2
2026-05-31,Quebec City,QC,15.3,6.5,16.0
2026-06-01,Quebec City,QC,17.2,6.0,12.1
2026-06-02,Quebec City,QC,23.5,8.6,18.2
2026-06-03,Quebec City,QC,28.1,10.1,18.9
2026-06-04,Quebec City,QC,29.0,13.7,22.7
2026-06-05,Quebec City,QC,21.1,13.4,20.0
2026-06-06,Quebec City,QC,20.2,13.3,13.1
2026-06-07,Quebec City,QC,18.0,10.8,29.5
2026-06-08,Quebec City,QC,25.4,9.8,20.6
2026-06-09,Quebec City,QC,27.5,14.6,20.2
2026-06-10,Quebec City,QC,29.5,15.4,14.1
2026-06-11,Quebec City,QC,28.6,17.3,13.1
2026-06-12,Quebec City,QC,23.0,14.1,20.6
2026-06-13,Quebec City,QC,25.9,11.4,18.2
2026-06-14,Quebec City,QC,22.5,9.7,21.8
2026-06-15,Quebec City,QC,21.6,15.2,18.2
2026-06-16,Quebec City,QC,21.6,13.0,19.0
2026-06-17,Quebec City,QC,24.0,10.9,14.9
2026-06-18,Quebec City,QC,16.2,12.3,23.5
2026-06-19,Quebec City,QC,19.0,11.8,20.6
2026-06-20,Quebec City,QC,21.9,11.5,12.1
2026-06-21,Quebec City,QC,22.9,13.5,11.9
2026-06-22,Quebec City,QC,23.4,12.3,14.7
2026-06-23,Quebec City,QC,22.8,14.4,9.6
2026-06-24,Quebec City,QC,21.4,12.2,16.9
2026-06-25,Quebec City,QC,22.9,12.8,13.6
2026-06-26,Quebec City,QC,19.4,14.2,15.3
2026-06-27,Quebec City,QC,22.9,13.8,6.2
2026-06-28,Quebec City,QC,25.3,13.5,16.2
2026-06-29,Quebec City,QC,27.6,12.6,13.7
2026-06-30,Quebec City,QC,27.6,16.1,11.8
2026-07-01,Quebec City,QC,31.1,20.5,25.4
2026-07-02,Quebec City,QC,31.1,22.8,19.5
2026-07-03,Quebec City,QC,29.8,21.3,22.0
2026-07-04,Quebec City,QC,26.7,20.0,18.3
2026-07-05,Quebec City,QC,25.7,15.7,15.0
2026-07-06,Quebec City,QC,29.0,14.2,11.1
2026-07-07,Quebec City,QC,31.0,15.3,10.8
2026-07-08,Quebec City,QC,30.9,18.3,15.3
2026-07-09,Quebec City,QC,27.6,20.8,13.9
2026-07-10,Quebec City,QC,27.7,19.1,19.3
2026-07-11,Quebec City,QC,27.0,14.7,12.9
2026-07-12,Quebec City,QC,29.1,14.4,13.8
2026-07-13,Quebec City,QC,29.5,18.2,23.0
2026-07-14,Quebec City,QC,24.2,17.3,25.5
2026-07-15,Quebec City,QC,25.7,18.4,24.4
2026-07-16,Quebec City,QC,22.0,16.0,28.6
2026-07-17,Quebec City,QC,25.8,13.9,19.5
2026-07-18,Quebec City,QC,22.6,15.4,14.8
2026-07-19,Quebec City,QC,21.4,14.5,24.3
2026-07-20,Quebec City,QC,23.6,11.9,19.4
2026-07-21,Quebec City,QC,28.3,16.8,26.0
2026-07-22,Quebec City,QC,23.7,16.3,28.9
2026-07-23,Quebec City,QC,21.5,13.0,22.2
2026-07-24,Quebec City,QC,26.0,13.9,17.1
2024-01-01,Gatineau,QC,-3.5,-8.5,9.7
2024-01-02,Gatineau,QC,2.4,-7.1,17.9
2024-01-03,Gatineau,QC,4.7,-0.8,13.9
2024-01-04,Gatineau,QC,0.1,-11.0,19.3
2024-01-05,Gatineau,QC,-1.2,-12.0,17.9
2024-01-06,Gatineau,QC,-2.5,-9.6,18.7
2024-01-07,Gatineau,QC,-3.8,-8.9,19.9
2024-01-08,Gatineau,QC,0.6,-7.2,15.6
2024-01-09,Gatineau,QC,-0.1,-5.1,26.3
2024-01-10,Gatineau,QC,4.5,-5.1,28.1
2024-01-11,Gatineau,QC,-4.6,-10.6,18.0
2024-01-12,Gatineau,QC,-4.0,-11.7,24.1
2024-01-13,Gatineau,QC,3.0,-5.6,28.9
2024-01-14,Gatineau,QC,-2.6,-8.4,23.7
2024-01-15,Gatineau,QC,-7.1,-12.4,18.0
2024-01-16,Gatineau,QC,-6.4,-12.8,12.1
2024-01-17,Gatineau,QC,-9.1,-16.8,18.2
2024-01-18,Gatineau,QC,-5.3,-13.9,15.5
2024-01-19,Gatineau,QC,-10.5,-19.5,13.4
2024-01-20,Gatineau,QC,-9.5,-18.3,15.4
2024-01-21,Gatineau,QC,-9.6,-18.4,14.9
2024-01-22,Gatineau,QC,-1.2,-12.6,21.3
2024-01-23,Gatineau,QC,-0.9,-7.4,14.8
2024-01-24,Gatineau,QC,-4.0,-9.6,15.5
2024-01-25,Gatineau,QC,4.6,-3.8,11.2
2024-01-26,Gatineau,QC,2.5,-2.9,12.3
2024-01-27,Gatineau,QC,1.6,-0.2,6.6
2024-01-28,Gatineau,QC,3.3,-1.3,11.6
2024-01-29,Gatineau,QC,0.1,-7.0,16.1
2024-01-30,Gatineau,QC,-4.8,-9.4,13.4
2024-01-31,Gatineau,QC,2.7,-10.1,11.3
2024-02-01,Gatineau,QC,2.7,-0.7,15.4
2024-02-02,Gatineau,QC,1.8,-7.3,15.2
2024-02-03,Gatineau,QC,-3.0,-11.9,11.4
2024-02-04,Gatineau,QC,-1.2,-10.5,12.1
2024-02-05,Gatineau,QC,0.4,-9.5,13.7
2024-02-06,Gatineau,QC,-0.7,-11.5,13.1
2024-02-07,Gatineau,QC,-1.3,-12.2,7.9
2024-02-08,Gatineau,QC,4.2,-5.4,12.3
2024-02-09,Gatineau,QC,7.9,-1.0,17.9
2024-02-10,Gatineau,QC,9.0,0.5,18.1
2024-02-11,Gatineau,QC,3.2,-0.7,16.6
2024-02-12,Gatineau,QC,1.9,-3.8,10.9
2024-02-13,Gatineau,QC,3.9,-6.5,20.5
2024-02-14,Gatineau,QC,-4.8,-12.9,22.6
2024-02-15,Gatineau,QC,-1.7,-11.7,16.6
2024-02-16,Gatineau,QC,-1.8,-9.4,16.2
2024-02-17,Gatineau,QC,-8.6,-15.7,17.1
2024-02-18,Gatineau,QC,-0.3,-14.1,25.7
2024-02-19,Gatineau,QC,-6.7,-15.9,20.5
2024-02-20,Gatineau,QC,-4.6,-14.5,12.8
2024-02-21,Gatineau,QC,4.3,-12.2,11.7
2024-02-22,Gatineau,QC,6.1,0.3,12.1
2024-02-23,Gatineau,QC,3.8,-12.2,22.7
2024-02-24,Gatineau,QC,-9.4,-19.3,16.7
2024-02-25,Gatineau,QC,3.2,-12.3,21.7
2024-02-26,Gatineau,QC,4.6,-3.1,16.7
2024-02-27,Gatineau,QC,16.7,-3.2,13.6
2024-02-28,Gatineau,QC,17.5,-10.4,32.8
2024-02-29,Gatineau,QC,-7.7,-13.2,30.7
2024-03-01,Gatineau,QC,6.7,-10.8,16.4
2024-03-02,Gatineau,QC,7.3,-1.6,13.7
2024-03-03,Gatineau,QC,8.4,-0.3,8.7
2024-03-04,Gatineau,QC,13.5,-1.1,13.5
2024-03-05,Gatineau,QC,16.3,1.7,12.9
2024-03-06,Gatineau,QC,6.7,2.7,14.1
2024-03-07,Gatineau,QC,10.9,-0.3,14.4
2024-03-08,Gatineau,QC,8.8,-4.5,16.0
2024-03-09,Gatineau,QC,8.0,0.4,18.6
2024-03-10,Gatineau,QC,5.1,-3.6,20.6
2024-03-11,Gatineau,QC,5.7,-3.7,29.0
2024-03-12,Gatineau,QC,10.5,-3.9,10.2
2024-03-13,Gatineau,QC,10.6,-2.3,13.8
2024-03-14,Gatineau,QC,13.8,-2.2,8.4
2024-03-15,Gatineau,QC,11.4,1.9,14.3
2024-03-16,Gatineau,QC,8.7,-3.0,18.8
2024-03-17,Gatineau,QC,6.3,0.1,18.5
2024-03-18,Gatineau,QC,4.1,-1.9,20.0
2024-03-19,Gatineau,QC,2.3,-4.5,16.8
2024-03-20,Gatineau,QC,3.4,-6.1,21.8
2024-03-21,Gatineau,QC,-2.3,-8.8,24.1
2024-03-22,Gatineau,QC,-3.2,-10.9,11.8
2024-03-23,Gatineau,QC,0.1,-6.1,16.9
2024-03-24,Gatineau,QC,2.5,-7.4,15.6
2024-03-25,Gatineau,QC,10.6,-5.5,16.6
2024-03-26,Gatineau,QC,13.3,-2.3,17.7
2024-03-27,Gatineau,QC,14.7,4.7,21.6
2024-03-28,Gatineau,QC,9.8,-2.4,15.3
2024-03-29,Gatineau,QC,7.3,-2.5,20.2
2024-03-30,Gatineau,QC,6.3,-2.2,19.4
2024-03-31,Gatineau,QC,10.2,-1.7,19.5
2024-04-01,Gatineau,QC,10.2,-1.2,14.8
2024-04-02,Gatineau,QC,10.5,-2.2,21.6
2024-04-03,Gatineau,QC,6.4,1.4,27.1
2024-04-04,Gatineau,QC,1.5,-0.4,33.0
2024-04-05,Gatineau,QC,5.3,0.7,13.8
2024-04-06,Gatineau,QC,10.1,1.0,19.9
2024-04-07,Gatineau,QC,15.3,-0.5,10.7
2024-04-08,Gatineau,QC,17.4,-1.0,11.6
2024-04-09,Gatineau,QC,19.7,1.4,13.7
2024-04-10,Gatineau,QC,20.1,4.2,17.7
2024-04-11,Gatineau,QC,13.9,4.5,21.3
2024-04-12,Gatineau,QC,18.8,8.5,29.0
2024-04-13,Gatineau,QC,7.8,3.8,25.5
2024-04-14,Gatineau,QC,8.6,0.3,12.8
2024-04-15,Gatineau,QC,13.5,4.6,16.2
2024-04-16,Gatineau,QC,13.1,1.3,18.3
2024-04-17,Gatineau,QC,10.9,0.1,20.5
2024-04-18,Gatineau,QC,8.9,5.5,20.8
2024-04-19,Gatineau,QC,12.9,7.4,23.2
2024-04-20,Gatineau,QC,9.7,3.2,22.3
2024-04-21,Gatineau,QC,8.8,1.0,23.1
2024-04-22,Gatineau,QC,9.4,-2.6,18.8
2024-04-23,Gatineau,QC,17.2,3.5,29.8
2024-04-24,Gatineau,QC,8.9,-0.9,23.5
2024-04-25,Gatineau,QC,9.6,-3.2,11.4
2024-04-26,Gatineau,QC,14.0,-1.8,12.6
2024-04-27,Gatineau,QC,18.7,1.4,18.7
2024-04-28,Gatineau,QC,22.2,8.2,18.7
2024-04-29,Gatineau,QC,11.8,4.8,16.6
2024-04-30,Gatineau,QC,9.6,6.1,20.9
2024-05-01,Gatineau,QC,16.9,6.2,12.0
2024-05-02,Gatineau,QC,18.7,6.5,17.1
2024-05-03,Gatineau,QC,18.4,6.5,12.4
2024-05-04,Gatineau,QC,22.3,10.4,13.0
2024-05-05,Gatineau,QC,15.5,11.3,16.1
2024-05-06,Gatineau,QC,21.3,10.6,14.6
2024-05-07,Gatineau,QC,21.3,6.9,11.8
2024-05-08,Gatineau,QC,13.8,8.1,20.1
2024-05-09,Gatineau,QC,17.1,6.2,10.6
2024-05-10,Gatineau,QC,17.2,6.2,13.0
2024-05-11,Gatineau,QC,16.0,5.1,12.7
2024-05-12,Gatineau,QC,18.2,7.9,14.8
2024-05-13,Gatineau,QC,20.0,8.4,26.8
2024-05-14,Gatineau,QC,22.0,13.1,13.7
2024-05-15,Gatineau,QC,21.4,11.4,10.8
2024-05-16,Gatineau,QC,23.3,10.5,11.7
2024-05-17,Gatineau,QC,25.2,12.6,10.8
2024-05-18,Gatineau,QC,24.4,13.8,10.3
2024-05-19,Gatineau,QC,26.7,12.7,10.2
2024-05-20,Gatineau,QC,28.1,15.8,10.0
2024-05-21,Gatineau,QC,25.1,16.5,10.8
2024-05-22,Gatineau,QC,30.8,16.3,23.0
2024-05-23,Gatineau,QC,24.8,16.8,24.8
2024-05-24,Gatineau,QC,17.3,12.4,20.8
2024-05-25,Gatineau,QC,20.2,9.5,8.7
2024-05-26,Gatineau,QC,23.0,13.7,11.2
2024-05-27,Gatineau,QC,23.4,16.1,20.3
2024-05-28,Gatineau,QC,19.4,14.1,19.9
2024-05-29,Gatineau,QC,17.3,9.4,12.4
2024-05-30,Gatineau,QC,19.4,8.4,13.6
2024-05-31,Gatineau,QC,24.1,9.6,13.4
2024-06-01,Gatineau,QC,26.0,12.0,12.9
2024-06-02,Gatineau,QC,24.3,13.0,9.2
2024-06-03,Gatineau,QC,27.8,12.9,7.6
2024-06-04,Gatineau,QC,28.6,15.1,8.3
2024-06-05,Gatineau,QC,31.0,16.7,11.9
2024-06-06,Gatineau,QC,23.1,16.3,12.9
2024-06-07,Gatineau,QC,21.4,13.9,16.2
2024-06-08,Gatineau,QC,20.8,12.7,19.8
2024-06-09,Gatineau,QC,18.4,13.8,17.0
2024-06-10,Gatineau,QC,15.0,11.2,18.6
2024-06-11,Gatineau,QC,17.0,10.6,9.5
2024-06-12,Gatineau,QC,20.6,12.0,12.0
2024-06-13,Gatineau,QC,26.0,12.4,24.9
2024-06-14,Gatineau,QC,22.7,14.8,20.5
2024-06-15,Gatineau,QC,18.2,10.9,14.3
2024-06-16,Gatineau,QC,21.1,9.2,7.1
2024-06-17,Gatineau,QC,30.4,14.2,15.7
2024-06-18,Gatineau,QC,33.1,19.5,13.4
2024-06-19,Gatineau,QC,33.0,22.5,20.4
2024-06-20,Gatineau,QC,30.5,19.8,16.7
2024-06-21,Gatineau,QC,24.7,16.6,10.3
2024-06-22,Gatineau,QC,19.6,16.9,8.9
2024-06-23,Gatineau,QC,25.8,16.7,21.1
2024-06-24,Gatineau,QC,26.4,14.6,21.3
2024-06-25,Gatineau,QC,27.7,16.5,23.7
2024-06-26,Gatineau,QC,25.6,17.8,18.7
2024-06-27,Gatineau,QC,18.7,13.3,21.6
2024-06-28,Gatineau,QC,22.7,11.0,13.6
2024-06-29,Gatineau,QC,22.5,16.6,20.4
2024-06-30,Gatineau,QC,24.1,16.3,21.3
2024-07-01,Gatineau,QC,24.6,14.8,14.5
2024-07-02,Gatineau,QC,27.4,15.3,9.0
2024-07-03,Gatineau,QC,28.0,17.2,20.5
2024-07-04,Gatineau,QC,28.9,18.4,13.7
2024-07-05,Gatineau,QC,28.4,19.8,10.2
2024-07-06,Gatineau,QC,26.8,19.5,12.7
2024-07-07,Gatineau,QC,26.7,18.9,8.3
2024-07-08,Gatineau,QC,28.5,18.7,12.5
2024-07-09,Gatineau,QC,27.7,19.7,15.8
2024-07-10,Gatineau,QC,22.0,19.0,17.9
2024-07-11,Gatineau,QC,24.2,17.9,13.7
2024-07-12,Gatineau,QC,27.9,19.4,8.4
2024-07-13,Gatineau,QC,28.2,20.6,12.3
2024-07-14,Gatineau,QC,29.5,19.1,16.1
2024-07-15,Gatineau,QC,29.8,20.5,14.5
2024-07-16,Gatineau,QC,25.4,20.1,12.8
2024-07-17,Gatineau,QC,26.9,19.8,14.8
2024-07-18,Gatineau,QC,21.6,16.0,17.8
2024-07-19,Gatineau,QC,25.0,15.0,13.9
2024-07-20,Gatineau,QC,27.3,15.4,20.0
2024-07-21,Gatineau,QC,23.9,13.9,10.7
2024-07-22,Gatineau,QC,26.3,13.4,8.4
2024-07-23,Gatineau,QC,26.5,17.0,9.5
2024-07-24,Gatineau,QC,26.9,16.9,13.5
2024-07-25,Gatineau,QC,21.1,16.2,22.4
2024-07-26,Gatineau,QC,26.7,14.6,15.9
2024-07-27,Gatineau,QC,28.3,16.7,11.9
2024-07-28,Gatineau,QC,29.7,18.3,9.2
2024-07-29,Gatineau,QC,28.2,19.3,5.9
2024-07-30,Gatineau,QC,31.6,19.9,12.9
2024-07-31,Gatineau,QC,27.4,21.6,10.7
2024-08-01,Gatineau,QC,30.2,20.4,7.9
2024-08-02,Gatineau,QC,30.7,21.0,8.4
2024-08-03,Gatineau,QC,30.5,22.1,12.3
2024-08-04,Gatineau,QC,28.3,20.3,11.2
2024-08-05,Gatineau,QC,20.1,16.5,13.8
2024-08-06,Gatineau,QC,23.5,14.7,8.6
2024-08-07,Gatineau,QC,24.2,14.9,10.4
2024-08-08,Gatineau,QC,25.7,14.1,15.8
2024-08-09,Gatineau,QC,20.3,18.4,15.5
2024-08-10,Gatineau,QC,24.0,15.3,17.2
2024-08-11,Gatineau,QC,21.9,14.5,17.8
2024-08-12,Gatineau,QC,21.8,13.8,13.3
2024-08-13,Gatineau,QC,26.3,15.1,13.5
2024-08-14,Gatineau,QC,28.4,16.7,18.9
2024-08-15,Gatineau,QC,29.4,17.6,9.7
2024-08-16,Gatineau,QC,29.1,18.9,9.0
2024-08-17,Gatineau,QC,25.2,19.5,15.1
2024-08-18,Gatineau,QC,25.0,19.0,11.7
2024-08-19,Gatineau,QC,20.0,14.2,20.3
2024-08-20,Gatineau,QC,17.9,12.2,20.7
2024-08-21,Gatineau,QC,17.5,13.0,13.7
2024-08-22,Gatineau,QC,23.0,14.4,12.0
2024-08-23,Gatineau,QC,25.4,13.7,12.7
2024-08-24,Gatineau,QC,26.2,14.8,12.0
2024-08-25,Gatineau,QC,25.9,16.9,8.7
2024-08-26,Gatineau,QC,27.0,16.8,6.6
2024-08-27,Gatineau,QC,28.8,18.1,17.2
2024-08-28,Gatineau,QC,21.8,13.9,19.5
2024-08-29,Gatineau,QC,21.3,11.4,12.0
2024-08-30,Gatineau,QC,25.1,12.6,14.2
2024-08-31,Gatineau,QC,24.7,18.1,19.4
2024-09-01,Gatineau,QC,24.5,15.0,19.9
2024-09-02,Gatineau,QC,18.8,11.7,18.7
2024-09-03,Gatineau,QC,22.7,10.8,14.8
2024-09-04,Gatineau,QC,24.6,12.9,14.3
2024-09-05,Gatineau,QC,25.4,12.8,13.7
2024-09-06,Gatineau,QC,25.4,14.6,14.5
2024-09-07,Gatineau,QC,17.2,10.4,18.8
2024-09-08,Gatineau,QC,12.7,8.5,23.2
2024-09-09,Gatineau,QC,19.1,9.7,12.1
2024-09-10,Gatineau,QC,20.7,8.8,12.6
2024-09-11,Gatineau,QC,24.1,10.5,11.5
2024-09-12,Gatineau,QC,25.7,12.9,10.4
2024-09-13,Gatineau,QC,26.6,14.0,4.5
2024-09-14,Gatineau,QC,27.2,14.8,8.2
2024-09-15,Gatineau,QC,27.4,15.5,7.6
2024-09-16,Gatineau,QC,27.8,16.0,9.1
2024-09-17,Gatineau,QC,27.6,16.1,9.2
2024-09-18,Gatineau,QC,26.4,14.4,7.3
2024-09-19,Gatineau,QC,27.5,15.3,7.1
2024-09-20,Gatineau,QC,25.7,15.4,12.3
2024-09-21,Gatineau,QC,24.3,15.1,13.6
2024-09-22,Gatineau,QC,23.6,13.4,13.8
2024-09-23,Gatineau,QC,17.1,14.7,12.0
2024-09-24,Gatineau,QC,21.8,13.6,17.4
2024-09-25,Gatineau,QC,18.7,13.1,15.5
2024-09-26,Gatineau,QC,21.5,14.7,20.2
2024-09-27,Gatineau,QC,20.8,12.5,10.3
2024-09-28,Gatineau,QC,22.2,12.1,11.8
2024-09-29,Gatineau,QC,23.4,12.2,10.0
2024-09-30,Gatineau,QC,22.3,12.2,13.5
2024-10-01,Gatineau,QC,23.6,12.0,13.9
2024-10-02,Gatineau,QC,17.5,11.4,13.0
2024-10-03,Gatineau,QC,21.5,9.8,19.0
2024-10-04,Gatineau,QC,21.3,10.4,10.1
2024-10-05,Gatineau,QC,16.6,9.6,11.8
2024-10-06,Gatineau,QC,19.8,6.0,18.4
2024-10-07,Gatineau,QC,14.1,6.6,17.7
2024-10-08,Gatineau,QC,14.1,6.5,9.3
2024-10-09,Gatineau,QC,10.4,6.3,15.0
2024-10-10,Gatineau,QC,12.2,5.3,19.5
2024-10-11,Gatineau,QC,17.6,6.1,20.0
2024-10-12,Gatineau,QC,15.3,6.9,24.9
2024-10-13,Gatineau,QC,11.8,5.0,13.7
2024-10-14,Gatineau,QC,9.9,5.2,22.4
2024-10-15,Gatineau,QC,8.3,3.8,20.2
2024-10-16,Gatineau,QC,10.5,4.5,16.7
2024-10-17,Gatineau,QC,13.4,2.7,10.3
2024-10-18,Gatineau,QC,15.7,2.9,10.6
2024-10-19,Gatineau,QC,18.4,4.7,13.2
2024-10-20,Gatineau,QC,19.6,7.4,17.0
2024-10-21,Gatineau,QC,22.4,11.6,13.4
2024-10-22,Gatineau,QC,22.1,10.3,11.4
2024-10-23,Gatineau,QC,19.9,9.3,22.0
2024-10-24,Gatineau,QC,9.6,4.8,14.4
2024-10-25,Gatineau,QC,9.4,2.6,11.1
2024-10-26,Gatineau,QC,9.7,3.4,20.4
2024-10-27,Gatineau,QC,7.4,1.4,21.0
2024-10-28,Gatineau,QC,5.8,-0.8,11.2
2024-10-29,Gatineau,QC,11.9,1.3,14.2
2024-10-30,Gatineau,QC,20.9,9.7,19.6
2024-10-31,Gatineau,QC,22.2,15.1,24.0
2024-11-01,Gatineau,QC,18.2,5.7,28.6
2024-11-02,Gatineau,QC,5.5,1.2,11.5
2024-11-03,Gatineau,QC,5.6,-0.8,8.3
2024-11-04,Gatineau,QC,6.7,1.0,14.5
2024-11-05,Gatineau,QC,18.9,7.4,19.5
2024-11-06,Gatineau,QC,19.6,11.2,22.5
2024-11-07,Gatineau,QC,12.0,6.1,20.7
2024-11-08,Gatineau,QC,11.8,3.9,25.9
2024-11-09,Gatineau,QC,6.6,0.8,18.3
2024-11-10,Gatineau,QC,7.7,0.4,11.7
2024-11-11,Gatineau,QC,12.5,5.2,24.8
2024-11-12,Gatineau,QC,5.0,0.1,23.0
2024-11-13,Gatineau,QC,3.3,-2.3,11.8
2024-11-14,Gatineau,QC,3.6,-3.2,15.0
2024-11-15,Gatineau,QC,8.8,-1.2,11.3
2024-11-16,Gatineau,QC,10.6,2.3,14.6
2024-11-17,Gatineau,QC,6.2,0.0,6.1
2024-11-18,Gatineau,QC,10.7,4.1,17.2
2024-11-19,Gatineau,QC,10.1,3.5,9.9
2024-11-20,Gatineau,QC,8.4,2.1,18.2
2024-11-21,Gatineau,QC,5.8,5.0,20.2
2024-11-22,Gatineau,QC,7.0,4.5,22.9
2024-11-23,Gatineau,QC,7.3,3.0,19.6
2024-11-24,Gatineau,QC,3.3,-0.9,21.8
2024-11-25,Gatineau,QC,3.8,-2.0,13.9
2024-11-26,Gatineau,QC,4.6,-0.7,17.3
2024-11-27,Gatineau,QC,4.7,0.5,21.5
2024-11-28,Gatineau,QC,1.4,-1.2,11.8
2024-11-29,Gatineau,QC,3.2,-1.9,14.9
2024-11-30,Gatineau,QC,2.6,-1.0,17.3
2024-12-01,Gatineau,QC,0.3,-3.6,13.6
2024-12-02,Gatineau,QC,-0.2,-4.7,11.3
2024-12-03,Gatineau,QC,-0.5,-5.1,12.8
2024-12-04,Gatineau,QC,-0.5,-4.6,20.4
2024-12-05,Gatineau,QC,1.2,-3.9,24.5
2024-12-06,Gatineau,QC,-4.4,-9.3,21.7
2024-12-07,Gatineau,QC,-5.1,-9.4,13.9
2024-12-08,Gatineau,QC,2.8,-7.3,20.5
2024-12-09,Gatineau,QC,-4.8,-9.2,24.1
2024-12-10,Gatineau,QC,1.8,-4.0,15.4
2024-12-11,Gatineau,QC,2.5,0.6,17.7
2024-12-12,Gatineau,QC,1.3,-9.3,26.3
2024-12-13,Gatineau,QC,-5.0,-11.7,17.1
2024-12-14,Gatineau,QC,-6.7,-15.0,7.7
2024-12-15,Gatineau,QC,-7.8,-15.2,12.5
2024-12-16,Gatineau,QC,2.4,-7.0,13.8
2024-12-17,Gatineau,QC,5.0,1.2,24.1
2024-12-18,Gatineau,QC,2.3,-0.9,11.6
2024-12-19,Gatineau,QC,0.3,-12.5,16.5
2024-12-20,Gatineau,QC,-7.4,-13.4,11.1
2024-12-21,Gatineau,QC,-9.1,-17.6,17.0
2024-12-22,Gatineau,QC,-12.8,-21.0,10.3
2024-12-23,Gatineau,QC,-7.7,-19.3,9.7
2024-12-24,Gatineau,QC,-5.1,-9.9,10.0
2024-12-25,Gatineau,QC,-8.1,-12.2,6.1
2024-12-26,Gatineau,QC,-7.7,-11.9,6.8
2024-12-27,Gatineau,QC,-6.3,-11.3,11.0
2024-12-28,Gatineau,QC,0.4,-8.5,14.0
2024-12-29,Gatineau,QC,3.4,-1.4,16.9
2024-12-30,Gatineau,QC,5.4,2.3,24.5
2024-12-31,Gatineau,QC,5.3,1.3,17.4
2025-01-01,Gatineau,QC,1.9,-0.3,22.8
2025-01-02,Gatineau,QC,-0.5,-3.9,27.5
2025-01-03,Gatineau,QC,-4.3,-10.0,19.5
2025-01-04,Gatineau,QC,-9.0,-12.6,18.6
2025-01-05,Gatineau,QC,-10.1,-14.6,13.8
2025-01-06,Gatineau,QC,-9.8,-16.3,14.9
2025-01-07,Gatineau,QC,-7.8,-11.8,31.1
2025-01-08,Gatineau,QC,-10.8,-15.2,22.5
2025-01-09,Gatineau,QC,-6.9,-13.8,20.5
2025-01-10,Gatineau,QC,-8.0,-12.9,14.1
2025-01-11,Gatineau,QC,-4.1,-9.3,10.1
2025-01-12,Gatineau,QC,-3.0,-11.0,6.5
2025-01-13,Gatineau,QC,-1.1,-5.2,16.7
2025-01-14,Gatineau,QC,-1.6,-8.1,22.7
2025-01-15,Gatineau,QC,-6.7,-11.7,14.5
2025-01-16,Gatineau,QC,-4.2,-13.4,11.7
2025-01-17,Gatineau,QC,-0.5,-10.6,14.1
2025-01-18,Gatineau,QC,1.7,-4.9,22.5
2025-01-19,Gatineau,QC,-6.8,-16.0,14.9
2025-01-20,Gatineau,QC,-13.6,-19.8,9.7
2025-01-21,Gatineau,QC,-11.9,-22.0,11.5
2025-01-22,Gatineau,QC,-10.9,-20.6,14.8
2025-01-23,Gatineau,QC,-5.6,-11.2,13.3
2025-01-24,Gatineau,QC,-11.2,-18.8,8.6
2025-01-25,Gatineau,QC,-4.8,-21.5,16.9
2025-01-26,Gatineau,QC,-2.3,-10.4,23.7
2025-01-27,Gatineau,QC,-0.9,-6.1,37.1
2025-01-28,Gatineau,QC,-1.4,-17.1,24.2
2025-01-29,Gatineau,QC,-8.1,-12.8,19.3
2025-01-30,Gatineau,QC,-6.6,-20.5,18.2
2025-01-31,Gatineau,QC,-1.9,-10.7,15.9
2025-02-01,Gatineau,QC,-10.1,-21.3,18.2
2025-02-02,Gatineau,QC,-12.4,-23.5,16.9
2025-02-03,Gatineau,QC,-0.7,-12.1,15.1
2025-02-04,Gatineau,QC,-3.8,-14.1,18.6
2025-02-05,Gatineau,QC,-14.3,-20.8,10.7
2025-02-06,Gatineau,QC,-1.9,-19.6,19.7
2025-02-07,Gatineau,QC,-0.9,-10.8,26.3
2025-02-08,Gatineau,QC,-5.8,-12.5,11.0
2025-02-09,Gatineau,QC,-4.7,-10.2,12.6
2025-02-10,Gatineau,QC,-7.9,-17.3,9.9
2025-02-11,Gatineau,QC,-5.4,-14.5,19.7
2025-02-12,Gatineau,QC,-12.8,-20.9,22.2
2025-02-13,Gatineau,QC,-3.1,-12.9,26.5
2025-02-14,Gatineau,QC,-8.8,-15.2,19.6
2025-02-15,Gatineau,QC,-9.1,-17.6,19.4
2025-02-16,Gatineau,QC,-8.4,-10.9,29.8
2025-02-17,Gatineau,QC,-11.1,-15.3,30.2
2025-02-18,Gatineau,QC,-14.0,-18.0,22.3
2025-02-19,Gatineau,QC,-12.6,-19.5,14.5
2025-02-20,Gatineau,QC,-7.2,-19.1,15.4
2025-02-21,Gatineau,QC,-4.2,-15.6,16.2
2025-02-22,Gatineau,QC,-1.9,-17.2,18.2
2025-02-23,Gatineau,QC,-0.4,-5.3,14.9
2025-02-24,Gatineau,QC,4.5,-5.6,28.8
2025-02-25,Gatineau,QC,3.2,-1.3,16.0
2025-02-26,Gatineau,QC,-0.2,-6.0,13.9
2025-02-27,Gatineau,QC,1.2,-10.4,15.6
2025-02-28,Gatineau,QC,1.3,-14.1,23.5
2025-03-01,Gatineau,QC,-3.3,-14.4,22.8
2025-03-02,Gatineau,QC,-13.0,-22.2,18.2
2025-03-03,Gatineau,QC,-4.0,-23.1,15.7
2025-03-04,Gatineau,QC,1.6,-4.6,16.0
2025-03-05,Gatineau,QC,2.9,0.3,17.6
2025-03-06,Gatineau,QC,3.9,-7.8,24.9
2025-03-07,Gatineau,QC,-1.7,-9.0,27.5
2025-03-08,Gatineau,QC,-4.2,-10.1,26.9
2025-03-09,Gatineau,QC,0.7,-8.5,20.0
2025-03-10,Gatineau,QC,3.6,-6.8,13.5
2025-03-11,Gatineau,QC,8.5,-5.3,21.5
2025-03-12,Gatineau,QC,-4.3,-14.3,17.1
2025-03-13,Gatineau,QC,2.4,-11.9,11.4
2025-03-14,Gatineau,QC,5.4,-10.1,10.1
2025-03-15,Gatineau,QC,10.0,-0.8,12.6
2025-03-16,Gatineau,QC,13.4,4.2,27.0
2025-03-17,Gatineau,QC,7.8,-6.1,17.6
2025-03-18,Gatineau,QC,4.6,-8.5,11.1
2025-03-19,Gatineau,QC,12.5,-1.8,12.4
2025-03-20,Gatineau,QC,14.5,4.4,20.8
2025-03-21,Gatineau,QC,6.3,-5.3,23.2
2025-03-22,Gatineau,QC,6.5,-5.5,23.9
2025-03-23,Gatineau,QC,0.2,-9.8,20.2
2025-03-24,Gatineau,QC,9.4,-4.0,18.8
2025-03-25,Gatineau,QC,4.0,-0.6,17.6
2025-03-26,Gatineau,QC,2.1,-1.8,15.0
2025-03-27,Gatineau,QC,8.9,-5.0,20.9
2025-03-28,Gatineau,QC,3.0,-6.5,21.5
2025-03-29,Gatineau,QC,-0.6,-5.0,18.5
2025-03-30,Gatineau,QC,1.2,-3.3,18.4
2025-03-31,Gatineau,QC,7.8,-0.8,19.9
2025-04-01,Gatineau,QC,-0.6,-6.5,18.2
2025-04-02,Gatineau,QC,0.3,-9.4,23.0
2025-04-03,Gatineau,QC,18.3,-0.5,34.8
2025-04-04,Gatineau,QC,10.6,-0.3,19.2
2025-04-05,Gatineau,QC,7.1,0.5,18.9
2025-04-06,Gatineau,QC,7.3,-0.2,19.6
2025-04-07,Gatineau,QC,8.0,-2.9,16.6
2025-04-08,Gatineau,QC,0.4,-7.1,26.2
2025-04-09,Gatineau,QC,0.2,-11.1,12.5
2025-04-10,Gatineau,QC,3.5,-8.5,9.4
2025-04-11,Gatineau,QC,3.9,0.4,10.3
2025-04-12,Gatineau,QC,11.9,1.3,10.0
2025-04-13,Gatineau,QC,15.0,-1.1,10.7
2025-04-14,Gatineau,QC,17.0,0.0,14.6
2025-04-15,Gatineau,QC,10.9,2.5,23.6
2025-04-16,Gatineau,QC,5.3,-1.1,25.4
2025-04-17,Gatineau,QC,8.8,-1.6,16.2
2025-04-18,Gatineau,QC,14.1,-1.2,14.9
2025-04-19,Gatineau,QC,21.6,7.7,22.4
2025-04-20,Gatineau,QC,10.3,1.2,20.6
2025-04-21,Gatineau,QC,11.7,-0.5,18.2
2025-04-22,Gatineau,QC,10.1,6.0,24.1
2025-04-23,Gatineau,QC,14.7,2.2,19.7
2025-04-24,Gatineau,QC,18.5,2.8,10.7
2025-04-25,Gatineau,QC,15.7,6.6,16.8
2025-04-26,Gatineau,QC,12.7,4.5,16.5
2025-04-27,Gatineau,QC,17.2,3.0,24.0
2025-04-28,Gatineau,QC,20.2,4.0,14.2
2025-04-29,Gatineau,QC,23.2,9.2,32.3
2025-04-30,Gatineau,QC,10.0,-1.2,28.0
2025-05-01,Gatineau,QC,15.4,1.0,19.1
2025-05-02,Gatineau,QC,19.4,8.0,22.9
2025-05-03,Gatineau,QC,14.7,6.4,11.7
2025-05-04,Gatineau,QC,19.6,6.1,13.5
2025-05-05,Gatineau,QC,19.3,7.7,19.0
2025-05-06,Gatineau,QC,22.2,11.8,17.5
2025-05-07,Gatineau,QC,17.4,8.3,19.7
2025-05-08,Gatineau,QC,12.1,5.7,13.1
2025-05-09,Gatineau,QC,12.6,6.5,10.7
2025-05-10,Gatineau,QC,20.4,7.1,23.3
2025-05-11,Gatineau,QC,15.3,2.5,14.0
2025-05-12,Gatineau,QC,22.4,6.6,12.0
2025-05-13,Gatineau,QC,24.7,10.1,14.9
2025-05-14,Gatineau,QC,24.7,12.8,13.5
2025-05-15,Gatineau,QC,23.2,15.1,9.8
2025-05-16,Gatineau,QC,25.9,12.8,15.2
2025-05-17,Gatineau,QC,21.8,13.8,17.2
2025-05-18,Gatineau,QC,13.7,8.3,22.8
2025-05-19,Gatineau,QC,9.7,5.0,22.1
2025-05-20,Gatineau,QC,12.8,6.3,15.4
2025-05-21,Gatineau,QC,13.4,8.4,16.9
2025-05-22,Gatineau,QC,11.1,7.7,24.0
2025-05-23,Gatineau,QC,10.7,7.2,16.5
2025-05-24,Gatineau,QC,12.8,7.1,12.9
2025-05-25,Gatineau,QC,17.9,7.7,13.2
2025-05-26,Gatineau,QC,22.5,7.5,12.6
2025-05-27,Gatineau,QC,24.4,9.4,11.7
2025-05-28,Gatineau,QC,25.9,11.0,12.0
2025-05-29,Gatineau,QC,18.0,14.1,13.0
2025-05-30,Gatineau,QC,22.6,12.5,17.9
2025-05-31,Gatineau,QC,14.2,9.1,25.6
2025-06-01,Gatineau,QC,12.5,7.9,22.0
2025-06-02,Gatineau,QC,19.6,7.5,18.3
2025-06-03,Gatineau,QC,24.9,9.4,15.8
2025-06-04,Gatineau,QC,28.8,15.9,20.7
2025-06-05,Gatineau,QC,23.8,16.4,11.7
2025-06-06,Gatineau,QC,26.4,12.9,7.8
2025-06-07,Gatineau,QC,26.2,16.0,17.6
2025-06-08,Gatineau,QC,25.1,13.2,14.2
2025-06-09,Gatineau,QC,20.9,16.8,18.8
2025-06-10,Gatineau,QC,23.3,16.2,21.1
2025-06-11,Gatineau,QC,23.4,13.2,18.5
2025-06-12,Gatineau,QC,18.7,12.1,21.0
2025-06-13,Gatineau,QC,18.2,9.9,9.6
2025-06-14,Gatineau,QC,21.5,9.9,13.2
2025-06-15,Gatineau,QC,24.9,11.0,9.4
2025-06-16,Gatineau,QC,28.0,11.9,10.4
2025-06-17,Gatineau,QC,27.7,17.5,20.1
2025-06-18,Gatineau,QC,29.7,20.0,13.8
2025-06-19,Gatineau,QC,28.0,20.2,28.6
2025-06-20,Gatineau,QC,22.3,13.9,31.0
2025-06-21,Gatineau,QC,28.1,13.7,14.6
2025-06-22,Gatineau,QC,29.0,20.8,19.1
2025-06-23,Gatineau,QC,34.4,20.4,19.2
2025-06-24,Gatineau,QC,32.7,24.7,16.0
2025-06-25,Gatineau,QC,28.1,21.6,15.8
2025-06-26,Gatineau,QC,22.6,17.5,14.2
2025-06-27,Gatineau,QC,27.3,15.3,18.9
2025-06-28,Gatineau,QC,27.4,18.4,20.3
2025-06-29,Gatineau,QC,25.2,17.4,14.3
2025-06-30,Gatineau,QC,31.1,17.5,13.1
2025-07-01,Gatineau,QC,28.4,21.0,19.0
2025-07-02,Gatineau,QC,28.4,19.1,16.6
2025-07-03,Gatineau,QC,23.4,17.3,15.7
2025-07-04,Gatineau,QC,24.8,14.3,17.4
2025-07-05,Gatineau,QC,30.9,15.8,17.4
2025-07-06,Gatineau,QC,33.1,22.0,20.8
2025-07-07,Gatineau,QC,23.9,18.7,12.8
2025-07-08,Gatineau,QC,26.0,17.0,6.9
2025-07-09,Gatineau,QC,27.0,18.7,22.3
2025-07-10,Gatineau,QC,26.3,16.9,7.8
2025-07-11,Gatineau,QC,28.5,17.4,9.3
2025-07-12,Gatineau,QC,30.8,20.2,11.4
2025-07-13,Gatineau,QC,29.7,21.9,17.6
2025-07-14,Gatineau,QC,28.5,19.7,12.5
2025-07-15,Gatineau,QC,29.6,20.4,10.3
2025-07-16,Gatineau,QC,33.7,21.8,17.3
2025-07-17,Gatineau,QC,29.1,18.0,22.0
2025-07-18,Gatineau,QC,24.1,13.8,17.2
2025-07-19,Gatineau,QC,26.5,16.4,12.8
2025-07-20,Gatineau,QC,24.8,17.1,15.1
2025-07-21,Gatineau,QC,19.8,13.5,16.4
2025-07-22,Gatineau,QC,22.7,12.7,7.9
2025-07-23,Gatineau,QC,27.2,13.8,11.2
2025-07-24,Gatineau,QC,33.6,18.3,22.8
2025-07-25,Gatineau,QC,28.2,20.9,15.3
2025-07-26,Gatineau,QC,30.9,17.2,14.4
2025-07-27,Gatineau,QC,30.1,20.2,12.1
2025-07-28,Gatineau,QC,34.9,20.4,22.2
2025-07-29,Gatineau,QC,30.6,21.6,12.6
2025-07-30,Gatineau,QC,28.2,20.6,15.9
2025-07-31,Gatineau,QC,24.2,16.6,16.6
2025-08-01,Gatineau,QC,24.2,13.4,16.6
2025-08-02,Gatineau,QC,27.4,15.7,17.6
2025-08-03,Gatineau,QC,29.7,17.4,16.0
2025-08-04,Gatineau,QC,26.4,18.1,13.6
2025-08-05,Gatineau,QC,26.5,16.3,11.9
2025-08-06,Gatineau,QC,28.3,16.3,10.8
2025-08-07,Gatineau,QC,30.2,17.4,9.4
2025-08-08,Gatineau,QC,30.8,18.8,15.5
2025-08-09,Gatineau,QC,33.0,20.4,14.8
2025-08-10,Gatineau,QC,34.9,23.0,17.4
2025-08-11,Gatineau,QC,34.7,22.9,15.5
2025-08-12,Gatineau,QC,34.5,22.2,16.7
2025-08-13,Gatineau,QC,30.2,21.9,14.1
2025-08-14,Gatineau,QC,26.5,19.2,13.6
2025-08-15,Gatineau,QC,28.3,15.8,8.9
2025-08-16,Gatineau,QC,32.6,17.9,16.0
2025-08-17,Gatineau,QC,25.2,15.8,17.2
2025-08-18,Gatineau,QC,21.2,11.5,13.8
2025-08-19,Gatineau,QC,21.1,13.9,11.5
2025-08-20,Gatineau,QC,24.0,16.0,10.7
2025-08-21,Gatineau,QC,27.1,13.8,9.2
2025-08-22,Gatineau,QC,29.1,15.8,17.2
2025-08-23,Gatineau,QC,28.9,18.6,22.2
2025-08-24,Gatineau,QC,27.3,18.5,16.1
2025-08-25,Gatineau,QC,23.6,16.1,17.4
2025-08-26,Gatineau,QC,19.9,14.2,20.0
2025-08-27,Gatineau,QC,20.5,12.2,13.5
2025-08-28,Gatineau,QC,20.8,12.5,15.0
2025-08-29,Gatineau,QC,18.2,11.7,13.9
2025-08-30,Gatineau,QC,19.6,11.5,20.4
2025-08-31,Gatineau,QC,23.7,12.0,10.6
2025-09-01,Gatineau,QC,25.8,13.6,4.5
2025-09-02,Gatineau,QC,24.4,15.5,8.2
2025-09-03,Gatineau,QC,25.7,13.1,16.6
2025-09-04,Gatineau,QC,25.2,12.8,20.7
2025-09-05,Gatineau,QC,23.4,10.5,26.1
2025-09-06,Gatineau,QC,19.4,12.0,18.9
2025-09-07,Gatineau,QC,17.7,11.5,17.3
2025-09-08,Gatineau,QC,17.9,9.7,11.3
2025-09-09,Gatineau,QC,21.3,7.5,7.4
2025-09-10,Gatineau,QC,22.7,9.9,6.2
2025-09-11,Gatineau,QC,20.7,12.1,14.2
2025-09-12,Gatineau,QC,19.8,8.8,9.5
2025-09-13,Gatineau,QC,22.1,11.9,7.7
2025-09-14,Gatineau,QC,22.0,13.9,13.3
2025-09-15,Gatineau,QC,22.7,11.5,10.1
2025-09-16,Gatineau,QC,24.2,12.1,7.4
2025-09-17,Gatineau,QC,24.2,12.9,5.4
2025-09-18,Gatineau,QC,23.7,14.8,17.1
2025-09-19,Gatineau,QC,17.4,10.3,11.8
2025-09-20,Gatineau,QC,16.7,6.4,9.5
2025-09-21,Gatineau,QC,23.0,6.7,10.7
2025-09-22,Gatineau,QC,22.0,15.6,13.3
2025-09-23,Gatineau,QC,23.5,15.5,8.0
2025-09-24,Gatineau,QC,21.8,14.8,14.4
2025-09-25,Gatineau,QC,19.4,15.0,14.1
2025-09-26,Gatineau,QC,21.1,13.8,17.1
2025-09-27,Gatineau,QC,20.8,11.4,10.0
2025-09-28,Gatineau,QC,21.9,15.2,14.2
2025-09-29,Gatineau,QC,24.2,12.2,13.2
2025-09-30,Gatineau,QC,17.9,11.2,15.5
2025-10-01,Gatineau,QC,16.3,6.0,13.6
2025-10-02,Gatineau,QC,17.8,5.0,11.7
2025-10-03,Gatineau,QC,23.7,6.2,12.4
2025-10-04,Gatineau,QC,24.7,11.7,10.4
2025-10-05,Gatineau,QC,30.0,14.6,14.2
2025-10-06,Gatineau,QC,28.3,14.2,17.9
2025-10-07,Gatineau,QC,22.4,13.7,19.4
2025-10-08,Gatineau,QC,13.7,7.0,17.8
2025-10-09,Gatineau,QC,11.0,3.3,10.6
2025-10-10,Gatineau,QC,13.8,0.4,11.0
2025-10-11,Gatineau,QC,17.4,6.6,9.3
2025-10-12,Gatineau,QC,18.2,7.4,15.4
2025-10-13,Gatineau,QC,15.0,8.3,13.9
2025-10-14,Gatineau,QC,17.7,10.1,17.4
2025-10-15,Gatineau,QC,11.9,6.1,16.7
2025-10-16,Gatineau,QC,13.4,3.4,18.6
2025-10-17,Gatineau,QC,12.0,2.6,10.9
2025-10-18,Gatineau,QC,17.0,7.0,12.1
2025-10-19,Gatineau,QC,25.1,9.8,22.7
2025-10-20,Gatineau,QC,19.4,10.7,20.0
2025-10-21,Gatineau,QC,13.9,8.0,18.3
2025-10-22,Gatineau,QC,11.1,5.9,11.1
2025-10-23,Gatineau,QC,10.9,5.3,15.7
2025-10-24,Gatineau,QC,9.5,3.3,13.0
2025-10-25,Gatineau,QC,9.0,4.1,13.3
2025-10-26,Gatineau,QC,8.5,3.6,9.9
2025-10-27,Gatineau,QC,10.7,1.7,7.5
2025-10-28,Gatineau,QC,11.6,2.1,8.9
2025-10-29,Gatineau,QC,10.7,1.8,10.1
2025-10-30,Gatineau,QC,6.7,1.5,20.1
2025-10-31,Gatineau,QC,8.0,4.3,27.5
2025-11-01,Gatineau,QC,7.2,3.1,23.4
2025-11-02,Gatineau,QC,7.5,2.9,16.3
2025-11-03,Gatineau,QC,10.7,3.3,22.9
2025-11-04,Gatineau,QC,10.6,4.2,22.2
2025-11-05,Gatineau,QC,5.9,2.6,13.2
2025-11-06,Gatineau,QC,4.0,-0.6,19.4
2025-11-07,Gatineau,QC,6.2,-1.9,15.4
2025-11-08,Gatineau,QC,6.9,-1.8,23.2
2025-11-09,Gatineau,QC,0.0,-2.2,17.8
2025-11-10,Gatineau,QC,-1.2,-2.7,17.3
2025-11-11,Gatineau,QC,0.2,-3.1,20.9
2025-11-12,Gatineau,QC,1.5,-2.6,10.2
2025-11-13,Gatineau,QC,4.0,-0.5,12.8
2025-11-14,Gatineau,QC,4.1,-2.8,10.5
2025-11-15,Gatineau,QC,1.0,-3.1,13.8
2025-11-16,Gatineau,QC,2.6,-1.4,22.8
2025-11-17,Gatineau,QC,0.9,-2.0,24.6
2025-11-18,Gatineau,QC,2.2,-2.6,15.7
2025-11-19,Gatineau,QC,0.4,-5.4,7.8
2025-11-20,Gatineau,QC,-0.3,-5.2,8.4
2025-11-21,Gatineau,QC,6.4,-3.3,13.5
2025-11-22,Gatineau,QC,3.2,-3.2,14.1
2025-11-23,Gatineau,QC,0.4,-3.6,9.9
2025-11-24,Gatineau,QC,3.1,-0.3,12.7
2025-11-25,Gatineau,QC,7.2,1.6,9.9
2025-11-26,Gatineau,QC,4.1,1.3,20.6
2025-11-27,Gatineau,QC,3.7,-0.5,22.2
2025-11-28,Gatineau,QC,-0.9,-2.5,24.7
2025-11-29,Gatineau,QC,-0.7,-5.0,20.9
2025-11-30,Gatineau,QC,1.5,-4.7,20.6
2025-12-01,Gatineau,QC,0.6,-11.2,22.3
2025-12-02,Gatineau,QC,-4.9,-10.7,8.7
2025-12-03,Gatineau,QC,0.9,-12.3,19.0
2025-12-04,Gatineau,QC,-0.3,-16.5,29.3
2025-12-05,Gatineau,QC,-6.9,-18.4,8.7
2025-12-06,Gatineau,QC,0.4,-7.1,20.3
2025-12-07,Gatineau,QC,-7.6,-15.7,12.1
2025-12-08,Gatineau,QC,-11.2,-19.1,20.1
2025-12-09,Gatineau,QC,-7.4,-23.4,10.3
2025-12-10,Gatineau,QC,-3.1,-7.5,13.2
2025-12-11,Gatineau,QC,-4.0,-12.1,23.4
2025-12-12,Gatineau,QC,-6.0,-12.9,20.8
2025-12-13,Gatineau,QC,-2.1,-15.0,15.7
2025-12-14,Gatineau,QC,-6.9,-15.3,15.0
2025-12-15,Gatineau,QC,-5.8,-16.0,13.6
2025-12-16,Gatineau,QC,-2.3,-8.9,19.7
2025-12-17,Gatineau,QC,2.8,-5.3,21.0
2025-12-18,Gatineau,QC,5.0,-9.8,23.0
2025-12-19,Gatineau,QC,9.7,-5.6,31.3
2025-12-20,Gatineau,QC,1.5,-9.1,25.1
2025-12-21,Gatineau,QC,2.4,-11.2,28.1
2025-12-22,Gatineau,QC,-5.6,-12.7,12.6
2025-12-23,Gatineau,QC,-5.7,-8.1,13.4
2025-12-24,Gatineau,QC,-1.1,-9.5,17.3
2025-12-25,Gatineau,QC,-4.5,-16.1,20.7
2025-12-26,Gatineau,QC,-15.2,-20.7,17.7
2025-12-27,Gatineau,QC,-9.4,-15.3,18.6
2025-12-28,Gatineau,QC,-7.8,-18.4,15.5
2025-12-29,Gatineau,QC,3.7,-9.3,27.4
2025-12-30,Gatineau,QC,-9.8,-15.0,26.7
2025-12-31,Gatineau,QC,-9.3,-15.2,16.5
2026-01-01,Gatineau,QC,-10.2,-20.4,18.6
2026-01-02,Gatineau,QC,-10.9,-24.8,8.9
2026-01-03,Gatineau,QC,-11.5,-17.3,11.1
2026-01-04,Gatineau,QC,-11.8,-20.5,8.5
2026-01-05,Gatineau,QC,-11.7,-19.6,13.4
2026-01-06,Gatineau,QC,-7.1,-12.9,15.0
2026-01-07,Gatineau,QC,0.2,-6.5,17.7
2026-01-08,Gatineau,QC,2.5,-1.5,11.2
2026-01-09,Gatineau,QC,6.3,-2.2,33.7
2026-01-10,Gatineau,QC,1.9,-3.7,22.6
2026-01-11,Gatineau,QC,1.7,-8.7,23.2
2026-01-12,Gatineau,QC,0.0,-12.6,18.6
2026-01-13,Gatineau,QC,2.0,-1.0,20.9
2026-01-14,Gatineau,QC,3.3,-5.1,21.5
2026-01-15,Gatineau,QC,-6.3,-15.2,20.6
2026-01-16,Gatineau,QC,-14.3,-21.9,15.2
2026-01-17,Gatineau,QC,-0.5,-15.6,19.5
2026-01-18,Gatineau,QC,-0.5,-13.5,25.1
2026-01-19,Gatineau,QC,-5.5,-15.4,22.2
2026-01-20,Gatineau,QC,-9.5,-19.1,23.5
2026-01-21,Gatineau,QC,-3.7,-14.0,17.1
2026-01-22,Gatineau,QC,-1.7,-8.8,20.8
2026-01-23,Gatineau,QC,-9.1,-22.7,22.1
2026-01-24,Gatineau,QC,-21.0,-27.7,17.1
2026-01-25,Gatineau,QC,-17.4,-27.4,19.3
2026-01-26,Gatineau,QC,-11.3,-17.2,18.2
2026-01-27,Gatineau,QC,-9.9,-23.5,11.7
2026-01-28,Gatineau,QC,-10.9,-21.8,10.8
2026-01-29,Gatineau,QC,-14.0,-19.7,14.5
2026-01-30,Gatineau,QC,-15.7,-23.2,16.4
2026-01-31,Gatineau,QC,-11.2,-18.7,10.7
2026-02-01,Gatineau,QC,-9.1,-17.9,13.6
2026-02-02,Gatineau,QC,-6.3,-17.0,10.8
2026-02-03,Gatineau,QC,-5.7,-17.2,7.7
2026-02-04,Gatineau,QC,-5.9,-12.4,13.0
2026-02-05,Gatineau,QC,-8.5,-17.5,9.6
2026-02-06,Gatineau,QC,-9.0,-20.0,10.4
2026-02-07,Gatineau,QC,-9.4,-20.6,26.2
2026-02-08,Gatineau,QC,-14.3,-24.1,16.0
2026-02-09,Gatineau,QC,-11.3,-21.8,10.5
2026-02-10,Gatineau,QC,-8.3,-17.0,15.2
2026-02-11,Gatineau,QC,-3.3,-8.6,17.6
2026-02-12,Gatineau,QC,-5.0,-10.0,14.4
2026-02-13,Gatineau,QC,-5.3,-16.4,16.1
2026-02-14,Gatineau,QC,-0.3,-7.0,14.4
2026-02-15,Gatineau,QC,-7.5,-14.9,13.2
2026-02-16,Gatineau,QC,-2.5,-12.4,12.0
2026-02-17,Gatineau,QC,2.9,-4.6,9.2
2026-02-18,Gatineau,QC,-1.6,-7.4,13.5
2026-02-19,Gatineau,QC,-2.3,-10.7,12.2
2026-02-20,Gatineau,QC,-1.9,-9.2,27.8
2026-02-21,Gatineau,QC,-3.9,-13.8,21.1
2026-02-22,Gatineau,QC,-2.7,-13.0,14.8
2026-02-23,Gatineau,QC,1.1,-10.5,23.1
2026-02-24,Gatineau,QC,-11.9,-17.8,19.3
2026-02-25,Gatineau,QC,-4.5,-15.1,14.1
2026-02-26,Gatineau,QC,-4.8,-13.2,20.0
2026-02-27,Gatineau,QC,0.6,-14.0,12.9
2026-02-28,Gatineau,QC,5.0,-7.2,30.5
2026-03-01,Gatineau,QC,-8.4,-18.5,14.1
2026-03-02,Gatineau,QC,-7.1,-24.3,11.8
2026-03-03,Gatineau,QC,1.0,-15.1,9.3
2026-03-04,Gatineau,QC,6.0,-4.2,14.6
2026-03-05,Gatineau,QC,-1.3,-8.2,17.0
2026-03-06,Gatineau,QC,0.3,-11.0,15.8
2026-03-07,Gatineau,QC,8.5,0.7,21.9
2026-03-08,Gatineau,QC,9.7,3.0,24.5
2026-03-09,Gatineau,QC,14.6,3.0,26.3
2026-03-10,Gatineau,QC,11.3,1.6,15.3
2026-03-11,Gatineau,QC,1.0,-2.2,24.8
2026-03-12,Gatineau,QC,1.7,-5.2,27.6
2026-03-13,Gatineau,QC,-0.2,-8.5,23.5
2026-03-14,Gatineau,QC,1.2,-6.3,21.7
2026-03-15,Gatineau,QC,-1.4,-12.0,26.5
2026-03-16,Gatineau,QC,9.1,-0.6,20.7
2026-03-17,Gatineau,QC,1.0,-11.4,32.8
2026-03-18,Gatineau,QC,-3.1,-15.3,9.4
2026-03-19,Gatineau,QC,2.2,-6.9,17.5
2026-03-20,Gatineau,QC,-2.0,-7.5,14.9
2026-03-21,Gatineau,QC,2.7,-4.1,9.4
2026-03-22,Gatineau,QC,1.9,-3.0,19.0
2026-03-23,Gatineau,QC,1.9,-7.1,14.9
2026-03-24,Gatineau,QC,2.0,-9.7,20.9
2026-03-25,Gatineau,QC,1.5,-8.8,13.9
2026-03-26,Gatineau,QC,4.4,-2.8,19.1
2026-03-27,Gatineau,QC,-1.5,-12.0,20.1
2026-03-28,Gatineau,QC,0.1,-11.0,20.2
2026-03-29,Gatineau,QC,8.2,-3.8,18.4
2026-03-30,Gatineau,QC,16.2,0.3,16.4
2026-03-31,Gatineau,QC,4.5,0.8,17.8
2026-04-01,Gatineau,QC,4.2,-1.6,17.5
2026-04-02,Gatineau,QC,6.4,-2.7,21.8
2026-04-03,Gatineau,QC,19.2,1.8,25.9
2026-04-04,Gatineau,QC,4.2,-0.4,22.6
2026-04-05,Gatineau,QC,10.4,1.6,25.0
2026-04-06,Gatineau,QC,4.4,-1.8,19.1
2026-04-07,Gatineau,QC,-0.4,-6.6,18.8
2026-04-08,Gatineau,QC,3.8,-8.7,9.8
2026-04-09,Gatineau,QC,15.0,-1.5,25.9
2026-04-10,Gatineau,QC,8.3,2.1,13.0
2026-04-11,Gatineau,QC,7.8,0.7,19.6
2026-04-12,Gatineau,QC,6.9,-2.4,14.6
2026-04-13,Gatineau,QC,17.8,4.2,20.6
2026-04-14,Gatineau,QC,9.1,3.6,18.3
2026-04-15,Gatineau,QC,9.7,1.6,16.2
2026-04-16,Gatineau,QC,16.5,5.7,13.9
2026-04-17,Gatineau,QC,19.2,4.8,10.8
2026-04-18,Gatineau,QC,24.1,6.6,27.0
2026-04-19,Gatineau,QC,10.8,1.7,23.2
2026-04-20,Gatineau,QC,4.0,-3.0,15.5
2026-04-21,Gatineau,QC,8.4,-3.3,18.6
2026-04-22,Gatineau,QC,16.1,2.0,11.1
2026-04-23,Gatineau,QC,14.7,3.3,22.0
2026-04-24,Gatineau,QC,13.3,-0.5,17.3
2026-04-25,Gatineau,QC,13.0,1.5,18.9
2026-04-26,Gatineau,QC,18.6,2.2,7.3
2026-04-27,Gatineau,QC,21.6,3.1,8.5
2026-04-28,Gatineau,QC,19.0,8.7,21.4
2026-04-29,Gatineau,QC,14.9,7.6,16.3
2026-04-30,Gatineau,QC,9.2,4.9,18.7
2026-05-01,Gatineau,QC,10.2,0.9,14.6
2026-05-02,Gatineau,QC,9.1,1.2,13.7
2026-05-03,Gatineau,QC,12.9,2.4,14.8
2026-05-04,Gatineau,QC,19.0,6.2,18.5
2026-05-05,Gatineau,QC,21.4,9.2,26.5
2026-05-06,Gatineau,QC,12.5,6.6,14.4
2026-05-07,Gatineau,QC,10.1,4.3,21.7
2026-05-08,Gatineau,QC,12.2,3.3,18.8
2026-05-09,Gatineau,QC,18.3,4.3,21.5
2026-05-10,Gatineau,QC,12.3,6.7,22.0
2026-05-11,Gatineau,QC,10.9,3.5,12.6
2026-05-12,Gatineau,QC,13.6,3.0,11.6
2026-05-13,Gatineau,QC,10.0,7.3,21.3
2026-05-14,Gatineau,QC,13.3,7.5,13.5
2026-05-15,Gatineau,QC,18.2,8.2,14.3
2026-05-16,Gatineau,QC,21.2,9.8,20.2
2026-05-17,Gatineau,QC,22.9,12.8,16.5
2026-05-18,Gatineau,QC,24.3,9.1,17.8
2026-05-19,Gatineau,QC,29.8,18.8,20.3
2026-05-20,Gatineau,QC,20.8,11.5,22.2
2026-05-21,Gatineau,QC,14.6,5.0,17.0
2026-05-22,Gatineau,QC,20.4,5.3,7.6
2026-05-23,Gatineau,QC,20.1,10.0,16.6
2026-05-24,Gatineau,QC,14.2,10.4,20.4
2026-05-25,Gatineau,QC,19.9,12.4,16.6
2026-05-26,Gatineau,QC,28.2,12.8,24.6
2026-05-27,Gatineau,QC,22.4,14.9,15.3
2026-05-28,Gatineau,QC,19.0,13.3,21.1
2026-05-29,Gatineau,QC,20.3,8.5,30.2
2026-05-30,Gatineau,QC,21.2,9.6,22.3
2026-05-31,Gatineau,QC,20.1,12.3,21.6
2026-06-01,Gatineau,QC,22.0,8.8,11.4
2026-06-02,Gatineau,QC,25.1,11.0,14.5
2026-06-03,Gatineau,QC,29.0,13.7,13.4
2026-06-04,Gatineau,QC,30.2,15.5,15.3
2026-06-05,Gatineau,QC,29.1,17.1,13.5
2026-06-06,Gatineau,QC,23.4,17.7,20.0
2026-06-07,Gatineau,QC,21.5,15.8,20.0
2026-06-08,Gatineau,QC,24.9,12.9,10.1
2026-06-09,Gatineau,QC,27.7,13.2,7.3
2026-06-10,Gatineau,QC,27.2,18.6,14.0
2026-06-11,Gatineau,QC,28.4,19.5,11.4
2026-06-12,Gatineau,QC,29.3,19.7,20.2
2026-06-13,Gatineau,QC,26.7,16.5,16.7
2026-06-14,Gatineau,QC,19.7,16.6,14.6
2026-06-15,Gatineau,QC,17.9,13.4,15.7
2026-06-16,Gatineau,QC,22.1,11.6,16.2
2026-06-17,Gatineau,QC,21.1,13.4,13.2
2026-06-18,Gatineau,QC,21.5,15.6,22.8
2026-06-19,Gatineau,QC,19.5,15.4,21.8
2026-06-20,Gatineau,QC,21.7,14.8,18.6
2026-06-21,Gatineau,QC,21.6,14.3,15.5
2026-06-22,Gatineau,QC,22.8,13.8,11.4
2026-06-23,Gatineau,QC,23.6,13.6,12.4
2026-06-24,Gatineau,QC,24.8,14.3,17.0
2026-06-25,Gatineau,QC,25.2,15.4,13.0
2026-06-26,Gatineau,QC,23.2,15.4,15.8
2026-06-27,Gatineau,QC,26.9,14.9,6.4
2026-06-28,Gatineau,QC,29.5,17.5,8.5
2026-06-29,Gatineau,QC,31.9,17.0,10.6
2026-06-30,Gatineau,QC,25.8,19.5,15.1
2026-07-01,Gatineau,QC,29.6,20.6,17.3
2026-07-02,Gatineau,QC,31.8,21.7,17.8
2026-07-03,Gatineau,QC,29.2,21.3,18.1
2026-07-04,Gatineau,QC,26.8,21.2,12.9
2026-07-05,Gatineau,QC,28.0,16.5,10.0
2026-07-06,Gatineau,QC,29.8,18.9,13.8
2026-07-07,Gatineau,QC,30.9,18.4,9.4
2026-07-08,Gatineau,QC,31.9,20.8,17.9
2026-07-09,Gatineau,QC,27.2,19.1,8.6
2026-07-10,Gatineau,QC,26.1,17.4,9.6
2026-07-11,Gatineau,QC,26.0,15.5,11.4
2026-07-12,Gatineau,QC,28.0,15.7,9.6
2026-07-13,Gatineau,QC,30.7,18.6,20.1
2026-07-14,Gatineau,QC,33.2,22.1,19.7
2026-07-15,Gatineau,QC,26.5,21.2,20.8
2026-07-16,Gatineau,QC,25.0,17.8,20.7
2026-07-17,Gatineau,QC,24.5,14.3,11.6
2026-07-18,Gatineau,QC,22.3,15.4,21.1
2026-07-19,Gatineau,QC,22.7,14.4,20.2
2026-07-20,Gatineau,QC,25.3,14.8,15.4
2026-07-21,Gatineau,QC,26.3,17.2,20.9
2026-07-22,Gatineau,QC,19.8,14.3,23.1
2026-07-23,Gatineau,QC,24.6,11.9,15.7
2026-07-24,Gatineau,QC,27.7,14.7,16.0
2024-01-01,Halifax,NS,-1.1,-4.3,12.4
2024-01-02,Halifax,NS,-0.5,-5.5,14.3
2024-01-03,Halifax,NS,1.4,-4.3,9.8
2024-01-04,Halifax,NS,2.5,-3.7,10.0
2024-01-05,Halifax,NS,-0.4,-6.9,27.2
2024-01-06,Halifax,NS,-6.7,-9.2,22.9
2024-01-07,Halifax,NS,-3.4,-9.9,25.5
2024-01-08,Halifax,NS,-2.5,-5.8,25.9
2024-01-09,Halifax,NS,-1.7,-7.6,19.6
2024-01-10,Halifax,NS,8.6,-5.8,68.2
2024-01-11,Halifax,NS,6.1,1.6,21.9
2024-01-12,Halifax,NS,1.7,-4.7,20.2
2024-01-13,Halifax,NS,7.1,-5.9,47.5
2024-01-14,Halifax,NS,8.2,1.7,40.0
2024-01-15,Halifax,NS,0.8,-3.5,22.9
2024-01-16,Halifax,NS,7.7,-4.8,29.9
2024-01-17,Halifax,NS,8.7,-4.2,32.1
2024-01-18,Halifax,NS,-3.4,-5.9,30.3
2024-01-19,Halifax,NS,-2.6,-6.6,22.7
2024-01-20,Halifax,NS,-1.3,-8.7,15.4
2024-01-21,Halifax,NS,0.7,-3.1,24.3
2024-01-22,Halifax,NS,0.9,-8.8,21.0
2024-01-23,Halifax,NS,2.1,-6.0,24.1
2024-01-24,Halifax,NS,-3.2,-10.1,15.9
2024-01-25,Halifax,NS,4.4,-2.6,18.0
2024-01-26,Halifax,NS,-0.5,-5.1,16.1
2024-01-27,Halifax,NS,2.2,-1.3,16.7
2024-01-28,Halifax,NS,2.2,-1.4,10.9
2024-01-29,Halifax,NS,-0.2,-8.2,31.5
2024-01-30,Halifax,NS,-5.2,-9.6,27.4
2024-01-31,Halifax,NS,-4.7,-13.4,12.7
2024-02-01,Halifax,NS,1.7,-6.1,14.8
2024-02-02,Halifax,NS,1.1,-0.5,20.8
2024-02-03,Halifax,NS,-0.4,-4.3,35.1
2024-02-04,Halifax,NS,-1.8,-4.5,37.1
2024-02-05,Halifax,NS,1.3,-1.6,34.4
2024-02-06,Halifax,NS,1.3,-2.2,26.5
2024-02-07,Halifax,NS,0.2,-5.5,16.4
2024-02-08,Halifax,NS,0.6,-8.5,15.3
2024-02-09,Halifax,NS,0.6,-8.1,12.3
2024-02-10,Halifax,NS,4.1,-3.3,11.3
2024-02-11,Halifax,NS,7.2,0.1,13.4
2024-02-12,Halifax,NS,5.4,-2.9,12.3
2024-02-13,Halifax,NS,1.8,-9.6,27.4
2024-02-14,Halifax,NS,-3.2,-8.4,34.5
2024-02-15,Halifax,NS,-0.5,-8.2,33.3
2024-02-16,Halifax,NS,-1.8,-13.4,15.3
2024-02-17,Halifax,NS,-2.1,-10.8,15.5
2024-02-18,Halifax,NS,-4.6,-11.6,27.4
2024-02-19,Halifax,NS,0.5,-8.5,22.3
2024-02-20,Halifax,NS,-5.8,-13.5,17.4
2024-02-21,Halifax,NS,-5.0,-18.5,14.1
2024-02-22,Halifax,NS,1.4,-9.5,18.2
2024-02-23,Halifax,NS,3.8,-7.1,19.0
2024-02-24,Halifax,NS,7.6,-4.0,31.4
2024-02-25,Halifax,NS,-1.6,-13.2,19.2
2024-02-26,Halifax,NS,1.6,-12.5,25.9
2024-02-27,Halifax,NS,4.6,-6.2,14.7
2024-02-28,Halifax,NS,9.3,4.4,35.9
2024-02-29,Halifax,NS,9.7,-7.4,47.6
2024-03-01,Halifax,NS,-4.8,-11.8,26.4
2024-03-02,Halifax,NS,5.7,-4.8,23.3
2024-03-03,Halifax,NS,6.5,2.1,16.8
2024-03-04,Halifax,NS,7.3,-2.2,20.9
2024-03-05,Halifax,NS,4.6,-2.2,14.8
2024-03-06,Halifax,NS,9.8,4.0,23.6
2024-03-07,Halifax,NS,7.9,0.5,24.2
2024-03-08,Halifax,NS,3.0,-2.3,34.8
2024-03-09,Halifax,NS,7.6,-2.7,23.8
2024-03-10,Halifax,NS,4.3,-1.8,43.5
2024-03-11,Halifax,NS,5.5,1.0,47.4
2024-03-12,Halifax,NS,3.7,0.8,28.3
2024-03-13,Halifax,NS,5.8,0.7,29.4
2024-03-14,Halifax,NS,7.7,-0.7,20.4
2024-03-15,Halifax,NS,2.3,-0.4,13.4
2024-03-16,Halifax,NS,10.1,0.1,16.2
2024-03-17,Halifax,NS,4.3,-0.1,24.3
2024-03-18,Halifax,NS,7.7,0.8,23.5
2024-03-19,Halifax,NS,6.5,-1.7,20.2
2024-03-20,Halifax,NS,5.6,-1.7,21.8
2024-03-21,Halifax,NS,4.0,-0.9,35.4
2024-03-22,Halifax,NS,2.4,-4.0,29.2
2024-03-23,Halifax,NS,4.5,-4.6,27.7
2024-03-24,Halifax,NS,8.9,0.1,48.8
2024-03-25,Halifax,NS,3.6,-2.2,20.7
2024-03-26,Halifax,NS,2.4,0.3,28.1
2024-03-27,Halifax,NS,6.6,2.1,27.0
2024-03-28,Halifax,NS,12.1,6.4,22.7
2024-03-29,Halifax,NS,11.0,4.5,29.3
2024-03-30,Halifax,NS,6.2,1.0,30.2
2024-03-31,Halifax,NS,5.8,-1.4,15.8
2024-04-01,Halifax,NS,7.7,-2.4,23.1
2024-04-02,Halifax,NS,9.9,-1.7,21.4
2024-04-03,Halifax,NS,4.7,-1.2,17.1
2024-04-04,Halifax,NS,1.9,-1.9,40.4
2024-04-05,Halifax,NS,6.2,1.6,36.4
2024-04-06,Halifax,NS,5.4,1.7,14.8
2024-04-07,Halifax,NS,6.9,0.7,31.5
2024-04-08,Halifax,NS,14.3,-1.1,24.1
2024-04-09,Halifax,NS,6.0,-0.5,23.6
2024-04-10,Halifax,NS,7.7,-3.3,19.4
2024-04-11,Halifax,NS,7.3,0.2,19.4
2024-04-12,Halifax,NS,11.5,3.7,34.7
2024-04-13,Halifax,NS,11.0,4.8,39.1
2024-04-14,Halifax,NS,8.9,4.2,25.7
2024-04-15,Halifax,NS,13.7,4.1,17.8
2024-04-16,Halifax,NS,14.3,3.5,10.5
2024-04-17,Halifax,NS,9.4,2.4,20.1
2024-04-18,Halifax,NS,11.0,2.4,23.5
2024-04-19,Halifax,NS,14.0,-0.1,14.1
2024-04-20,Halifax,NS,7.9,2.0,19.8
2024-04-21,Halifax,NS,11.0,3.5,16.3
2024-04-22,Halifax,NS,12.2,2.4,20.3
2024-04-23,Halifax,NS,6.1,-0.4,15.7
2024-04-24,Halifax,NS,15.0,2.1,20.1
2024-04-25,Halifax,NS,7.1,-1.7,22.0
2024-04-26,Halifax,NS,9.3,-1.3,14.3
2024-04-27,Halifax,NS,11.1,-1.2,17.4
2024-04-28,Halifax,NS,13.7,-1.5,13.3
2024-04-29,Halifax,NS,12.7,3.3,26.3
2024-04-30,Halifax,NS,9.4,1.9,31.0
2024-05-01,Halifax,NS,10.4,2.6,14.6
2024-05-02,Halifax,NS,14.6,2.8,19.1
2024-05-03,Halifax,NS,10.6,5.2,25.2
2024-05-04,Halifax,NS,11.2,4.8,15.9
2024-05-05,Halifax,NS,9.2,3.7,12.2
2024-05-06,Halifax,NS,10.8,4.2,20.0
2024-05-07,Halifax,NS,18.3,8.5,17.2
2024-05-08,Halifax,NS,16.1,5.4,14.3
2024-05-09,Halifax,NS,8.5,5.0,22.0
2024-05-10,Halifax,NS,10.7,3.9,20.2
2024-05-11,Halifax,NS,8.3,4.8,21.6
2024-05-12,Halifax,NS,11.7,4.6,20.2
2024-05-13,Halifax,NS,11.6,3.6,15.6
2024-05-14,Halifax,NS,21.3,2.9,14.9
2024-05-15,Halifax,NS,16.7,7.9,13.7
2024-05-16,Halifax,NS,15.4,6.8,11.3
2024-05-17,Halifax,NS,13.1,5.6,13.8
2024-05-18,Halifax,NS,10.9,7.1,21.4
2024-05-19,Halifax,NS,9.5,6.3,23.4
2024-05-20,Halifax,NS,10.5,5.4,16.0
2024-05-21,Halifax,NS,15.9,4.8,17.3
2024-05-22,Halifax,NS,21.3,9.7,16.3
2024-05-23,Halifax,NS,15.0,10.3,20.6
2024-05-24,Halifax,NS,21.0,10.5,17.4
2024-05-25,Halifax,NS,21.6,10.9,18.5
2024-05-26,Halifax,NS,12.9,8.3,12.5
2024-05-27,Halifax,NS,11.9,7.3,17.4
2024-05-28,Halifax,NS,15.3,9.1,34.3
2024-05-29,Halifax,NS,20.5,10.9,18.3
2024-05-30,Halifax,NS,18.4,10.2,11.0
2024-05-31,Halifax,NS,18.3,10.3,14.8
2024-06-01,Halifax,NS,14.5,6.9,22.9
2024-06-02,Halifax,NS,16.5,8.4,34.3
2024-06-03,Halifax,NS,15.4,9.5,16.9
2024-06-04,Halifax,NS,21.9,10.9,22.5
2024-06-05,Halifax,NS,22.8,10.1,21.8
2024-06-06,Halifax,NS,18.7,11.7,13.6
2024-06-07,Halifax,NS,17.5,11.0,15.5
2024-06-08,Halifax,NS,13.5,10.9,17.0
2024-06-09,Halifax,NS,20.7,11.7,21.0
2024-06-10,Halifax,NS,18.2,12.5,25.0
2024-06-11,Halifax,NS,20.1,10.9,15.8
2024-06-12,Halifax,NS,17.2,10.9,11.6
2024-06-13,Halifax,NS,21.0,11.8,17.6
2024-06-14,Halifax,NS,20.1,12.2,22.9
2024-06-15,Halifax,NS,18.9,11.8,19.0
2024-06-16,Halifax,NS,21.0,11.1,17.8
2024-06-17,Halifax,NS,20.9,11.5,18.8
2024-06-18,Halifax,NS,20.3,11.8,17.8
2024-06-19,Halifax,NS,25.4,13.8,19.2
2024-06-20,Halifax,NS,30.2,18.1,17.4
2024-06-21,Halifax,NS,27.3,18.1,15.2
2024-06-22,Halifax,NS,22.4,14.2,13.6
2024-06-23,Halifax,NS,17.5,13.0,27.7
2024-06-24,Halifax,NS,19.2,14.9,30.8
2024-06-25,Halifax,NS,19.4,15.0,14.6
2024-06-26,Halifax,NS,22.0,13.2,27.2
2024-06-27,Halifax,NS,19.2,14.4,23.7
2024-06-28,Halifax,NS,20.6,14.4,26.1
2024-06-29,Halifax,NS,19.7,12.7,17.7
2024-06-30,Halifax,NS,17.5,14.2,26.5
2024-07-01,Halifax,NS,21.5,15.8,20.6
2024-07-02,Halifax,NS,25.2,14.8,15.0
2024-07-03,Halifax,NS,23.5,13.8,11.1
2024-07-04,Halifax,NS,18.2,11.7,12.4
2024-07-05,Halifax,NS,16.5,13.7,17.7
2024-07-06,Halifax,NS,19.1,14.2,21.4
2024-07-07,Halifax,NS,23.1,16.5,23.4
2024-07-08,Halifax,NS,25.2,17.3,15.2
2024-07-09,Halifax,NS,24.5,17.2,16.4
2024-07-10,Halifax,NS,26.5,17.6,21.6
2024-07-11,Halifax,NS,22.3,17.9,28.5
2024-07-12,Halifax,NS,25.6,19.3,26.0
2024-07-13,Halifax,NS,25.6,19.4,20.4
2024-07-14,Halifax,NS,27.0,17.8,16.6
2024-07-15,Halifax,NS,28.6,17.2,16.1
2024-07-16,Halifax,NS,21.2,16.8,22.4
2024-07-17,Halifax,NS,25.7,16.9,21.7
2024-07-18,Halifax,NS,20.8,17.0,25.9
2024-07-19,Halifax,NS,26.5,17.3,16.1
2024-07-20,Halifax,NS,24.7,15.6,15.2
2024-07-21,Halifax,NS,23.9,15.4,15.0
2024-07-22,Halifax,NS,24.0,15.9,19.5
2024-07-23,Halifax,NS,20.0,15.5,12.9
2024-07-24,Halifax,NS,24.7,15.6,11.6
2024-07-25,Halifax,NS,20.0,14.9,14.8
2024-07-26,Halifax,NS,25.8,16.6,16.9
2024-07-27,Halifax,NS,23.0,14.1,14.7
2024-07-28,Halifax,NS,24.7,14.8,16.1
2024-07-29,Halifax,NS,24.2,16.4,19.7
2024-07-30,Halifax,NS,22.7,16.2,12.2
2024-07-31,Halifax,NS,25.7,15.8,19.5
2024-08-01,Halifax,NS,22.6,18.7,22.0
2024-08-02,Halifax,NS,29.4,18.7,13.9
2024-08-03,Halifax,NS,24.2,19.1,18.6
2024-08-04,Halifax,NS,26.1,19.0,17.3
2024-08-05,Halifax,NS,26.3,18.5,18.9
2024-08-06,Halifax,NS,20.2,16.4,14.7
2024-08-07,Halifax,NS,21.2,15.6,13.5
2024-08-08,Halifax,NS,24.1,13.7,12.9
2024-08-09,Halifax,NS,19.9,15.5,14.2
2024-08-10,Halifax,NS,24.4,19.1,31.8
2024-08-11,Halifax,NS,27.5,18.9,19.9
2024-08-12,Halifax,NS,23.8,15.9,16.7
2024-08-13,Halifax,NS,23.7,15.2,13.9
2024-08-14,Halifax,NS,22.5,16.0,12.8
2024-08-15,Halifax,NS,20.1,14.3,12.6
2024-08-16,Halifax,NS,21.2,15.0,10.4
2024-08-17,Halifax,NS,22.8,14.4,12.6
2024-08-18,Halifax,NS,22.1,14.3,13.6
2024-08-19,Halifax,NS,24.2,18.5,13.9
2024-08-20,Halifax,NS,24.5,18.4,22.7
2024-08-21,Halifax,NS,22.2,17.3,14.8
2024-08-22,Halifax,NS,21.1,15.2,13.8
2024-08-23,Halifax,NS,21.5,14.0,17.8
2024-08-24,Halifax,NS,25.2,14.6,15.9
2024-08-25,Halifax,NS,25.5,15.6,11.7
2024-08-26,Halifax,NS,21.9,15.0,9.8
2024-08-27,Halifax,NS,22.6,15.1,14.0
2024-08-28,Halifax,NS,18.7,14.9,23.4
2024-08-29,Halifax,NS,21.1,13.0,20.5
2024-08-30,Halifax,NS,19.3,10.4,10.6
2024-08-31,Halifax,NS,20.9,11.5,18.6
2024-09-01,Halifax,NS,22.7,16.6,18.8
2024-09-02,Halifax,NS,24.1,15.6,18.6
2024-09-03,Halifax,NS,18.8,12.5,17.9
2024-09-04,Halifax,NS,22.0,11.4,15.0
2024-09-05,Halifax,NS,21.7,11.7,14.5
2024-09-06,Halifax,NS,20.0,13.1,21.9
2024-09-07,Halifax,NS,20.0,16.6,36.7
2024-09-08,Halifax,NS,21.1,16.4,21.1
2024-09-09,Halifax,NS,19.5,11.2,19.7
2024-09-10,Halifax,NS,20.1,11.8,18.8
2024-09-11,Halifax,NS,20.7,11.1,11.5
2024-09-12,Halifax,NS,21.4,10.1,10.3
2024-09-13,Halifax,NS,23.0,12.9,10.7
2024-09-14,Halifax,NS,19.7,11.9,19.1
2024-09-15,Halifax,NS,20.9,10.9,12.9
2024-09-16,Halifax,NS,23.7,11.9,16.5
2024-09-17,Halifax,NS,26.6,14.9,15.0
2024-09-18,Halifax,NS,27.6,15.6,14.0
2024-09-19,Halifax,NS,24.1,15.5,15.8
2024-09-20,Halifax,NS,19.3,14.5,25.0
2024-09-21,Halifax,NS,17.7,12.8,22.4
2024-09-22,Halifax,NS,16.9,11.6,27.3
2024-09-23,Halifax,NS,18.0,9.9,17.9
2024-09-24,Halifax,NS,18.0,9.9,15.3
2024-09-25,Halifax,NS,17.3,11.4,15.0
2024-09-26,Halifax,NS,16.9,11.7,15.7
2024-09-27,Halifax,NS,18.1,13.3,21.7
2024-09-28,Halifax,NS,19.0,12.2,21.9
2024-09-29,Halifax,NS,18.8,10.4,14.9
2024-09-30,Halifax,NS,21.3,12.2,18.0
2024-10-01,Halifax,NS,17.7,10.9,18.7
2024-10-02,Halifax,NS,16.0,9.5,10.9
2024-10-03,Halifax,NS,17.4,8.0,14.0
2024-10-04,Halifax,NS,18.9,9.5,12.9
2024-10-05,Halifax,NS,16.8,12.7,12.6
2024-10-06,Halifax,NS,17.8,11.2,15.3
2024-10-07,Halifax,NS,15.0,10.3,18.7
2024-10-08,Halifax,NS,15.7,12.3,26.6
2024-10-09,Halifax,NS,15.4,8.1,18.0
2024-10-10,Halifax,NS,13.8,8.3,16.7
2024-10-11,Halifax,NS,14.6,7.4,25.4
2024-10-12,Halifax,NS,16.2,9.3,29.2
2024-10-13,Halifax,NS,14.3,7.4,21.4
2024-10-14,Halifax,NS,17.7,8.8,26.2
2024-10-15,Halifax,NS,15.7,8.9,22.3
2024-10-16,Halifax,NS,11.6,6.1,25.4
2024-10-17,Halifax,NS,12.5,3.8,14.6
2024-10-18,Halifax,NS,13.9,5.2,20.9
2024-10-19,Halifax,NS,15.9,4.0,15.0
2024-10-20,Halifax,NS,18.1,8.2,15.8
2024-10-21,Halifax,NS,19.8,9.2,16.3
2024-10-22,Halifax,NS,16.4,10.4,13.7
2024-10-23,Halifax,NS,17.7,10.5,22.0
2024-10-24,Halifax,NS,16.9,13.0,25.8
2024-10-25,Halifax,NS,12.1,7.3,33.3
2024-10-26,Halifax,NS,13.0,4.7,22.0
2024-10-27,Halifax,NS,8.2,3.7,20.7
2024-10-28,Halifax,NS,6.1,1.1,20.2
2024-10-29,Halifax,NS,7.6,0.9,14.2
2024-10-30,Halifax,NS,10.4,-0.1,20.7
2024-10-31,Halifax,NS,17.7,10.5,20.8
2024-11-01,Halifax,NS,18.5,11.0,23.5
2024-11-02,Halifax,NS,9.2,3.8,21.6
2024-11-03,Halifax,NS,5.4,0.8,19.8
2024-11-04,Halifax,NS,7.2,0.1,12.9
2024-11-05,Halifax,NS,11.5,1.8,20.6
2024-11-06,Halifax,NS,19.2,11.4,27.0
2024-11-07,Halifax,NS,15.3,5.3,15.2
2024-11-08,Halifax,NS,10.8,3.5,29.4
2024-11-09,Halifax,NS,7.1,1.7,33.7
2024-11-10,Halifax,NS,7.7,-0.8,22.6
2024-11-11,Halifax,NS,12.5,4.7,32.4
2024-11-12,Halifax,NS,11.5,3.7,31.6
2024-11-13,Halifax,NS,3.7,0.2,37.0
2024-11-14,Halifax,NS,2.9,0.8,36.6
2024-11-15,Halifax,NS,5.8,2.9,29.0
2024-11-16,Halifax,NS,9.6,5.9,11.5
2024-11-17,Halifax,NS,8.0,4.8,29.4
2024-11-18,Halifax,NS,8.6,4.7,30.0
2024-11-19,Halifax,NS,8.1,5.1,29.2
2024-11-20,Halifax,NS,10.3,6.4,31.7
2024-11-21,Halifax,NS,9.5,6.1,25.0
2024-11-22,Halifax,NS,8.3,7.2,33.6
2024-11-23,Halifax,NS,8.8,7.2,43.1
2024-11-24,Halifax,NS,6.4,3.6,31.9
2024-11-25,Halifax,NS,6.8,3.3,28.8
2024-11-26,Halifax,NS,7.8,5.7,21.5
2024-11-27,Halifax,NS,8.7,4.7,12.4
2024-11-28,Halifax,NS,6.0,1.2,35.3
2024-11-29,Halifax,NS,9.2,3.5,38.7
2024-11-30,Halifax,NS,6.3,0.1,14.3
2024-12-01,Halifax,NS,4.1,-1.9,14.7
2024-12-02,Halifax,NS,4.2,-1.3,12.1
2024-12-03,Halifax,NS,0.6,-3.0,15.1
2024-12-04,Halifax,NS,-0.4,-4.5,8.2
2024-12-05,Halifax,NS,7.7,-4.7,42.2
2024-12-06,Halifax,NS,4.4,-3.6,24.9
2024-12-07,Halifax,NS,-4.0,-7.1,22.1
2024-12-08,Halifax,NS,5.0,-7.7,34.0
2024-12-09,Halifax,NS,1.6,-3.1,17.7
2024-12-10,Halifax,NS,4.8,-3.5,21.7
2024-12-11,Halifax,NS,11.9,4.6,30.2
2024-12-12,Halifax,NS,12.8,3.6,43.3
2024-12-13,Halifax,NS,3.7,-2.7,18.2
2024-12-14,Halifax,NS,0.0,-4.8,14.4
2024-12-15,Halifax,NS,1.5,-5.8,11.5
2024-12-16,Halifax,NS,2.4,-4.3,11.5
2024-12-17,Halifax,NS,8.9,-1.4,33.9
2024-12-18,Halifax,NS,7.3,0.7,17.9
2024-12-19,Halifax,NS,4.9,0.6,18.4
2024-12-20,Halifax,NS,1.9,-3.5,24.7
2024-12-21,Halifax,NS,1.0,-4.7,29.9
2024-12-22,Halifax,NS,-4.8,-9.8,16.5
2024-12-23,Halifax,NS,-7.1,-12.1,15.9
2024-12-24,Halifax,NS,0.7,-12.9,19.2
2024-12-25,Halifax,NS,1.6,-2.5,25.3
2024-12-26,Halifax,NS,-0.3,-4.0,27.6
2024-12-27,Halifax,NS,2.3,-6.4,15.0
2024-12-28,Halifax,NS,3.0,-9.7,10.8
2024-12-29,Halifax,NS,3.8,-4.7,4.0
2024-12-30,Halifax,NS,7.9,1.5,30.8
2024-12-31,Halifax,NS,8.6,0.8,30.9
2025-01-01,Halifax,NS,5.7,-1.6,32.6
2025-01-02,Halifax,NS,5.5,1.7,25.1
2025-01-03,Halifax,NS,1.7,-1.6,28.4
2025-01-04,Halifax,NS,-0.1,-5.8,16.2
2025-01-05,Halifax,NS,-4.7,-10.6,28.1
2025-01-06,Halifax,NS,-2.3,-8.6,31.2
2025-01-07,Halifax,NS,-1.9,-6.2,17.4
2025-01-08,Halifax,NS,-1.4,-5.0,20.6
2025-01-09,Halifax,NS,1.7,-5.2,20.3
2025-01-10,Halifax,NS,2.6,0.1,29.6
2025-01-11,Halifax,NS,1.6,-3.8,21.2
2025-01-12,Halifax,NS,0.4,-4.2,22.5
2025-01-13,Halifax,NS,-1.0,-3.8,10.2
2025-01-14,Halifax,NS,1.2,-3.6,9.6
2025-01-15,Halifax,NS,-1.7,-5.2,22.1
2025-01-16,Halifax,NS,-4.0,-8.9,20.0
2025-01-17,Halifax,NS,-1.5,-7.5,12.6
2025-01-18,Halifax,NS,2.6,-9.6,24.1
2025-01-19,Halifax,NS,7.0,2.5,28.8
2025-01-20,Halifax,NS,6.4,-7.5,32.8
2025-01-21,Halifax,NS,-5.9,-13.2,24.3
2025-01-22,Halifax,NS,-8.6,-14.9,19.2
2025-01-23,Halifax,NS,-3.2,-14.1,20.6
2025-01-24,Halifax,NS,-0.5,-7.4,22.1
2025-01-25,Halifax,NS,-3.8,-10.8,17.4
2025-01-26,Halifax,NS,1.2,-9.3,22.9
2025-01-27,Halifax,NS,0.3,-7.2,26.4
2025-01-28,Halifax,NS,4.0,-8.8,31.9
2025-01-29,Halifax,NS,3.0,-11.3,20.6
2025-01-30,Halifax,NS,-4.7,-13.4,26.0
2025-01-31,Halifax,NS,2.3,-14.8,29.1
2025-02-01,Halifax,NS,-1.1,-12.3,19.7
2025-02-02,Halifax,NS,-8.5,-16.2,20.3
2025-02-03,Halifax,NS,1.0,-11.6,18.6
2025-02-04,Halifax,NS,2.2,-5.8,23.4
2025-02-05,Halifax,NS,-6.6,-15.1,21.6
2025-02-06,Halifax,NS,0.2,-16.4,28.5
2025-02-07,Halifax,NS,4.6,-1.3,27.8
2025-02-08,Halifax,NS,-2.1,-6.9,20.8
2025-02-09,Halifax,NS,-3.5,-11.6,23.2
2025-02-10,Halifax,NS,-3.3,-16.2,17.6
2025-02-11,Halifax,NS,-3.8,-16.0,20.5
2025-02-12,Halifax,NS,-4.6,-13.6,19.4
2025-02-13,Halifax,NS,4.7,-15.2,37.5
2025-02-14,Halifax,NS,5.0,-9.1,35.4
2025-02-15,Halifax,NS,-7.0,-12.5,30.7
2025-02-16,Halifax,NS,-0.6,-9.0,34.6
2025-02-17,Halifax,NS,6.9,-7.7,37.4
2025-02-18,Halifax,NS,-7.4,-10.4,39.8
2025-02-19,Halifax,NS,-0.3,-9.4,17.4
2025-02-20,Halifax,NS,0.8,-7.7,13.2
2025-02-21,Halifax,NS,-1.3,-5.6,25.3
2025-02-22,Halifax,NS,-2.5,-9.4,16.5
2025-02-23,Halifax,NS,1.3,-9.7,23.3
2025-02-24,Halifax,NS,1.4,-7.5,16.0
2025-02-25,Halifax,NS,5.9,-1.3,19.8
2025-02-26,Halifax,NS,6.1,1.0,22.2
2025-02-27,Halifax,NS,5.4,-5.2,32.5
2025-02-28,Halifax,NS,8.7,-2.4,31.3
2025-03-01,Halifax,NS,4.4,-6.5,25.2
2025-03-02,Halifax,NS,5.7,-6.1,31.5
2025-03-03,Halifax,NS,-4.6,-11.6,18.4
2025-03-04,Halifax,NS,1.4,-11.0,21.7
2025-03-05,Halifax,NS,7.4,0.9,20.6
2025-03-06,Halifax,NS,9.5,2.3,34.4
2025-03-07,Halifax,NS,7.0,-2.5,31.1
2025-03-08,Halifax,NS,2.9,-3.2,39.9
2025-03-09,Halifax,NS,2.3,-6.0,27.0
2025-03-10,Halifax,NS,3.0,-5.0,17.1
2025-03-11,Halifax,NS,2.8,-5.1,19.7
2025-03-12,Halifax,NS,7.5,-3.2,21.4
2025-03-13,Halifax,NS,2.1,-7.0,12.1
2025-03-14,Halifax,NS,4.2,-3.3,14.8
2025-03-15,Halifax,NS,8.7,-2.0,10.7
2025-03-16,Halifax,NS,8.2,1.7,20.9
2025-03-17,Halifax,NS,12.5,6.2,22.5
2025-03-18,Halifax,NS,9.3,2.2,22.7
2025-03-19,Halifax,NS,11.1,0.2,17.1
2025-03-20,Halifax,NS,3.7,0.5,17.5
2025-03-21,Halifax,NS,8.2,2.5,15.7
2025-03-22,Halifax,NS,11.9,2.8,29.1
2025-03-23,Halifax,NS,9.8,-1.7,27.7
2025-03-24,Halifax,NS,1.6,-4.8,25.8
2025-03-25,Halifax,NS,11.9,1.4,35.9
2025-03-26,Halifax,NS,7.7,0.5,12.9
2025-03-27,Halifax,NS,5.3,0.3,17.3
2025-03-28,Halifax,NS,6.6,-2.1,21.3
2025-03-29,Halifax,NS,3.9,-2.8,18.1
2025-03-30,Halifax,NS,3.6,-3.4,13.0
2025-03-31,Halifax,NS,8.3,-0.8,29.6
2025-04-01,Halifax,NS,10.5,2.5,28.1
2025-04-02,Halifax,NS,3.3,-4.4,20.7
2025-04-03,Halifax,NS,4.1,-2.1,24.1
2025-04-04,Halifax,NS,12.1,4.8,23.3
2025-04-05,Halifax,NS,6.6,-0.1,23.3
2025-04-06,Halifax,NS,7.5,1.0,24.6
2025-04-07,Halifax,NS,7.8,1.3,14.3
2025-04-08,Halifax,NS,1.1,-0.5,25.6
2025-04-09,Halifax,NS,4.3,-0.8,14.3
2025-04-10,Halifax,NS,4.1,-2.2,23.6
2025-04-11,Halifax,NS,6.2,-2.3,10.7
2025-04-12,Halifax,NS,4.9,-1.0,20.0
2025-04-13,Halifax,NS,6.6,1.5,20.9
2025-04-14,Halifax,NS,8.5,3.1,26.7
2025-04-15,Halifax,NS,12.6,2.5,21.1
2025-04-16,Halifax,NS,10.6,4.1,28.8
2025-04-17,Halifax,NS,10.3,2.1,22.0
2025-04-18,Halifax,NS,13.2,1.0,16.8
2025-04-19,Halifax,NS,11.3,4.3,29.7
2025-04-20,Halifax,NS,13.5,6.0,38.7
2025-04-21,Halifax,NS,11.8,3.6,35.4
2025-04-22,Halifax,NS,5.7,2.2,18.3
2025-04-23,Halifax,NS,14.4,3.4,13.7
2025-04-24,Halifax,NS,13.8,4.2,19.0
2025-04-25,Halifax,NS,11.5,2.8,12.2
2025-04-26,Halifax,NS,10.1,2.4,34.9
2025-04-27,Halifax,NS,13.8,5.2,39.8
2025-04-28,Halifax,NS,14.2,4.6,34.0
2025-04-29,Halifax,NS,9.6,0.5,16.8
2025-04-30,Halifax,NS,22.0,4.6,28.2
2025-05-01,Halifax,NS,13.5,2.6,22.4
2025-05-02,Halifax,NS,9.8,2.9,14.6
2025-05-03,Halifax,NS,14.3,7.8,22.8
2025-05-04,Halifax,NS,14.0,9.2,21.9
2025-05-05,Halifax,NS,17.7,5.7,13.4
2025-05-06,Halifax,NS,10.8,3.9,12.9
2025-05-07,Halifax,NS,13.4,8.1,19.3
2025-05-08,Halifax,NS,14.4,8.5,16.4
2025-05-09,Halifax,NS,16.3,7.8,15.7
2025-05-10,Halifax,NS,11.2,6.3,24.0
2025-05-11,Halifax,NS,16.1,7.3,26.4
2025-05-12,Halifax,NS,15.2,4.3,20.2
2025-05-13,Halifax,NS,16.3,5.9,18.9
2025-05-14,Halifax,NS,16.5,5.0,21.4
2025-05-15,Halifax,NS,25.4,12.0,20.3
2025-05-16,Halifax,NS,20.8,7.6,18.6
2025-05-17,Halifax,NS,9.2,6.8,18.5
2025-05-18,Halifax,NS,12.3,7.2,24.0
2025-05-19,Halifax,NS,13.5,7.4,15.2
2025-05-20,Halifax,NS,10.6,6.6,23.7
2025-05-21,Halifax,NS,12.5,5.5,18.9
2025-05-22,Halifax,NS,9.6,3.7,27.7
2025-05-23,Halifax,NS,12.8,5.2,36.2
2025-05-24,Halifax,NS,11.6,6.9,18.9
2025-05-25,Halifax,NS,10.7,6.8,15.3
2025-05-26,Halifax,NS,13.1,6.5,17.8
2025-05-27,Halifax,NS,20.7,5.3,16.1
2025-05-28,Halifax,NS,25.8,11.4,17.3
2025-05-29,Halifax,NS,24.4,13.2,22.7
2025-05-30,Halifax,NS,18.9,10.2,17.5
2025-05-31,Halifax,NS,14.3,9.9,27.3
2025-06-01,Halifax,NS,14.5,9.3,31.5
2025-06-02,Halifax,NS,14.9,8.6,20.8
2025-06-03,Halifax,NS,19.4,7.9,13.5
2025-06-04,Halifax,NS,22.8,9.0,12.9
2025-06-05,Halifax,NS,22.6,10.4,16.8
2025-06-06,Halifax,NS,21.7,10.7,14.0
2025-06-07,Halifax,NS,18.0,11.0,16.3
2025-06-08,Halifax,NS,20.2,11.9,28.9
2025-06-09,Halifax,NS,16.6,9.0,14.6
2025-06-10,Halifax,NS,12.2,8.9,18.6
2025-06-11,Halifax,NS,23.0,12.9,19.9
2025-06-12,Halifax,NS,23.0,13.7,23.0
2025-06-13,Halifax,NS,18.0,12.2,19.9
2025-06-14,Halifax,NS,17.8,10.1,12.7
2025-06-15,Halifax,NS,18.0,8.4,15.8
2025-06-16,Halifax,NS,19.8,10.0,17.2
2025-06-17,Halifax,NS,17.8,9.8,15.7
2025-06-18,Halifax,NS,18.9,10.0,13.1
2025-06-19,Halifax,NS,20.3,14.6,11.2
2025-06-20,Halifax,NS,21.2,14.2,32.2
2025-06-21,Halifax,NS,25.1,15.6,25.8
2025-06-22,Halifax,NS,21.9,13.3,18.9
2025-06-23,Halifax,NS,23.4,13.4,11.4
2025-06-24,Halifax,NS,24.9,12.4,16.3
2025-06-25,Halifax,NS,31.1,18.8,19.5
2025-06-26,Halifax,NS,21.5,13.1,16.6
2025-06-27,Halifax,NS,23.8,11.9,15.5
2025-06-28,Halifax,NS,16.8,12.8,18.4
2025-06-29,Halifax,NS,16.4,12.3,22.5
2025-06-30,Halifax,NS,25.1,13.9,16.5
2025-07-01,Halifax,NS,20.2,15.0,16.9
2025-07-02,Halifax,NS,26.7,16.2,20.6
2025-07-03,Halifax,NS,23.6,16.3,14.3
2025-07-04,Halifax,NS,24.7,14.2,13.8
2025-07-05,Halifax,NS,23.8,13.4,17.2
2025-07-06,Halifax,NS,23.6,15.5,23.7
2025-07-07,Halifax,NS,25.3,16.1,20.1
2025-07-08,Halifax,NS,23.1,17.1,24.0
2025-07-09,Halifax,NS,21.8,16.3,11.7
2025-07-10,Halifax,NS,19.4,14.1,11.0
2025-07-11,Halifax,NS,18.0,14.1,20.1
2025-07-12,Halifax,NS,22.6,13.6,12.8
2025-07-13,Halifax,NS,22.8,14.1,14.5
2025-07-14,Halifax,NS,22.7,14.0,13.7
2025-07-15,Halifax,NS,24.6,16.6,14.2
2025-07-16,Halifax,NS,26.7,18.5,12.9
2025-07-17,Halifax,NS,22.3,18.4,17.5
2025-07-18,Halifax,NS,27.3,18.6,24.6
2025-07-19,Halifax,NS,25.0,14.9,17.8
2025-07-20,Halifax,NS,21.4,14.5,20.8
2025-07-21,Halifax,NS,22.7,15.0,25.9
2025-07-22,Halifax,NS,22.1,13.6,18.0
2025-07-23,Halifax,NS,24.4,14.1,17.1
2025-07-24,Halifax,NS,21.9,14.9,25.2
2025-07-25,Halifax,NS,23.4,16.1,23.3
2025-07-26,Halifax,NS,24.8,16.9,20.5
2025-07-27,Halifax,NS,25.9,14.6,21.1
2025-07-28,Halifax,NS,25.6,14.2,14.1
2025-07-29,Halifax,NS,23.1,16.2,16.6
2025-07-30,Halifax,NS,26.6,16.8,12.3
2025-07-31,Halifax,NS,25.3,17.0,11.3
2025-08-01,Halifax,NS,19.7,15.0,13.9
2025-08-02,Halifax,NS,23.3,13.8,12.7
2025-08-03,Halifax,NS,23.0,12.8,19.2
2025-08-04,Halifax,NS,25.5,14.1,14.4
2025-08-05,Halifax,NS,23.3,16.5,12.1
2025-08-06,Halifax,NS,25.3,13.9,18.4
2025-08-07,Halifax,NS,25.3,12.8,13.6
2025-08-08,Halifax,NS,26.9,14.5,14.8
2025-08-09,Halifax,NS,26.8,14.4,14.0
2025-08-10,Halifax,NS,25.8,14.0,13.5
2025-08-11,Halifax,NS,28.8,16.4,13.0
2025-08-12,Halifax,NS,28.5,18.1,13.5
2025-08-13,Halifax,NS,23.5,17.9,13.5
2025-08-14,Halifax,NS,24.1,16.3,20.9
2025-08-15,Halifax,NS,27.1,16.9,17.1
2025-08-16,Halifax,NS,24.9,13.4,13.3
2025-08-17,Halifax,NS,23.8,14.7,19.0
2025-08-18,Halifax,NS,20.1,13.6,24.4
2025-08-19,Halifax,NS,21.0,11.9,15.4
2025-08-20,Halifax,NS,20.8,11.4,13.3
2025-08-21,Halifax,NS,22.7,13.5,14.4
2025-08-22,Halifax,NS,22.1,14.1,26.8
2025-08-23,Halifax,NS,22.5,12.9,18.1
2025-08-24,Halifax,NS,23.2,16.6,24.0
2025-08-25,Halifax,NS,21.4,18.4,22.8
2025-08-26,Halifax,NS,23.0,17.1,21.8
2025-08-27,Halifax,NS,22.2,14.5,12.0
2025-08-28,Halifax,NS,22.3,13.4,15.7
2025-08-29,Halifax,NS,20.7,13.7,16.0
2025-08-30,Halifax,NS,21.1,14.0,19.9
2025-08-31,Halifax,NS,22.2,12.9,12.9
2025-09-01,Halifax,NS,24.5,13.9,9.3
2025-09-02,Halifax,NS,22.9,12.2,12.1
2025-09-03,Halifax,NS,21.8,13.5,12.7
2025-09-04,Halifax,NS,22.1,12.2,12.2
2025-09-05,Halifax,NS,22.0,15.5,17.4
2025-09-06,Halifax,NS,24.7,17.6,20.5
2025-09-07,Halifax,NS,23.1,19.4,23.5
2025-09-08,Halifax,NS,20.7,14.4,14.1
2025-09-09,Halifax,NS,20.2,12.6,10.4
2025-09-10,Halifax,NS,19.5,12.5,15.2
2025-09-11,Halifax,NS,21.8,15.7,20.4
2025-09-12,Halifax,NS,19.3,11.8,16.6
2025-09-13,Halifax,NS,18.1,10.3,11.4
2025-09-14,Halifax,NS,20.8,13.4,13.4
2025-09-15,Halifax,NS,21.7,12.7,16.6
2025-09-16,Halifax,NS,23.0,12.1,8.8
2025-09-17,Halifax,NS,22.6,12.1,12.5
2025-09-18,Halifax,NS,19.4,13.9,15.4
2025-09-19,Halifax,NS,23.9,14.6,17.8
2025-09-20,Halifax,NS,16.5,8.2,19.5
2025-09-21,Halifax,NS,17.5,8.8,12.1
2025-09-22,Halifax,NS,18.6,9.5,13.0
2025-09-23,Halifax,NS,22.0,11.1,16.6
2025-09-24,Halifax,NS,19.7,11.9,16.8
2025-09-25,Halifax,NS,18.8,9.6,17.2
2025-09-26,Halifax,NS,23.9,15.8,30.5
2025-09-27,Halifax,NS,20.9,13.1,14.3
2025-09-28,Halifax,NS,19.5,10.7,19.0
2025-09-29,Halifax,NS,23.8,13.8,18.7
2025-09-30,Halifax,NS,18.6,11.1,15.6
2025-10-01,Halifax,NS,14.9,7.7,24.7
2025-10-02,Halifax,NS,15.7,6.6,19.5
2025-10-03,Halifax,NS,19.1,6.0,16.0
2025-10-04,Halifax,NS,21.9,9.9,15.6
2025-10-05,Halifax,NS,17.2,8.2,13.5
2025-10-06,Halifax,NS,27.3,13.5,17.2
2025-10-07,Halifax,NS,21.2,14.1,20.2
2025-10-08,Halifax,NS,22.1,12.7,31.1
2025-10-09,Halifax,NS,12.1,7.3,25.8
2025-10-10,Halifax,NS,13.3,4.7,15.8
2025-10-11,Halifax,NS,17.6,6.2,21.8
2025-10-12,Halifax,NS,14.1,7.8,17.3
2025-10-13,Halifax,NS,13.4,6.6,18.9
2025-10-14,Halifax,NS,17.2,7.1,11.4
2025-10-15,Halifax,NS,16.6,8.5,14.2
2025-10-16,Halifax,NS,14.6,9.1,18.8
2025-10-17,Halifax,NS,14.8,9.6,26.8
2025-10-18,Halifax,NS,13.8,10.3,27.7
2025-10-19,Halifax,NS,14.8,9.7,18.7
2025-10-20,Halifax,NS,15.2,10.1,20.1
2025-10-21,Halifax,NS,17.0,12.4,27.3
2025-10-22,Halifax,NS,17.3,10.4,26.1
2025-10-23,Halifax,NS,17.3,11.9,18.8
2025-10-24,Halifax,NS,16.6,7.6,10.6
2025-10-25,Halifax,NS,14.2,6.8,13.4
2025-10-26,Halifax,NS,12.4,5.7,13.1
2025-10-27,Halifax,NS,10.9,6.0,15.0
2025-10-28,Halifax,NS,11.5,7.3,30.0
2025-10-29,Halifax,NS,11.3,6.0,15.4
2025-10-30,Halifax,NS,13.4,7.2,20.3
2025-10-31,Halifax,NS,16.6,12.3,39.3
2025-11-01,Halifax,NS,12.2,8.6,37.0
2025-11-02,Halifax,NS,10.8,4.9,24.2
2025-11-03,Halifax,NS,9.5,2.4,12.5
2025-11-04,Halifax,NS,8.4,5.5,29.3
2025-11-05,Halifax,NS,10.4,5.0,27.6
2025-11-06,Halifax,NS,6.6,2.3,29.7
2025-11-07,Halifax,NS,7.3,2.3,22.7
2025-11-08,Halifax,NS,13.5,3.1,30.4
2025-11-09,Halifax,NS,8.9,3.1,17.8
2025-11-10,Halifax,NS,14.8,5.3,33.3
2025-11-11,Halifax,NS,15.5,3.3,27.2
2025-11-12,Halifax,NS,6.8,1.4,34.7
2025-11-13,Halifax,NS,7.0,3.2,14.6
2025-11-14,Halifax,NS,5.9,2.1,25.7
2025-11-15,Halifax,NS,2.9,-0.8,16.5
2025-11-16,Halifax,NS,10.3,0.9,33.9
2025-11-17,Halifax,NS,5.9,2.4,35.2
2025-11-18,Halifax,NS,4.7,2.2,25.0
2025-11-19,Halifax,NS,7.0,1.4,18.3
2025-11-20,Halifax,NS,6.3,-1.4,8.7
2025-11-21,Halifax,NS,6.3,-1.4,9.6
2025-11-22,Halifax,NS,9.0,0.5,16.8
2025-11-23,Halifax,NS,5.1,-1.1,17.0
2025-11-24,Halifax,NS,3.2,-0.3,13.1
2025-11-25,Halifax,NS,6.4,-2.2,17.4
2025-11-26,Halifax,NS,11.5,5.1,23.4
2025-11-27,Halifax,NS,12.2,4.2,23.9
2025-11-28,Halifax,NS,6.6,1.9,18.7
2025-11-29,Halifax,NS,2.6,-0.8,24.5
2025-11-30,Halifax,NS,6.4,-2.8,21.1
2025-12-01,Halifax,NS,9.9,-0.3,29.9
2025-12-02,Halifax,NS,4.4,-5.1,14.8
2025-12-03,Halifax,NS,6.4,-1.5,36.9
2025-12-04,Halifax,NS,5.9,-2.7,30.2
2025-12-05,Halifax,NS,-4.0,-12.2,33.1
2025-12-06,Halifax,NS,2.4,-7.4,9.9
2025-12-07,Halifax,NS,3.9,-2.3,13.3
2025-12-08,Halifax,NS,-2.5,-10.5,31.3
2025-12-09,Halifax,NS,-3.6,-10.6,18.9
2025-12-10,Halifax,NS,6.5,-8.0,22.5
2025-12-11,Halifax,NS,8.6,1.8,35.1
2025-12-12,Halifax,NS,0.7,-4.5,35.8
2025-12-13,Halifax,NS,-0.6,-3.9,22.2
2025-12-14,Halifax,NS,1.4,-1.7,20.9
2025-12-15,Halifax,NS,-1.7,-7.4,29.0
2025-12-16,Halifax,NS,-2.4,-8.2,19.8
2025-12-17,Halifax,NS,7.6,-1.9,32.8
2025-12-18,Halifax,NS,6.3,0.8,21.4
2025-12-19,Halifax,NS,12.1,2.9,49.9
2025-12-20,Halifax,NS,11.9,-2.7,54.5
2025-12-21,Halifax,NS,8.1,-2.5,29.4
2025-12-22,Halifax,NS,0.8,-7.7,23.4
2025-12-23,Halifax,NS,-6.3,-10.5,23.4
2025-12-24,Halifax,NS,-4.3,-11.2,22.0
2025-12-25,Halifax,NS,-3.7,-6.0,21.1
2025-12-26,Halifax,NS,-4.9,-8.4,29.2
2025-12-27,Halifax,NS,-3.9,-8.6,22.5
2025-12-28,Halifax,NS,-0.1,-8.5,27.9
2025-12-29,Halifax,NS,3.1,-7.1,30.1
2025-12-30,Halifax,NS,8.3,-3.9,34.7
2025-12-31,Halifax,NS,-0.3,-6.7,21.3
2026-01-01,Halifax,NS,4.0,-2.1,29.4
2026-01-02,Halifax,NS,0.5,-9.1,29.3
2026-01-03,Halifax,NS,-5.6,-9.5,25.3
2026-01-04,Halifax,NS,-7.0,-13.3,13.8
2026-01-05,Halifax,NS,-8.5,-13.2,22.1
2026-01-06,Halifax,NS,1.3,-11.3,17.4
2026-01-07,Halifax,NS,2.7,1.3,26.1
2026-01-08,Halifax,NS,3.0,-1.4,21.7
2026-01-09,Halifax,NS,4.1,-2.2,21.6
2026-01-10,Halifax,NS,8.2,1.3,34.6
2026-01-11,Halifax,NS,4.0,0.4,27.6
2026-01-12,Halifax,NS,3.2,-3.1,35.9
2026-01-13,Halifax,NS,3.7,-3.3,19.2
2026-01-14,Halifax,NS,8.0,1.2,24.0
2026-01-15,Halifax,NS,8.9,5.3,32.1
2026-01-16,Halifax,NS,5.1,-4.5,35.3
2026-01-17,Halifax,NS,5.4,-7.0,22.9
2026-01-18,Halifax,NS,5.8,0.3,25.2
2026-01-19,Halifax,NS,2.1,0.2,25.7
2026-01-20,Halifax,NS,1.7,-8.6,24.5
2026-01-21,Halifax,NS,-3.0,-13.4,21.3
2026-01-22,Halifax,NS,4.8,-2.3,28.6
2026-01-23,Halifax,NS,0.7,-5.8,20.5
2026-01-24,Halifax,NS,-6.7,-15.7,25.6
2026-01-25,Halifax,NS,-13.3,-18.3,20.6
2026-01-26,Halifax,NS,-6.7,-15.1,25.9
2026-01-27,Halifax,NS,-5.7,-10.1,25.4
2026-01-28,Halifax,NS,-7.5,-14.7,22.0
2026-01-29,Halifax,NS,-7.0,-15.0,15.9
2026-01-30,Halifax,NS,-7.8,-12.1,22.5
2026-01-31,Halifax,NS,-3.4,-11.5,17.3
2026-02-01,Halifax,NS,-3.6,-13.4,35.0
2026-02-02,Halifax,NS,-2.2,-4.4,36.0
2026-02-03,Halifax,NS,1.4,-5.2,18.3
2026-02-04,Halifax,NS,1.9,-2.7,13.9
2026-02-05,Halifax,NS,0.3,-7.1,15.0
2026-02-06,Halifax,NS,-4.2,-13.4,18.9
2026-02-07,Halifax,NS,-1.4,-6.7,20.1
2026-02-08,Halifax,NS,-4.0,-7.6,29.7
2026-02-09,Halifax,NS,-3.3,-10.1,20.1
2026-02-10,Halifax,NS,1.0,-7.7,21.4
2026-02-11,Halifax,NS,0.9,-7.8,27.8
2026-02-12,Halifax,NS,0.3,-2.3,24.0
2026-02-13,Halifax,NS,-0.2,-6.8,16.7
2026-02-14,Halifax,NS,0.8,-11.1,12.8
2026-02-15,Halifax,NS,1.0,-7.0,20.6
2026-02-16,Halifax,NS,0.7,-5.9,18.8
2026-02-17,Halifax,NS,-0.2,-6.5,17.7
2026-02-18,Halifax,NS,4.6,-9.2,17.9
2026-02-19,Halifax,NS,1.3,-4.9,20.7
2026-02-20,Halifax,NS,2.7,-8.5,11.8
2026-02-21,Halifax,NS,-1.1,-10.3,30.7
2026-02-22,Halifax,NS,0.6,-5.1,30.6
2026-02-23,Halifax,NS,0.8,-5.5,42.5
2026-02-24,Halifax,NS,1.7,-1.9,31.3
2026-02-25,Halifax,NS,0.5,-8.1,19.5
2026-02-26,Halifax,NS,5.4,-1.1,26.9
2026-02-27,Halifax,NS,3.1,-6.5,13.1
2026-02-28,Halifax,NS,2.1,-10.5,15.6
2026-03-01,Halifax,NS,6.4,-5.8,21.1
2026-03-02,Halifax,NS,-6.2,-16.2,18.2
2026-03-03,Halifax,NS,0.0,-16.7,27.2
2026-03-04,Halifax,NS,7.6,-0.3,20.4
2026-03-05,Halifax,NS,1.3,-9.3,20.0
2026-03-06,Halifax,NS,-3.5,-13.7,16.5
2026-03-07,Halifax,NS,4.4,-3.6,23.8
2026-03-08,Halifax,NS,6.8,4.5,29.9
2026-03-09,Halifax,NS,9.7,1.8,21.9
2026-03-10,Halifax,NS,10.7,2.5,23.1
2026-03-11,Halifax,NS,4.0,-1.4,23.4
2026-03-12,Halifax,NS,9.7,1.2,29.7
2026-03-13,Halifax,NS,3.3,-4.0,29.3
2026-03-14,Halifax,NS,4.2,-1.3,22.5
2026-03-15,Halifax,NS,3.1,-2.6,23.3
2026-03-16,Halifax,NS,9.9,-2.0,38.8
2026-03-17,Halifax,NS,11.9,3.4,44.6
2026-03-18,Halifax,NS,2.7,-4.7,21.8
2026-03-19,Halifax,NS,-0.7,-4.3,24.5
2026-03-20,Halifax,NS,4.0,-2.7,17.1
2026-03-21,Halifax,NS,4.6,-1.0,26.4
2026-03-22,Halifax,NS,4.2,-2.9,18.1
2026-03-23,Halifax,NS,-1.1,-2.7,26.1
2026-03-24,Halifax,NS,1.3,-3.8,26.7
2026-03-25,Halifax,NS,5.1,-3.2,26.8
2026-03-26,Halifax,NS,6.1,-1.5,24.0
2026-03-27,Halifax,NS,6.3,-2.3,24.4
2026-03-28,Halifax,NS,0.5,-7.6,15.9
2026-03-29,Halifax,NS,1.6,-8.4,23.8
2026-03-30,Halifax,NS,6.1,-1.0,32.7
2026-03-31,Halifax,NS,6.1,0.6,21.7
2026-04-01,Halifax,NS,8.7,-0.1,19.1
2026-04-02,Halifax,NS,1.6,-1.7,18.9
2026-04-03,Halifax,NS,3.0,-1.5,24.9
2026-04-04,Halifax,NS,5.4,-1.5,33.8
2026-04-05,Halifax,NS,8.5,-2.0,30.2
2026-04-06,Halifax,NS,9.7,2.6,32.0
2026-04-07,Halifax,NS,7.1,-1.1,22.8
2026-04-08,Halifax,NS,7.4,-1.0,16.4
2026-04-09,Halifax,NS,6.7,-2.4,15.5
2026-04-10,Halifax,NS,11.2,0.5,19.5
2026-04-11,Halifax,NS,11.1,4.0,23.7
2026-04-12,Halifax,NS,9.6,1.6,25.8
2026-04-13,Halifax,NS,7.6,0.2,30.8
2026-04-14,Halifax,NS,16.6,7.3,23.6
2026-04-15,Halifax,NS,6.9,4.3,22.0
2026-04-16,Halifax,NS,5.9,3.1,14.9
2026-04-17,Halifax,NS,14.5,3.2,15.7
2026-04-18,Halifax,NS,9.0,2.4,23.0
2026-04-19,Halifax,NS,11.0,3.4,19.5
2026-04-20,Halifax,NS,9.8,3.1,23.6
2026-04-21,Halifax,NS,5.5,-1.3,14.5
2026-04-22,Halifax,NS,8.2,-2.9,17.1
2026-04-23,Halifax,NS,7.5,0.9,12.6
2026-04-24,Halifax,NS,7.5,-0.3,14.3
2026-04-25,Halifax,NS,8.3,0.1,32.6
2026-04-26,Halifax,NS,16.1,3.8,18.1
2026-04-27,Halifax,NS,7.5,0.8,14.0
2026-04-28,Halifax,NS,6.2,1.5,21.9
2026-04-29,Halifax,NS,6.2,2.8,20.9
2026-04-30,Halifax,NS,6.6,2.7,22.7
2026-05-01,Halifax,NS,9.6,5.3,24.4
2026-05-02,Halifax,NS,17.2,4.6,16.2
2026-05-03,Halifax,NS,6.9,2.5,40.0
2026-05-04,Halifax,NS,15.6,2.0,33.2
2026-05-05,Halifax,NS,15.1,6.7,29.5
2026-05-06,Halifax,NS,15.3,9.5,27.1
2026-05-07,Halifax,NS,12.6,8.9,29.6
2026-05-08,Halifax,NS,16.0,5.9,18.4
2026-05-09,Halifax,NS,14.0,4.3,18.6
2026-05-10,Halifax,NS,13.1,6.7,27.6
2026-05-11,Halifax,NS,14.1,8.9,8.6
2026-05-12,Halifax,NS,10.8,5.0,22.7
2026-05-13,Halifax,NS,15.8,4.0,23.9
2026-05-14,Halifax,NS,14.1,6.4,20.7
2026-05-15,Halifax,NS,15.8,8.6,26.8
2026-05-16,Halifax,NS,24.7,8.5,25.1
2026-05-17,Halifax,NS,25.0,8.9,21.5
2026-05-18,Halifax,NS,21.6,10.0,16.4
2026-05-19,Halifax,NS,21.8,10.9,14.6
2026-05-20,Halifax,NS,26.8,11.8,18.2
2026-05-21,Halifax,NS,22.0,9.9,18.9
2026-05-22,Halifax,NS,16.2,4.7,22.2
2026-05-23,Halifax,NS,16.6,4.7,14.9
2026-05-24,Halifax,NS,19.3,5.4,17.5
2026-05-25,Halifax,NS,11.9,6.9,27.1
2026-05-26,Halifax,NS,22.1,11.7,24.1
2026-05-27,Halifax,NS,11.1,6.7,20.3
2026-05-28,Halifax,NS,9.1,5.4,21.2
2026-05-29,Halifax,NS,9.2,5.1,28.1
2026-05-30,Halifax,NS,10.5,5.5,19.7
2026-05-31,Halifax,NS,8.9,4.7,14.4
2026-06-01,Halifax,NS,13.6,3.7,16.3
2026-06-02,Halifax,NS,14.2,5.5,17.7
2026-06-03,Halifax,NS,14.2,4.8,13.5
2026-06-04,Halifax,NS,21.0,8.3,22.0
2026-06-05,Halifax,NS,22.2,9.3,21.6
2026-06-06,Halifax,NS,12.7,7.5,12.9
2026-06-07,Halifax,NS,18.6,8.6,24.7
2026-06-08,Halifax,NS,17.4,7.2,32.9
2026-06-09,Halifax,NS,25.7,7.9,14.3
2026-06-10,Halifax,NS,23.3,12.3,13.2
2026-06-11,Halifax,NS,22.8,11.1,15.5
2026-06-12,Halifax,NS,19.6,9.5,15.8
2026-06-13,Halifax,NS,12.0,8.9,16.1
2026-06-14,Halifax,NS,16.1,9.2,10.7
2026-06-15,Halifax,NS,13.6,8.8,24.6
2026-06-16,Halifax,NS,25.6,12.0,24.1
2026-06-17,Halifax,NS,23.4,12.6,14.5
2026-06-18,Halifax,NS,19.1,10.9,14.9
2026-06-19,Halifax,NS,22.8,12.0,24.1
2026-06-20,Halifax,NS,20.7,13.3,19.4
2026-06-21,Halifax,NS,21.1,12.2,21.2
2026-06-22,Halifax,NS,17.2,9.6,13.1
2026-06-23,Halifax,NS,15.4,11.6,23.0
2026-06-24,Halifax,NS,21.6,14.6,21.3
2026-06-25,Halifax,NS,24.7,13.2,18.4
2026-06-26,Halifax,NS,17.2,11.5,10.3
2026-06-27,Halifax,NS,16.9,12.7,11.9
2026-06-28,Halifax,NS,20.9,13.3,11.4
2026-06-29,Halifax,NS,22.8,12.3,12.9
2026-06-30,Halifax,NS,27.3,14.9,12.3
2026-07-01,Halifax,NS,21.0,14.7,23.4
2026-07-02,Halifax,NS,26.2,15.9,22.0
2026-07-03,Halifax,NS,32.6,17.6,14.5
2026-07-04,Halifax,NS,30.8,21.5,14.5
2026-07-05,Halifax,NS,24.2,14.9,22.8
2026-07-06,Halifax,NS,21.5,12.0,15.1
2026-07-07,Halifax,NS,23.1,12.9,14.2
2026-07-08,Halifax,NS,19.3,12.6,13.6
2026-07-09,Halifax,NS,24.1,15.0,15.3
2026-07-10,Halifax,NS,24.7,17.8,16.2
2026-07-11,Halifax,NS,26.6,15.8,14.4
2026-07-12,Halifax,NS,25.3,14.7,16.6
2026-07-13,Halifax,NS,26.7,13.1,18.3
2026-07-14,Halifax,NS,21.8,16.0,25.1
2026-07-15,Halifax,NS,28.0,17.3,19.3
2026-07-16,Halifax,NS,28.1,15.3,22.9
2026-07-17,Halifax,NS,22.8,12.6,24.1
2026-07-18,Halifax,NS,24.3,14.1,16.6
2026-07-19,Halifax,NS,24.3,15.9,31.4
2026-07-20,Halifax,NS,23.4,14.2,19.7
2026-07-21,Halifax,NS,22.8,13.3,15.0
2026-07-22,Halifax,NS,19.9,15.7,30.0
2026-07-23,Halifax,NS,20.9,15.8,23.7
2026-07-24,Halifax,NS,21.9,13.2,10.8
2024-01-01,Fredericton,NB,-3.9,-8.5,10.1
2024-01-02,Fredericton,NB,-0.5,-9.3,12.0
2024-01-03,Fredericton,NB,2.1,-6.9,10.0
2024-01-04,Fredericton,NB,3.6,-6.8,23.3
2024-01-05,Fredericton,NB,-7.5,-11.2,22.5
2024-01-06,Fredericton,NB,-7.1,-12.1,15.0
2024-01-07,Fredericton,NB,-5.6,-11.7,16.9
2024-01-08,Fredericton,NB,-3.2,-9.5,17.1
2024-01-09,Fredericton,NB,-4.3,-10.5,16.9
2024-01-10,Fredericton,NB,6.1,-6.9,29.3
2024-01-11,Fredericton,NB,3.5,-3.4,16.5
2024-01-12,Fredericton,NB,-2.9,-7.5,17.9
2024-01-13,Fredericton,NB,7.4,-8.4,27.4
2024-01-14,Fredericton,NB,7.4,-3.5,24.5
2024-01-15,Fredericton,NB,-1.7,-7.4,16.7
2024-01-16,Fredericton,NB,-0.3,-9.2,18.5
2024-01-17,Fredericton,NB,0.4,-10.1,28.7
2024-01-18,Fredericton,NB,-6.7,-11.9,27.4
2024-01-19,Fredericton,NB,-10.0,-15.1,21.3
2024-01-20,Fredericton,NB,-4.3,-14.4,11.7
2024-01-21,Fredericton,NB,-6.1,-11.7,15.3
2024-01-22,Fredericton,NB,-1.4,-14.9,16.1
2024-01-23,Fredericton,NB,-1.1,-13.4,22.9
2024-01-24,Fredericton,NB,-4.2,-20.6,9.1
2024-01-25,Fredericton,NB,4.4,-3.6,12.6
2024-01-26,Fredericton,NB,-3.8,-9.9,12.0
2024-01-27,Fredericton,NB,0.1,-7.7,10.0
2024-01-28,Fredericton,NB,2.2,-9.2,10.5
2024-01-29,Fredericton,NB,-1.3,-14.2,27.7
2024-01-30,Fredericton,NB,-8.0,-19.0,15.9
2024-01-31,Fredericton,NB,-3.4,-21.5,11.5
2024-02-01,Fredericton,NB,1.6,-7.2,9.3
2024-02-02,Fredericton,NB,1.7,-3.8,20.9
2024-02-03,Fredericton,NB,-4.3,-10.9,19.2
2024-02-04,Fredericton,NB,-3.0,-11.6,22.0
2024-02-05,Fredericton,NB,-1.3,-5.9,29.7
2024-02-06,Fredericton,NB,0.6,-4.0,19.4
2024-02-07,Fredericton,NB,0.7,-10.9,10.1
2024-02-08,Fredericton,NB,0.3,-18.7,9.2
2024-02-09,Fredericton,NB,3.3,-18.4,11.5
2024-02-10,Fredericton,NB,7.1,-3.5,13.1
2024-02-11,Fredericton,NB,6.8,-1.7,15.5
2024-02-12,Fredericton,NB,2.5,-3.8,13.7
2024-02-13,Fredericton,NB,-0.9,-10.3,15.6
2024-02-14,Fredericton,NB,-5.2,-12.0,25.8
2024-02-15,Fredericton,NB,-3.4,-8.6,21.4
2024-02-16,Fredericton,NB,-2.7,-13.9,17.4
2024-02-17,Fredericton,NB,-3.0,-12.7,13.7
2024-02-18,Fredericton,NB,-4.7,-14.6,21.6
2024-02-19,Fredericton,NB,-4.7,-11.0,27.3
2024-02-20,Fredericton,NB,-8.0,-16.1,16.1
2024-02-21,Fredericton,NB,-1.4,-18.5,12.3
2024-02-22,Fredericton,NB,2.1,-13.0,11.3
2024-02-23,Fredericton,NB,2.3,-5.2,12.3
2024-02-24,Fredericton,NB,0.3,-12.7,20.5
2024-02-25,Fredericton,NB,-3.8,-16.6,17.7
2024-02-26,Fredericton,NB,5.1,-10.7,24.3
2024-02-27,Fredericton,NB,8.3,-8.6,15.6
2024-02-28,Fredericton,NB,10.0,3.9,29.9
2024-02-29,Fredericton,NB,9.6,-11.4,34.3
2024-03-01,Fredericton,NB,-5.2,-16.1,22.9
2024-03-02,Fredericton,NB,9.8,-8.1,20.3
2024-03-03,Fredericton,NB,6.2,0.5,12.2
2024-03-04,Fredericton,NB,5.5,-2.7,16.0
2024-03-05,Fredericton,NB,6.9,-1.8,15.6
2024-03-06,Fredericton,NB,13.0,0.8,13.1
2024-03-07,Fredericton,NB,3.5,-3.3,23.8
2024-03-08,Fredericton,NB,3.1,-6.0,18.1
2024-03-09,Fredericton,NB,2.8,-8.5,13.1
2024-03-10,Fredericton,NB,2.5,-3.1,23.1
2024-03-11,Fredericton,NB,3.0,0.8,22.8
2024-03-12,Fredericton,NB,3.2,0.6,26.0
2024-03-13,Fredericton,NB,7.5,0.4,20.9
2024-03-14,Fredericton,NB,7.3,-2.7,7.9
2024-03-15,Fredericton,NB,5.7,-1.6,9.0
2024-03-16,Fredericton,NB,8.6,-3.1,10.5
2024-03-17,Fredericton,NB,3.7,0.2,20.9
2024-03-18,Fredericton,NB,6.7,-0.8,19.9
2024-03-19,Fredericton,NB,5.9,-2.1,17.0
2024-03-20,Fredericton,NB,5.6,-4.6,21.3
2024-03-21,Fredericton,NB,1.6,-5.3,31.2
2024-03-22,Fredericton,NB,-0.2,-8.7,29.5
2024-03-23,Fredericton,NB,-3.8,-7.3,17.1
2024-03-24,Fredericton,NB,0.8,-7.0,24.3
2024-03-25,Fredericton,NB,3.5,-12.6,12.1
2024-03-26,Fredericton,NB,4.4,-5.5,17.2
2024-03-27,Fredericton,NB,9.2,0.6,13.4
2024-03-28,Fredericton,NB,6.6,1.9,8.4
2024-03-29,Fredericton,NB,5.0,2.8,20.5
2024-03-30,Fredericton,NB,4.9,-2.3,34.8
2024-03-31,Fredericton,NB,7.0,-4.7,21.0
2024-04-01,Fredericton,NB,8.4,-4.8,14.5
2024-04-02,Fredericton,NB,9.8,-3.2,16.5
2024-04-03,Fredericton,NB,5.2,-2.4,20.4
2024-04-04,Fredericton,NB,2.0,-2.3,32.6
2024-04-05,Fredericton,NB,2.7,1.1,26.7
2024-04-06,Fredericton,NB,3.2,0.5,23.6
2024-04-07,Fredericton,NB,6.4,-1.0,22.4
2024-04-08,Fredericton,NB,16.6,-3.6,20.6
2024-04-09,Fredericton,NB,10.0,-1.4,16.9
2024-04-10,Fredericton,NB,12.5,-2.6,16.0
2024-04-11,Fredericton,NB,9.4,2.4,16.3
2024-04-12,Fredericton,NB,14.4,5.8,26.6
2024-04-13,Fredericton,NB,16.5,6.4,21.7
2024-04-14,Fredericton,NB,12.8,5.0,17.7
2024-04-15,Fredericton,NB,14.5,4.3,13.7
2024-04-16,Fredericton,NB,11.9,-0.3,19.8
2024-04-17,Fredericton,NB,11.6,0.3,16.1
2024-04-18,Fredericton,NB,13.1,0.3,14.5
2024-04-19,Fredericton,NB,14.6,-1.4,14.6
2024-04-20,Fredericton,NB,6.5,1.3,15.5
2024-04-21,Fredericton,NB,12.5,0.5,16.4
2024-04-22,Fredericton,NB,5.8,-0.9,26.6
2024-04-23,Fredericton,NB,11.7,-3.1,23.6
2024-04-24,Fredericton,NB,11.6,-1.3,25.0
2024-04-25,Fredericton,NB,7.5,-5.0,28.5
2024-04-26,Fredericton,NB,9.7,-2.6,17.3
2024-04-27,Fredericton,NB,14.1,-2.8,10.8
2024-04-28,Fredericton,NB,16.4,-0.8,16.2
2024-04-29,Fredericton,NB,15.1,4.7,20.1
2024-04-30,Fredericton,NB,15.2,0.4,13.0
2024-05-01,Fredericton,NB,15.7,2.5,15.5
2024-05-02,Fredericton,NB,15.3,2.2,15.2
2024-05-03,Fredericton,NB,13.1,4.6,18.8
2024-05-04,Fredericton,NB,12.6,4.6,13.8
2024-05-05,Fredericton,NB,16.5,2.4,17.9
2024-05-06,Fredericton,NB,17.3,5.7,13.7
2024-05-07,Fredericton,NB,17.2,5.9,21.6
2024-05-08,Fredericton,NB,16.3,3.5,19.3
2024-05-09,Fredericton,NB,6.5,3.9,24.1
2024-05-10,Fredericton,NB,11.3,0.7,18.4
2024-05-11,Fredericton,NB,13.6,2.0,14.7
2024-05-12,Fredericton,NB,15.2,1.9,15.3
2024-05-13,Fredericton,NB,18.0,3.2,11.3
2024-05-14,Fredericton,NB,21.0,5.3,15.5
2024-05-15,Fredericton,NB,25.0,7.0,13.5
2024-05-16,Fredericton,NB,22.1,10.1,10.5
2024-05-17,Fredericton,NB,23.1,8.4,13.7
2024-05-18,Fredericton,NB,21.7,8.8,13.8
2024-05-19,Fredericton,NB,17.8,10.6,12.9
2024-05-20,Fredericton,NB,20.0,9.1,12.8
2024-05-21,Fredericton,NB,27.2,11.0,15.2
2024-05-22,Fredericton,NB,26.7,13.7,12.0
2024-05-23,Fredericton,NB,26.8,13.0,17.3
2024-05-24,Fredericton,NB,24.8,12.5,23.7
2024-05-25,Fredericton,NB,20.3,9.5,17.9
2024-05-26,Fredericton,NB,16.1,9.9,11.9
2024-05-27,Fredericton,NB,18.9,9.2,16.9
2024-05-28,Fredericton,NB,19.0,12.4,19.7
2024-05-29,Fredericton,NB,20.2,12.4,19.9
2024-05-30,Fredericton,NB,19.1,7.5,13.2
2024-05-31,Fredericton,NB,19.1,7.4,21.3
2024-06-01,Fredericton,NB,16.1,6.7,20.1
2024-06-02,Fredericton,NB,24.1,6.2,16.6
2024-06-03,Fredericton,NB,20.1,11.4,15.0
2024-06-04,Fredericton,NB,21.8,10.1,11.5
2024-06-05,Fredericton,NB,25.0,10.7,10.7
2024-06-06,Fredericton,NB,24.4,12.9,12.4
2024-06-07,Fredericton,NB,22.9,13.9,16.6
2024-06-08,Fredericton,NB,18.3,13.6,14.0
2024-06-09,Fredericton,NB,20.6,11.6,17.0
2024-06-10,Fredericton,NB,19.1,11.2,15.3
2024-06-11,Fredericton,NB,22.4,11.3,10.8
2024-06-12,Fredericton,NB,23.1,10.9,8.2
2024-06-13,Fredericton,NB,24.8,13.7,19.4
2024-06-14,Fredericton,NB,25.8,14.0,16.6
2024-06-15,Fredericton,NB,19.1,13.8,16.3
2024-06-16,Fredericton,NB,21.6,9.6,14.0
2024-06-17,Fredericton,NB,23.4,12.4,18.0
2024-06-18,Fredericton,NB,30.5,12.8,12.8
2024-06-19,Fredericton,NB,34.4,17.7,17.1
2024-06-20,Fredericton,NB,33.5,24.9,17.2
2024-06-21,Fredericton,NB,26.0,17.6,14.9
2024-06-22,Fredericton,NB,26.5,14.3,11.4
2024-06-23,Fredericton,NB,17.5,15.6,15.1
2024-06-24,Fredericton,NB,19.9,15.0,15.3
2024-06-25,Fredericton,NB,25.7,13.9,15.6
2024-06-26,Fredericton,NB,27.1,15.2,22.4
2024-06-27,Fredericton,NB,24.0,16.4,13.9
2024-06-28,Fredericton,NB,21.1,11.8,19.7
2024-06-29,Fredericton,NB,21.9,12.1,23.9
2024-06-30,Fredericton,NB,28.5,11.8,22.1
2024-07-01,Fredericton,NB,24.9,14.3,11.3
2024-07-02,Fredericton,NB,27.8,13.5,11.9
2024-07-03,Fredericton,NB,28.5,14.4,14.2
2024-07-04,Fredericton,NB,24.5,14.9,20.0
2024-07-05,Fredericton,NB,27.7,14.8,14.6
2024-07-06,Fredericton,NB,22.5,16.0,12.2
2024-07-07,Fredericton,NB,28.3,18.6,9.6
2024-07-08,Fredericton,NB,29.6,18.5,11.7
2024-07-09,Fredericton,NB,28.6,19.8,15.6
2024-07-10,Fredericton,NB,29.5,19.7,11.9
2024-07-11,Fredericton,NB,22.4,19.7,16.5
2024-07-12,Fredericton,NB,26.6,18.7,10.0
2024-07-13,Fredericton,NB,28.5,20.3,13.4
2024-07-14,Fredericton,NB,29.5,18.6,11.9
2024-07-15,Fredericton,NB,30.3,19.7,15.0
2024-07-16,Fredericton,NB,26.9,19.0,17.7
2024-07-17,Fredericton,NB,30.5,20.5,16.6
2024-07-18,Fredericton,NB,26.8,20.4,14.5
2024-07-19,Fredericton,NB,26.3,16.6,13.7
2024-07-20,Fredericton,NB,26.8,17.0,21.9
2024-07-21,Fredericton,NB,23.3,16.7,15.0
2024-07-22,Fredericton,NB,25.6,14.0,21.1
2024-07-23,Fredericton,NB,19.0,15.1,10.8
2024-07-24,Fredericton,NB,24.4,14.9,7.9
2024-07-25,Fredericton,NB,22.3,15.9,18.1
2024-07-26,Fredericton,NB,25.8,15.8,17.2
2024-07-27,Fredericton,NB,26.5,13.9,11.5
2024-07-28,Fredericton,NB,29.3,16.8,14.8
2024-07-29,Fredericton,NB,26.4,15.1,15.5
2024-07-30,Fredericton,NB,25.6,15.9,24.4
2024-07-31,Fredericton,NB,28.3,18.2,21.4
2024-08-01,Fredericton,NB,26.4,19.0,15.8
2024-08-02,Fredericton,NB,30.3,19.1,11.6
2024-08-03,Fredericton,NB,26.8,20.9,14.0
2024-08-04,Fredericton,NB,25.8,20.0,10.5
2024-08-05,Fredericton,NB,26.2,17.6,16.2
2024-08-06,Fredericton,NB,22.5,15.4,12.1
2024-08-07,Fredericton,NB,24.3,15.0,15.6
2024-08-08,Fredericton,NB,24.6,11.7,9.2
2024-08-09,Fredericton,NB,17.9,15.5,12.1
2024-08-10,Fredericton,NB,28.2,18.6,26.8
2024-08-11,Fredericton,NB,26.3,16.7,14.8
2024-08-12,Fredericton,NB,23.9,16.1,13.0
2024-08-13,Fredericton,NB,25.7,14.9,15.1
2024-08-14,Fredericton,NB,22.9,15.8,9.9
2024-08-15,Fredericton,NB,24.5,14.2,11.2
2024-08-16,Fredericton,NB,25.4,12.4,11.0
2024-08-17,Fredericton,NB,25.8,14.3,14.2
2024-08-18,Fredericton,NB,22.9,15.8,16.1
2024-08-19,Fredericton,NB,27.0,16.0,12.2
2024-08-20,Fredericton,NB,22.3,17.5,16.1
2024-08-21,Fredericton,NB,18.6,14.5,17.1
2024-08-22,Fredericton,NB,22.4,12.7,12.4
2024-08-23,Fredericton,NB,21.6,14.0,15.7
2024-08-24,Fredericton,NB,25.7,14.1,12.0
2024-08-25,Fredericton,NB,26.3,15.8,10.4
2024-08-26,Fredericton,NB,26.2,16.7,10.6
2024-08-27,Fredericton,NB,27.1,16.2,14.0
2024-08-28,Fredericton,NB,20.7,14.5,19.0
2024-08-29,Fredericton,NB,21.5,11.3,12.7
2024-08-30,Fredericton,NB,23.5,10.4,12.8
2024-08-31,Fredericton,NB,22.2,11.5,21.0
2024-09-01,Fredericton,NB,22.1,15.4,20.3
2024-09-02,Fredericton,NB,20.8,14.0,15.6
2024-09-03,Fredericton,NB,19.2,10.0,23.5
2024-09-04,Fredericton,NB,22.6,11.0,13.0
2024-09-05,Fredericton,NB,26.6,13.6,15.3
2024-09-06,Fredericton,NB,22.9,12.3,15.9
2024-09-07,Fredericton,NB,17.7,14.4,18.4
2024-09-08,Fredericton,NB,21.8,12.5,18.7
2024-09-09,Fredericton,NB,19.2,10.4,18.8
2024-09-10,Fredericton,NB,19.3,10.2,14.3
2024-09-11,Fredericton,NB,19.4,8.9,13.6
2024-09-12,Fredericton,NB,24.9,10.9,10.7
2024-09-13,Fredericton,NB,23.9,14.3,10.4
2024-09-14,Fredericton,NB,20.9,12.2,14.8
2024-09-15,Fredericton,NB,24.5,9.9,11.3
2024-09-16,Fredericton,NB,27.2,13.6,16.1
2024-09-17,Fredericton,NB,28.2,16.2,13.8
2024-09-18,Fredericton,NB,28.3,16.2,12.2
2024-09-19,Fredericton,NB,25.5,16.0,16.9
2024-09-20,Fredericton,NB,19.6,13.1,20.4
2024-09-21,Fredericton,NB,18.6,10.9,14.7
2024-09-22,Fredericton,NB,18.1,9.9,14.6
2024-09-23,Fredericton,NB,16.9,9.7,10.4
2024-09-24,Fredericton,NB,18.6,8.3,12.4
2024-09-25,Fredericton,NB,16.4,10.6,10.7
2024-09-26,Fredericton,NB,14.5,11.3,14.7
2024-09-27,Fredericton,NB,18.3,12.6,10.5
2024-09-28,Fredericton,NB,17.9,11.9,11.4
2024-09-29,Fredericton,NB,18.7,10.9,9.8
2024-09-30,Fredericton,NB,21.2,11.4,12.1
2024-10-01,Fredericton,NB,17.3,8.3,13.1
2024-10-02,Fredericton,NB,14.7,6.1,9.5
2024-10-03,Fredericton,NB,17.5,7.8,12.4
2024-10-04,Fredericton,NB,21.3,9.6,11.0
2024-10-05,Fredericton,NB,17.3,12.2,11.1
2024-10-06,Fredericton,NB,16.0,10.5,14.1
2024-10-07,Fredericton,NB,15.9,11.0,13.5
2024-10-08,Fredericton,NB,13.1,7.1,13.9
2024-10-09,Fredericton,NB,14.1,4.5,12.0
2024-10-10,Fredericton,NB,13.4,4.9,18.1
2024-10-11,Fredericton,NB,14.4,7.8,32.6
2024-10-12,Fredericton,NB,11.7,8.1,33.5
2024-10-13,Fredericton,NB,12.3,5.6,19.7
2024-10-14,Fredericton,NB,9.2,6.5,19.6
2024-10-15,Fredericton,NB,10.6,5.5,22.8
2024-10-16,Fredericton,NB,7.8,3.2,21.9
2024-10-17,Fredericton,NB,12.4,1.1,13.6
2024-10-18,Fredericton,NB,13.7,1.6,12.4
2024-10-19,Fredericton,NB,18.6,3.9,14.0
2024-10-20,Fredericton,NB,18.4,6.3,13.4
2024-10-21,Fredericton,NB,20.5,10.1,13.7
2024-10-22,Fredericton,NB,15.5,7.5,11.5
2024-10-23,Fredericton,NB,19.3,8.0,21.1
2024-10-24,Fredericton,NB,18.7,9.9,17.7
2024-10-25,Fredericton,NB,12.4,4.3,14.6
2024-10-26,Fredericton,NB,12.3,3.2,18.4
2024-10-27,Fredericton,NB,6.6,1.5,22.6
2024-10-28,Fredericton,NB,5.8,-1.6,20.7
2024-10-29,Fredericton,NB,7.3,-2.6,10.6
2024-10-30,Fredericton,NB,9.9,-0.6,20.4
2024-10-31,Fredericton,NB,21.2,10.3,14.9
2024-11-01,Fredericton,NB,17.5,6.2,23.2
2024-11-02,Fredericton,NB,6.4,0.2,14.0
2024-11-03,Fredericton,NB,7.3,-2.4,18.6
2024-11-04,Fredericton,NB,6.0,-2.7,10.3
2024-11-05,Fredericton,NB,12.3,2.0,13.8
2024-11-06,Fredericton,NB,20.4,11.0,24.2
2024-11-07,Fredericton,NB,9.3,3.2,20.5
2024-11-08,Fredericton,NB,10.1,2.4,21.6
2024-11-09,Fredericton,NB,5.2,-0.8,29.1
2024-11-10,Fredericton,NB,8.0,-2.4,16.2
2024-11-11,Fredericton,NB,11.3,3.7,14.6
2024-11-12,Fredericton,NB,7.7,-0.2,25.2
2024-11-13,Fredericton,NB,2.1,-2.8,22.6
2024-11-14,Fredericton,NB,2.9,-3.7,16.6
2024-11-15,Fredericton,NB,3.7,-1.1,16.4
2024-11-16,Fredericton,NB,7.2,3.0,13.8
2024-11-17,Fredericton,NB,9.7,2.1,13.6
2024-11-18,Fredericton,NB,7.2,1.2,15.5
2024-11-19,Fredericton,NB,9.2,3.8,17.3
2024-11-20,Fredericton,NB,8.1,6.4,19.0
2024-11-21,Fredericton,NB,6.9,5.4,23.5
2024-11-22,Fredericton,NB,5.9,4.7,23.4
2024-11-23,Fredericton,NB,6.0,2.5,38.2
2024-11-24,Fredericton,NB,5.8,3.0,29.3
2024-11-25,Fredericton,NB,6.6,2.2,29.4
2024-11-26,Fredericton,NB,6.5,1.2,12.1
2024-11-27,Fredericton,NB,6.6,-1.2,12.9
2024-11-28,Fredericton,NB,5.8,-2.2,27.7
2024-11-29,Fredericton,NB,3.5,-1.5,27.5
2024-11-30,Fredericton,NB,2.3,-5.6,13.2
2024-12-01,Fredericton,NB,1.8,-4.9,11.0
2024-12-02,Fredericton,NB,-1.1,-7.8,8.1
2024-12-03,Fredericton,NB,-2.1,-8.1,11.8
2024-12-04,Fredericton,NB,-2.0,-12.5,9.7
2024-12-05,Fredericton,NB,1.9,-3.1,23.5
2024-12-06,Fredericton,NB,-0.8,-9.3,26.7
2024-12-07,Fredericton,NB,-8.8,-14.4,16.2
2024-12-08,Fredericton,NB,-0.5,-16.9,20.3
2024-12-09,Fredericton,NB,-4.5,-10.0,15.5
2024-12-10,Fredericton,NB,-1.3,-8.5,13.2
2024-12-11,Fredericton,NB,11.7,-1.4,28.7
2024-12-12,Fredericton,NB,13.4,-0.2,41.1
2024-12-13,Fredericton,NB,-0.2,-5.8,21.2
2024-12-14,Fredericton,NB,-3.2,-8.2,19.9
2024-12-15,Fredericton,NB,-1.7,-9.7,10.8
2024-12-16,Fredericton,NB,3.0,-7.6,11.7
2024-12-17,Fredericton,NB,7.9,-1.6,25.1
2024-12-18,Fredericton,NB,6.0,-0.2,19.4
2024-12-19,Fredericton,NB,2.7,-6.6,21.9
2024-12-20,Fredericton,NB,-4.0,-9.0,12.7
2024-12-21,Fredericton,NB,-2.6,-8.5,22.0
2024-12-22,Fredericton,NB,-9.7,-15.1,20.5
2024-12-23,Fredericton,NB,-10.2,-16.0,15.8
2024-12-24,Fredericton,NB,-4.8,-14.4,14.6
2024-12-25,Fredericton,NB,-1.1,-8.1,12.6
2024-12-26,Fredericton,NB,-1.5,-13.1,11.0
2024-12-27,Fredericton,NB,-1.9,-13.9,12.4
2024-12-28,Fredericton,NB,-1.2,-10.7,9.7
2024-12-29,Fredericton,NB,3.9,-7.1,7.0
2024-12-30,Fredericton,NB,8.6,1.3,22.0
2024-12-31,Fredericton,NB,7.6,-1.1,14.4
2025-01-01,Fredericton,NB,2.8,-2.4,20.0
2025-01-02,Fredericton,NB,1.5,-1.6,24.4
2025-01-03,Fredericton,NB,-1.9,-5.3,27.7
2025-01-04,Fredericton,NB,-5.4,-11.7,20.8
2025-01-05,Fredericton,NB,-10.2,-13.9,23.5
2025-01-06,Fredericton,NB,-5.3,-11.8,26.0
2025-01-07,Fredericton,NB,-3.0,-9.7,18.5
2025-01-08,Fredericton,NB,-3.8,-7.7,24.7
2025-01-09,Fredericton,NB,2.6,-6.4,22.0
2025-01-10,Fredericton,NB,3.2,-2.1,23.0
2025-01-11,Fredericton,NB,1.3,-6.9,10.7
2025-01-12,Fredericton,NB,-1.8,-7.9,14.1
2025-01-13,Fredericton,NB,-2.6,-10.5,9.8
2025-01-14,Fredericton,NB,-1.7,-7.8,9.7
2025-01-15,Fredericton,NB,-4.2,-9.7,18.1
2025-01-16,Fredericton,NB,-4.7,-13.3,10.4
2025-01-17,Fredericton,NB,-3.6,-15.5,10.2
2025-01-18,Fredericton,NB,3.2,-11.5,26.1
2025-01-19,Fredericton,NB,5.3,-1.9,20.7
2025-01-20,Fredericton,NB,-2.9,-15.1,22.3
2025-01-21,Fredericton,NB,-10.4,-22.4,19.2
2025-01-22,Fredericton,NB,-12.7,-24.1,9.9
2025-01-23,Fredericton,NB,-5.6,-21.0,14.0
2025-01-24,Fredericton,NB,-8.0,-14.9,18.1
2025-01-25,Fredericton,NB,-8.9,-16.9,14.1
2025-01-26,Fredericton,NB,-2.3,-17.2,22.0
2025-01-27,Fredericton,NB,-0.6,-14.8,25.3
2025-01-28,Fredericton,NB,0.5,-14.7,24.4
2025-01-29,Fredericton,NB,-10.3,-18.9,16.8
2025-01-30,Fredericton,NB,-12.5,-18.6,24.9
2025-01-31,Fredericton,NB,-2.8,-19.1,14.5
2025-02-01,Fredericton,NB,-9.1,-17.4,21.2
2025-02-02,Fredericton,NB,-10.4,-19.6,18.3
2025-02-03,Fredericton,NB,1.5,-11.0,20.0
2025-02-04,Fredericton,NB,-0.3,-11.2,21.2
2025-02-05,Fredericton,NB,-11.8,-19.0,20.5
2025-02-06,Fredericton,NB,-3.8,-19.7,16.2
2025-02-07,Fredericton,NB,1.4,-5.2,27.1
2025-02-08,Fredericton,NB,-5.7,-12.0,20.1
2025-02-09,Fredericton,NB,-8.4,-15.2,12.1
2025-02-10,Fredericton,NB,-6.9,-20.3,14.9
2025-02-11,Fredericton,NB,-6.0,-19.6,18.1
2025-02-12,Fredericton,NB,-8.6,-18.9,17.3
2025-02-13,Fredericton,NB,-8.0,-19.2,22.1
2025-02-14,Fredericton,NB,-7.0,-11.6,37.3
2025-02-15,Fredericton,NB,-9.0,-16.7,28.2
2025-02-16,Fredericton,NB,-7.2,-14.5,27.2
2025-02-17,Fredericton,NB,-3.4,-12.9,35.9
2025-02-18,Fredericton,NB,-9.4,-15.9,30.4
2025-02-19,Fredericton,NB,-3.8,-12.7,19.9
2025-02-20,Fredericton,NB,-1.0,-11.3,14.8
2025-02-21,Fredericton,NB,-2.1,-7.9,21.3
2025-02-22,Fredericton,NB,-4.4,-13.6,19.0
2025-02-23,Fredericton,NB,-0.5,-14.8,16.7
2025-02-24,Fredericton,NB,0.7,-13.1,16.2
2025-02-25,Fredericton,NB,8.4,0.3,23.4
2025-02-26,Fredericton,NB,6.1,-3.2,21.2
2025-02-27,Fredericton,NB,1.8,-10.2,14.7
2025-02-28,Fredericton,NB,4.1,-10.1,32.9
2025-03-01,Fredericton,NB,3.3,-12.2,30.1
2025-03-02,Fredericton,NB,2.1,-12.4,26.1
2025-03-03,Fredericton,NB,-9.4,-18.3,18.6
2025-03-04,Fredericton,NB,1.8,-17.1,17.8
2025-03-05,Fredericton,NB,4.7,-3.2,11.4
2025-03-06,Fredericton,NB,8.8,2.8,27.9
2025-03-07,Fredericton,NB,4.6,-5.6,29.4
2025-03-08,Fredericton,NB,-4.1,-8.5,30.1
2025-03-09,Fredericton,NB,1.4,-9.2,21.8
2025-03-10,Fredericton,NB,1.8,-11.5,16.5
2025-03-11,Fredericton,NB,7.9,-9.1,26.9
2025-03-12,Fredericton,NB,4.0,-7.8,22.9
2025-03-13,Fredericton,NB,2.2,-13.2,13.0
2025-03-14,Fredericton,NB,10.2,-6.5,15.8
2025-03-15,Fredericton,NB,12.1,-2.4,17.9
2025-03-16,Fredericton,NB,12.2,2.3,19.0
2025-03-17,Fredericton,NB,11.1,7.1,21.3
2025-03-18,Fredericton,NB,5.5,0.4,16.0
2025-03-19,Fredericton,NB,9.8,-3.8,13.5
2025-03-20,Fredericton,NB,9.7,-0.9,15.3
2025-03-21,Fredericton,NB,6.9,3.0,21.0
2025-03-22,Fredericton,NB,11.5,0.2,22.8
2025-03-23,Fredericton,NB,2.7,-4.7,24.4
2025-03-24,Fredericton,NB,2.1,-7.0,16.7
2025-03-25,Fredericton,NB,4.8,-4.0,17.5
2025-03-26,Fredericton,NB,7.2,-5.6,13.9
2025-03-27,Fredericton,NB,4.8,-4.1,14.6
2025-03-28,Fredericton,NB,5.0,-7.0,22.3
2025-03-29,Fredericton,NB,1.0,-9.4,13.1
2025-03-30,Fredericton,NB,1.8,-10.9,9.4
2025-03-31,Fredericton,NB,7.9,-2.0,12.5
2025-04-01,Fredericton,NB,6.5,-1.9,25.1
2025-04-02,Fredericton,NB,1.9,-8.2,20.7
2025-04-03,Fredericton,NB,2.6,-3.2,21.7
2025-04-04,Fredericton,NB,10.9,0.7,21.3
2025-04-05,Fredericton,NB,6.2,-3.3,18.5
2025-04-06,Fredericton,NB,10.1,0.6,20.2
2025-04-07,Fredericton,NB,6.0,-1.9,15.0
2025-04-08,Fredericton,NB,2.4,-1.7,18.8
2025-04-09,Fredericton,NB,4.5,-4.3,21.8
2025-04-10,Fredericton,NB,8.0,-3.7,21.5
2025-04-11,Fredericton,NB,7.2,-2.6,7.9
2025-04-12,Fredericton,NB,5.3,-1.6,12.2
2025-04-13,Fredericton,NB,3.3,0.6,27.0
2025-04-14,Fredericton,NB,10.6,0.8,22.4
2025-04-15,Fredericton,NB,13.1,-0.7,19.2
2025-04-16,Fredericton,NB,10.3,1.7,23.1
2025-04-17,Fredericton,NB,7.6,1.1,25.4
2025-04-18,Fredericton,NB,13.4,-1.6,18.5
2025-04-19,Fredericton,NB,14.7,3.3,17.5
2025-04-20,Fredericton,NB,10.8,4.4,40.5
2025-04-21,Fredericton,NB,13.0,0.6,26.6
2025-04-22,Fredericton,NB,6.4,3.5,17.4
2025-04-23,Fredericton,NB,12.4,0.4,19.0
2025-04-24,Fredericton,NB,12.6,2.0,11.2
2025-04-25,Fredericton,NB,16.5,5.1,15.9
2025-04-26,Fredericton,NB,10.4,4.7,17.2
2025-04-27,Fredericton,NB,9.1,4.6,18.4
2025-04-28,Fredericton,NB,19.9,5.6,22.9
2025-04-29,Fredericton,NB,19.2,2.2,23.4
2025-04-30,Fredericton,NB,15.6,4.9,34.7
2025-05-01,Fredericton,NB,14.7,-0.2,18.3
2025-05-02,Fredericton,NB,11.2,1.8,18.1
2025-05-03,Fredericton,NB,19.3,5.0,12.2
2025-05-04,Fredericton,NB,13.5,8.5,11.3
2025-05-05,Fredericton,NB,17.8,4.2,12.0
2025-05-06,Fredericton,NB,19.2,5.5,20.7
2025-05-07,Fredericton,NB,19.2,10.9,17.6
2025-05-08,Fredericton,NB,18.7,6.8,17.7
2025-05-09,Fredericton,NB,16.7,4.2,17.1
2025-05-10,Fredericton,NB,7.6,4.4,19.8
2025-05-11,Fredericton,NB,12.3,6.4,28.7
2025-05-12,Fredericton,NB,12.5,2.8,15.9
2025-05-13,Fredericton,NB,18.9,4.4,13.6
2025-05-14,Fredericton,NB,24.7,6.4,19.5
2025-05-15,Fredericton,NB,26.1,11.4,18.5
2025-05-16,Fredericton,NB,18.3,11.8,15.5
2025-05-17,Fredericton,NB,16.3,9.8,15.5
2025-05-18,Fredericton,NB,15.0,10.6,16.9
2025-05-19,Fredericton,NB,11.4,6.3,18.3
2025-05-20,Fredericton,NB,10.8,5.3,25.9
2025-05-21,Fredericton,NB,11.2,4.3,21.4
2025-05-22,Fredericton,NB,12.8,2.3,18.1
2025-05-23,Fredericton,NB,8.6,3.4,29.6
2025-05-24,Fredericton,NB,9.1,6.5,13.5
2025-05-25,Fredericton,NB,10.8,6.3,16.1
2025-05-26,Fredericton,NB,19.3,5.5,10.8
2025-05-27,Fredericton,NB,24.1,7.3,15.3
2025-05-28,Fredericton,NB,26.2,10.0,16.7
2025-05-29,Fredericton,NB,25.5,11.0,20.6
2025-05-30,Fredericton,NB,21.8,11.4,17.6
2025-05-31,Fredericton,NB,16.8,11.4,21.2
2025-06-01,Fredericton,NB,15.3,10.5,26.6
2025-06-02,Fredericton,NB,16.5,9.6,23.1
2025-06-03,Fredericton,NB,23.9,7.7,19.4
2025-06-04,Fredericton,NB,26.5,11.2,16.9
2025-06-05,Fredericton,NB,30.0,12.0,14.9
2025-06-06,Fredericton,NB,25.3,15.8,13.4
2025-06-07,Fredericton,NB,21.9,15.7,14.5
2025-06-08,Fredericton,NB,21.3,13.3,15.9
2025-06-09,Fredericton,NB,20.9,9.9,13.1
2025-06-10,Fredericton,NB,19.0,10.0,17.8
2025-06-11,Fredericton,NB,23.4,13.8,23.3
2025-06-12,Fredericton,NB,23.1,14.1,28.7
2025-06-13,Fredericton,NB,16.1,9.6,19.0
2025-06-14,Fredericton,NB,18.7,7.2,11.5
2025-06-15,Fredericton,NB,20.6,9.9,12.2
2025-06-16,Fredericton,NB,24.3,9.9,16.7
2025-06-17,Fredericton,NB,22.9,11.4,18.8
2025-06-18,Fredericton,NB,19.7,13.4,21.5
2025-06-19,Fredericton,NB,23.2,16.2,13.7
2025-06-20,Fredericton,NB,24.5,15.5,24.9
2025-06-21,Fredericton,NB,24.0,14.4,24.5
2025-06-22,Fredericton,NB,20.3,13.2,23.1
2025-06-23,Fredericton,NB,26.1,13.3,13.9
2025-06-24,Fredericton,NB,32.2,18.2,17.8
2025-06-25,Fredericton,NB,26.1,17.5,16.9
2025-06-26,Fredericton,NB,17.8,11.1,14.3
2025-06-27,Fredericton,NB,23.3,10.7,11.3
2025-06-28,Fredericton,NB,16.8,12.4,16.2
2025-06-29,Fredericton,NB,18.8,12.7,13.9
2025-06-30,Fredericton,NB,27.2,14.8,13.5
2025-07-01,Fredericton,NB,25.3,16.4,22.8
2025-07-02,Fredericton,NB,28.6,18.1,15.7
2025-07-03,Fredericton,NB,28.9,17.3,17.0
2025-07-04,Fredericton,NB,22.3,15.0,15.7
2025-07-05,Fredericton,NB,26.3,14.1,14.7
2025-07-06,Fredericton,NB,29.3,17.5,21.3
2025-07-07,Fredericton,NB,24.4,16.3,13.2
2025-07-08,Fredericton,NB,22.4,14.5,12.0
2025-07-09,Fredericton,NB,26.1,12.2,7.9
2025-07-10,Fredericton,NB,24.8,15.3,12.1
2025-07-11,Fredericton,NB,25.5,14.6,8.8
2025-07-12,Fredericton,NB,26.1,15.5,13.7
2025-07-13,Fredericton,NB,25.5,17.0,15.5
2025-07-14,Fredericton,NB,25.0,15.3,17.6
2025-07-15,Fredericton,NB,30.8,18.8,14.5
2025-07-16,Fredericton,NB,32.1,19.5,15.0
2025-07-17,Fredericton,NB,27.8,18.8,27.4
2025-07-18,Fredericton,NB,24.1,17.5,24.3
2025-07-19,Fredericton,NB,26.3,15.4,18.7
2025-07-20,Fredericton,NB,21.1,16.4,17.3
2025-07-21,Fredericton,NB,20.2,14.3,24.3
2025-07-22,Fredericton,NB,22.6,12.2,14.9
2025-07-23,Fredericton,NB,25.7,12.9,14.1
2025-07-24,Fredericton,NB,27.6,16.8,21.2
2025-07-25,Fredericton,NB,26.8,19.4,17.1
2025-07-26,Fredericton,NB,24.8,15.0,16.4
2025-07-27,Fredericton,NB,28.6,14.1,22.2
2025-07-28,Fredericton,NB,28.5,16.7,12.9
2025-07-29,Fredericton,NB,30.0,18.0,15.2
2025-07-30,Fredericton,NB,27.7,15.4,16.4
2025-07-31,Fredericton,NB,22.8,15.5,13.7
2025-08-01,Fredericton,NB,22.7,12.8,12.2
2025-08-02,Fredericton,NB,23.5,12.2,13.1
2025-08-03,Fredericton,NB,28.0,14.6,21.4
2025-08-04,Fredericton,NB,26.6,16.6,13.5
2025-08-05,Fredericton,NB,24.4,12.5,12.4
2025-08-06,Fredericton,NB,25.8,12.1,11.6
2025-08-07,Fredericton,NB,27.2,13.4,11.1
2025-08-08,Fredericton,NB,29.2,15.2,12.6
2025-08-09,Fredericton,NB,28.6,16.2,16.1
2025-08-10,Fredericton,NB,30.5,16.1,14.8
2025-08-11,Fredericton,NB,34.3,19.7,15.2
2025-08-12,Fredericton,NB,34.4,21.0,9.7
2025-08-13,Fredericton,NB,31.7,20.9,14.8
2025-08-14,Fredericton,NB,28.0,20.0,14.9
2025-08-15,Fredericton,NB,25.1,14.2,15.0
2025-08-16,Fredericton,NB,27.5,13.1,14.4
2025-08-17,Fredericton,NB,25.8,13.2,17.1
2025-08-18,Fredericton,NB,20.1,9.8,19.3
2025-08-19,Fredericton,NB,20.2,9.0,11.6
2025-08-20,Fredericton,NB,22.0,10.6,10.1
2025-08-21,Fredericton,NB,23.8,11.4,8.3
2025-08-22,Fredericton,NB,24.2,12.5,14.1
2025-08-23,Fredericton,NB,26.3,12.3,21.3
2025-08-24,Fredericton,NB,24.5,16.0,25.2
2025-08-25,Fredericton,NB,23.5,15.6,21.8
2025-08-26,Fredericton,NB,23.7,16.4,20.6
2025-08-27,Fredericton,NB,22.6,13.1,20.0
2025-08-28,Fredericton,NB,23.1,12.1,12.9
2025-08-29,Fredericton,NB,21.1,12.0,18.3
2025-08-30,Fredericton,NB,19.7,11.9,15.5
2025-08-31,Fredericton,NB,21.6,11.0,13.7
2025-09-01,Fredericton,NB,24.9,12.2,10.8
2025-09-02,Fredericton,NB,25.7,11.8,12.4
2025-09-03,Fredericton,NB,24.3,13.2,14.9
2025-09-04,Fredericton,NB,25.0,12.7,13.5
2025-09-05,Fredericton,NB,24.4,13.8,18.4
2025-09-06,Fredericton,NB,26.3,16.3,20.3
2025-09-07,Fredericton,NB,15.8,12.9,10.7
2025-09-08,Fredericton,NB,19.2,11.4,17.7
2025-09-09,Fredericton,NB,20.0,8.1,9.6
2025-09-10,Fredericton,NB,20.9,8.9,9.8
2025-09-11,Fredericton,NB,22.7,7.8,17.5
2025-09-12,Fredericton,NB,19.5,8.1,12.5
2025-09-13,Fredericton,NB,19.2,9.3,12.4
2025-09-14,Fredericton,NB,22.1,10.3,12.5
2025-09-15,Fredericton,NB,22.0,10.0,10.4
2025-09-16,Fredericton,NB,22.1,10.9,8.7
2025-09-17,Fredericton,NB,24.2,11.2,12.7
2025-09-18,Fredericton,NB,23.8,12.7,15.4
2025-09-19,Fredericton,NB,20.4,10.3,20.7
2025-09-20,Fredericton,NB,15.2,5.6,18.4
2025-09-21,Fredericton,NB,18.1,5.8,13.5
2025-09-22,Fredericton,NB,19.7,7.6,14.4
2025-09-23,Fredericton,NB,21.0,11.6,11.0
2025-09-24,Fredericton,NB,19.1,11.0,12.5
2025-09-25,Fredericton,NB,18.9,8.7,18.7
2025-09-26,Fredericton,NB,23.2,15.1,23.2
2025-09-27,Fredericton,NB,18.0,10.3,17.2
2025-09-28,Fredericton,NB,24.5,9.1,27.0
2025-09-29,Fredericton,NB,22.7,11.7,16.6
2025-09-30,Fredericton,NB,16.8,8.8,19.5
2025-10-01,Fredericton,NB,13.9,5.3,21.5
2025-10-02,Fredericton,NB,15.3,2.2,13.0
2025-10-03,Fredericton,NB,20.9,5.7,14.3
2025-10-04,Fredericton,NB,21.2,9.7,15.0
2025-10-05,Fredericton,NB,23.4,7.6,14.1
2025-10-06,Fredericton,NB,29.1,13.0,14.6
2025-10-07,Fredericton,NB,25.9,12.8,18.5
2025-10-08,Fredericton,NB,18.1,7.6,20.3
2025-10-09,Fredericton,NB,10.0,4.5,26.0
2025-10-10,Fredericton,NB,13.2,0.9,13.9
2025-10-11,Fredericton,NB,17.2,4.2,15.5
2025-10-12,Fredericton,NB,14.3,4.1,15.5
2025-10-13,Fredericton,NB,14.4,3.7,13.2
2025-10-14,Fredericton,NB,16.0,3.3,8.7
2025-10-15,Fredericton,NB,13.9,5.8,16.8
2025-10-16,Fredericton,NB,9.2,6.3,21.0
2025-10-17,Fredericton,NB,13.8,6.1,18.3
2025-10-18,Fredericton,NB,14.5,7.3,12.1
2025-10-19,Fredericton,NB,14.1,4.2,9.8
2025-10-20,Fredericton,NB,16.2,6.3,16.3
2025-10-21,Fredericton,NB,13.9,8.7,16.3
2025-10-22,Fredericton,NB,15.3,6.9,22.4
2025-10-23,Fredericton,NB,15.2,7.7,24.5
2025-10-24,Fredericton,NB,13.9,3.6,10.4
2025-10-25,Fredericton,NB,11.8,3.8,15.1
2025-10-26,Fredericton,NB,9.9,4.8,8.8
2025-10-27,Fredericton,NB,8.2,3.9,21.4
2025-10-28,Fredericton,NB,11.1,3.4,20.8
2025-10-29,Fredericton,NB,11.3,0.4,12.4
2025-10-30,Fredericton,NB,12.0,5.3,11.7
2025-10-31,Fredericton,NB,15.6,8.7,32.9
2025-11-01,Fredericton,NB,11.1,5.8,32.9
2025-11-02,Fredericton,NB,8.4,2.0,19.1
2025-11-03,Fredericton,NB,9.3,-0.5,16.7
2025-11-04,Fredericton,NB,9.4,5.2,30.8
2025-11-05,Fredericton,NB,9.1,3.3,22.5
2025-11-06,Fredericton,NB,6.2,2.5,26.5
2025-11-07,Fredericton,NB,3.8,-0.3,19.9
2025-11-08,Fredericton,NB,13.4,1.0,20.8
2025-11-09,Fredericton,NB,4.1,-2.1,11.8
2025-11-10,Fredericton,NB,12.3,1.1,19.8
2025-11-11,Fredericton,NB,15.0,1.7,28.4
2025-11-12,Fredericton,NB,5.8,-0.1,32.2
2025-11-13,Fredericton,NB,4.5,-0.7,11.4
2025-11-14,Fredericton,NB,3.2,-2.9,17.3
2025-11-15,Fredericton,NB,2.2,-3.6,17.9
2025-11-16,Fredericton,NB,1.9,-4.7,17.7
2025-11-17,Fredericton,NB,2.5,0.6,25.5
2025-11-18,Fredericton,NB,4.3,-0.7,27.9
2025-11-19,Fredericton,NB,4.7,-1.7,17.4
2025-11-20,Fredericton,NB,4.1,-3.5,12.9
2025-11-21,Fredericton,NB,4.6,-5.2,9.5
2025-11-22,Fredericton,NB,5.5,-1.0,14.9
2025-11-23,Fredericton,NB,2.8,-3.4,13.6
2025-11-24,Fredericton,NB,2.5,-3.9,15.8
2025-11-25,Fredericton,NB,6.1,-3.8,12.6
2025-11-26,Fredericton,NB,5.3,0.6,14.0
2025-11-27,Fredericton,NB,6.1,0.5,18.8
2025-11-28,Fredericton,NB,5.0,-1.8,14.0
2025-11-29,Fredericton,NB,0.7,-2.7,25.2
2025-11-30,Fredericton,NB,1.9,-5.9,18.5
2025-12-01,Fredericton,NB,3.9,-6.2,25.3
2025-12-02,Fredericton,NB,-4.1,-8.9,15.7
2025-12-03,Fredericton,NB,0.3,-9.1,22.7
2025-12-04,Fredericton,NB,-0.5,-11.3,27.0
2025-12-05,Fredericton,NB,-9.8,-17.1,23.8
2025-12-06,Fredericton,NB,-5.0,-14.9,5.3
2025-12-07,Fredericton,NB,-3.4,-8.6,13.1
2025-12-08,Fredericton,NB,-9.2,-14.3,23.0
2025-12-09,Fredericton,NB,-9.3,-17.8,21.1
2025-12-10,Fredericton,NB,-2.4,-15.9,15.5
2025-12-11,Fredericton,NB,5.7,-9.3,22.9
2025-12-12,Fredericton,NB,-5.3,-10.8,31.3
2025-12-13,Fredericton,NB,-3.8,-10.5,22.7
2025-12-14,Fredericton,NB,-3.3,-13.0,14.0
2025-12-15,Fredericton,NB,-7.1,-10.5,30.1
2025-12-16,Fredericton,NB,-3.9,-12.7,17.1
2025-12-17,Fredericton,NB,4.3,-8.0,21.4
2025-12-18,Fredericton,NB,2.6,-6.8,18.6
2025-12-19,Fredericton,NB,12.4,2.9,41.2
2025-12-20,Fredericton,NB,6.4,-4.9,41.8
2025-12-21,Fredericton,NB,5.8,-2.8,22.9
2025-12-22,Fredericton,NB,-2.4,-11.6,22.5
2025-12-23,Fredericton,NB,-8.5,-14.1,11.4
2025-12-24,Fredericton,NB,-6.6,-13.0,16.2
2025-12-25,Fredericton,NB,-6.8,-13.5,20.2
2025-12-26,Fredericton,NB,-8.4,-16.0,21.4
2025-12-27,Fredericton,NB,-6.7,-18.1,15.4
2025-12-28,Fredericton,NB,-3.8,-13.1,23.0
2025-12-29,Fredericton,NB,1.7,-9.1,18.9
2025-12-30,Fredericton,NB,2.1,-12.4,25.3
2025-12-31,Fredericton,NB,-6.9,-14.7,22.9
2026-01-01,Fredericton,NB,-2.2,-11.4,21.3
2026-01-02,Fredericton,NB,-5.3,-16.1,28.7
2026-01-03,Fredericton,NB,-13.1,-16.8,25.5
2026-01-04,Fredericton,NB,-14.7,-20.7,11.1
2026-01-05,Fredericton,NB,-12.9,-18.5,15.1
2026-01-06,Fredericton,NB,-5.8,-16.9,7.2
2026-01-07,Fredericton,NB,0.3,-5.3,15.7
2026-01-08,Fredericton,NB,1.6,-2.6,12.9
2026-01-09,Fredericton,NB,3.2,-7.3,20.5
2026-01-10,Fredericton,NB,6.0,-2.1,34.0
2026-01-11,Fredericton,NB,-1.1,-4.1,17.5
2026-01-12,Fredericton,NB,-2.7,-7.4,27.9
2026-01-13,Fredericton,NB,2.9,-7.1,16.2
2026-01-14,Fredericton,NB,8.1,-2.0,17.7
2026-01-15,Fredericton,NB,4.8,1.4,14.1
2026-01-16,Fredericton,NB,3.6,-9.6,33.0
2026-01-17,Fredericton,NB,-5.3,-11.6,16.9
2026-01-18,Fredericton,NB,-0.5,-11.3,12.2
2026-01-19,Fredericton,NB,-1.8,-6.9,11.0
2026-01-20,Fredericton,NB,-4.0,-13.3,27.6
2026-01-21,Fredericton,NB,-6.9,-15.9,17.2
2026-01-22,Fredericton,NB,-0.3,-9.9,14.3
2026-01-23,Fredericton,NB,-2.6,-13.3,24.3
2026-01-24,Fredericton,NB,-14.2,-20.8,27.2
2026-01-25,Fredericton,NB,-16.6,-23.7,18.2
2026-01-26,Fredericton,NB,-9.5,-17.2,20.5
2026-01-27,Fredericton,NB,-7.9,-12.9,16.7
2026-01-28,Fredericton,NB,-9.9,-17.2,20.0
2026-01-29,Fredericton,NB,-9.7,-18.1,16.6
2026-01-30,Fredericton,NB,-10.3,-16.7,20.7
2026-01-31,Fredericton,NB,-8.9,-15.4,19.4
2026-02-01,Fredericton,NB,-6.3,-18.6,18.3
2026-02-02,Fredericton,NB,-1.3,-11.5,16.3
2026-02-03,Fredericton,NB,-1.6,-14.2,9.6
2026-02-04,Fredericton,NB,-3.2,-15.2,11.9
2026-02-05,Fredericton,NB,-4.3,-12.1,14.1
2026-02-06,Fredericton,NB,-6.3,-19.8,11.6
2026-02-07,Fredericton,NB,-3.7,-9.4,13.1
2026-02-08,Fredericton,NB,-4.0,-12.0,18.9
2026-02-09,Fredericton,NB,-6.4,-12.6,19.2
2026-02-10,Fredericton,NB,-1.2,-12.3,14.1
2026-02-11,Fredericton,NB,-0.4,-10.7,14.7
2026-02-12,Fredericton,NB,0.4,-6.6,21.7
2026-02-13,Fredericton,NB,-2.7,-10.2,19.4
2026-02-14,Fredericton,NB,-0.6,-13.6,13.2
2026-02-15,Fredericton,NB,-0.7,-10.6,14.7
2026-02-16,Fredericton,NB,1.2,-11.8,10.4
2026-02-17,Fredericton,NB,-0.7,-12.4,9.3
2026-02-18,Fredericton,NB,0.7,-3.8,22.6
2026-02-19,Fredericton,NB,-0.3,-8.1,17.9
2026-02-20,Fredericton,NB,0.4,-14.8,14.7
2026-02-21,Fredericton,NB,-0.3,-16.4,20.0
2026-02-22,Fredericton,NB,1.2,-8.5,14.1
2026-02-23,Fredericton,NB,-3.4,-9.2,33.5
2026-02-24,Fredericton,NB,-0.9,-9.0,31.7
2026-02-25,Fredericton,NB,-2.2,-15.8,13.0
2026-02-26,Fredericton,NB,2.9,-5.2,20.2
2026-02-27,Fredericton,NB,-3.7,-11.9,13.5
2026-02-28,Fredericton,NB,4.3,-13.1,26.9
2026-03-01,Fredericton,NB,0.8,-14.1,21.4
2026-03-02,Fredericton,NB,-9.2,-19.8,15.9
2026-03-03,Fredericton,NB,2.9,-20.2,20.1
2026-03-04,Fredericton,NB,7.2,-3.5,17.1
2026-03-05,Fredericton,NB,1.2,-11.8,18.6
2026-03-06,Fredericton,NB,-2.2,-13.2,9.0
2026-03-07,Fredericton,NB,3.9,-9.2,21.9
2026-03-08,Fredericton,NB,13.9,2.1,20.3
2026-03-09,Fredericton,NB,11.9,0.4,27.4
2026-03-10,Fredericton,NB,18.9,3.5,20.9
2026-03-11,Fredericton,NB,3.1,-3.6,21.5
2026-03-12,Fredericton,NB,2.2,-3.3,20.1
2026-03-13,Fredericton,NB,2.3,-7.2,28.3
2026-03-14,Fredericton,NB,0.8,-2.3,22.9
2026-03-15,Fredericton,NB,0.8,-4.3,17.3
2026-03-16,Fredericton,NB,8.7,-2.7,23.3
2026-03-17,Fredericton,NB,13.1,-2.8,38.2
2026-03-18,Fredericton,NB,-3.6,-10.1,21.5
2026-03-19,Fredericton,NB,1.9,-8.8,13.2
2026-03-20,Fredericton,NB,5.8,-4.2,14.8
2026-03-21,Fredericton,NB,2.9,-3.2,17.9
2026-03-22,Fredericton,NB,-0.4,-5.4,12.6
2026-03-23,Fredericton,NB,0.8,-3.0,21.0
2026-03-24,Fredericton,NB,4.2,-7.3,15.9
2026-03-25,Fredericton,NB,2.7,-5.6,24.8
2026-03-26,Fredericton,NB,5.9,-4.9,17.7
2026-03-27,Fredericton,NB,3.0,-7.7,24.6
2026-03-28,Fredericton,NB,-2.2,-13.0,15.5
2026-03-29,Fredericton,NB,2.9,-9.3,23.0
2026-03-30,Fredericton,NB,12.3,-0.9,19.9
2026-03-31,Fredericton,NB,4.3,-1.3,15.0
2026-04-01,Fredericton,NB,1.9,-2.0,15.9
2026-04-02,Fredericton,NB,4.5,-4.0,16.0
2026-04-03,Fredericton,NB,2.1,-1.9,18.2
2026-04-04,Fredericton,NB,4.1,-1.6,20.0
2026-04-05,Fredericton,NB,2.8,-1.3,18.2
2026-04-06,Fredericton,NB,4.7,-1.5,26.2
2026-04-07,Fredericton,NB,5.0,-4.7,13.2
2026-04-08,Fredericton,NB,4.5,-4.6,13.2
2026-04-09,Fredericton,NB,10.6,-4.1,22.6
2026-04-10,Fredericton,NB,16.4,1.3,21.1
2026-04-11,Fredericton,NB,8.1,1.6,26.1
2026-04-12,Fredericton,NB,10.4,-0.4,19.7
2026-04-13,Fredericton,NB,7.2,1.3,20.2
2026-04-14,Fredericton,NB,15.2,3.9,12.5
2026-04-15,Fredericton,NB,9.7,5.3,14.3
2026-04-16,Fredericton,NB,13.0,4.9,12.6
2026-04-17,Fredericton,NB,19.1,6.6,13.6
2026-04-18,Fredericton,NB,16.5,2.9,16.8
2026-04-19,Fredericton,NB,12.9,3.5,20.3
2026-04-20,Fredericton,NB,6.6,-1.9,20.3
2026-04-21,Fredericton,NB,5.3,-5.0,10.6
2026-04-22,Fredericton,NB,8.3,-5.1,14.5
2026-04-23,Fredericton,NB,8.6,0.7,14.6
2026-04-24,Fredericton,NB,5.8,-0.8,16.9
2026-04-25,Fredericton,NB,13.9,1.2,16.8
2026-04-26,Fredericton,NB,18.4,3.0,12.1
2026-04-27,Fredericton,NB,17.6,3.2,11.0
2026-04-28,Fredericton,NB,16.9,1.5,13.9
2026-04-29,Fredericton,NB,10.1,3.5,12.6
2026-04-30,Fredericton,NB,13.0,4.7,19.1
2026-05-01,Fredericton,NB,12.7,7.6,17.4
2026-05-02,Fredericton,NB,12.8,1.9,13.7
2026-05-03,Fredericton,NB,6.8,3.8,19.7
2026-05-04,Fredericton,NB,14.7,2.5,25.1
2026-05-05,Fredericton,NB,22.3,4.9,30.8
2026-05-06,Fredericton,NB,16.7,8.7,29.5
2026-05-07,Fredericton,NB,15.2,8.8,23.4
2026-05-08,Fredericton,NB,12.2,3.4,19.4
2026-05-09,Fredericton,NB,14.6,2.4,20.3
2026-05-10,Fredericton,NB,13.1,6.2,24.9
2026-05-11,Fredericton,NB,15.8,6.4,15.1
2026-05-12,Fredericton,NB,11.7,3.3,19.9
2026-05-13,Fredericton,NB,15.5,1.7,22.0
2026-05-14,Fredericton,NB,19.1,5.9,17.3
2026-05-15,Fredericton,NB,18.2,9.3,15.7
2026-05-16,Fredericton,NB,23.7,7.1,19.3
2026-05-17,Fredericton,NB,22.8,12.7,26.6
2026-05-18,Fredericton,NB,18.5,5.8,13.0
2026-05-19,Fredericton,NB,26.5,9.5,13.9
2026-05-20,Fredericton,NB,29.4,10.4,28.7
2026-05-21,Fredericton,NB,13.9,6.9,19.6
2026-05-22,Fredericton,NB,15.7,2.5,21.1
2026-05-23,Fredericton,NB,17.8,2.3,10.3
2026-05-24,Fredericton,NB,20.7,5.6,16.7
2026-05-25,Fredericton,NB,13.5,9.0,18.1
2026-05-26,Fredericton,NB,23.8,10.2,18.5
2026-05-27,Fredericton,NB,16.7,8.9,18.9
2026-05-28,Fredericton,NB,11.1,7.4,19.8
2026-05-29,Fredericton,NB,12.6,5.6,19.9
2026-05-30,Fredericton,NB,11.3,4.5,20.1
2026-05-31,Fredericton,NB,15.1,2.1,15.1
2026-06-01,Fredericton,NB,17.5,2.0,11.6
2026-06-02,Fredericton,NB,19.9,6.5,13.4
2026-06-03,Fredericton,NB,22.6,6.8,16.2
2026-06-04,Fredericton,NB,29.6,9.9,20.7
2026-06-05,Fredericton,NB,22.6,13.7,14.2
2026-06-06,Fredericton,NB,23.0,11.6,19.4
2026-06-07,Fredericton,NB,16.1,9.1,23.8
2026-06-08,Fredericton,NB,23.5,6.2,15.9
2026-06-09,Fredericton,NB,28.8,11.2,16.9
2026-06-10,Fredericton,NB,27.9,13.4,14.5
2026-06-11,Fredericton,NB,29.4,14.2,11.2
2026-06-12,Fredericton,NB,20.2,10.8,17.2
2026-06-13,Fredericton,NB,20.9,10.0,10.3
2026-06-14,Fredericton,NB,25.1,13.0,16.5
2026-06-15,Fredericton,NB,19.1,14.1,17.1
2026-06-16,Fredericton,NB,21.8,14.0,17.2
2026-06-17,Fredericton,NB,24.8,11.3,11.1
2026-06-18,Fredericton,NB,21.3,11.5,23.8
2026-06-19,Fredericton,NB,23.5,13.0,22.2
2026-06-20,Fredericton,NB,18.7,12.7,16.3
2026-06-21,Fredericton,NB,21.8,11.2,11.5
2026-06-22,Fredericton,NB,22.6,11.4,12.8
2026-06-23,Fredericton,NB,17.1,12.0,15.4
2026-06-24,Fredericton,NB,22.8,12.9,19.4
2026-06-25,Fredericton,NB,22.3,12.6,14.3
2026-06-26,Fredericton,NB,17.4,13.6,9.9
2026-06-27,Fredericton,NB,23.1,14.1,7.2
2026-06-28,Fredericton,NB,23.6,13.9,7.4
2026-06-29,Fredericton,NB,26.8,12.1,9.2
2026-06-30,Fredericton,NB,28.5,14.9,11.0
2026-07-01,Fredericton,NB,28.2,15.8,17.2
2026-07-02,Fredericton,NB,32.7,19.5,16.8
2026-07-03,Fredericton,NB,31.3,21.3,20.4
2026-07-04,Fredericton,NB,28.3,18.8,22.5
2026-07-05,Fredericton,NB,24.9,14.1,15.2
2026-07-06,Fredericton,NB,26.0,12.4,13.0
2026-07-07,Fredericton,NB,27.2,13.5,15.2
2026-07-08,Fredericton,NB,26.6,13.4,12.4
2026-07-09,Fredericton,NB,28.0,15.9,15.1
2026-07-10,Fredericton,NB,24.8,17.7,13.3
2026-07-11,Fredericton,NB,23.5,13.5,16.6
2026-07-12,Fredericton,NB,26.1,12.3,10.8
2026-07-13,Fredericton,NB,28.9,14.6,20.7
2026-07-14,Fredericton,NB,27.2,16.5,21.2
2026-07-15,Fredericton,NB,26.5,19.0,19.8
2026-07-16,Fredericton,NB,23.6,14.4,25.8
2026-07-17,Fredericton,NB,22.2,12.1,25.5
2026-07-18,Fredericton,NB,24.5,11.9,19.7
2026-07-19,Fredericton,NB,22.0,14.7,25.6
2026-07-20,Fredericton,NB,23.3,13.4,21.1
2026-07-21,Fredericton,NB,24.4,13.4,25.3
2026-07-22,Fredericton,NB,22.1,16.0,21.7
2026-07-23,Fredericton,NB,22.4,14.6,21.8
2026-07-24,Fredericton,NB,26.6,11.9,13.9
2024-01-01,Moncton,NB,-5.1,-9.5,8.9
2024-01-02,Moncton,NB,-1.4,-10.3,14.7
2024-01-03,Moncton,NB,-0.4,-7.9,10.7
2024-01-04,Moncton,NB,1.4,-7.0,15.9
2024-01-05,Moncton,NB,-3.0,-11.7,20.0
2024-01-06,Moncton,NB,-8.9,-13.6,15.6
2024-01-07,Moncton,NB,-4.5,-15.5,17.7
2024-01-08,Moncton,NB,-4.0,-7.9,17.7
2024-01-09,Moncton,NB,-5.3,-11.9,15.7
2024-01-10,Moncton,NB,6.3,-9.5,41.8
2024-01-11,Moncton,NB,3.8,-2.0,24.8
2024-01-12,Moncton,NB,-1.9,-7.9,17.7
2024-01-13,Moncton,NB,6.2,-9.5,36.7
2024-01-14,Moncton,NB,7.4,-0.6,38.5
2024-01-15,Moncton,NB,-1.4,-9.2,21.5
2024-01-16,Moncton,NB,0.4,-8.8,22.7
2024-01-17,Moncton,NB,6.9,-9.6,25.4
2024-01-18,Moncton,NB,-7.1,-11.9,29.3
2024-01-19,Moncton,NB,-9.8,-14.1,24.8
2024-01-20,Moncton,NB,-3.7,-15.6,12.4
2024-01-21,Moncton,NB,-2.0,-9.5,15.4
2024-01-22,Moncton,NB,-1.9,-15.3,18.3
2024-01-23,Moncton,NB,-0.7,-13.5,21.7
2024-01-24,Moncton,NB,-3.0,-19.8,12.0
2024-01-25,Moncton,NB,3.6,-4.8,16.1
2024-01-26,Moncton,NB,-3.1,-9.7,10.5
2024-01-27,Moncton,NB,-0.6,-5.1,9.2
2024-01-28,Moncton,NB,1.6,-7.9,15.7
2024-01-29,Moncton,NB,-1.6,-10.1,28.7
2024-01-30,Moncton,NB,-7.3,-10.5,18.8
2024-01-31,Moncton,NB,-4.0,-16.6,13.5
2024-02-01,Moncton,NB,2.3,-7.8,13.9
2024-02-02,Moncton,NB,2.1,-2.9,20.9
2024-02-03,Moncton,NB,-3.6,-6.9,27.1
2024-02-04,Moncton,NB,-4.7,-6.6,28.8
2024-02-05,Moncton,NB,-1.5,-4.5,28.5
2024-02-06,Moncton,NB,-1.1,-3.6,23.0
2024-02-07,Moncton,NB,-0.9,-11.6,10.5
2024-02-08,Moncton,NB,0.0,-13.7,9.6
2024-02-09,Moncton,NB,0.6,-10.6,10.0
2024-02-10,Moncton,NB,7.4,-2.9,18.4
2024-02-11,Moncton,NB,6.9,-0.2,13.0
2024-02-12,Moncton,NB,4.0,-8.4,14.2
2024-02-13,Moncton,NB,-1.6,-13.4,14.4
2024-02-14,Moncton,NB,-5.6,-11.4,19.9
2024-02-15,Moncton,NB,-0.7,-8.9,24.0
2024-02-16,Moncton,NB,-3.6,-18.4,13.2
2024-02-17,Moncton,NB,-3.0,-12.9,15.4
2024-02-18,Moncton,NB,-7.0,-12.8,24.4
2024-02-19,Moncton,NB,-2.9,-10.2,27.6
2024-02-20,Moncton,NB,-7.7,-15.9,15.6
2024-02-21,Moncton,NB,-2.0,-22.2,10.9
2024-02-22,Moncton,NB,0.6,-14.3,11.4
2024-02-23,Moncton,NB,3.6,-8.7,16.0
2024-02-24,Moncton,NB,1.1,-10.9,19.3
2024-02-25,Moncton,NB,-3.7,-16.1,17.4
2024-02-26,Moncton,NB,3.0,-9.2,24.2
2024-02-27,Moncton,NB,7.6,-6.3,14.6
2024-02-28,Moncton,NB,10.9,4.2,33.3
2024-02-29,Moncton,NB,11.0,-10.3,35.3
2024-03-01,Moncton,NB,-6.4,-15.2,25.3
2024-03-02,Moncton,NB,9.8,-7.5,22.5
2024-03-03,Moncton,NB,10.7,2.6,17.7
2024-03-04,Moncton,NB,4.6,-4.7,18.4
2024-03-05,Moncton,NB,9.7,-4.6,17.1
2024-03-06,Moncton,NB,8.9,1.9,11.5
2024-03-07,Moncton,NB,1.5,-2.7,24.0
2024-03-08,Moncton,NB,-0.7,-3.7,27.0
2024-03-09,Moncton,NB,4.1,-8.0,13.6
2024-03-10,Moncton,NB,2.7,-3.9,28.9
2024-03-11,Moncton,NB,4.2,0.3,24.5
2024-03-12,Moncton,NB,2.3,0.3,25.3
2024-03-13,Moncton,NB,2.7,0.2,23.6
2024-03-14,Moncton,NB,6.4,-2.4,10.9
2024-03-15,Moncton,NB,7.4,-0.5,10.2
2024-03-16,Moncton,NB,7.7,-3.1,10.9
2024-03-17,Moncton,NB,4.8,1.2,22.9
2024-03-18,Moncton,NB,7.5,-0.4,22.5
2024-03-19,Moncton,NB,5.3,-2.7,15.1
2024-03-20,Moncton,NB,6.4,-3.5,19.2
2024-03-21,Moncton,NB,3.7,-4.7,28.7
2024-03-22,Moncton,NB,-0.5,-7.3,28.4
2024-03-23,Moncton,NB,-0.7,-7.2,19.9
2024-03-24,Moncton,NB,7.3,-3.2,31.8
2024-03-25,Moncton,NB,3.0,-4.8,15.1
2024-03-26,Moncton,NB,4.6,-3.4,18.2
2024-03-27,Moncton,NB,9.7,1.0,15.3
2024-03-28,Moncton,NB,11.4,5.7,8.6
2024-03-29,Moncton,NB,5.0,1.3,16.7
2024-03-30,Moncton,NB,4.4,-1.1,30.6
2024-03-31,Moncton,NB,7.4,-4.5,20.0
2024-04-01,Moncton,NB,9.2,-3.9,15.1
2024-04-02,Moncton,NB,8.8,-3.4,16.6
2024-04-03,Moncton,NB,5.2,-2.2,22.5
2024-04-04,Moncton,NB,2.8,-2.2,26.4
2024-04-05,Moncton,NB,6.8,0.9,23.8
2024-04-06,Moncton,NB,2.5,0.1,19.6
2024-04-07,Moncton,NB,3.5,-2.1,24.9
2024-04-08,Moncton,NB,15.9,-3.5,17.9
2024-04-09,Moncton,NB,4.0,-3.1,20.1
2024-04-10,Moncton,NB,11.7,-4.8,8.6
2024-04-11,Moncton,NB,9.5,-0.7,17.1
2024-04-12,Moncton,NB,14.8,3.7,25.7
2024-04-13,Moncton,NB,19.1,9.3,23.8
2024-04-14,Moncton,NB,10.9,5.9,19.4
2024-04-15,Moncton,NB,14.6,5.1,11.6
2024-04-16,Moncton,NB,15.3,0.3,17.4
2024-04-17,Moncton,NB,7.9,0.6,14.5
2024-04-18,Moncton,NB,10.1,0.8,16.9
2024-04-19,Moncton,NB,12.5,-2.9,11.8
2024-04-20,Moncton,NB,8.1,3.3,15.1
2024-04-21,Moncton,NB,13.6,2.1,15.3
2024-04-22,Moncton,NB,7.4,-0.7,25.2
2024-04-23,Moncton,NB,12.2,-3.5,19.9
2024-04-24,Moncton,NB,15.4,-1.7,16.4
2024-04-25,Moncton,NB,8.9,-4.5,28.8
2024-04-26,Moncton,NB,8.5,-3.0,13.0
2024-04-27,Moncton,NB,10.8,-3.2,13.1
2024-04-28,Moncton,NB,16.9,-2.8,12.8
2024-04-29,Moncton,NB,9.8,4.7,20.0
2024-04-30,Moncton,NB,9.1,1.0,21.7
2024-05-01,Moncton,NB,11.3,0.9,14.3
2024-05-02,Moncton,NB,8.2,1.3,13.7
2024-05-03,Moncton,NB,6.3,3.1,25.1
2024-05-04,Moncton,NB,8.9,3.3,15.0
2024-05-05,Moncton,NB,17.0,0.2,15.1
2024-05-06,Moncton,NB,15.4,5.5,19.0
2024-05-07,Moncton,NB,16.1,6.0,16.2
2024-05-08,Moncton,NB,12.7,3.2,15.4
2024-05-09,Moncton,NB,5.7,3.2,22.8
2024-05-10,Moncton,NB,8.8,0.6,18.4
2024-05-11,Moncton,NB,11.3,0.9,13.8
2024-05-12,Moncton,NB,12.8,2.1,19.2
2024-05-13,Moncton,NB,18.8,1.4,11.7
2024-05-14,Moncton,NB,21.9,4.9,13.5
2024-05-15,Moncton,NB,24.1,6.8,12.4
2024-05-16,Moncton,NB,21.6,8.5,13.3
2024-05-17,Moncton,NB,19.5,6.3,14.2
2024-05-18,Moncton,NB,18.9,6.5,16.9
2024-05-19,Moncton,NB,16.5,9.1,11.4
2024-05-20,Moncton,NB,20.3,9.1,13.4
2024-05-21,Moncton,NB,26.6,11.5,15.7
2024-05-22,Moncton,NB,26.3,12.8,18.4
2024-05-23,Moncton,NB,26.2,12.7,18.2
2024-05-24,Moncton,NB,26.2,13.6,23.4
2024-05-25,Moncton,NB,18.7,9.3,15.5
2024-05-26,Moncton,NB,15.8,7.4,11.3
2024-05-27,Moncton,NB,18.3,7.1,14.8
2024-05-28,Moncton,NB,17.7,10.5,27.9
2024-05-29,Moncton,NB,21.6,13.1,22.6
2024-05-30,Moncton,NB,19.7,8.1,12.0
2024-05-31,Moncton,NB,15.0,8.2,12.2
2024-06-01,Moncton,NB,12.9,5.4,24.3
2024-06-02,Moncton,NB,18.0,7.8,20.2
2024-06-03,Moncton,NB,16.2,8.9,18.0
2024-06-04,Moncton,NB,19.3,10.8,16.3
2024-06-05,Moncton,NB,22.4,8.0,15.4
2024-06-06,Moncton,NB,22.4,10.1,12.4
2024-06-07,Moncton,NB,23.3,9.8,13.9
2024-06-08,Moncton,NB,20.5,13.2,13.9
2024-06-09,Moncton,NB,22.2,13.5,15.5
2024-06-10,Moncton,NB,20.1,11.8,18.4
2024-06-11,Moncton,NB,22.2,11.7,12.5
2024-06-12,Moncton,NB,23.9,11.7,10.8
2024-06-13,Moncton,NB,24.4,11.8,18.9
2024-06-14,Moncton,NB,25.9,14.6,27.2
2024-06-15,Moncton,NB,17.5,11.0,16.3
2024-06-16,Moncton,NB,22.4,9.4,14.3
2024-06-17,Moncton,NB,24.0,12.2,21.1
2024-06-18,Moncton,NB,28.7,13.7,15.5
2024-06-19,Moncton,NB,33.8,18.6,19.0
2024-06-20,Moncton,NB,33.6,22.6,18.0
2024-06-21,Moncton,NB,25.4,17.4,14.5
2024-06-22,Moncton,NB,26.7,13.4,11.8
2024-06-23,Moncton,NB,19.9,15.3,15.1
2024-06-24,Moncton,NB,19.3,14.2,19.6
2024-06-25,Moncton,NB,19.6,13.9,23.2
2024-06-26,Moncton,NB,27.2,12.5,21.5
2024-06-27,Moncton,NB,23.8,16.7,17.4
2024-06-28,Moncton,NB,20.5,12.1,22.9
2024-06-29,Moncton,NB,22.5,12.5,23.8
2024-06-30,Moncton,NB,25.6,14.2,22.7
2024-07-01,Moncton,NB,22.8,14.8,12.7
2024-07-02,Moncton,NB,27.0,12.0,10.0
2024-07-03,Moncton,NB,27.7,13.1,11.3
2024-07-04,Moncton,NB,24.8,14.9,18.5
2024-07-05,Moncton,NB,28.5,15.2,15.3
2024-07-06,Moncton,NB,21.6,16.5,16.5
2024-07-07,Moncton,NB,27.1,18.1,14.8
2024-07-08,Moncton,NB,29.7,18.1,12.1
2024-07-09,Moncton,NB,29.4,20.2,16.3
2024-07-10,Moncton,NB,29.2,18.9,17.1
2024-07-11,Moncton,NB,22.9,20.0,13.2
2024-07-12,Moncton,NB,26.6,19.4,12.1
2024-07-13,Moncton,NB,28.7,19.5,15.7
2024-07-14,Moncton,NB,29.9,19.1,13.8
2024-07-15,Moncton,NB,29.4,20.1,17.9
2024-07-16,Moncton,NB,28.7,20.0,16.7
2024-07-17,Moncton,NB,29.8,20.2,17.4
2024-07-18,Moncton,NB,27.4,20.6,13.4
2024-07-19,Moncton,NB,27.1,16.9,14.8
2024-07-20,Moncton,NB,27.6,16.1,18.0
2024-07-21,Moncton,NB,25.1,16.5,13.6
2024-07-22,Moncton,NB,24.5,13.9,23.1
2024-07-23,Moncton,NB,22.0,14.7,11.1
2024-07-24,Moncton,NB,24.6,17.0,8.7
2024-07-25,Moncton,NB,23.7,16.7,17.9
2024-07-26,Moncton,NB,22.4,16.3,13.3
2024-07-27,Moncton,NB,25.5,14.2,11.3
2024-07-28,Moncton,NB,29.0,16.5,19.3
2024-07-29,Moncton,NB,28.5,16.1,16.0
2024-07-30,Moncton,NB,27.0,15.6,21.1
2024-07-31,Moncton,NB,28.6,19.5,24.0
2024-08-01,Moncton,NB,26.9,21.5,17.7
2024-08-02,Moncton,NB,30.2,20.5,12.5
2024-08-03,Moncton,NB,28.4,21.0,14.2
2024-08-04,Moncton,NB,27.9,19.5,15.1
2024-08-05,Moncton,NB,27.4,19.5,13.0
2024-08-06,Moncton,NB,22.7,15.3,13.8
2024-08-07,Moncton,NB,24.1,14.7,18.2
2024-08-08,Moncton,NB,25.5,12.3,9.5
2024-08-09,Moncton,NB,19.5,15.3,14.2
2024-08-10,Moncton,NB,23.9,18.9,28.9
2024-08-11,Moncton,NB,26.8,17.3,15.7
2024-08-12,Moncton,NB,24.8,15.9,13.8
2024-08-13,Moncton,NB,24.4,14.5,13.5
2024-08-14,Moncton,NB,21.9,14.9,12.7
2024-08-15,Moncton,NB,24.7,10.3,10.8
2024-08-16,Moncton,NB,25.8,13.3,11.8
2024-08-17,Moncton,NB,26.4,13.4,13.9
2024-08-18,Moncton,NB,23.7,13.7,17.6
2024-08-19,Moncton,NB,26.8,16.6,12.9
2024-08-20,Moncton,NB,25.7,18.2,19.7
2024-08-21,Moncton,NB,19.3,16.9,17.9
2024-08-22,Moncton,NB,23.0,15.1,13.4
2024-08-23,Moncton,NB,21.2,14.2,15.1
2024-08-24,Moncton,NB,25.9,14.1,14.6
2024-08-25,Moncton,NB,28.0,15.9,12.1
2024-08-26,Moncton,NB,25.6,15.6,9.3
2024-08-27,Moncton,NB,27.1,15.8,15.1
2024-08-28,Moncton,NB,20.6,13.3,23.7
2024-08-29,Moncton,NB,19.8,11.6,15.9
2024-08-30,Moncton,NB,23.4,9.2,12.2
2024-08-31,Moncton,NB,22.6,11.0,21.1
2024-09-01,Moncton,NB,21.9,15.5,19.9
2024-09-02,Moncton,NB,21.9,13.4,13.9
2024-09-03,Moncton,NB,18.9,10.2,21.7
2024-09-04,Moncton,NB,22.7,10.7,12.8
2024-09-05,Moncton,NB,26.5,14.0,17.9
2024-09-06,Moncton,NB,21.5,13.0,15.3
2024-09-07,Moncton,NB,17.8,14.4,20.5
2024-09-08,Moncton,NB,21.0,13.0,19.0
2024-09-09,Moncton,NB,19.7,10.1,21.1
2024-09-10,Moncton,NB,20.3,9.8,14.2
2024-09-11,Moncton,NB,19.8,9.0,11.5
2024-09-12,Moncton,NB,23.8,9.5,12.0
2024-09-13,Moncton,NB,24.3,13.9,11.9
2024-09-14,Moncton,NB,17.3,10.2,16.5
2024-09-15,Moncton,NB,23.1,8.2,13.5
2024-09-16,Moncton,NB,26.7,13.6,20.0
2024-09-17,Moncton,NB,28.0,16.2,16.1
2024-09-18,Moncton,NB,28.3,16.3,13.0
2024-09-19,Moncton,NB,21.7,16.1,15.7
2024-09-20,Moncton,NB,19.8,12.9,20.5
2024-09-21,Moncton,NB,17.6,11.5,14.5
2024-09-22,Moncton,NB,17.1,11.3,16.6
2024-09-23,Moncton,NB,16.5,9.3,12.1
2024-09-24,Moncton,NB,17.4,8.4,15.0
2024-09-25,Moncton,NB,16.7,10.9,9.8
2024-09-26,Moncton,NB,16.7,10.4,12.1
2024-09-27,Moncton,NB,15.4,12.4,13.8
2024-09-28,Moncton,NB,16.5,11.0,15.2
2024-09-29,Moncton,NB,17.2,9.1,9.8
2024-09-30,Moncton,NB,18.1,10.4,15.7
2024-10-01,Moncton,NB,16.1,9.5,17.6
2024-10-02,Moncton,NB,14.8,8.7,8.0
2024-10-03,Moncton,NB,17.7,6.4,13.1
2024-10-04,Moncton,NB,20.7,10.7,12.9
2024-10-05,Moncton,NB,16.3,12.0,8.1
2024-10-06,Moncton,NB,17.1,11.8,11.4
2024-10-07,Moncton,NB,16.1,9.0,12.0
2024-10-08,Moncton,NB,15.4,10.0,20.8
2024-10-09,Moncton,NB,14.8,4.5,13.9
2024-10-10,Moncton,NB,13.6,6.2,17.4
2024-10-11,Moncton,NB,14.5,6.7,25.4
2024-10-12,Moncton,NB,12.0,8.3,30.5
2024-10-13,Moncton,NB,13.1,6.7,22.1
2024-10-14,Moncton,NB,14.3,6.7,16.5
2024-10-15,Moncton,NB,13.8,6.5,24.7
2024-10-16,Moncton,NB,8.2,3.8,23.7
2024-10-17,Moncton,NB,11.8,0.8,13.5
2024-10-18,Moncton,NB,13.1,2.6,11.6
2024-10-19,Moncton,NB,17.1,3.9,15.7
2024-10-20,Moncton,NB,17.7,6.8,18.1
2024-10-21,Moncton,NB,19.5,10.9,17.5
2024-10-22,Moncton,NB,14.1,7.3,10.9
2024-10-23,Moncton,NB,19.5,8.8,19.7
2024-10-24,Moncton,NB,17.3,9.9,17.4
2024-10-25,Moncton,NB,10.6,4.0,24.2
2024-10-26,Moncton,NB,14.0,1.8,21.7
2024-10-27,Moncton,NB,6.3,1.5,23.4
2024-10-28,Moncton,NB,5.7,-1.5,20.6
2024-10-29,Moncton,NB,6.2,-2.9,11.9
2024-10-30,Moncton,NB,9.1,-0.4,18.6
2024-10-31,Moncton,NB,20.4,9.5,19.9
2024-11-01,Moncton,NB,16.8,6.0,18.7
2024-11-02,Moncton,NB,6.1,0.8,15.3
2024-11-03,Moncton,NB,4.8,-2.3,15.5
2024-11-04,Moncton,NB,5.9,-3.4,11.7
2024-11-05,Moncton,NB,10.8,1.3,19.5
2024-11-06,Moncton,NB,20.6,10.6,24.7
2024-11-07,Moncton,NB,8.8,2.4,18.0
2024-11-08,Moncton,NB,10.4,0.5,24.2
2024-11-09,Moncton,NB,4.9,-0.3,28.1
2024-11-10,Moncton,NB,7.1,-3.5,20.7
2024-11-11,Moncton,NB,12.3,2.9,19.8
2024-11-12,Moncton,NB,8.4,0.8,28.8
2024-11-13,Moncton,NB,0.6,-1.9,32.1
2024-11-14,Moncton,NB,1.9,0.2,29.6
2024-11-15,Moncton,NB,5.8,1.4,25.5
2024-11-16,Moncton,NB,6.2,4.4,15.0
2024-11-17,Moncton,NB,7.8,2.5,16.8
2024-11-18,Moncton,NB,6.8,3.7,13.3
2024-11-19,Moncton,NB,7.7,4.1,20.5
2024-11-20,Moncton,NB,7.5,5.4,24.7
2024-11-21,Moncton,NB,6.3,5.1,22.5
2024-11-22,Moncton,NB,6.5,5.4,21.2
2024-11-23,Moncton,NB,5.9,3.7,32.1
2024-11-24,Moncton,NB,5.9,3.1,22.8
2024-11-25,Moncton,NB,6.8,2.0,21.5
2024-11-26,Moncton,NB,6.2,3.6,13.0
2024-11-27,Moncton,NB,7.3,1.5,12.8
2024-11-28,Moncton,NB,5.7,-1.8,19.1
2024-11-29,Moncton,NB,2.8,-0.7,25.7
2024-11-30,Moncton,NB,3.2,-5.3,15.0
2024-12-01,Moncton,NB,1.9,-4.3,12.5
2024-12-02,Moncton,NB,-0.1,-6.4,7.2
2024-12-03,Moncton,NB,-1.5,-8.5,10.8
2024-12-04,Moncton,NB,-3.8,-10.5,8.8
2024-12-05,Moncton,NB,3.8,-8.2,27.1
2024-12-06,Moncton,NB,0.1,-9.0,28.4
2024-12-07,Moncton,NB,-8.3,-12.7,20.0
2024-12-08,Moncton,NB,1.3,-16.6,23.0
2024-12-09,Moncton,NB,-3.5,-9.9,19.8
2024-12-10,Moncton,NB,0.0,-10.3,11.7
2024-12-11,Moncton,NB,11.4,0.4,27.9
2024-12-12,Moncton,NB,13.4,1.0,40.2
2024-12-13,Moncton,NB,0.7,-5.6,21.3
2024-12-14,Moncton,NB,-2.3,-7.3,18.3
2024-12-15,Moncton,NB,-1.5,-9.7,13.0
2024-12-16,Moncton,NB,2.8,-7.6,15.8
2024-12-17,Moncton,NB,8.3,-1.5,31.6
2024-12-18,Moncton,NB,5.5,0.2,21.7
2024-12-19,Moncton,NB,2.5,-3.4,17.7
2024-12-20,Moncton,NB,-2.7,-7.0,15.7
2024-12-21,Moncton,NB,-1.5,-6.7,28.8
2024-12-22,Moncton,NB,-7.1,-15.3,20.4
2024-12-23,Moncton,NB,-10.6,-16.0,13.8
2024-12-24,Moncton,NB,-0.4,-17.6,14.7
2024-12-25,Moncton,NB,-0.9,-4.5,13.3
2024-12-26,Moncton,NB,-2.0,-11.6,11.3
2024-12-27,Moncton,NB,-2.4,-16.9,12.5
2024-12-28,Moncton,NB,-2.0,-11.6,12.7
2024-12-29,Moncton,NB,4.3,-8.8,8.2
2024-12-30,Moncton,NB,7.0,1.2,26.8
2024-12-31,Moncton,NB,8.6,-2.0,18.3
2025-01-01,Moncton,NB,3.4,-4.0,19.3
2025-01-02,Moncton,NB,3.8,-0.5,24.1
2025-01-03,Moncton,NB,-1.0,-4.4,25.9
2025-01-04,Moncton,NB,-4.3,-10.1,20.6
2025-01-05,Moncton,NB,-7.7,-13.5,23.0
2025-01-06,Moncton,NB,-3.2,-10.0,25.1
2025-01-07,Moncton,NB,-1.5,-7.1,16.6
2025-01-08,Moncton,NB,-1.4,-6.0,20.5
2025-01-09,Moncton,NB,1.3,-5.3,20.1
2025-01-10,Moncton,NB,1.9,-0.4,22.2
2025-01-11,Moncton,NB,-0.1,-6.3,12.2
2025-01-12,Moncton,NB,-2.1,-4.3,13.2
2025-01-13,Moncton,NB,-3.9,-8.6,8.6
2025-01-14,Moncton,NB,-3.1,-10.6,7.2
2025-01-15,Moncton,NB,-4.0,-7.7,18.1
2025-01-16,Moncton,NB,-5.8,-14.5,12.4
2025-01-17,Moncton,NB,-5.3,-14.7,10.4
2025-01-18,Moncton,NB,1.6,-12.1,23.5
2025-01-19,Moncton,NB,4.0,-1.4,18.0
2025-01-20,Moncton,NB,-2.1,-15.1,24.7
2025-01-21,Moncton,NB,-11.7,-21.7,19.8
2025-01-22,Moncton,NB,-12.8,-27.5,10.8
2025-01-23,Moncton,NB,-4.1,-22.5,15.5
2025-01-24,Moncton,NB,-3.9,-14.9,20.4
2025-01-25,Moncton,NB,-9.3,-17.3,16.3
2025-01-26,Moncton,NB,-1.4,-15.6,20.0
2025-01-27,Moncton,NB,0.0,-12.9,25.8
2025-01-28,Moncton,NB,1.6,-14.4,27.7
2025-01-29,Moncton,NB,-9.7,-19.4,15.5
2025-01-30,Moncton,NB,-11.3,-18.1,23.9
2025-01-31,Moncton,NB,-3.2,-18.5,17.8
2025-02-01,Moncton,NB,-9.7,-16.3,17.9
2025-02-02,Moncton,NB,-10.7,-21.8,15.3
2025-02-03,Moncton,NB,0.8,-13.6,22.3
2025-02-04,Moncton,NB,1.2,-10.3,21.5
2025-02-05,Moncton,NB,-11.3,-18.2,19.2
2025-02-06,Moncton,NB,-3.8,-18.8,15.1
2025-02-07,Moncton,NB,2.0,-4.2,26.4
2025-02-08,Moncton,NB,-4.8,-15.5,24.1
2025-02-09,Moncton,NB,-9.5,-16.5,14.7
2025-02-10,Moncton,NB,-9.2,-24.1,14.5
2025-02-11,Moncton,NB,-8.2,-21.0,14.2
2025-02-12,Moncton,NB,-8.6,-19.0,13.9
2025-02-13,Moncton,NB,-4.0,-21.6,21.1
2025-02-14,Moncton,NB,-3.7,-12.2,34.8
2025-02-15,Moncton,NB,-8.9,-16.4,29.6
2025-02-16,Moncton,NB,-6.6,-15.3,22.8
2025-02-17,Moncton,NB,4.8,-12.2,41.1
2025-02-18,Moncton,NB,-8.8,-14.6,33.5
2025-02-19,Moncton,NB,-3.0,-10.8,20.2
2025-02-20,Moncton,NB,0.6,-11.8,14.2
2025-02-21,Moncton,NB,-0.9,-8.9,16.2
2025-02-22,Moncton,NB,-4.1,-13.4,15.0
2025-02-23,Moncton,NB,0.6,-13.1,14.7
2025-02-24,Moncton,NB,0.9,-12.7,17.3
2025-02-25,Moncton,NB,8.6,-1.7,25.6
2025-02-26,Moncton,NB,3.6,0.3,16.6
2025-02-27,Moncton,NB,5.2,-11.0,22.6
2025-02-28,Moncton,NB,6.2,-9.4,25.0
2025-03-01,Moncton,NB,3.5,-15.7,21.3
2025-03-02,Moncton,NB,4.7,-11.8,28.1
2025-03-03,Moncton,NB,-8.7,-19.1,17.9
2025-03-04,Moncton,NB,-0.2,-18.0,25.4
2025-03-05,Moncton,NB,3.7,-2.1,14.8
2025-03-06,Moncton,NB,9.6,3.7,27.9
2025-03-07,Moncton,NB,8.1,-4.8,27.2
2025-03-08,Moncton,NB,-3.5,-8.2,39.4
2025-03-09,Moncton,NB,-0.8,-9.0,22.5
2025-03-10,Moncton,NB,0.3,-11.2,14.6
2025-03-11,Moncton,NB,5.9,-11.0,22.8
2025-03-12,Moncton,NB,6.0,-5.4,25.4
2025-03-13,Moncton,NB,0.3,-11.7,13.4
2025-03-14,Moncton,NB,9.1,-4.8,17.6
2025-03-15,Moncton,NB,13.5,-2.3,15.1
2025-03-16,Moncton,NB,12.1,3.0,23.6
2025-03-17,Moncton,NB,15.1,10.2,25.4
2025-03-18,Moncton,NB,10.0,-1.7,16.0
2025-03-19,Moncton,NB,5.8,-5.1,13.2
2025-03-20,Moncton,NB,13.1,-2.1,13.7
2025-03-21,Moncton,NB,9.4,4.0,13.8
2025-03-22,Moncton,NB,11.6,1.6,22.1
2025-03-23,Moncton,NB,2.8,-4.2,21.2
2025-03-24,Moncton,NB,3.3,-7.2,14.2
2025-03-25,Moncton,NB,6.5,-2.2,14.5
2025-03-26,Moncton,NB,9.2,-3.8,14.0
2025-03-27,Moncton,NB,1.6,-0.8,13.6
2025-03-28,Moncton,NB,4.8,-5.5,18.2
2025-03-29,Moncton,NB,1.0,-9.4,14.7
2025-03-30,Moncton,NB,3.2,-9.4,8.9
2025-03-31,Moncton,NB,10.0,-2.1,23.7
2025-04-01,Moncton,NB,8.9,-1.0,23.2
2025-04-02,Moncton,NB,1.7,-7.6,22.0
2025-04-03,Moncton,NB,2.8,-3.8,17.0
2025-04-04,Moncton,NB,10.1,0.3,21.3
2025-04-05,Moncton,NB,4.8,-0.9,19.5
2025-04-06,Moncton,NB,6.9,0.4,17.5
2025-04-07,Moncton,NB,6.9,-1.3,14.4
2025-04-08,Moncton,NB,0.9,-2.0,17.3
2025-04-09,Moncton,NB,3.6,-2.6,20.3
2025-04-10,Moncton,NB,7.6,-3.5,24.0
2025-04-11,Moncton,NB,10.3,-2.3,12.6
2025-04-12,Moncton,NB,7.7,-2.0,13.0
2025-04-13,Moncton,NB,4.1,0.8,19.9
2025-04-14,Moncton,NB,5.2,0.7,29.1
2025-04-15,Moncton,NB,15.2,-0.5,19.4
2025-04-16,Moncton,NB,12.9,4.4,29.0
2025-04-17,Moncton,NB,9.2,1.4,24.7
2025-04-18,Moncton,NB,12.7,-1.2,17.7
2025-04-19,Moncton,NB,15.5,4.2,19.7
2025-04-20,Moncton,NB,10.5,4.6,39.2
2025-04-21,Moncton,NB,13.0,2.2,29.2
2025-04-22,Moncton,NB,8.4,2.5,16.0
2025-04-23,Moncton,NB,12.2,1.4,16.4
2025-04-24,Moncton,NB,9.7,1.3,12.7
2025-04-25,Moncton,NB,15.0,3.4,14.7
2025-04-26,Moncton,NB,11.5,2.4,26.2
2025-04-27,Moncton,NB,11.0,3.1,20.1
2025-04-28,Moncton,NB,12.6,2.3,24.1
2025-04-29,Moncton,NB,18.0,-0.4,22.0
2025-04-30,Moncton,NB,18.2,5.8,31.4
2025-05-01,Moncton,NB,14.7,0.8,17.8
2025-05-02,Moncton,NB,11.0,2.2,12.6
2025-05-03,Moncton,NB,20.3,6.1,16.3
2025-05-04,Moncton,NB,13.2,8.0,11.9
2025-05-05,Moncton,NB,16.8,4.7,13.3
2025-05-06,Moncton,NB,19.0,5.7,15.3
2025-05-07,Moncton,NB,20.2,11.5,20.6
2025-05-08,Moncton,NB,19.3,4.3,20.6
2025-05-09,Moncton,NB,9.4,3.6,17.5
2025-05-10,Moncton,NB,7.0,3.3,16.3
2025-05-11,Moncton,NB,14.2,4.8,28.4
2025-05-12,Moncton,NB,14.0,1.5,18.8
2025-05-13,Moncton,NB,13.9,5.4,15.8
2025-05-14,Moncton,NB,22.4,8.6,24.1
2025-05-15,Moncton,NB,27.5,12.1,22.6
2025-05-16,Moncton,NB,16.0,9.5,14.9
2025-05-17,Moncton,NB,19.0,8.3,16.9
2025-05-18,Moncton,NB,16.0,10.2,18.4
2025-05-19,Moncton,NB,12.2,5.9,19.6
2025-05-20,Moncton,NB,8.1,5.4,29.5
2025-05-21,Moncton,NB,9.3,4.1,22.7
2025-05-22,Moncton,NB,12.8,2.8,17.4
2025-05-23,Moncton,NB,8.6,3.9,28.8
2025-05-24,Moncton,NB,12.2,7.4,18.1
2025-05-25,Moncton,NB,8.2,5.4,16.8
2025-05-26,Moncton,NB,16.1,5.1,14.7
2025-05-27,Moncton,NB,23.4,6.6,13.9
2025-05-28,Moncton,NB,27.1,10.5,16.8
2025-05-29,Moncton,NB,26.0,12.6,25.4
2025-05-30,Moncton,NB,21.4,12.3,21.6
2025-05-31,Moncton,NB,17.6,12.3,21.6
2025-06-01,Moncton,NB,15.8,10.4,35.3
2025-06-02,Moncton,NB,17.9,9.7,28.0
2025-06-03,Moncton,NB,22.4,8.9,15.2
2025-06-04,Moncton,NB,26.5,11.4,19.6
2025-06-05,Moncton,NB,29.5,13.5,18.1
2025-06-06,Moncton,NB,25.9,15.8,12.2
2025-06-07,Moncton,NB,23.6,14.4,14.0
2025-06-08,Moncton,NB,19.9,11.2,21.2
2025-06-09,Moncton,NB,21.9,9.5,12.7
2025-06-10,Moncton,NB,20.6,9.0,19.2
2025-06-11,Moncton,NB,23.3,15.2,25.9
2025-06-12,Moncton,NB,23.4,14.6,25.1
2025-06-13,Moncton,NB,17.0,10.3,18.7
2025-06-14,Moncton,NB,18.2,8.4,8.0
2025-06-15,Moncton,NB,20.2,8.8,15.7
2025-06-16,Moncton,NB,24.4,10.0,18.6
2025-06-17,Moncton,NB,23.4,11.9,19.4
2025-06-18,Moncton,NB,23.3,12.4,25.3
2025-06-19,Moncton,NB,25.1,17.8,15.0
2025-06-20,Moncton,NB,26.1,18.4,33.6
2025-06-21,Moncton,NB,24.1,14.0,26.5
2025-06-22,Moncton,NB,23.6,12.8,19.5
2025-06-23,Moncton,NB,25.1,14.5,10.5
2025-06-24,Moncton,NB,31.9,18.2,19.9
2025-06-25,Moncton,NB,27.7,16.4,18.9
2025-06-26,Moncton,NB,19.5,11.5,15.5
2025-06-27,Moncton,NB,23.9,10.6,16.6
2025-06-28,Moncton,NB,18.5,12.6,16.1
2025-06-29,Moncton,NB,19.3,12.4,16.8
2025-06-30,Moncton,NB,25.7,15.3,12.0
2025-07-01,Moncton,NB,27.7,17.6,17.6
2025-07-02,Moncton,NB,29.2,18.9,18.6
2025-07-03,Moncton,NB,29.5,17.9,23.0
2025-07-04,Moncton,NB,24.7,16.3,15.5
2025-07-05,Moncton,NB,26.2,13.5,16.5
2025-07-06,Moncton,NB,28.2,16.9,24.1
2025-07-07,Moncton,NB,22.8,16.4,16.4
2025-07-08,Moncton,NB,21.1,15.2,12.1
2025-07-09,Moncton,NB,26.3,11.2,11.6
2025-07-10,Moncton,NB,26.0,14.4,11.0
2025-07-11,Moncton,NB,23.3,15.0,12.0
2025-07-12,Moncton,NB,26.7,14.2,10.4
2025-07-13,Moncton,NB,28.6,16.6,18.0
2025-07-14,Moncton,NB,27.7,15.2,19.7
2025-07-15,Moncton,NB,30.4,18.1,17.1
2025-07-16,Moncton,NB,32.5,18.5,17.6
2025-07-17,Moncton,NB,30.4,19.8,21.6
2025-07-18,Moncton,NB,25.5,19.4,21.4
2025-07-19,Moncton,NB,27.2,15.3,19.6
2025-07-20,Moncton,NB,22.9,16.1,17.4
2025-07-21,Moncton,NB,19.4,13.4,21.8
2025-07-22,Moncton,NB,22.6,11.7,16.3
2025-07-23,Moncton,NB,25.6,12.2,13.5
2025-07-24,Moncton,NB,26.7,16.5,27.9
2025-07-25,Moncton,NB,27.2,18.7,21.2
2025-07-26,Moncton,NB,24.6,14.4,16.9
2025-07-27,Moncton,NB,27.7,14.2,26.1
2025-07-28,Moncton,NB,28.3,16.0,19.3
2025-07-29,Moncton,NB,30.9,18.1,20.4
2025-07-30,Moncton,NB,27.6,15.9,12.0
2025-07-31,Moncton,NB,24.3,17.6,15.6
2025-08-01,Moncton,NB,23.3,14.5,15.2
2025-08-02,Moncton,NB,24.4,12.1,13.2
2025-08-03,Moncton,NB,27.6,14.7,24.2
2025-08-04,Moncton,NB,26.9,16.7,17.2
2025-08-05,Moncton,NB,23.4,13.3,13.1
2025-08-06,Moncton,NB,24.5,12.6,12.0
2025-08-07,Moncton,NB,27.5,12.8,10.0
2025-08-08,Moncton,NB,29.4,15.0,13.4
2025-08-09,Moncton,NB,29.8,16.4,17.0
2025-08-10,Moncton,NB,31.3,17.1,18.1
2025-08-11,Moncton,NB,34.1,19.5,16.9
2025-08-12,Moncton,NB,36.4,21.0,13.7
2025-08-13,Moncton,NB,32.9,22.2,15.2
2025-08-14,Moncton,NB,28.5,19.5,19.3
2025-08-15,Moncton,NB,22.7,15.2,16.4
2025-08-16,Moncton,NB,26.1,12.9,11.1
2025-08-17,Moncton,NB,27.2,13.9,19.8
2025-08-18,Moncton,NB,19.6,10.1,20.2
2025-08-19,Moncton,NB,19.6,9.2,13.7
2025-08-20,Moncton,NB,21.4,10.9,8.6
2025-08-21,Moncton,NB,23.8,11.0,10.6
2025-08-22,Moncton,NB,21.7,12.9,19.9
2025-08-23,Moncton,NB,26.4,11.4,20.4
2025-08-24,Moncton,NB,25.2,16.6,27.5
2025-08-25,Moncton,NB,23.1,16.9,16.2
2025-08-26,Moncton,NB,25.0,16.5,19.3
2025-08-27,Moncton,NB,22.8,13.4,14.8
2025-08-28,Moncton,NB,23.3,12.1,12.3
2025-08-29,Moncton,NB,23.0,12.0,14.7
2025-08-30,Moncton,NB,22.9,12.2,14.2
2025-08-31,Moncton,NB,20.8,12.2,13.2
2025-09-01,Moncton,NB,23.7,12.3,11.5
2025-09-02,Moncton,NB,25.9,12.2,11.4
2025-09-03,Moncton,NB,25.8,13.3,12.6
2025-09-04,Moncton,NB,26.1,12.0,12.4
2025-09-05,Moncton,NB,26.4,13.8,21.6
2025-09-06,Moncton,NB,28.0,17.9,24.2
2025-09-07,Moncton,NB,21.4,13.2,18.2
2025-09-08,Moncton,NB,19.6,12.4,17.5
2025-09-09,Moncton,NB,19.7,8.5,8.1
2025-09-10,Moncton,NB,21.7,8.1,10.6
2025-09-11,Moncton,NB,23.2,10.5,15.5
2025-09-12,Moncton,NB,18.6,8.4,14.9
2025-09-13,Moncton,NB,19.6,8.3,11.8
2025-09-14,Moncton,NB,21.7,10.7,17.4
2025-09-15,Moncton,NB,21.8,10.4,11.8
2025-09-16,Moncton,NB,20.8,10.4,10.4
2025-09-17,Moncton,NB,24.2,10.6,13.6
2025-09-18,Moncton,NB,22.8,13.6,19.1
2025-09-19,Moncton,NB,19.3,11.6,15.4
2025-09-20,Moncton,NB,16.0,5.4,21.9
2025-09-21,Moncton,NB,17.7,5.0,14.0
2025-09-22,Moncton,NB,21.0,7.9,15.4
2025-09-23,Moncton,NB,21.2,11.3,16.8
2025-09-24,Moncton,NB,18.4,10.5,16.1
2025-09-25,Moncton,NB,21.9,7.2,13.7
2025-09-26,Moncton,NB,22.7,14.6,26.6
2025-09-27,Moncton,NB,18.3,10.0,17.5
2025-09-28,Moncton,NB,22.6,9.7,24.1
2025-09-29,Moncton,NB,22.0,11.1,18.0
2025-09-30,Moncton,NB,16.6,9.4,16.9
2025-10-01,Moncton,NB,12.0,5.4,24.6
2025-10-02,Moncton,NB,14.7,3.2,13.1
2025-10-03,Moncton,NB,20.2,5.6,19.0
2025-10-04,Moncton,NB,20.8,8.8,15.1
2025-10-05,Moncton,NB,20.9,6.9,16.2
2025-10-06,Moncton,NB,28.6,14.1,16.9
2025-10-07,Moncton,NB,25.8,14.4,21.5
2025-10-08,Moncton,NB,20.1,8.6,25.5
2025-10-09,Moncton,NB,9.8,4.5,24.2
2025-10-10,Moncton,NB,11.9,1.2,15.9
2025-10-11,Moncton,NB,16.5,5.2,21.3
2025-10-12,Moncton,NB,12.9,4.9,14.8
2025-10-13,Moncton,NB,13.1,4.2,13.7
2025-10-14,Moncton,NB,15.1,3.3,10.7
2025-10-15,Moncton,NB,16.4,5.0,14.3
2025-10-16,Moncton,NB,11.9,7.5,20.8
2025-10-17,Moncton,NB,11.4,9.0,22.9
2025-10-18,Moncton,NB,11.0,8.9,20.7
2025-10-19,Moncton,NB,13.7,7.8,11.6
2025-10-20,Moncton,NB,16.3,6.8,13.2
2025-10-21,Moncton,NB,16.8,10.0,18.2
2025-10-22,Moncton,NB,17.0,7.6,23.4
2025-10-23,Moncton,NB,16.0,10.0,22.8
2025-10-24,Moncton,NB,14.8,5.1,13.7
2025-10-25,Moncton,NB,12.3,3.4,9.7
2025-10-26,Moncton,NB,10.9,2.9,8.4
2025-10-27,Moncton,NB,8.3,5.6,21.8
2025-10-28,Moncton,NB,9.4,4.4,24.2
2025-10-29,Moncton,NB,11.7,1.4,13.8
2025-10-30,Moncton,NB,13.1,6.1,9.8
2025-10-31,Moncton,NB,14.7,9.0,26.5
2025-11-01,Moncton,NB,11.5,6.6,36.2
2025-11-02,Moncton,NB,9.9,2.7,22.0
2025-11-03,Moncton,NB,8.9,-1.2,14.1
2025-11-04,Moncton,NB,8.0,4.9,25.6
2025-11-05,Moncton,NB,9.4,3.7,24.8
2025-11-06,Moncton,NB,7.5,2.3,24.4
2025-11-07,Moncton,NB,4.3,0.1,21.9
2025-11-08,Moncton,NB,13.2,1.4,19.4
2025-11-09,Moncton,NB,4.5,-1.7,11.5
2025-11-10,Moncton,NB,13.6,0.9,24.6
2025-11-11,Moncton,NB,16.2,3.3,25.6
2025-11-12,Moncton,NB,6.0,0.1,36.2
2025-11-13,Moncton,NB,3.1,0.1,17.7
2025-11-14,Moncton,NB,3.3,-2.5,20.7
2025-11-15,Moncton,NB,2.2,-4.1,16.0
2025-11-16,Moncton,NB,4.3,-3.9,17.7
2025-11-17,Moncton,NB,2.4,0.2,23.8
2025-11-18,Moncton,NB,3.8,-1.1,28.3
2025-11-19,Moncton,NB,4.6,-1.9,19.8
2025-11-20,Moncton,NB,4.4,-3.8,10.4
2025-11-21,Moncton,NB,5.5,-5.5,8.5
2025-11-22,Moncton,NB,5.7,-1.6,13.3
2025-11-23,Moncton,NB,3.0,-3.6,17.1
2025-11-24,Moncton,NB,4.3,-3.6,14.3
2025-11-25,Moncton,NB,5.6,-4.9,19.8
2025-11-26,Moncton,NB,5.3,-0.4,13.9
2025-11-27,Moncton,NB,7.9,-0.2,22.0
2025-11-28,Moncton,NB,5.2,-1.2,14.9
2025-11-29,Moncton,NB,1.4,-2.5,27.8
2025-11-30,Moncton,NB,1.3,-5.9,16.1
2025-12-01,Moncton,NB,6.5,-5.4,27.3
2025-12-02,Moncton,NB,-2.6,-9.4,13.0
2025-12-03,Moncton,NB,0.6,-9.0,26.4
2025-12-04,Moncton,NB,1.4,-8.9,24.2
2025-12-05,Moncton,NB,-10.7,-17.6,25.4
2025-12-06,Moncton,NB,-3.0,-17.8,9.8
2025-12-07,Moncton,NB,-1.6,-8.3,12.7
2025-12-08,Moncton,NB,-9.5,-15.3,22.8
2025-12-09,Moncton,NB,-9.5,-17.4,19.6
2025-12-10,Moncton,NB,-0.8,-13.3,15.7
2025-12-11,Moncton,NB,6.1,-3.8,23.0
2025-12-12,Moncton,NB,-5.1,-10.6,33.7
2025-12-13,Moncton,NB,-4.3,-9.8,21.8
2025-12-14,Moncton,NB,-2.9,-8.0,12.9
2025-12-15,Moncton,NB,-4.4,-10.4,27.9
2025-12-16,Moncton,NB,-5.8,-12.7,17.1
2025-12-17,Moncton,NB,5.4,-6.9,24.2
2025-12-18,Moncton,NB,2.4,-5.1,21.0
2025-12-19,Moncton,NB,13.1,3.0,42.8
2025-12-20,Moncton,NB,12.2,-4.0,39.4
2025-12-21,Moncton,NB,4.1,-3.3,23.0
2025-12-22,Moncton,NB,-1.0,-11.7,21.6
2025-12-23,Moncton,NB,-9.2,-14.3,15.8
2025-12-24,Moncton,NB,-5.5,-12.8,16.0
2025-12-25,Moncton,NB,-6.2,-8.8,16.8
2025-12-26,Moncton,NB,-7.9,-12.6,21.9
2025-12-27,Moncton,NB,-6.9,-12.6,15.8
2025-12-28,Moncton,NB,-1.5,-12.5,21.4
2025-12-29,Moncton,NB,0.4,-10.3,22.8
2025-12-30,Moncton,NB,4.5,-10.1,28.6
2025-12-31,Moncton,NB,-7.6,-13.8,20.6
2026-01-01,Moncton,NB,1.1,-10.5,18.5
2026-01-02,Moncton,NB,0.1,-14.5,29.5
2026-01-03,Moncton,NB,-13.7,-17.8,25.8
2026-01-04,Moncton,NB,-14.6,-22.0,12.6
2026-01-05,Moncton,NB,-12.0,-19.9,15.7
2026-01-06,Moncton,NB,-4.3,-19.8,9.6
2026-01-07,Moncton,NB,0.7,-4.0,14.7
2026-01-08,Moncton,NB,1.2,-0.8,15.7
2026-01-09,Moncton,NB,2.3,-7.5,20.4
2026-01-10,Moncton,NB,6.2,-3.5,31.9
2026-01-11,Moncton,NB,-1.0,-5.2,18.5
2026-01-12,Moncton,NB,-1.4,-7.5,32.2
2026-01-13,Moncton,NB,1.7,-7.9,17.5
2026-01-14,Moncton,NB,8.2,-0.3,19.7
2026-01-15,Moncton,NB,5.1,2.3,16.0
2026-01-16,Moncton,NB,4.0,-9.2,35.4
2026-01-17,Moncton,NB,-0.6,-11.1,20.5
2026-01-18,Moncton,NB,0.8,-7.8,10.8
2026-01-19,Moncton,NB,-0.9,-4.5,13.5
2026-01-20,Moncton,NB,-2.6,-13.3,25.3
2026-01-21,Moncton,NB,-7.2,-15.7,21.1
2026-01-22,Moncton,NB,2.5,-12.2,15.7
2026-01-23,Moncton,NB,-3.6,-11.9,21.4
2026-01-24,Moncton,NB,-13.2,-20.9,26.1
2026-01-25,Moncton,NB,-16.0,-23.9,20.7
2026-01-26,Moncton,NB,-8.4,-17.4,20.2
2026-01-27,Moncton,NB,-8.0,-14.8,21.9
2026-01-28,Moncton,NB,-8.5,-19.4,18.7
2026-01-29,Moncton,NB,-10.4,-18.6,16.6
2026-01-30,Moncton,NB,-8.5,-17.5,20.0
2026-01-31,Moncton,NB,-6.9,-15.2,18.2
2026-02-01,Moncton,NB,-6.3,-20.8,26.3
2026-02-02,Moncton,NB,-1.6,-7.6,25.6
2026-02-03,Moncton,NB,-0.5,-6.8,8.8
2026-02-04,Moncton,NB,-0.4,-8.3,7.9
2026-02-05,Moncton,NB,-3.0,-9.3,14.8
2026-02-06,Moncton,NB,-6.8,-22.0,13.4
2026-02-07,Moncton,NB,-4.1,-9.7,15.7
2026-02-08,Moncton,NB,-3.4,-13.8,15.3
2026-02-09,Moncton,NB,-4.0,-12.4,16.6
2026-02-10,Moncton,NB,0.3,-11.5,13.3
2026-02-11,Moncton,NB,-0.9,-8.7,16.0
2026-02-12,Moncton,NB,0.2,-4.1,19.1
2026-02-13,Moncton,NB,-0.5,-11.2,16.8
2026-02-14,Moncton,NB,0.0,-13.6,13.1
2026-02-15,Moncton,NB,-0.2,-9.1,15.1
2026-02-16,Moncton,NB,-0.6,-4.2,9.3
2026-02-17,Moncton,NB,-1.8,-9.5,7.6
2026-02-18,Moncton,NB,2.2,-9.1,19.0
2026-02-19,Moncton,NB,1.6,-6.7,19.5
2026-02-20,Moncton,NB,-0.2,-14.0,13.5
2026-02-21,Moncton,NB,-1.5,-16.4,26.6
2026-02-22,Moncton,NB,-2.0,-11.6,20.5
2026-02-23,Moncton,NB,-2.3,-13.9,34.5
2026-02-24,Moncton,NB,-0.4,-3.3,36.6
2026-02-25,Moncton,NB,-1.8,-14.1,13.7
2026-02-26,Moncton,NB,3.5,-3.0,22.7
2026-02-27,Moncton,NB,-2.6,-11.7,13.9
2026-02-28,Moncton,NB,4.5,-12.4,20.8
2026-03-01,Moncton,NB,2.9,-12.5,19.0
2026-03-02,Moncton,NB,-10.0,-21.2,17.3
2026-03-03,Moncton,NB,2.6,-18.2,27.7
2026-03-04,Moncton,NB,6.0,-1.4,21.4
2026-03-05,Moncton,NB,2.9,-18.4,21.1
2026-03-06,Moncton,NB,-3.1,-20.4,8.8
2026-03-07,Moncton,NB,6.1,-12.1,23.9
2026-03-08,Moncton,NB,7.9,2.8,26.6
2026-03-09,Moncton,NB,13.4,0.9,27.4
2026-03-10,Moncton,NB,18.5,1.5,29.0
2026-03-11,Moncton,NB,0.7,-4.0,24.5
2026-03-12,Moncton,NB,8.6,-3.0,17.5
2026-03-13,Moncton,NB,0.3,-6.5,30.9
2026-03-14,Moncton,NB,1.3,-2.8,21.1
2026-03-15,Moncton,NB,2.0,-4.2,17.6
2026-03-16,Moncton,NB,10.3,-2.8,32.9
2026-03-17,Moncton,NB,15.5,1.8,36.2
2026-03-18,Moncton,NB,-0.2,-8.4,22.3
2026-03-19,Moncton,NB,2.4,-7.4,13.0
2026-03-20,Moncton,NB,4.7,-2.3,19.9
2026-03-21,Moncton,NB,1.0,-3.4,20.1
2026-03-22,Moncton,NB,1.2,-6.6,13.0
2026-03-23,Moncton,NB,-1.6,-4.3,23.1
2026-03-24,Moncton,NB,2.5,-5.8,21.1
2026-03-25,Moncton,NB,4.2,-4.1,27.0
2026-03-26,Moncton,NB,7.3,-4.4,18.2
2026-03-27,Moncton,NB,4.2,-5.6,21.7
2026-03-28,Moncton,NB,-2.7,-12.3,16.2
2026-03-29,Moncton,NB,2.8,-10.4,23.4
2026-03-30,Moncton,NB,7.0,-0.6,27.9
2026-03-31,Moncton,NB,3.9,-1.9,15.3
2026-04-01,Moncton,NB,1.9,-2.1,18.6
2026-04-02,Moncton,NB,2.8,-3.0,16.5
2026-04-03,Moncton,NB,1.1,-3.0,23.0
2026-04-04,Moncton,NB,1.6,-4.4,26.7
2026-04-05,Moncton,NB,4.5,-3.1,21.0
2026-04-06,Moncton,NB,7.0,-0.5,25.4
2026-04-07,Moncton,NB,4.4,-3.9,17.2
2026-04-08,Moncton,NB,4.7,-4.4,12.9
2026-04-09,Moncton,NB,11.5,-2.5,20.3
2026-04-10,Moncton,NB,15.9,1.8,20.7
2026-04-11,Moncton,NB,9.7,1.3,22.0
2026-04-12,Moncton,NB,10.3,-0.6,19.2
2026-04-13,Moncton,NB,8.3,0.7,23.9
2026-04-14,Moncton,NB,15.9,6.7,18.7
2026-04-15,Moncton,NB,10.9,5.5,14.2
2026-04-16,Moncton,NB,12.8,6.2,11.7
2026-04-17,Moncton,NB,16.6,6.1,14.9
2026-04-18,Moncton,NB,14.1,0.6,16.8
2026-04-19,Moncton,NB,17.6,3.3,23.5
2026-04-20,Moncton,NB,8.9,0.4,20.3
2026-04-21,Moncton,NB,5.6,-3.5,16.5
2026-04-22,Moncton,NB,8.6,-4.4,15.3
2026-04-23,Moncton,NB,7.9,-0.7,13.2
2026-04-24,Moncton,NB,5.2,-0.4,17.5
2026-04-25,Moncton,NB,9.7,0.8,23.1
2026-04-26,Moncton,NB,14.5,3.3,14.0
2026-04-27,Moncton,NB,15.6,0.8,11.3
2026-04-28,Moncton,NB,16.3,-0.3,12.8
2026-04-29,Moncton,NB,10.8,3.9,10.4
2026-04-30,Moncton,NB,14.2,3.3,19.2
2026-05-01,Moncton,NB,12.9,7.8,22.8
2026-05-02,Moncton,NB,15.7,4.1,18.4
2026-05-03,Moncton,NB,8.7,1.5,34.9
2026-05-04,Moncton,NB,15.4,1.6,31.3
2026-05-05,Moncton,NB,22.9,5.6,36.9
2026-05-06,Moncton,NB,19.0,11.2,42.3
2026-05-07,Moncton,NB,15.6,8.6,28.1
2026-05-08,Moncton,NB,13.3,4.8,11.4
2026-05-09,Moncton,NB,14.8,1.4,16.2
2026-05-10,Moncton,NB,16.4,7.3,30.1
2026-05-11,Moncton,NB,16.9,9.9,15.1
2026-05-12,Moncton,NB,11.2,5.2,18.7
2026-05-13,Moncton,NB,15.5,4.0,18.2
2026-05-14,Moncton,NB,19.1,7.4,17.6
2026-05-15,Moncton,NB,12.9,7.7,20.7
2026-05-16,Moncton,NB,23.3,6.9,22.1
2026-05-17,Moncton,NB,24.6,13.6,25.6
2026-05-18,Moncton,NB,20.2,6.9,16.7
2026-05-19,Moncton,NB,23.4,10.7,13.8
2026-05-20,Moncton,NB,29.3,9.5,26.5
2026-05-21,Moncton,NB,17.3,6.8,20.5
2026-05-22,Moncton,NB,15.4,2.5,19.9
2026-05-23,Moncton,NB,16.9,3.3,11.1
2026-05-24,Moncton,NB,22.7,6.5,16.4
2026-05-25,Moncton,NB,12.8,10.5,18.7
2026-05-26,Moncton,NB,21.0,7.5,20.9
2026-05-27,Moncton,NB,14.7,7.7,13.1
2026-05-28,Moncton,NB,10.7,5.6,18.1
2026-05-29,Moncton,NB,8.7,5.2,23.6
2026-05-30,Moncton,NB,9.4,4.0,22.4
2026-05-31,Moncton,NB,10.9,1.8,15.1
2026-06-01,Moncton,NB,17.1,2.0,14.5
2026-06-02,Moncton,NB,16.5,6.7,18.7
2026-06-03,Moncton,NB,20.9,3.9,15.2
2026-06-04,Moncton,NB,28.3,12.2,26.0
2026-06-05,Moncton,NB,17.4,10.1,19.7
2026-06-06,Moncton,NB,22.2,8.5,16.7
2026-06-07,Moncton,NB,15.4,7.5,25.5
2026-06-08,Moncton,NB,18.7,6.0,20.3
2026-06-09,Moncton,NB,27.9,11.1,14.6
2026-06-10,Moncton,NB,29.8,11.8,13.7
2026-06-11,Moncton,NB,30.3,14.6,9.8
2026-06-12,Moncton,NB,20.8,10.6,15.4
2026-06-13,Moncton,NB,17.4,10.6,9.2
2026-06-14,Moncton,NB,23.8,10.1,13.0
2026-06-15,Moncton,NB,19.1,14.9,18.8
2026-06-16,Moncton,NB,23.3,14.7,16.0
2026-06-17,Moncton,NB,25.4,10.9,12.8
2026-06-18,Moncton,NB,24.6,11.7,20.0
2026-06-19,Moncton,NB,23.4,13.3,20.8
2026-06-20,Moncton,NB,16.8,12.2,15.7
2026-06-21,Moncton,NB,17.0,11.1,12.5
2026-06-22,Moncton,NB,21.7,9.1,11.8
2026-06-23,Moncton,NB,17.5,12.6,17.6
2026-06-24,Moncton,NB,22.2,14.7,18.7
2026-06-25,Moncton,NB,18.6,12.7,16.8
2026-06-26,Moncton,NB,18.4,11.4,9.2
2026-06-27,Moncton,NB,21.4,14.0,7.9
2026-06-28,Moncton,NB,24.1,13.0,9.5
2026-06-29,Moncton,NB,27.4,11.8,12.8
2026-06-30,Moncton,NB,27.9,15.0,13.8
2026-07-01,Moncton,NB,26.8,16.3,22.1
2026-07-02,Moncton,NB,31.4,19.1,22.5
2026-07-03,Moncton,NB,31.7,19.2,18.1
2026-07-04,Moncton,NB,28.9,19.1,20.0
2026-07-05,Moncton,NB,20.1,14.1,19.1
2026-07-06,Moncton,NB,26.3,11.3,12.7
2026-07-07,Moncton,NB,28.6,13.7,15.4
2026-07-08,Moncton,NB,26.7,13.8,12.6
2026-07-09,Moncton,NB,28.7,15.7,17.1
2026-07-10,Moncton,NB,24.6,18.0,12.3
2026-07-11,Moncton,NB,23.4,14.6,13.1
2026-07-12,Moncton,NB,24.6,12.5,11.2
2026-07-13,Moncton,NB,27.4,15.3,28.4
2026-07-14,Moncton,NB,26.0,16.5,22.6
2026-07-15,Moncton,NB,27.5,18.5,21.4
2026-07-16,Moncton,NB,24.3,15.0,24.8
2026-07-17,Moncton,NB,21.1,11.3,24.7
2026-07-18,Moncton,NB,25.0,13.0,21.9
2026-07-19,Moncton,NB,22.8,16.5,26.7
2026-07-20,Moncton,NB,23.1,13.6,20.8
2026-07-21,Moncton,NB,26.4,13.8,20.1
2026-07-22,Moncton,NB,23.7,16.9,24.9
2026-07-23,Moncton,NB,24.0,17.1,21.0
2026-07-24,Moncton,NB,26.6,12.3,14.0
2024-01-01,Charlottetown,PE,-2.4,-6.2,16.3
2024-01-02,Charlottetown,PE,-0.8,-6.7,21.1
2024-01-03,Charlottetown,PE,-2.4,-5.7,14.5
2024-01-04,Charlottetown,PE,-0.6,-7.0,9.3
2024-01-05,Charlottetown,PE,-0.8,-9.7,29.3
2024-01-06,Charlottetown,PE,-7.9,-11.1,27.1
2024-01-07,Charlottetown,PE,-4.8,-9.8,19.0
2024-01-08,Charlottetown,PE,-3.8,-6.6,27.8
2024-01-09,Charlottetown,PE,-6.1,-10.9,22.8
2024-01-10,Charlottetown,PE,5.1,-11.7,59.3
2024-01-11,Charlottetown,PE,4.7,0.5,36.6
2024-01-12,Charlottetown,PE,0.3,-6.5,23.0
2024-01-13,Charlottetown,PE,2.6,-9.0,49.4
2024-01-14,Charlottetown,PE,6.0,0.6,49.9
2024-01-15,Charlottetown,PE,0.6,-6.2,28.8
2024-01-16,Charlottetown,PE,0.3,-7.5,41.0
2024-01-17,Charlottetown,PE,5.9,-6.3,37.2
2024-01-18,Charlottetown,PE,-6.2,-9.7,41.5
2024-01-19,Charlottetown,PE,-7.8,-10.6,38.6
2024-01-20,Charlottetown,PE,-0.4,-10.3,20.5
2024-01-21,Charlottetown,PE,-0.7,-5.9,24.1
2024-01-22,Charlottetown,PE,-1.5,-10.8,26.6
2024-01-23,Charlottetown,PE,-0.2,-9.5,28.9
2024-01-24,Charlottetown,PE,-5.2,-11.4,19.3
2024-01-25,Charlottetown,PE,1.9,-4.9,23.5
2024-01-26,Charlottetown,PE,-3.2,-9.6,16.4
2024-01-27,Charlottetown,PE,-0.9,-4.3,10.3
2024-01-28,Charlottetown,PE,-0.4,-5.2,17.8
2024-01-29,Charlottetown,PE,-1.3,-8.4,37.1
2024-01-30,Charlottetown,PE,-6.9,-8.3,29.4
2024-01-31,Charlottetown,PE,-5.1,-10.2,19.2
2024-02-01,Charlottetown,PE,-1.3,-5.8,17.5
2024-02-02,Charlottetown,PE,0.2,-1.9,26.4
2024-02-03,Charlottetown,PE,-2.4,-4.9,35.9
2024-02-04,Charlottetown,PE,-1.8,-4.7,42.0
2024-02-05,Charlottetown,PE,0.0,-1.7,39.1
2024-02-06,Charlottetown,PE,-0.4,-2.4,30.2
2024-02-07,Charlottetown,PE,-1.5,-10.2,18.1
2024-02-08,Charlottetown,PE,-0.5,-12.2,14.9
2024-02-09,Charlottetown,PE,-1.5,-8.6,9.8
2024-02-10,Charlottetown,PE,3.7,-3.9,19.2
2024-02-11,Charlottetown,PE,3.3,0.6,17.5
2024-02-12,Charlottetown,PE,1.3,-5.9,17.0
2024-02-13,Charlottetown,PE,-1.8,-7.9,23.5
2024-02-14,Charlottetown,PE,-4.3,-6.6,32.5
2024-02-15,Charlottetown,PE,-1.6,-6.3,33.8
2024-02-16,Charlottetown,PE,-3.9,-10.5,19.1
2024-02-17,Charlottetown,PE,-4.0,-10.6,20.0
2024-02-18,Charlottetown,PE,-7.2,-10.5,33.6
2024-02-19,Charlottetown,PE,-2.3,-7.9,31.8
2024-02-20,Charlottetown,PE,-8.8,-12.8,23.7
2024-02-21,Charlottetown,PE,-6.6,-14.8,17.3
2024-02-22,Charlottetown,PE,-0.7,-7.9,16.7
2024-02-23,Charlottetown,PE,1.9,-10.1,20.6
2024-02-24,Charlottetown,PE,2.6,-7.8,28.8
2024-02-25,Charlottetown,PE,-7.1,-14.1,25.6
2024-02-26,Charlottetown,PE,0.8,-7.4,22.6
2024-02-27,Charlottetown,PE,3.6,-6.5,22.4
2024-02-28,Charlottetown,PE,8.9,3.0,51.3
2024-02-29,Charlottetown,PE,9.0,-9.9,50.4
2024-03-01,Charlottetown,PE,-8.3,-14.8,32.6
2024-03-02,Charlottetown,PE,4.1,-8.7,28.0
2024-03-03,Charlottetown,PE,5.0,2.6,24.7
2024-03-04,Charlottetown,PE,3.7,-6.2,26.6
2024-03-05,Charlottetown,PE,4.4,-6.6,20.2
2024-03-06,Charlottetown,PE,5.4,0.5,18.0
2024-03-07,Charlottetown,PE,1.1,-1.7,35.5
2024-03-08,Charlottetown,PE,0.8,-2.6,36.4
2024-03-09,Charlottetown,PE,4.4,-3.1,19.3
2024-03-10,Charlottetown,PE,1.5,-3.0,41.6
2024-03-11,Charlottetown,PE,7.1,0.3,44.6
2024-03-12,Charlottetown,PE,0.9,-0.5,24.8
2024-03-13,Charlottetown,PE,3.1,0.0,27.4
2024-03-14,Charlottetown,PE,4.7,-1.9,22.8
2024-03-15,Charlottetown,PE,6.2,-1.2,10.2
2024-03-16,Charlottetown,PE,5.2,-2.1,13.7
2024-03-17,Charlottetown,PE,4.6,0.4,27.3
2024-03-18,Charlottetown,PE,7.0,0.9,28.3
2024-03-19,Charlottetown,PE,2.8,-1.8,18.7
2024-03-20,Charlottetown,PE,4.7,-2.2,23.7
2024-03-21,Charlottetown,PE,4.2,-2.3,38.7
2024-03-22,Charlottetown,PE,0.9,-4.8,40.9
2024-03-23,Charlottetown,PE,0.9,-5.8,32.1
2024-03-24,Charlottetown,PE,8.7,-1.6,47.0
2024-03-25,Charlottetown,PE,3.2,-3.0,19.1
2024-03-26,Charlottetown,PE,5.4,-2.7,21.2
2024-03-27,Charlottetown,PE,9.5,1.5,26.9
2024-03-28,Charlottetown,PE,12.4,7.2,24.3
2024-03-29,Charlottetown,PE,13.1,5.9,29.6
2024-03-30,Charlottetown,PE,8.5,-0.1,36.9
2024-03-31,Charlottetown,PE,4.7,-2.8,23.2
2024-04-01,Charlottetown,PE,4.4,-3.3,19.2
2024-04-02,Charlottetown,PE,3.8,-3.4,21.7
2024-04-03,Charlottetown,PE,3.5,-1.4,24.5
2024-04-04,Charlottetown,PE,4.8,-1.3,29.9
2024-04-05,Charlottetown,PE,7.4,1.5,32.8
2024-04-06,Charlottetown,PE,4.3,1.1,18.2
2024-04-07,Charlottetown,PE,4.6,-0.6,30.2
2024-04-08,Charlottetown,PE,9.0,-1.0,26.3
2024-04-09,Charlottetown,PE,2.6,-2.5,28.9
2024-04-10,Charlottetown,PE,6.6,-4.2,14.4
2024-04-11,Charlottetown,PE,11.4,-1.6,24.1
2024-04-12,Charlottetown,PE,11.5,3.7,36.6
2024-04-13,Charlottetown,PE,14.6,6.9,39.1
2024-04-14,Charlottetown,PE,7.9,4.7,31.0
2024-04-15,Charlottetown,PE,10.8,3.8,18.6
2024-04-16,Charlottetown,PE,13.7,2.1,17.4
2024-04-17,Charlottetown,PE,6.2,1.6,19.7
2024-04-18,Charlottetown,PE,7.1,0.4,22.1
2024-04-19,Charlottetown,PE,7.4,0.6,18.4
2024-04-20,Charlottetown,PE,8.6,1.8,24.3
2024-04-21,Charlottetown,PE,11.5,3.6,16.6
2024-04-22,Charlottetown,PE,8.3,0.1,28.4
2024-04-23,Charlottetown,PE,10.4,-4.0,23.8
2024-04-24,Charlottetown,PE,9.3,0.7,24.0
2024-04-25,Charlottetown,PE,6.7,-2.5,35.8
2024-04-26,Charlottetown,PE,6.2,-2.9,14.8
2024-04-27,Charlottetown,PE,7.3,-4.4,17.3
2024-04-28,Charlottetown,PE,9.1,-4.7,11.6
2024-04-29,Charlottetown,PE,7.7,2.3,29.0
2024-04-30,Charlottetown,PE,4.6,1.9,32.9
2024-05-01,Charlottetown,PE,6.8,2.6,18.5
2024-05-02,Charlottetown,PE,6.2,2.8,23.8
2024-05-03,Charlottetown,PE,5.1,3.3,26.3
2024-05-04,Charlottetown,PE,9.4,1.2,17.9
2024-05-05,Charlottetown,PE,12.0,-1.1,23.0
2024-05-06,Charlottetown,PE,11.6,4.5,22.7
2024-05-07,Charlottetown,PE,14.5,6.9,20.5
2024-05-08,Charlottetown,PE,9.4,4.0,17.4
2024-05-09,Charlottetown,PE,5.5,2.7,20.9
2024-05-10,Charlottetown,PE,9.5,2.3,21.5
2024-05-11,Charlottetown,PE,9.3,0.8,13.1
2024-05-12,Charlottetown,PE,8.6,3.0,23.4
2024-05-13,Charlottetown,PE,11.7,0.2,11.4
2024-05-14,Charlottetown,PE,16.4,2.2,10.1
2024-05-15,Charlottetown,PE,18.7,4.4,13.8
2024-05-16,Charlottetown,PE,20.1,6.8,15.9
2024-05-17,Charlottetown,PE,16.5,5.9,16.9
2024-05-18,Charlottetown,PE,17.6,7.5,21.7
2024-05-19,Charlottetown,PE,12.9,8.0,19.5
2024-05-20,Charlottetown,PE,17.5,7.0,14.0
2024-05-21,Charlottetown,PE,20.7,9.3,22.4
2024-05-22,Charlottetown,PE,20.3,10.8,22.2
2024-05-23,Charlottetown,PE,24.3,11.9,20.0
2024-05-24,Charlottetown,PE,23.2,12.8,29.9
2024-05-25,Charlottetown,PE,14.4,7.3,18.5
2024-05-26,Charlottetown,PE,13.5,5.8,11.1
2024-05-27,Charlottetown,PE,16.2,3.3,25.2
2024-05-28,Charlottetown,PE,17.2,9.7,37.2
2024-05-29,Charlottetown,PE,21.6,11.9,22.3
2024-05-30,Charlottetown,PE,18.4,8.5,15.3
2024-05-31,Charlottetown,PE,14.8,7.2,19.2
2024-06-01,Charlottetown,PE,11.1,6.1,27.5
2024-06-02,Charlottetown,PE,10.6,8.1,30.7
2024-06-03,Charlottetown,PE,14.9,9.6,18.6
2024-06-04,Charlottetown,PE,16.6,9.5,20.2
2024-06-05,Charlottetown,PE,15.5,9.0,27.5
2024-06-06,Charlottetown,PE,16.2,8.5,13.1
2024-06-07,Charlottetown,PE,20.5,8.9,14.1
2024-06-08,Charlottetown,PE,19.5,12.1,18.3
2024-06-09,Charlottetown,PE,20.0,12.4,20.5
2024-06-10,Charlottetown,PE,19.1,13.0,21.8
2024-06-11,Charlottetown,PE,20.7,12.6,19.6
2024-06-12,Charlottetown,PE,21.2,11.4,13.7
2024-06-13,Charlottetown,PE,22.3,12.2,21.1
2024-06-14,Charlottetown,PE,25.0,14.2,21.2
2024-06-15,Charlottetown,PE,17.8,11.9,22.1
2024-06-16,Charlottetown,PE,18.5,11.2,23.4
2024-06-17,Charlottetown,PE,22.0,12.9,25.3
2024-06-18,Charlottetown,PE,24.0,15.3,22.9
2024-06-19,Charlottetown,PE,28.5,17.9,26.8
2024-06-20,Charlottetown,PE,30.0,19.6,25.1
2024-06-21,Charlottetown,PE,23.8,15.8,21.0
2024-06-22,Charlottetown,PE,23.1,13.9,15.5
2024-06-23,Charlottetown,PE,18.5,15.2,24.0
2024-06-24,Charlottetown,PE,19.5,14.7,30.0
2024-06-25,Charlottetown,PE,20.2,13.3,18.9
2024-06-26,Charlottetown,PE,25.5,12.9,30.5
2024-06-27,Charlottetown,PE,20.0,15.3,29.2
2024-06-28,Charlottetown,PE,17.0,11.1,25.4
2024-06-29,Charlottetown,PE,21.1,11.3,28.7
2024-06-30,Charlottetown,PE,22.2,14.2,30.5
2024-07-01,Charlottetown,PE,20.4,14.5,22.9
2024-07-02,Charlottetown,PE,23.8,11.5,9.9
2024-07-03,Charlottetown,PE,23.4,11.9,18.6
2024-07-04,Charlottetown,PE,23.3,15.9,21.2
2024-07-05,Charlottetown,PE,23.3,16.1,21.1
2024-07-06,Charlottetown,PE,20.0,16.9,22.0
2024-07-07,Charlottetown,PE,23.3,19.0,21.8
2024-07-08,Charlottetown,PE,25.7,18.1,13.5
2024-07-09,Charlottetown,PE,26.0,20.0,20.9
2024-07-10,Charlottetown,PE,26.7,19.6,26.7
2024-07-11,Charlottetown,PE,22.3,19.5,24.5
2024-07-12,Charlottetown,PE,25.2,19.8,22.8
2024-07-13,Charlottetown,PE,26.7,19.0,22.9
2024-07-14,Charlottetown,PE,26.4,18.6,18.4
2024-07-15,Charlottetown,PE,27.2,19.8,18.8
2024-07-16,Charlottetown,PE,28.0,19.9,25.7
2024-07-17,Charlottetown,PE,25.9,20.0,23.1
2024-07-18,Charlottetown,PE,25.1,20.7,21.6
2024-07-19,Charlottetown,PE,25.0,19.0,20.8
2024-07-20,Charlottetown,PE,25.3,17.7,19.7
2024-07-21,Charlottetown,PE,23.6,17.1,18.8
2024-07-22,Charlottetown,PE,24.1,16.5,25.7
2024-07-23,Charlottetown,PE,21.6,16.4,14.7
2024-07-24,Charlottetown,PE,23.5,17.9,8.4
2024-07-25,Charlottetown,PE,24.4,17.5,21.0
2024-07-26,Charlottetown,PE,22.2,15.4,22.7
2024-07-27,Charlottetown,PE,23.1,14.4,14.8
2024-07-28,Charlottetown,PE,26.9,17.3,23.0
2024-07-29,Charlottetown,PE,27.2,18.2,21.7
2024-07-30,Charlottetown,PE,23.2,17.5,19.9
2024-07-31,Charlottetown,PE,27.2,19.7,25.3
2024-08-01,Charlottetown,PE,26.0,21.3,25.7
2024-08-02,Charlottetown,PE,27.3,20.3,16.9
2024-08-03,Charlottetown,PE,27.5,20.9,22.6
2024-08-04,Charlottetown,PE,26.8,20.9,17.8
2024-08-05,Charlottetown,PE,25.9,19.0,19.4
2024-08-06,Charlottetown,PE,21.9,15.7,19.9
2024-08-07,Charlottetown,PE,22.0,16.7,19.0
2024-08-08,Charlottetown,PE,22.8,14.2,14.8
2024-08-09,Charlottetown,PE,21.1,15.7,22.6
2024-08-10,Charlottetown,PE,25.2,19.4,36.1
2024-08-11,Charlottetown,PE,25.2,19.3,20.4
2024-08-12,Charlottetown,PE,24.2,17.2,20.3
2024-08-13,Charlottetown,PE,22.6,16.0,12.1
2024-08-14,Charlottetown,PE,21.0,13.6,15.7
2024-08-15,Charlottetown,PE,22.4,10.6,11.3
2024-08-16,Charlottetown,PE,23.4,15.8,10.1
2024-08-17,Charlottetown,PE,25.1,16.3,17.8
2024-08-18,Charlottetown,PE,23.7,16.4,23.4
2024-08-19,Charlottetown,PE,24.9,18.4,13.0
2024-08-20,Charlottetown,PE,25.0,19.6,21.2
2024-08-21,Charlottetown,PE,21.9,19.1,17.5
2024-08-22,Charlottetown,PE,22.7,16.8,22.1
2024-08-23,Charlottetown,PE,21.2,16.0,17.9
2024-08-24,Charlottetown,PE,25.2,16.7,19.5
2024-08-25,Charlottetown,PE,26.4,17.9,16.4
2024-08-26,Charlottetown,PE,23.9,17.9,13.7
2024-08-27,Charlottetown,PE,24.0,18.3,20.9
2024-08-28,Charlottetown,PE,21.9,15.5,33.6
2024-08-29,Charlottetown,PE,18.0,11.5,27.1
2024-08-30,Charlottetown,PE,20.2,9.8,14.5
2024-08-31,Charlottetown,PE,22.5,14.2,24.9
2024-09-01,Charlottetown,PE,23.7,16.9,26.1
2024-09-02,Charlottetown,PE,20.2,14.2,21.9
2024-09-03,Charlottetown,PE,17.9,12.5,24.0
2024-09-04,Charlottetown,PE,21.4,13.8,18.7
2024-09-05,Charlottetown,PE,24.3,15.5,18.2
2024-09-06,Charlottetown,PE,21.4,15.3,19.5
2024-09-07,Charlottetown,PE,19.5,16.0,32.8
2024-09-08,Charlottetown,PE,20.9,15.6,28.1
2024-09-09,Charlottetown,PE,18.3,12.0,26.0
2024-09-10,Charlottetown,PE,19.9,13.2,19.5
2024-09-11,Charlottetown,PE,18.8,11.9,17.3
2024-09-12,Charlottetown,PE,20.7,11.8,12.3
2024-09-13,Charlottetown,PE,22.8,15.2,16.6
2024-09-14,Charlottetown,PE,16.7,11.1,23.0
2024-09-15,Charlottetown,PE,19.6,9.9,13.3
2024-09-16,Charlottetown,PE,24.2,15.2,25.7
2024-09-17,Charlottetown,PE,25.7,17.2,21.5
2024-09-18,Charlottetown,PE,24.9,17.7,16.3
2024-09-19,Charlottetown,PE,20.8,15.6,19.4
2024-09-20,Charlottetown,PE,20.0,13.3,21.2
2024-09-21,Charlottetown,PE,18.4,11.8,18.4
2024-09-22,Charlottetown,PE,17.4,10.7,15.8
2024-09-23,Charlottetown,PE,16.3,8.7,13.0
2024-09-24,Charlottetown,PE,16.8,11.1,18.6
2024-09-25,Charlottetown,PE,17.1,11.8,10.6
2024-09-26,Charlottetown,PE,16.1,10.2,19.4
2024-09-27,Charlottetown,PE,15.5,12.9,20.1
2024-09-28,Charlottetown,PE,17.0,12.6,20.9
2024-09-29,Charlottetown,PE,17.1,11.4,13.4
2024-09-30,Charlottetown,PE,17.4,13.1,22.6
2024-10-01,Charlottetown,PE,15.5,11.7,24.6
2024-10-02,Charlottetown,PE,15.3,9.5,10.4
2024-10-03,Charlottetown,PE,16.2,7.0,12.2
2024-10-04,Charlottetown,PE,18.6,12.7,17.4
2024-10-05,Charlottetown,PE,16.1,13.5,11.1
2024-10-06,Charlottetown,PE,16.8,12.0,15.2
2024-10-07,Charlottetown,PE,15.8,10.3,14.8
2024-10-08,Charlottetown,PE,15.5,11.8,38.7
2024-10-09,Charlottetown,PE,13.9,7.9,32.8
2024-10-10,Charlottetown,PE,12.6,8.5,21.0
2024-10-11,Charlottetown,PE,12.7,8.2,33.3
2024-10-12,Charlottetown,PE,12.1,10.2,34.5
2024-10-13,Charlottetown,PE,12.3,8.4,34.6
2024-10-14,Charlottetown,PE,15.2,8.1,32.3
2024-10-15,Charlottetown,PE,16.1,9.3,31.5
2024-10-16,Charlottetown,PE,9.5,6.3,31.4
2024-10-17,Charlottetown,PE,10.6,3.9,20.3
2024-10-18,Charlottetown,PE,11.6,4.2,17.5
2024-10-19,Charlottetown,PE,15.3,4.1,19.8
2024-10-20,Charlottetown,PE,16.3,9.4,24.1
2024-10-21,Charlottetown,PE,17.4,12.6,22.6
2024-10-22,Charlottetown,PE,13.7,8.0,18.1
2024-10-23,Charlottetown,PE,18.7,9.5,29.1
2024-10-24,Charlottetown,PE,17.2,10.5,27.6
2024-10-25,Charlottetown,PE,10.2,8.2,39.8
2024-10-26,Charlottetown,PE,12.3,5.1,25.4
2024-10-27,Charlottetown,PE,6.7,4.1,31.0
2024-10-28,Charlottetown,PE,5.4,1.1,29.8
2024-10-29,Charlottetown,PE,6.0,-1.8,19.4
2024-10-30,Charlottetown,PE,8.2,-1.8,27.3
2024-10-31,Charlottetown,PE,16.6,8.9,27.2
2024-11-01,Charlottetown,PE,14.6,6.8,27.7
2024-11-02,Charlottetown,PE,7.1,3.8,20.3
2024-11-03,Charlottetown,PE,4.2,0.9,23.3
2024-11-04,Charlottetown,PE,6.5,1.1,18.1
2024-11-05,Charlottetown,PE,11.1,3.5,25.2
2024-11-06,Charlottetown,PE,16.5,7.9,32.7
2024-11-07,Charlottetown,PE,8.6,4.4,25.6
2024-11-08,Charlottetown,PE,9.5,2.5,38.4
2024-11-09,Charlottetown,PE,5.1,2.3,37.9
2024-11-10,Charlottetown,PE,6.5,-0.1,23.9
2024-11-11,Charlottetown,PE,12.0,4.6,31.8
2024-11-12,Charlottetown,PE,9.8,2.2,40.5
2024-11-13,Charlottetown,PE,3.2,0.8,42.9
2024-11-14,Charlottetown,PE,3.8,1.5,39.4
2024-11-15,Charlottetown,PE,8.4,3.8,38.4
2024-11-16,Charlottetown,PE,8.2,6.9,18.7
2024-11-17,Charlottetown,PE,6.9,6.0,27.4
2024-11-18,Charlottetown,PE,6.1,4.5,28.6
2024-11-19,Charlottetown,PE,7.0,4.7,37.9
2024-11-20,Charlottetown,PE,8.0,6.4,37.4
2024-11-21,Charlottetown,PE,7.7,6.0,28.9
2024-11-22,Charlottetown,PE,8.3,6.1,25.2
2024-11-23,Charlottetown,PE,8.8,6.0,43.5
2024-11-24,Charlottetown,PE,8.0,3.6,41.0
2024-11-25,Charlottetown,PE,5.8,2.6,32.7
2024-11-26,Charlottetown,PE,6.1,4.1,27.6
2024-11-27,Charlottetown,PE,6.1,1.4,13.9
2024-11-28,Charlottetown,PE,3.9,-0.3,20.6
2024-11-29,Charlottetown,PE,5.5,1.1,37.9
2024-11-30,Charlottetown,PE,4.3,0.4,21.9
2024-12-01,Charlottetown,PE,2.5,-0.8,24.3
2024-12-02,Charlottetown,PE,1.9,-4.1,23.1
2024-12-03,Charlottetown,PE,-0.1,-4.1,19.0
2024-12-04,Charlottetown,PE,-2.0,-6.0,15.0
2024-12-05,Charlottetown,PE,6.0,-4.1,44.9
2024-12-06,Charlottetown,PE,3.4,-4.8,41.5
2024-12-07,Charlottetown,PE,-5.3,-7.5,31.6
2024-12-08,Charlottetown,PE,3.0,-7.8,42.1
2024-12-09,Charlottetown,PE,-0.7,-5.7,29.9
2024-12-10,Charlottetown,PE,0.9,-4.0,15.2
2024-12-11,Charlottetown,PE,10.4,1.3,40.5
2024-12-12,Charlottetown,PE,13.2,3.4,53.2
2024-12-13,Charlottetown,PE,3.7,-3.9,31.3
2024-12-14,Charlottetown,PE,-2.4,-5.4,27.4
2024-12-15,Charlottetown,PE,-2.3,-6.0,17.1
2024-12-16,Charlottetown,PE,1.3,-4.5,19.5
2024-12-17,Charlottetown,PE,7.7,-0.2,42.7
2024-12-18,Charlottetown,PE,5.5,1.4,24.5
2024-12-19,Charlottetown,PE,2.3,-2.7,23.0
2024-12-20,Charlottetown,PE,-1.3,-4.2,23.7
2024-12-21,Charlottetown,PE,0.6,-5.1,44.3
2024-12-22,Charlottetown,PE,-5.5,-9.7,31.1
2024-12-23,Charlottetown,PE,-6.9,-11.5,26.9
2024-12-24,Charlottetown,PE,-1.8,-12.5,26.2
2024-12-25,Charlottetown,PE,-0.7,-4.9,20.4
2024-12-26,Charlottetown,PE,-0.9,-2.1,21.1
2024-12-27,Charlottetown,PE,-2.1,-9.0,15.5
2024-12-28,Charlottetown,PE,-2.6,-9.3,10.5
2024-12-29,Charlottetown,PE,1.3,-4.6,10.2
2024-12-30,Charlottetown,PE,4.8,0.8,37.1
2024-12-31,Charlottetown,PE,6.6,0.9,39.4
2025-01-01,Charlottetown,PE,4.7,-2.2,30.1
2025-01-02,Charlottetown,PE,5.5,0.7,30.7
2025-01-03,Charlottetown,PE,0.6,-3.6,33.5
2025-01-04,Charlottetown,PE,-3.4,-9.3,25.9
2025-01-05,Charlottetown,PE,-6.0,-10.7,41.7
2025-01-06,Charlottetown,PE,-1.9,-5.2,40.7
2025-01-07,Charlottetown,PE,0.4,-5.1,21.4
2025-01-08,Charlottetown,PE,0.0,-4.5,26.9
2025-01-09,Charlottetown,PE,1.2,-3.9,31.6
2025-01-10,Charlottetown,PE,1.5,0.4,39.3
2025-01-11,Charlottetown,PE,0.3,-2.2,22.9
2025-01-12,Charlottetown,PE,-0.5,-2.2,23.2
2025-01-13,Charlottetown,PE,-2.1,-4.7,11.3
2025-01-14,Charlottetown,PE,-3.0,-6.6,15.1
2025-01-15,Charlottetown,PE,-1.6,-4.6,28.8
2025-01-16,Charlottetown,PE,-4.6,-6.6,19.7
2025-01-17,Charlottetown,PE,-6.7,-11.8,12.8
2025-01-18,Charlottetown,PE,0.2,-12.3,31.7
2025-01-19,Charlottetown,PE,4.6,0.7,35.4
2025-01-20,Charlottetown,PE,0.3,-10.9,38.2
2025-01-21,Charlottetown,PE,-11.0,-15.7,33.0
2025-01-22,Charlottetown,PE,-13.7,-17.5,19.9
2025-01-23,Charlottetown,PE,-4.6,-15.5,27.7
2025-01-24,Charlottetown,PE,-3.2,-10.3,25.3
2025-01-25,Charlottetown,PE,-10.4,-13.2,21.8
2025-01-26,Charlottetown,PE,-3.2,-11.2,21.4
2025-01-27,Charlottetown,PE,-1.6,-9.8,36.1
2025-01-28,Charlottetown,PE,0.1,-12.3,37.0
2025-01-29,Charlottetown,PE,-5.1,-15.7,27.2
2025-01-30,Charlottetown,PE,-5.6,-16.1,37.3
2025-01-31,Charlottetown,PE,-3.7,-16.4,34.7
2025-02-01,Charlottetown,PE,-8.3,-13.5,31.7
2025-02-02,Charlottetown,PE,-11.0,-17.2,29.7
2025-02-03,Charlottetown,PE,-1.6,-11.8,34.7
2025-02-04,Charlottetown,PE,0.5,-9.0,29.8
2025-02-05,Charlottetown,PE,-8.6,-16.0,30.7
2025-02-06,Charlottetown,PE,-4.0,-16.5,30.7
2025-02-07,Charlottetown,PE,2.5,-3.5,31.3
2025-02-08,Charlottetown,PE,-4.3,-13.0,27.2
2025-02-09,Charlottetown,PE,-7.8,-13.5,25.0
2025-02-10,Charlottetown,PE,-9.6,-16.4,23.0
2025-02-11,Charlottetown,PE,-9.1,-16.9,25.0
2025-02-12,Charlottetown,PE,-8.7,-16.5,24.1
2025-02-13,Charlottetown,PE,-0.9,-19.0,36.6
2025-02-14,Charlottetown,PE,1.1,-12.4,49.8
2025-02-15,Charlottetown,PE,-9.8,-15.5,47.6
2025-02-16,Charlottetown,PE,-7.0,-14.2,34.4
2025-02-17,Charlottetown,PE,4.8,-10.1,58.6
2025-02-18,Charlottetown,PE,-7.5,-12.3,58.4
2025-02-19,Charlottetown,PE,-3.4,-8.4,29.0
2025-02-20,Charlottetown,PE,-4.3,-9.7,20.2
2025-02-21,Charlottetown,PE,-3.0,-8.2,36.6
2025-02-22,Charlottetown,PE,-5.3,-12.9,26.0
2025-02-23,Charlottetown,PE,-1.2,-10.8,23.4
2025-02-24,Charlottetown,PE,-3.3,-9.3,28.3
2025-02-25,Charlottetown,PE,3.5,-3.4,33.5
2025-02-26,Charlottetown,PE,2.3,-0.4,34.3
2025-02-27,Charlottetown,PE,3.7,-8.1,47.0
2025-02-28,Charlottetown,PE,4.7,-6.8,44.6
2025-03-01,Charlottetown,PE,2.5,-11.7,37.4
2025-03-02,Charlottetown,PE,4.1,-9.6,38.6
2025-03-03,Charlottetown,PE,-10.4,-14.9,27.5
2025-03-04,Charlottetown,PE,-1.0,-14.5,28.1
2025-03-05,Charlottetown,PE,1.4,-1.5,21.3
2025-03-06,Charlottetown,PE,9.4,1.6,38.5
2025-03-07,Charlottetown,PE,8.4,-2.9,34.0
2025-03-08,Charlottetown,PE,-1.3,-6.4,46.9
2025-03-09,Charlottetown,PE,-0.8,-7.8,31.5
2025-03-10,Charlottetown,PE,-0.2,-7.7,21.1
2025-03-11,Charlottetown,PE,3.0,-7.8,30.8
2025-03-12,Charlottetown,PE,3.9,-5.3,33.2
2025-03-13,Charlottetown,PE,-2.6,-6.7,21.4
2025-03-14,Charlottetown,PE,6.6,-5.0,22.8
2025-03-15,Charlottetown,PE,8.8,-2.1,24.3
2025-03-16,Charlottetown,PE,10.1,1.0,26.3
2025-03-17,Charlottetown,PE,11.4,7.9,35.1
2025-03-18,Charlottetown,PE,8.7,-0.5,27.5
2025-03-19,Charlottetown,PE,5.9,-2.2,15.6
2025-03-20,Charlottetown,PE,9.8,-2.1,24.7
2025-03-21,Charlottetown,PE,9.8,3.9,17.8
2025-03-22,Charlottetown,PE,9.6,1.1,30.7
2025-03-23,Charlottetown,PE,6.5,-3.1,31.5
2025-03-24,Charlottetown,PE,0.2,-5.6,25.8
2025-03-25,Charlottetown,PE,3.9,-1.6,27.3
2025-03-26,Charlottetown,PE,7.8,-0.3,15.8
2025-03-27,Charlottetown,PE,2.6,-0.5,12.7
2025-03-28,Charlottetown,PE,5.6,-1.4,25.7
2025-03-29,Charlottetown,PE,0.8,-6.5,22.1
2025-03-30,Charlottetown,PE,2.6,-5.0,14.0
2025-03-31,Charlottetown,PE,8.6,-1.2,30.4
2025-04-01,Charlottetown,PE,9.0,0.8,25.9
2025-04-02,Charlottetown,PE,0.3,-5.7,29.9
2025-04-03,Charlottetown,PE,1.9,-4.3,32.1
2025-04-04,Charlottetown,PE,6.1,-0.1,23.1
2025-04-05,Charlottetown,PE,1.8,-1.0,27.1
2025-04-06,Charlottetown,PE,5.2,-0.4,30.3
2025-04-07,Charlottetown,PE,5.2,-1.6,22.8
2025-04-08,Charlottetown,PE,-0.2,-2.6,17.7
2025-04-09,Charlottetown,PE,1.8,-2.4,26.7
2025-04-10,Charlottetown,PE,5.4,-2.1,30.7
2025-04-11,Charlottetown,PE,7.9,-1.5,19.1
2025-04-12,Charlottetown,PE,10.2,-0.7,13.3
2025-04-13,Charlottetown,PE,5.3,1.5,20.5
2025-04-14,Charlottetown,PE,4.0,1.0,33.9
2025-04-15,Charlottetown,PE,11.7,1.9,27.5
2025-04-16,Charlottetown,PE,11.3,3.9,35.3
2025-04-17,Charlottetown,PE,8.7,2.2,27.9
2025-04-18,Charlottetown,PE,9.4,0.6,22.3
2025-04-19,Charlottetown,PE,11.1,3.8,26.0
2025-04-20,Charlottetown,PE,9.6,5.0,50.5
2025-04-21,Charlottetown,PE,8.1,0.6,49.4
2025-04-22,Charlottetown,PE,7.0,0.9,21.7
2025-04-23,Charlottetown,PE,10.3,3.6,16.4
2025-04-24,Charlottetown,PE,6.7,0.8,17.3
2025-04-25,Charlottetown,PE,9.1,0.5,11.0
2025-04-26,Charlottetown,PE,11.1,1.6,40.5
2025-04-27,Charlottetown,PE,10.7,2.8,37.6
2025-04-28,Charlottetown,PE,7.9,0.7,34.3
2025-04-29,Charlottetown,PE,12.8,-1.3,28.9
2025-04-30,Charlottetown,PE,16.6,5.2,35.8
2025-05-01,Charlottetown,PE,9.0,1.0,30.4
2025-05-02,Charlottetown,PE,9.8,0.7,21.8
2025-05-03,Charlottetown,PE,17.3,5.4,18.6
2025-05-04,Charlottetown,PE,9.3,7.2,15.5
2025-05-05,Charlottetown,PE,10.8,4.1,19.6
2025-05-06,Charlottetown,PE,16.3,3.8,23.3
2025-05-07,Charlottetown,PE,14.8,8.9,24.5
2025-05-08,Charlottetown,PE,18.9,4.3,22.5
2025-05-09,Charlottetown,PE,6.6,3.1,20.9
2025-05-10,Charlottetown,PE,11.0,3.5,22.3
2025-05-11,Charlottetown,PE,12.4,3.4,34.9
2025-05-12,Charlottetown,PE,11.7,3.1,22.6
2025-05-13,Charlottetown,PE,7.6,3.4,30.3
2025-05-14,Charlottetown,PE,17.4,3.0,34.3
2025-05-15,Charlottetown,PE,23.0,12.2,32.4
2025-05-16,Charlottetown,PE,15.5,7.0,23.1
2025-05-17,Charlottetown,PE,15.9,7.1,22.4
2025-05-18,Charlottetown,PE,12.1,8.9,27.9
2025-05-19,Charlottetown,PE,14.9,7.0,19.7
2025-05-20,Charlottetown,PE,8.0,5.4,35.2
2025-05-21,Charlottetown,PE,8.5,3.8,25.8
2025-05-22,Charlottetown,PE,11.8,2.9,18.9
2025-05-23,Charlottetown,PE,7.8,3.8,34.3
2025-05-24,Charlottetown,PE,11.4,7.6,24.0
2025-05-25,Charlottetown,PE,11.1,5.9,18.6
2025-05-26,Charlottetown,PE,10.2,4.8,18.9
2025-05-27,Charlottetown,PE,18.9,4.8,14.1
2025-05-28,Charlottetown,PE,24.5,11.6,23.5
2025-05-29,Charlottetown,PE,21.7,11.6,36.5
2025-05-30,Charlottetown,PE,18.8,12.2,31.5
2025-05-31,Charlottetown,PE,17.7,11.3,33.9
2025-06-01,Charlottetown,PE,16.9,12.0,44.1
2025-06-02,Charlottetown,PE,17.4,10.3,29.7
2025-06-03,Charlottetown,PE,20.1,9.3,18.3
2025-06-04,Charlottetown,PE,21.7,11.4,18.2
2025-06-05,Charlottetown,PE,23.8,13.0,22.6
2025-06-06,Charlottetown,PE,21.3,12.5,16.2
2025-06-07,Charlottetown,PE,20.9,12.1,12.7
2025-06-08,Charlottetown,PE,15.1,9.4,33.9
2025-06-09,Charlottetown,PE,19.5,8.6,21.6
2025-06-10,Charlottetown,PE,19.3,9.5,25.2
2025-06-11,Charlottetown,PE,21.3,13.5,26.4
2025-06-12,Charlottetown,PE,19.9,14.1,28.8
2025-06-13,Charlottetown,PE,14.6,8.3,22.5
2025-06-14,Charlottetown,PE,16.7,7.9,10.6
2025-06-15,Charlottetown,PE,18.2,9.5,19.3
2025-06-16,Charlottetown,PE,20.7,11.6,24.0
2025-06-17,Charlottetown,PE,20.4,13.1,26.0
2025-06-18,Charlottetown,PE,20.5,12.1,27.6
2025-06-19,Charlottetown,PE,23.3,16.2,21.1
2025-06-20,Charlottetown,PE,24.7,16.9,30.2
2025-06-21,Charlottetown,PE,21.8,13.2,38.6
2025-06-22,Charlottetown,PE,22.1,11.7,27.2
2025-06-23,Charlottetown,PE,18.8,14.9,16.4
2025-06-24,Charlottetown,PE,27.7,14.4,24.4
2025-06-25,Charlottetown,PE,23.3,13.3,24.6
2025-06-26,Charlottetown,PE,17.8,12.2,18.3
2025-06-27,Charlottetown,PE,18.7,12.6,20.9
2025-06-28,Charlottetown,PE,19.7,14.8,25.6
2025-06-29,Charlottetown,PE,18.2,12.7,29.3
2025-06-30,Charlottetown,PE,21.6,15.2,15.3
2025-07-01,Charlottetown,PE,25.2,16.2,25.6
2025-07-02,Charlottetown,PE,26.1,18.7,22.9
2025-07-03,Charlottetown,PE,25.6,18.1,19.7
2025-07-04,Charlottetown,PE,21.8,15.7,13.8
2025-07-05,Charlottetown,PE,19.9,15.1,19.3
2025-07-06,Charlottetown,PE,24.1,16.8,31.4
2025-07-07,Charlottetown,PE,21.0,16.7,21.7
2025-07-08,Charlottetown,PE,19.8,13.7,17.1
2025-07-09,Charlottetown,PE,23.0,11.3,9.4
2025-07-10,Charlottetown,PE,23.8,14.6,14.4
2025-07-11,Charlottetown,PE,21.1,15.4,15.5
2025-07-12,Charlottetown,PE,23.4,12.9,13.7
2025-07-13,Charlottetown,PE,24.3,16.6,20.7
2025-07-14,Charlottetown,PE,25.7,16.9,22.5
2025-07-15,Charlottetown,PE,26.7,18.8,22.6
2025-07-16,Charlottetown,PE,28.2,18.7,19.0
2025-07-17,Charlottetown,PE,27.8,19.8,25.9
2025-07-18,Charlottetown,PE,24.6,17.3,32.5
2025-07-19,Charlottetown,PE,25.2,16.7,21.4
2025-07-20,Charlottetown,PE,22.0,17.3,27.2
2025-07-21,Charlottetown,PE,19.1,13.7,26.2
2025-07-22,Charlottetown,PE,20.8,13.8,27.9
2025-07-23,Charlottetown,PE,23.1,14.3,14.3
2025-07-24,Charlottetown,PE,24.3,16.6,31.4
2025-07-25,Charlottetown,PE,24.2,18.7,30.4
2025-07-26,Charlottetown,PE,20.3,16.6,26.7
2025-07-27,Charlottetown,PE,24.7,15.7,35.7
2025-07-28,Charlottetown,PE,25.0,16.7,27.3
2025-07-29,Charlottetown,PE,27.0,17.8,24.0
2025-07-30,Charlottetown,PE,24.4,15.7,15.7
2025-07-31,Charlottetown,PE,21.9,16.3,15.3
2025-08-01,Charlottetown,PE,21.4,14.5,16.4
2025-08-02,Charlottetown,PE,22.1,11.0,14.6
2025-08-03,Charlottetown,PE,24.9,16.8,29.7
2025-08-04,Charlottetown,PE,24.9,17.5,24.7
2025-08-05,Charlottetown,PE,22.0,13.2,17.5
2025-08-06,Charlottetown,PE,21.4,13.0,17.1
2025-08-07,Charlottetown,PE,23.6,13.0,11.5
2025-08-08,Charlottetown,PE,25.5,15.2,11.0
2025-08-09,Charlottetown,PE,25.7,17.0,19.6
2025-08-10,Charlottetown,PE,27.0,18.3,20.5
2025-08-11,Charlottetown,PE,28.8,20.0,21.4
2025-08-12,Charlottetown,PE,30.7,20.7,20.3
2025-08-13,Charlottetown,PE,27.7,20.1,22.2
2025-08-14,Charlottetown,PE,27.4,20.3,28.3
2025-08-15,Charlottetown,PE,21.3,14.5,26.0
2025-08-16,Charlottetown,PE,22.4,12.0,15.7
2025-08-17,Charlottetown,PE,25.5,16.6,22.8
2025-08-18,Charlottetown,PE,17.9,14.3,33.8
2025-08-19,Charlottetown,PE,17.3,11.7,24.9
2025-08-20,Charlottetown,PE,19.4,11.9,10.9
2025-08-21,Charlottetown,PE,20.9,11.7,11.2
2025-08-22,Charlottetown,PE,20.4,11.9,23.0
2025-08-23,Charlottetown,PE,23.5,11.5,27.8
2025-08-24,Charlottetown,PE,24.9,17.1,29.9
2025-08-25,Charlottetown,PE,23.0,18.0,23.7
2025-08-26,Charlottetown,PE,23.0,17.8,29.1
2025-08-27,Charlottetown,PE,21.9,15.6,18.8
2025-08-28,Charlottetown,PE,22.1,14.8,16.1
2025-08-29,Charlottetown,PE,21.7,15.0,21.5
2025-08-30,Charlottetown,PE,21.8,13.7,21.4
2025-08-31,Charlottetown,PE,20.0,14.8,17.8
2025-09-01,Charlottetown,PE,21.6,13.5,15.3
2025-09-02,Charlottetown,PE,22.2,11.7,9.7
2025-09-03,Charlottetown,PE,24.1,15.5,21.8
2025-09-04,Charlottetown,PE,23.0,14.9,15.9
2025-09-05,Charlottetown,PE,23.8,15.9,26.3
2025-09-06,Charlottetown,PE,27.0,19.0,29.6
2025-09-07,Charlottetown,PE,21.7,17.5,28.6
2025-09-08,Charlottetown,PE,19.8,14.8,19.0
2025-09-09,Charlottetown,PE,19.4,11.3,13.6
2025-09-10,Charlottetown,PE,19.5,12.9,16.0
2025-09-11,Charlottetown,PE,20.4,13.5,19.5
2025-09-12,Charlottetown,PE,16.1,11.1,26.1
2025-09-13,Charlottetown,PE,18.0,10.7,18.9
2025-09-14,Charlottetown,PE,20.7,14.5,20.0
2025-09-15,Charlottetown,PE,20.0,12.8,20.2
2025-09-16,Charlottetown,PE,19.6,11.9,17.8
2025-09-17,Charlottetown,PE,22.1,11.4,18.6
2025-09-18,Charlottetown,PE,22.0,15.2,23.2
2025-09-19,Charlottetown,PE,18.2,12.7,24.8
2025-09-20,Charlottetown,PE,14.7,7.8,28.1
2025-09-21,Charlottetown,PE,17.0,8.9,18.9
2025-09-22,Charlottetown,PE,19.5,11.6,19.5
2025-09-23,Charlottetown,PE,20.3,12.9,20.7
2025-09-24,Charlottetown,PE,16.9,9.0,21.7
2025-09-25,Charlottetown,PE,17.5,7.5,21.2
2025-09-26,Charlottetown,PE,21.4,15.4,42.0
2025-09-27,Charlottetown,PE,16.9,10.4,22.4
2025-09-28,Charlottetown,PE,20.2,10.5,35.5
2025-09-29,Charlottetown,PE,20.5,13.2,22.3
2025-09-30,Charlottetown,PE,15.8,9.1,19.7
2025-10-01,Charlottetown,PE,12.2,7.2,27.7
2025-10-02,Charlottetown,PE,13.4,7.7,21.6
2025-10-03,Charlottetown,PE,18.6,9.1,25.1
2025-10-04,Charlottetown,PE,17.8,10.5,18.4
2025-10-05,Charlottetown,PE,15.9,6.0,18.8
2025-10-06,Charlottetown,PE,24.3,14.5,23.2
2025-10-07,Charlottetown,PE,22.0,15.1,24.9
2025-10-08,Charlottetown,PE,20.4,11.1,33.3
2025-10-09,Charlottetown,PE,10.8,7.6,35.4
2025-10-10,Charlottetown,PE,11.2,5.6,24.7
2025-10-11,Charlottetown,PE,15.7,8.5,28.9
2025-10-12,Charlottetown,PE,12.3,4.9,16.9
2025-10-13,Charlottetown,PE,13.7,2.6,13.3
2025-10-14,Charlottetown,PE,14.9,1.4,9.2
2025-10-15,Charlottetown,PE,14.6,8.6,14.9
2025-10-16,Charlottetown,PE,14.4,9.2,21.1
2025-10-17,Charlottetown,PE,13.3,10.4,25.8
2025-10-18,Charlottetown,PE,12.5,10.5,28.8
2025-10-19,Charlottetown,PE,13.9,10.9,20.9
2025-10-20,Charlottetown,PE,13.8,9.6,20.6
2025-10-21,Charlottetown,PE,15.4,11.8,32.8
2025-10-22,Charlottetown,PE,16.3,10.1,31.9
2025-10-23,Charlottetown,PE,16.5,12.9,32.0
2025-10-24,Charlottetown,PE,14.1,7.8,20.4
2025-10-25,Charlottetown,PE,11.0,5.8,14.4
2025-10-26,Charlottetown,PE,10.2,4.2,13.5
2025-10-27,Charlottetown,PE,10.5,4.4,31.7
2025-10-28,Charlottetown,PE,9.8,7.3,31.7
2025-10-29,Charlottetown,PE,12.1,4.3,14.7
2025-10-30,Charlottetown,PE,12.8,4.9,20.0
2025-10-31,Charlottetown,PE,15.6,10.5,39.4
2025-11-01,Charlottetown,PE,11.8,8.1,45.1
2025-11-02,Charlottetown,PE,8.4,5.4,37.3
2025-11-03,Charlottetown,PE,7.4,1.2,19.7
2025-11-04,Charlottetown,PE,7.3,5.6,39.1
2025-11-05,Charlottetown,PE,9.3,5.0,37.5
2025-11-06,Charlottetown,PE,6.9,2.7,33.0
2025-11-07,Charlottetown,PE,4.7,0.8,35.5
2025-11-08,Charlottetown,PE,12.0,3.0,25.4
2025-11-09,Charlottetown,PE,7.8,-1.3,22.4
2025-11-10,Charlottetown,PE,12.4,0.1,39.4
2025-11-11,Charlottetown,PE,15.2,5.2,36.1
2025-11-12,Charlottetown,PE,6.3,1.0,43.0
2025-11-13,Charlottetown,PE,5.4,1.6,25.2
2025-11-14,Charlottetown,PE,5.5,2.2,32.5
2025-11-15,Charlottetown,PE,2.7,0.4,22.9
2025-11-16,Charlottetown,PE,9.2,0.2,39.8
2025-11-17,Charlottetown,PE,9.2,2.5,40.5
2025-11-18,Charlottetown,PE,4.1,2.2,33.4
2025-11-19,Charlottetown,PE,5.8,0.8,26.8
2025-11-20,Charlottetown,PE,3.4,-2.0,13.9
2025-11-21,Charlottetown,PE,5.6,-3.8,7.1
2025-11-22,Charlottetown,PE,6.4,0.8,18.8
2025-11-23,Charlottetown,PE,2.7,-1.0,23.3
2025-11-24,Charlottetown,PE,4.2,-1.7,13.9
2025-11-25,Charlottetown,PE,5.6,-2.2,27.0
2025-11-26,Charlottetown,PE,7.4,1.2,19.5
2025-11-27,Charlottetown,PE,10.6,3.1,29.7
2025-11-28,Charlottetown,PE,4.6,1.2,18.4
2025-11-29,Charlottetown,PE,2.2,-1.3,35.8
2025-11-30,Charlottetown,PE,1.6,-3.3,25.5
2025-12-01,Charlottetown,PE,8.1,-3.3,42.0
2025-12-02,Charlottetown,PE,-0.6,-6.1,21.3
2025-12-03,Charlottetown,PE,1.3,-1.2,38.1
2025-12-04,Charlottetown,PE,2.7,-5.3,31.2
2025-12-05,Charlottetown,PE,-6.2,-13.7,42.3
2025-12-06,Charlottetown,PE,-0.8,-12.0,19.5
2025-12-07,Charlottetown,PE,0.2,-6.7,19.1
2025-12-08,Charlottetown,PE,-6.0,-11.5,35.0
2025-12-09,Charlottetown,PE,-8.1,-11.4,31.3
2025-12-10,Charlottetown,PE,1.9,-8.3,30.3
2025-12-11,Charlottetown,PE,5.8,-0.4,34.1
2025-12-12,Charlottetown,PE,-1.2,-7.4,46.7
2025-12-13,Charlottetown,PE,-3.2,-6.5,31.9
2025-12-14,Charlottetown,PE,-1.4,-7.1,21.6
2025-12-15,Charlottetown,PE,-2.1,-9.3,33.9
2025-12-16,Charlottetown,PE,-5.6,-9.5,28.4
2025-12-17,Charlottetown,PE,3.7,-4.9,33.4
2025-12-18,Charlottetown,PE,2.0,-3.6,29.6
2025-12-19,Charlottetown,PE,11.2,1.2,56.8
2025-12-20,Charlottetown,PE,11.5,-3.2,60.0
2025-12-21,Charlottetown,PE,4.3,-3.7,37.6
2025-12-22,Charlottetown,PE,-0.3,-9.4,31.1
2025-12-23,Charlottetown,PE,-9.5,-11.3,25.6
2025-12-24,Charlottetown,PE,-5.1,-10.1,19.4
2025-12-25,Charlottetown,PE,-3.8,-5.8,21.5
2025-12-26,Charlottetown,PE,-3.5,-6.4,33.0
2025-12-27,Charlottetown,PE,-4.7,-5.8,33.7
2025-12-28,Charlottetown,PE,-3.7,-6.3,35.2
2025-12-29,Charlottetown,PE,-0.2,-10.6,32.1
2025-12-30,Charlottetown,PE,4.5,-7.1,45.8
2025-12-31,Charlottetown,PE,-3.4,-9.7,33.2
2026-01-01,Charlottetown,PE,1.6,-4.2,35.1
2026-01-02,Charlottetown,PE,1.3,-11.0,43.4
2026-01-03,Charlottetown,PE,-10.9,-13.4,33.6
2026-01-04,Charlottetown,PE,-12.9,-15.3,20.2
2026-01-05,Charlottetown,PE,-8.3,-14.9,26.8
2026-01-06,Charlottetown,PE,-2.2,-14.5,16.7
2026-01-07,Charlottetown,PE,1.2,-2.1,21.3
2026-01-08,Charlottetown,PE,0.4,-1.6,28.9
2026-01-09,Charlottetown,PE,0.8,-4.2,26.4
2026-01-10,Charlottetown,PE,5.1,-1.0,44.8
2026-01-11,Charlottetown,PE,0.4,-3.7,22.3
2026-01-12,Charlottetown,PE,0.8,-6.2,43.6
2026-01-13,Charlottetown,PE,0.9,-7.1,24.5
2026-01-14,Charlottetown,PE,6.4,0.4,29.5
2026-01-15,Charlottetown,PE,7.3,3.3,21.3
2026-01-16,Charlottetown,PE,4.8,-7.9,43.5
2026-01-17,Charlottetown,PE,-0.2,-9.4,33.8
2026-01-18,Charlottetown,PE,1.6,-3.4,23.8
2026-01-19,Charlottetown,PE,-0.8,-6.5,23.1
2026-01-20,Charlottetown,PE,-1.1,-11.8,40.6
2026-01-21,Charlottetown,PE,-7.7,-14.2,39.3
2026-01-22,Charlottetown,PE,1.4,-11.8,26.4
2026-01-23,Charlottetown,PE,-2.1,-10.0,24.3
2026-01-24,Charlottetown,PE,-11.2,-19.9,37.2
2026-01-25,Charlottetown,PE,-16.4,-21.7,30.0
2026-01-26,Charlottetown,PE,-7.1,-16.8,24.7
2026-01-27,Charlottetown,PE,-6.2,-12.8,35.9
2026-01-28,Charlottetown,PE,-9.9,-15.9,28.0
2026-01-29,Charlottetown,PE,-11.7,-15.6,25.1
2026-01-30,Charlottetown,PE,-7.8,-14.7,28.7
2026-01-31,Charlottetown,PE,-8.0,-12.5,27.7
2026-02-01,Charlottetown,PE,-4.6,-18.6,38.9
2026-02-02,Charlottetown,PE,-2.6,-4.7,40.5
2026-02-03,Charlottetown,PE,-2.0,-4.6,24.9
2026-02-04,Charlottetown,PE,-1.2,-6.4,8.0
2026-02-05,Charlottetown,PE,-3.1,-8.1,16.1
2026-02-06,Charlottetown,PE,-5.0,-16.1,20.5
2026-02-07,Charlottetown,PE,-2.9,-7.2,23.2
2026-02-08,Charlottetown,PE,-4.6,-8.4,36.6
2026-02-09,Charlottetown,PE,-4.5,-7.7,26.8
2026-02-10,Charlottetown,PE,-2.9,-4.3,32.9
2026-02-11,Charlottetown,PE,-1.2,-6.0,24.4
2026-02-12,Charlottetown,PE,-1.5,-3.2,35.7
2026-02-13,Charlottetown,PE,-4.3,-8.6,28.0
2026-02-14,Charlottetown,PE,-4.7,-11.2,19.1
2026-02-15,Charlottetown,PE,-3.9,-8.3,19.9
2026-02-16,Charlottetown,PE,-1.3,-5.9,18.3
2026-02-17,Charlottetown,PE,-2.4,-7.5,15.3
2026-02-18,Charlottetown,PE,0.0,-9.0,18.9
2026-02-19,Charlottetown,PE,-1.8,-8.4,27.1
2026-02-20,Charlottetown,PE,-5.1,-13.4,15.8
2026-02-21,Charlottetown,PE,-1.5,-14.9,48.4
2026-02-22,Charlottetown,PE,-2.0,-4.9,43.7
2026-02-23,Charlottetown,PE,-1.5,-4.9,43.3
2026-02-24,Charlottetown,PE,-0.9,-4.1,48.5
2026-02-25,Charlottetown,PE,-2.1,-7.6,22.3
2026-02-26,Charlottetown,PE,2.0,-2.2,25.9
2026-02-27,Charlottetown,PE,-0.6,-10.1,17.9
2026-02-28,Charlottetown,PE,1.2,-11.0,33.1
2026-03-01,Charlottetown,PE,1.8,-11.7,30.9
2026-03-02,Charlottetown,PE,-11.9,-17.3,32.4
2026-03-03,Charlottetown,PE,0.3,-14.6,37.7
2026-03-04,Charlottetown,PE,2.6,-1.9,30.0
2026-03-05,Charlottetown,PE,2.2,-18.1,31.3
2026-03-06,Charlottetown,PE,-6.3,-20.0,10.1
2026-03-07,Charlottetown,PE,4.7,-9.0,35.0
2026-03-08,Charlottetown,PE,6.2,3.1,42.9
2026-03-09,Charlottetown,PE,6.1,1.1,28.9
2026-03-10,Charlottetown,PE,9.2,0.2,32.8
2026-03-11,Charlottetown,PE,-0.7,-4.2,24.4
2026-03-12,Charlottetown,PE,7.7,-2.9,35.1
2026-03-13,Charlottetown,PE,1.3,-6.4,35.0
2026-03-14,Charlottetown,PE,0.1,-6.6,33.0
2026-03-15,Charlottetown,PE,-0.9,-6.7,30.3
2026-03-16,Charlottetown,PE,8.1,-3.1,39.8
2026-03-17,Charlottetown,PE,12.7,2.1,50.2
2026-03-18,Charlottetown,PE,1.6,-7.1,28.6
2026-03-19,Charlottetown,PE,0.9,-9.2,14.8
2026-03-20,Charlottetown,PE,3.6,-3.3,22.7
2026-03-21,Charlottetown,PE,1.3,-2.5,32.0
2026-03-22,Charlottetown,PE,-2.2,-6.4,23.1
2026-03-23,Charlottetown,PE,-2.0,-5.3,26.8
2026-03-24,Charlottetown,PE,-3.0,-7.1,28.6
2026-03-25,Charlottetown,PE,1.3,-5.1,28.9
2026-03-26,Charlottetown,PE,2.8,-7.1,29.4
2026-03-27,Charlottetown,PE,3.8,-6.8,28.4
2026-03-28,Charlottetown,PE,-7.2,-12.1,25.2
2026-03-29,Charlottetown,PE,-0.1,-13.5,25.0
2026-03-30,Charlottetown,PE,4.7,-1.5,35.5
2026-03-31,Charlottetown,PE,4.0,-2.9,28.1
2026-04-01,Charlottetown,PE,2.1,-2.4,21.9
2026-04-02,Charlottetown,PE,3.1,-3.5,20.6
2026-04-03,Charlottetown,PE,0.2,-3.6,27.7
2026-04-04,Charlottetown,PE,0.9,-3.6,39.0
2026-04-05,Charlottetown,PE,4.9,-3.1,35.7
2026-04-06,Charlottetown,PE,6.3,0.6,25.7
2026-04-07,Charlottetown,PE,2.7,-3.2,21.6
2026-04-08,Charlottetown,PE,2.8,-3.9,17.1
2026-04-09,Charlottetown,PE,8.0,-2.5,29.4
2026-04-10,Charlottetown,PE,12.3,0.9,28.2
2026-04-11,Charlottetown,PE,7.5,0.2,29.3
2026-04-12,Charlottetown,PE,6.2,-0.1,35.3
2026-04-13,Charlottetown,PE,6.5,-0.6,32.5
2026-04-14,Charlottetown,PE,11.5,5.3,26.5
2026-04-15,Charlottetown,PE,8.7,3.9,19.2
2026-04-16,Charlottetown,PE,10.8,3.7,22.5
2026-04-17,Charlottetown,PE,8.5,1.7,22.2
2026-04-18,Charlottetown,PE,12.0,0.2,26.7
2026-04-19,Charlottetown,PE,14.5,1.6,31.1
2026-04-20,Charlottetown,PE,9.0,-0.5,27.2
2026-04-21,Charlottetown,PE,1.0,-4.4,19.7
2026-04-22,Charlottetown,PE,3.2,-6.5,17.4
2026-04-23,Charlottetown,PE,7.2,-1.2,13.8
2026-04-24,Charlottetown,PE,3.8,-0.4,22.9
2026-04-25,Charlottetown,PE,4.7,0.8,33.6
2026-04-26,Charlottetown,PE,9.4,0.1,21.2
2026-04-27,Charlottetown,PE,10.9,-2.3,15.5
2026-04-28,Charlottetown,PE,13.4,0.7,20.5
2026-04-29,Charlottetown,PE,10.4,1.3,20.5
2026-04-30,Charlottetown,PE,11.4,2.9,23.6
2026-05-01,Charlottetown,PE,10.3,6.1,33.8
2026-05-02,Charlottetown,PE,13.3,5.2,19.3
2026-05-03,Charlottetown,PE,8.9,2.8,41.9
2026-05-04,Charlottetown,PE,12.9,1.7,44.8
2026-05-05,Charlottetown,PE,19.8,5.7,35.1
2026-05-06,Charlottetown,PE,18.3,11.6,40.4
2026-05-07,Charlottetown,PE,12.7,7.9,38.1
2026-05-08,Charlottetown,PE,11.7,3.4,14.3
2026-05-09,Charlottetown,PE,12.9,2.5,13.9
2026-05-10,Charlottetown,PE,15.6,7.5,36.9
2026-05-11,Charlottetown,PE,13.1,9.3,25.7
2026-05-12,Charlottetown,PE,8.9,3.8,24.6
2026-05-13,Charlottetown,PE,13.4,4.1,25.5
2026-05-14,Charlottetown,PE,16.4,7.4,22.9
2026-05-15,Charlottetown,PE,11.6,6.8,32.1
2026-05-16,Charlottetown,PE,21.0,7.0,31.9
2026-05-17,Charlottetown,PE,20.5,11.2,32.0
2026-05-18,Charlottetown,PE,15.9,7.8,28.7
2026-05-19,Charlottetown,PE,17.0,8.7,20.0
2026-05-20,Charlottetown,PE,23.5,8.7,31.4
2026-05-21,Charlottetown,PE,14.1,5.3,32.4
2026-05-22,Charlottetown,PE,12.4,3.3,26.9
2026-05-23,Charlottetown,PE,11.6,3.0,19.6
2026-05-24,Charlottetown,PE,19.2,7.9,18.3
2026-05-25,Charlottetown,PE,14.1,9.6,39.7
2026-05-26,Charlottetown,PE,16.0,6.6,28.3
2026-05-27,Charlottetown,PE,10.4,7.5,27.5
2026-05-28,Charlottetown,PE,7.2,5.5,22.1
2026-05-29,Charlottetown,PE,6.6,4.1,24.1
2026-05-30,Charlottetown,PE,7.8,3.0,31.3
2026-05-31,Charlottetown,PE,8.2,2.7,16.9
2026-06-01,Charlottetown,PE,12.8,2.5,13.7
2026-06-02,Charlottetown,PE,14.4,5.3,21.3
2026-06-03,Charlottetown,PE,12.8,3.2,18.3
2026-06-04,Charlottetown,PE,22.1,11.6,31.8
2026-06-05,Charlottetown,PE,15.0,8.0,31.5
2026-06-06,Charlottetown,PE,18.7,5.9,22.5
2026-06-07,Charlottetown,PE,16.2,6.6,32.3
2026-06-08,Charlottetown,PE,14.4,6.6,34.5
2026-06-09,Charlottetown,PE,24.1,10.6,21.1
2026-06-10,Charlottetown,PE,22.9,11.4,21.4
2026-06-11,Charlottetown,PE,24.8,13.9,13.4
2026-06-12,Charlottetown,PE,17.0,10.0,20.1
2026-06-13,Charlottetown,PE,14.0,10.9,20.3
2026-06-14,Charlottetown,PE,18.6,10.8,19.2
2026-06-15,Charlottetown,PE,18.3,12.9,28.8
2026-06-16,Charlottetown,PE,20.0,10.6,28.7
2026-06-17,Charlottetown,PE,21.1,9.1,10.1
2026-06-18,Charlottetown,PE,21.4,13.1,21.3
2026-06-19,Charlottetown,PE,21.2,13.5,32.3
2026-06-20,Charlottetown,PE,17.0,11.9,23.2
2026-06-21,Charlottetown,PE,13.7,9.5,20.4
2026-06-22,Charlottetown,PE,18.6,7.1,16.1
2026-06-23,Charlottetown,PE,16.8,13.0,32.8
2026-06-24,Charlottetown,PE,18.4,13.6,27.6
2026-06-25,Charlottetown,PE,15.4,10.9,19.0
2026-06-26,Charlottetown,PE,18.9,10.2,13.4
2026-06-27,Charlottetown,PE,19.9,13.9,9.4
2026-06-28,Charlottetown,PE,19.9,12.8,8.5
2026-06-29,Charlottetown,PE,21.3,12.9,12.4
2026-06-30,Charlottetown,PE,23.2,15.9,21.1
2026-07-01,Charlottetown,PE,24.7,16.7,28.6
2026-07-02,Charlottetown,PE,26.7,19.0,31.1
2026-07-03,Charlottetown,PE,29.0,18.3,16.5
2026-07-04,Charlottetown,PE,26.0,16.6,15.8
2026-07-05,Charlottetown,PE,17.4,11.8,29.9
2026-07-06,Charlottetown,PE,22.4,9.6,14.7
2026-07-07,Charlottetown,PE,25.2,16.0,18.5
2026-07-08,Charlottetown,PE,23.9,15.8,18.0
2026-07-09,Charlottetown,PE,26.3,17.0,17.1
2026-07-10,Charlottetown,PE,21.0,17.3,14.4
2026-07-11,Charlottetown,PE,21.6,15.4,17.4
2026-07-12,Charlottetown,PE,21.5,14.0,16.0
2026-07-13,Charlottetown,PE,25.3,17.0,30.7
2026-07-14,Charlottetown,PE,23.5,17.4,31.6
2026-07-15,Charlottetown,PE,25.3,18.8,25.9
2026-07-16,Charlottetown,PE,23.2,16.8,24.8
2026-07-17,Charlottetown,PE,20.2,13.4,25.8
2026-07-18,Charlottetown,PE,24.1,15.0,24.8
2026-07-19,Charlottetown,PE,22.3,16.7,35.5
2026-07-20,Charlottetown,PE,21.6,15.4,28.1
2026-07-21,Charlottetown,PE,24.7,15.7,27.5
2026-07-22,Charlottetown,PE,21.7,17.2,39.8
2026-07-23,Charlottetown,PE,21.9,18.5,30.4
2026-07-24,Charlottetown,PE,22.8,14.3,19.4
2024-01-01,St. John's,NL,1.0,-2.9,25.0
2024-01-02,St. John's,NL,-2.9,-6.1,16.7
2024-01-03,St. John's,NL,1.4,-2.5,16.6
2024-01-04,St. John's,NL,-0.4,-0.9,28.6
2024-01-05,St. John's,NL,-1.0,-4.4,31.9
2024-01-06,St. John's,NL,-2.5,-12.0,46.9
2024-01-07,St. John's,NL,-5.5,-12.2,42.7
2024-01-08,St. John's,NL,-1.5,-6.4,34.1
2024-01-09,St. John's,NL,-2.2,-6.5,32.6
2024-01-10,St. John's,NL,-4.7,-9.5,23.1
2024-01-11,St. John's,NL,2.3,-4.6,44.7
2024-01-12,St. John's,NL,3.4,-1.4,21.7
2024-01-13,St. John's,NL,-1.2,-4.1,14.4
2024-01-14,St. John's,NL,1.2,-1.9,29.6
2024-01-15,St. John's,NL,2.6,-2.1,29.5
2024-01-16,St. John's,NL,-2.8,-7.6,26.8
2024-01-17,St. John's,NL,7.6,-8.2,43.3
2024-01-18,St. John's,NL,0.9,-5.5,44.6
2024-01-19,St. John's,NL,-3.7,-5.6,49.6
2024-01-20,St. John's,NL,-1.7,-6.8,21.8
2024-01-21,St. John's,NL,-1.0,-5.6,13.7
2024-01-22,St. John's,NL,-0.8,-5.2,28.6
2024-01-23,St. John's,NL,-0.1,-8.3,33.4
2024-01-24,St. John's,NL,-9.5,-15.6,36.9
2024-01-25,St. John's,NL,0.4,-10.3,35.5
2024-01-26,St. John's,NL,-4.4,-8.6,34.0
2024-01-27,St. John's,NL,-2.6,-7.7,25.6
2024-01-28,St. John's,NL,-0.2,-6.5,24.1
2024-01-29,St. John's,NL,-1.6,-4.1,43.2
2024-01-30,St. John's,NL,-4.8,-7.6,42.4
2024-01-31,St. John's,NL,-5.2,-8.9,25.3
2024-02-01,St. John's,NL,-1.0,-10.2,26.7
2024-02-02,St. John's,NL,-1.3,-9.5,14.3
2024-02-03,St. John's,NL,-2.2,-4.3,24.6
2024-02-04,St. John's,NL,1.9,-2.2,33.0
2024-02-05,St. John's,NL,1.5,0.4,30.6
2024-02-06,St. John's,NL,1.9,-0.2,49.0
2024-02-07,St. John's,NL,-0.4,-2.1,40.7
2024-02-08,St. John's,NL,-0.2,-2.3,27.1
2024-02-09,St. John's,NL,0.3,-2.9,25.3
2024-02-10,St. John's,NL,-0.3,-4.1,16.2
2024-02-11,St. John's,NL,1.7,-5.0,18.4
2024-02-12,St. John's,NL,1.9,-1.2,17.7
2024-02-13,St. John's,NL,1.5,-3.0,21.3
2024-02-14,St. John's,NL,0.4,-2.1,46.7
2024-02-15,St. John's,NL,1.4,0.2,41.4
2024-02-16,St. John's,NL,1.1,-4.0,42.4
2024-02-17,St. John's,NL,-1.0,-6.7,33.7
2024-02-18,St. John's,NL,-1.8,-5.6,42.9
2024-02-19,St. John's,NL,-3.0,-6.0,33.8
2024-02-20,St. John's,NL,-4.3,-8.1,33.9
2024-02-21,St. John's,NL,-6.1,-10.5,34.4
2024-02-22,St. John's,NL,-0.1,-10.9,25.6
2024-02-23,St. John's,NL,4.0,-5.3,24.4
2024-02-24,St. John's,NL,2.7,-4.4,38.7
2024-02-25,St. John's,NL,5.6,-6.6,50.2
2024-02-26,St. John's,NL,-2.9,-8.0,15.6
2024-02-27,St. John's,NL,3.0,-6.2,27.4
2024-02-28,St. John's,NL,8.8,-1.8,29.8
2024-02-29,St. John's,NL,6.4,2.5,39.5
2024-03-01,St. John's,NL,5.8,-9.0,36.5
2024-03-02,St. John's,NL,-3.4,-9.1,33.1
2024-03-03,St. John's,NL,4.9,-4.3,31.9
2024-03-04,St. John's,NL,4.0,-5.2,28.5
2024-03-05,St. John's,NL,4.3,-7.1,25.8
2024-03-06,St. John's,NL,5.4,-1.8,30.5
2024-03-07,St. John's,NL,3.2,-3.2,25.5
2024-03-08,St. John's,NL,-0.6,-3.0,42.3
2024-03-09,St. John's,NL,-0.2,-1.9,45.3
2024-03-10,St. John's,NL,-0.7,-3.2,31.1
2024-03-11,St. John's,NL,2.5,-2.9,46.1
2024-03-12,St. John's,NL,5.4,-2.1,54.1
2024-03-13,St. John's,NL,3.1,-2.4,16.9
2024-03-14,St. John's,NL,1.1,-2.3,28.2
2024-03-15,St. John's,NL,1.4,-4.7,22.3
2024-03-16,St. John's,NL,0.6,-2.9,11.5
2024-03-17,St. John's,NL,1.8,-4.4,12.2
2024-03-18,St. John's,NL,2.6,-6.3,38.6
2024-03-19,St. John's,NL,3.0,0.1,19.4
2024-03-20,St. John's,NL,3.5,-1.6,33.7
2024-03-21,St. John's,NL,4.1,-3.2,36.0
2024-03-22,St. John's,NL,4.1,-1.5,35.7
2024-03-23,St. John's,NL,0.6,-2.9,40.4
2024-03-24,St. John's,NL,8.9,-3.0,46.2
2024-03-25,St. John's,NL,7.2,-5.8,32.7
2024-03-26,St. John's,NL,0.8,-7.8,9.7
2024-03-27,St. John's,NL,0.8,-5.9,13.0
2024-03-28,St. John's,NL,10.3,-1.0,33.5
2024-03-29,St. John's,NL,14.2,6.4,27.7
2024-03-30,St. John's,NL,8.3,3.7,24.5
2024-03-31,St. John's,NL,6.0,0.5,16.8
2024-04-01,St. John's,NL,2.9,-0.7,17.7
2024-04-02,St. John's,NL,2.6,-0.3,32.4
2024-04-03,St. John's,NL,1.9,-0.6,40.2
2024-04-04,St. John's,NL,4.0,0.7,36.3
2024-04-05,St. John's,NL,0.6,-1.8,21.9
2024-04-06,St. John's,NL,2.6,-1.3,24.2
2024-04-07,St. John's,NL,3.0,-0.2,29.1
2024-04-08,St. John's,NL,0.7,-1.3,35.4
2024-04-09,St. John's,NL,-0.7,-1.5,40.5
2024-04-10,St. John's,NL,0.6,-2.4,34.8
2024-04-11,St. John's,NL,4.6,-1.6,24.7
2024-04-12,St. John's,NL,8.1,-0.7,26.7
2024-04-13,St. John's,NL,11.2,4.2,30.7
2024-04-14,St. John's,NL,8.6,6.5,39.7
2024-04-15,St. John's,NL,11.0,2.8,38.5
2024-04-16,St. John's,NL,10.9,3.7,34.3
2024-04-17,St. John's,NL,8.7,1.6,23.4
2024-04-18,St. John's,NL,2.1,0.1,44.1
2024-04-19,St. John's,NL,2.4,-0.5,43.9
2024-04-20,St. John's,NL,3.5,-1.8,23.6
2024-04-21,St. John's,NL,5.3,-0.9,32.4
2024-04-22,St. John's,NL,9.3,-0.1,21.3
2024-04-23,St. John's,NL,8.3,0.0,26.7
2024-04-24,St. John's,NL,8.4,0.2,33.5
2024-04-25,St. John's,NL,12.3,2.5,42.6
2024-04-26,St. John's,NL,6.0,-0.3,20.8
2024-04-27,St. John's,NL,2.2,-1.2,23.6
2024-04-28,St. John's,NL,2.8,-0.7,33.2
2024-04-29,St. John's,NL,6.2,2.4,17.7
2024-04-30,St. John's,NL,5.0,2.4,25.8
2024-05-01,St. John's,NL,5.3,2.7,20.7
2024-05-02,St. John's,NL,5.0,2.3,26.9
2024-05-03,St. John's,NL,5.3,2.6,26.2
2024-05-04,St. John's,NL,3.5,1.4,25.5
2024-05-05,St. John's,NL,2.9,-1.5,23.6
2024-05-06,St. John's,NL,13.5,-1.4,20.1
2024-05-07,St. John's,NL,6.7,2.3,17.3
2024-05-08,St. John's,NL,7.0,2.5,23.6
2024-05-09,St. John's,NL,8.8,2.1,15.9
2024-05-10,St. John's,NL,5.7,0.3,20.2
2024-05-11,St. John's,NL,3.3,0.3,20.0
2024-05-12,St. John's,NL,8.7,1.1,32.4
2024-05-13,St. John's,NL,9.8,3.8,22.9
2024-05-14,St. John's,NL,6.6,3.7,20.4
2024-05-15,St. John's,NL,8.0,4.1,18.3
2024-05-16,St. John's,NL,11.0,3.9,15.3
2024-05-17,St. John's,NL,4.8,2.2,20.4
2024-05-18,St. John's,NL,6.9,0.6,16.7
2024-05-19,St. John's,NL,4.5,0.5,17.1
2024-05-20,St. John's,NL,7.7,2.2,12.1
2024-05-21,St. John's,NL,13.4,3.5,19.8
2024-05-22,St. John's,NL,14.9,3.8,28.4
2024-05-23,St. John's,NL,7.7,2.5,23.3
2024-05-24,St. John's,NL,9.6,3.0,28.9
2024-05-25,St. John's,NL,14.4,8.0,21.2
2024-05-26,St. John's,NL,8.3,2.8,33.0
2024-05-27,St. John's,NL,7.1,2.8,20.2
2024-05-28,St. John's,NL,11.2,1.1,19.2
2024-05-29,St. John's,NL,9.3,4.1,30.4
2024-05-30,St. John's,NL,19.0,9.1,27.2
2024-05-31,St. John's,NL,13.9,7.0,10.5
2024-06-01,St. John's,NL,7.9,5.7,17.7
2024-06-02,St. John's,NL,10.3,8.1,26.6
2024-06-03,St. John's,NL,9.2,7.0,22.9
2024-06-04,St. John's,NL,8.6,6.8,28.4
2024-06-05,St. John's,NL,9.6,7.1,23.0
2024-06-06,St. John's,NL,9.8,6.5,21.6
2024-06-07,St. John's,NL,11.7,6.3,20.0
2024-06-08,St. John's,NL,14.6,6.5,23.2
2024-06-09,St. John's,NL,14.6,6.9,23.7
2024-06-10,St. John's,NL,14.4,10.2,31.0
2024-06-11,St. John's,NL,19.7,9.8,24.6
2024-06-12,St. John's,NL,17.6,9.5,20.2
2024-06-13,St. John's,NL,20.0,10.3,35.5
2024-06-14,St. John's,NL,22.1,10.6,28.6
2024-06-15,St. John's,NL,20.4,11.6,33.2
2024-06-16,St. John's,NL,18.6,7.7,33.3
2024-06-17,St. John's,NL,15.3,6.8,23.9
2024-06-18,St. John's,NL,20.7,12.3,29.0
2024-06-19,St. John's,NL,20.1,13.1,32.2
2024-06-20,St. John's,NL,28.2,15.4,31.8
2024-06-21,St. John's,NL,20.5,10.7,19.4
2024-06-22,St. John's,NL,20.1,11.4,18.4
2024-06-23,St. John's,NL,23.9,12.2,25.5
2024-06-24,St. John's,NL,18.3,11.0,35.5
2024-06-25,St. John's,NL,16.3,9.2,28.4
2024-06-26,St. John's,NL,19.7,10.1,12.0
2024-06-27,St. John's,NL,22.8,12.5,35.0
2024-06-28,St. John's,NL,17.8,15.4,31.7
2024-06-29,St. John's,NL,16.0,8.6,25.8
2024-06-30,St. John's,NL,15.3,9.3,27.1
2024-07-01,St. John's,NL,19.3,15.5,34.4
2024-07-02,St. John's,NL,16.6,11.7,21.7
2024-07-03,St. John's,NL,14.8,10.8,23.2
2024-07-04,St. John's,NL,14.7,9.1,11.3
2024-07-05,St. John's,NL,22.2,11.1,22.8
2024-07-06,St. John's,NL,22.8,14.5,27.7
2024-07-07,St. John's,NL,19.2,14.3,26.0
2024-07-08,St. John's,NL,21.5,15.3,14.8
2024-07-09,St. John's,NL,22.8,15.0,17.7
2024-07-10,St. John's,NL,24.5,15.3,25.1
2024-07-11,St. John's,NL,21.8,15.4,25.2
2024-07-12,St. John's,NL,14.4,12.6,17.4
2024-07-13,St. John's,NL,26.7,14.8,22.7
2024-07-14,St. John's,NL,19.6,12.6,19.9
2024-07-15,St. John's,NL,18.8,12.9,17.5
2024-07-16,St. John's,NL,24.7,16.2,23.8
2024-07-17,St. John's,NL,22.6,18.4,30.6
2024-07-18,St. John's,NL,26.1,18.0,22.1
2024-07-19,St. John's,NL,22.9,19.5,33.8
2024-07-20,St. John's,NL,22.6,16.1,24.6
2024-07-21,St. John's,NL,23.3,16.6,18.4
2024-07-22,St. John's,NL,23.2,16.1,26.9
2024-07-23,St. John's,NL,23.2,14.8,25.9
2024-07-24,St. John's,NL,20.9,14.8,20.2
2024-07-25,St. John's,NL,20.2,13.8,14.5
2024-07-26,St. John's,NL,16.5,12.2,20.3
2024-07-27,St. John's,NL,16.5,12.1,22.3
2024-07-28,St. John's,NL,24.2,13.1,31.3
2024-07-29,St. John's,NL,28.2,18.4,35.7
2024-07-30,St. John's,NL,28.0,20.0,38.9
2024-07-31,St. John's,NL,25.0,20.4,31.3
2024-08-01,St. John's,NL,28.3,19.0,27.5
2024-08-02,St. John's,NL,24.3,14.5,33.6
2024-08-03,St. John's,NL,23.8,12.6,20.8
2024-08-04,St. John's,NL,21.7,17.6,24.9
2024-08-05,St. John's,NL,24.2,19.6,31.7
2024-08-06,St. John's,NL,23.0,16.6,29.2
2024-08-07,St. John's,NL,22.0,15.1,20.5
2024-08-08,St. John's,NL,23.2,15.3,26.3
2024-08-09,St. John's,NL,22.3,14.3,21.5
2024-08-10,St. John's,NL,22.0,16.4,39.5
2024-08-11,St. John's,NL,21.7,16.1,35.5
2024-08-12,St. John's,NL,24.1,17.4,24.6
2024-08-13,St. John's,NL,21.4,13.0,24.7
2024-08-14,St. John's,NL,14.6,10.6,20.4
2024-08-15,St. John's,NL,18.3,10.3,20.1
2024-08-16,St. John's,NL,20.3,12.5,20.5
2024-08-17,St. John's,NL,20.3,15.0,19.2
2024-08-18,St. John's,NL,27.0,15.8,28.1
2024-08-19,St. John's,NL,20.3,15.6,27.6
2024-08-20,St. John's,NL,26.4,18.3,32.6
2024-08-21,St. John's,NL,24.6,14.6,31.2
2024-08-22,St. John's,NL,15.7,12.8,18.9
2024-08-23,St. John's,NL,16.4,12.7,23.1
2024-08-24,St. John's,NL,22.1,16.0,21.6
2024-08-25,St. John's,NL,24.7,14.9,19.5
2024-08-26,St. John's,NL,24.3,16.1,17.7
2024-08-27,St. John's,NL,19.2,15.8,22.5
2024-08-28,St. John's,NL,22.6,16.4,29.5
2024-08-29,St. John's,NL,18.2,11.3,34.6
2024-08-30,St. John's,NL,19.4,11.1,29.2
2024-08-31,St. John's,NL,22.8,13.4,26.4
2024-09-01,St. John's,NL,20.6,14.5,23.7
2024-09-02,St. John's,NL,21.8,16.2,25.7
2024-09-03,St. John's,NL,19.5,14.0,30.1
2024-09-04,St. John's,NL,18.5,12.0,24.1
2024-09-05,St. John's,NL,19.5,12.1,16.8
2024-09-06,St. John's,NL,23.3,13.9,20.5
2024-09-07,St. John's,NL,19.0,13.0,21.4
2024-09-08,St. John's,NL,18.6,14.5,24.5
2024-09-09,St. John's,NL,20.2,15.1,39.6
2024-09-10,St. John's,NL,19.5,14.7,20.1
2024-09-11,St. John's,NL,19.4,13.9,15.1
2024-09-12,St. John's,NL,18.9,13.2,17.9
2024-09-13,St. John's,NL,17.9,11.1,16.7
2024-09-14,St. John's,NL,14.3,9.8,27.7
2024-09-15,St. John's,NL,11.9,9.2,26.9
2024-09-16,St. John's,NL,20.0,8.5,30.9
2024-09-17,St. John's,NL,23.7,16.1,31.3
2024-09-18,St. John's,NL,21.4,14.3,18.9
2024-09-19,St. John's,NL,13.7,11.8,21.7
2024-09-20,St. John's,NL,12.9,10.4,26.5
2024-09-21,St. John's,NL,11.8,9.6,26.0
2024-09-22,St. John's,NL,11.3,9.3,27.8
2024-09-23,St. John's,NL,14.0,9.1,24.0
2024-09-24,St. John's,NL,12.4,10.2,26.8
2024-09-25,St. John's,NL,11.7,9.9,22.7
2024-09-26,St. John's,NL,10.9,10.0,18.3
2024-09-27,St. John's,NL,11.9,9.8,12.9
2024-09-28,St. John's,NL,12.9,9.5,21.4
2024-09-29,St. John's,NL,13.5,11.3,20.3
2024-09-30,St. John's,NL,13.8,8.4,13.9
2024-10-01,St. John's,NL,11.7,10.3,35.8
2024-10-02,St. John's,NL,10.7,8.4,40.1
2024-10-03,St. John's,NL,10.8,8.4,27.6
2024-10-04,St. John's,NL,13.4,6.9,16.5
2024-10-05,St. John's,NL,16.1,9.5,16.9
2024-10-06,St. John's,NL,10.5,8.4,24.6
2024-10-07,St. John's,NL,9.7,8.8,29.4
2024-10-08,St. John's,NL,11.3,7.9,18.4
2024-10-09,St. John's,NL,11.3,8.0,28.2
2024-10-10,St. John's,NL,15.4,9.6,37.1
2024-10-11,St. John's,NL,12.3,7.6,26.8
2024-10-12,St. John's,NL,12.4,9.0,37.0
2024-10-13,St. John's,NL,12.1,7.8,35.2
2024-10-14,St. John's,NL,10.8,7.0,33.3
2024-10-15,St. John's,NL,17.0,8.0,33.2
2024-10-16,St. John's,NL,15.3,8.6,35.3
2024-10-17,St. John's,NL,11.1,6.6,23.6
2024-10-18,St. John's,NL,9.0,5.0,30.5
2024-10-19,St. John's,NL,10.1,4.2,25.2
2024-10-20,St. John's,NL,16.6,8.4,26.4
2024-10-21,St. John's,NL,14.2,10.0,27.0
2024-10-22,St. John's,NL,10.7,5.5,25.9
2024-10-23,St. John's,NL,12.7,3.8,24.7
2024-10-24,St. John's,NL,16.0,9.4,25.7
2024-10-25,St. John's,NL,16.1,11.9,37.8
2024-10-26,St. John's,NL,15.2,7.8,37.3
2024-10-27,St. John's,NL,11.3,5.4,28.4
2024-10-28,St. John's,NL,7.7,3.4,22.4
2024-10-29,St. John's,NL,5.2,1.7,19.0
2024-10-30,St. John's,NL,4.0,0.9,25.1
2024-10-31,St. John's,NL,8.8,0.1,24.0
2024-11-01,St. John's,NL,13.5,8.9,19.3
2024-11-02,St. John's,NL,11.8,3.1,31.1
2024-11-03,St. John's,NL,4.3,0.8,17.9
2024-11-04,St. John's,NL,2.6,0.5,28.2
2024-11-05,St. John's,NL,4.7,-0.9,26.2
2024-11-06,St. John's,NL,10.7,3.1,23.7
2024-11-07,St. John's,NL,10.5,2.6,29.1
2024-11-08,St. John's,NL,5.9,2.8,24.7
2024-11-09,St. John's,NL,7.8,3.2,43.5
2024-11-10,St. John's,NL,3.4,1.3,49.5
2024-11-11,St. John's,NL,7.0,1.0,23.3
2024-11-12,St. John's,NL,11.1,6.3,35.8
2024-11-13,St. John's,NL,10.9,3.4,42.7
2024-11-14,St. John's,NL,10.4,3.6,37.3
2024-11-15,St. John's,NL,10.6,9.5,42.1
2024-11-16,St. John's,NL,10.3,8.6,29.5
2024-11-17,St. John's,NL,10.5,8.7,20.1
2024-11-18,St. John's,NL,9.6,8.6,15.1
2024-11-19,St. John's,NL,10.2,8.1,29.7
2024-11-20,St. John's,NL,8.4,7.0,27.7
2024-11-21,St. John's,NL,7.6,6.6,29.2
2024-11-22,St. John's,NL,7.0,4.4,39.8
2024-11-23,St. John's,NL,7.2,5.2,39.7
2024-11-24,St. John's,NL,9.1,6.4,30.4
2024-11-25,St. John's,NL,7.9,4.4,18.4
2024-11-26,St. John's,NL,6.0,4.0,24.0
2024-11-27,St. John's,NL,3.9,2.5,19.3
2024-11-28,St. John's,NL,4.1,2.6,10.1
2024-11-29,St. John's,NL,6.9,1.9,36.9
2024-11-30,St. John's,NL,6.3,3.8,27.3
2024-12-01,St. John's,NL,5.0,0.5,23.3
2024-12-02,St. John's,NL,6.3,1.8,24.7
2024-12-03,St. John's,NL,4.2,-0.8,16.9
2024-12-04,St. John's,NL,1.2,-2.7,13.0
2024-12-05,St. John's,NL,3.3,-3.9,36.7
2024-12-06,St. John's,NL,8.5,2.9,64.7
2024-12-07,St. John's,NL,2.4,-2.0,23.7
2024-12-08,St. John's,NL,0.6,-3.4,23.2
2024-12-09,St. John's,NL,6.1,1.5,48.7
2024-12-10,St. John's,NL,1.8,-3.0,27.6
2024-12-11,St. John's,NL,6.0,-2.3,31.0
2024-12-12,St. John's,NL,12.9,6.4,40.4
2024-12-13,St. John's,NL,12.3,2.9,35.2
2024-12-14,St. John's,NL,3.0,-1.5,29.3
2024-12-15,St. John's,NL,-0.8,-2.4,20.3
2024-12-16,St. John's,NL,2.7,-2.0,21.9
2024-12-17,St. John's,NL,4.0,-0.3,21.6
2024-12-18,St. John's,NL,8.0,2.8,40.7
2024-12-19,St. John's,NL,11.7,2.7,38.5
2024-12-20,St. John's,NL,7.5,-1.3,38.0
2024-12-21,St. John's,NL,10.0,-0.8,54.2
2024-12-22,St. John's,NL,8.6,-0.7,42.3
2024-12-23,St. John's,NL,-0.7,-3.7,25.4
2024-12-24,St. John's,NL,-4.0,-8.5,18.3
2024-12-25,St. John's,NL,-1.1,-8.4,9.9
2024-12-26,St. John's,NL,2.0,-0.3,32.4
2024-12-27,St. John's,NL,2.6,1.0,31.8
2024-12-28,St. John's,NL,1.0,-0.7,22.5
2024-12-29,St. John's,NL,-0.8,-1.6,8.5
2024-12-30,St. John's,NL,0.7,-1.1,6.8
2024-12-31,St. John's,NL,1.9,-0.7,17.8
2025-01-01,St. John's,NL,3.3,1.0,19.8
2025-01-02,St. John's,NL,5.6,3.3,40.8
2025-01-03,St. John's,NL,5.2,0.4,21.0
2025-01-04,St. John's,NL,4.2,-0.2,27.0
2025-01-05,St. John's,NL,5.0,0.8,61.5
2025-01-06,St. John's,NL,2.9,1.7,35.5
2025-01-07,St. John's,NL,3.0,1.3,15.0
2025-01-08,St. John's,NL,1.8,0.2,15.7
2025-01-09,St. John's,NL,1.5,-0.9,31.1
2025-01-10,St. John's,NL,1.2,-0.1,24.4
2025-01-11,St. John's,NL,1.8,0.1,23.5
2025-01-12,St. John's,NL,1.3,-2.5,25.0
2025-01-13,St. John's,NL,0.1,-1.1,30.5
2025-01-14,St. John's,NL,-0.9,-2.5,24.5
2025-01-15,St. John's,NL,-0.6,-3.0,16.9
2025-01-16,St. John's,NL,0.5,-1.4,32.2
2025-01-17,St. John's,NL,-0.8,-2.2,25.5
2025-01-18,St. John's,NL,-1.6,-6.5,9.1
2025-01-19,St. John's,NL,2.9,-3.7,33.5
2025-01-20,St. John's,NL,9.7,1.5,46.1
2025-01-21,St. John's,NL,1.0,-7.7,36.4
2025-01-22,St. John's,NL,-7.9,-10.2,28.6
2025-01-23,St. John's,NL,-7.4,-12.3,29.6
2025-01-24,St. John's,NL,-2.1,-8.2,29.5
2025-01-25,St. John's,NL,-3.9,-8.4,28.7
2025-01-26,St. John's,NL,-3.3,-7.6,20.0
2025-01-27,St. John's,NL,-1.3,-4.6,22.3
2025-01-28,St. John's,NL,4.7,-5.5,48.0
2025-01-29,St. John's,NL,2.4,-4.4,42.0
2025-01-30,St. John's,NL,3.0,-8.6,42.2
2025-01-31,St. John's,NL,-4.6,-10.8,46.1
2025-02-01,St. John's,NL,0.5,-7.9,28.5
2025-02-02,St. John's,NL,-8.1,-10.8,30.3
2025-02-03,St. John's,NL,-4.2,-10.0,28.0
2025-02-04,St. John's,NL,3.7,-5.1,36.9
2025-02-05,St. John's,NL,-4.1,-10.5,30.3
2025-02-06,St. John's,NL,-5.2,-12.6,24.3
2025-02-07,St. John's,NL,4.7,-5.8,50.9
2025-02-08,St. John's,NL,1.1,-5.2,29.8
2025-02-09,St. John's,NL,-3.3,-8.3,24.6
2025-02-10,St. John's,NL,-2.5,-10.2,55.4
2025-02-11,St. John's,NL,-8.3,-11.4,31.7
2025-02-12,St. John's,NL,-8.2,-11.3,33.6
2025-02-13,St. John's,NL,-7.7,-11.5,30.2
2025-02-14,St. John's,NL,1.7,-10.4,46.7
2025-02-15,St. John's,NL,-2.8,-8.5,49.2
2025-02-16,St. John's,NL,0.8,-2.4,40.9
2025-02-17,St. John's,NL,1.1,-4.0,27.3
2025-02-18,St. John's,NL,-1.1,-4.9,31.4
2025-02-19,St. John's,NL,2.2,-1.8,28.9
2025-02-20,St. John's,NL,0.5,-3.2,27.0
2025-02-21,St. John's,NL,-1.9,-4.4,47.4
2025-02-22,St. John's,NL,-1.6,-6.5,41.1
2025-02-23,St. John's,NL,-3.1,-9.1,23.7
2025-02-24,St. John's,NL,-0.3,-5.6,16.1
2025-02-25,St. John's,NL,1.8,-6.0,28.5
2025-02-26,St. John's,NL,6.4,1.8,53.3
2025-02-27,St. John's,NL,5.3,-4.5,48.9
2025-02-28,St. John's,NL,5.2,-4.1,48.7
2025-03-01,St. John's,NL,4.2,-4.4,30.7
2025-03-02,St. John's,NL,7.2,-2.8,37.0
2025-03-03,St. John's,NL,4.2,-5.2,30.5
2025-03-04,St. John's,NL,-4.8,-8.4,24.5
2025-03-05,St. John's,NL,1.2,-7.4,22.6
2025-03-06,St. John's,NL,1.3,-4.7,24.7
2025-03-07,St. John's,NL,6.2,2.2,44.8
2025-03-08,St. John's,NL,5.3,-1.2,47.0
2025-03-09,St. John's,NL,2.7,-3.8,27.6
2025-03-10,St. John's,NL,-1.5,-4.6,25.9
2025-03-11,St. John's,NL,-2.7,-6.1,25.3
2025-03-12,St. John's,NL,3.4,-6.0,26.5
2025-03-13,St. John's,NL,1.5,-4.1,26.8
2025-03-14,St. John's,NL,-1.7,-6.5,26.6
2025-03-15,St. John's,NL,-0.7,-5.7,28.1
2025-03-16,St. John's,NL,-1.0,-7.1,12.7
2025-03-17,St. John's,NL,8.8,-0.9,35.9
2025-03-18,St. John's,NL,15.8,7.5,38.4
2025-03-19,St. John's,NL,8.3,-0.7,21.8
2025-03-20,St. John's,NL,3.3,-0.6,15.9
2025-03-21,St. John's,NL,7.7,1.5,23.9
2025-03-22,St. John's,NL,7.3,2.5,26.1
2025-03-23,St. John's,NL,9.7,1.6,46.0
2025-03-24,St. John's,NL,3.6,-1.8,26.3
2025-03-25,St. John's,NL,7.4,-3.0,45.0
2025-03-26,St. John's,NL,6.8,0.3,21.8
2025-03-27,St. John's,NL,8.1,-0.1,29.1
2025-03-28,St. John's,NL,3.0,-1.5,34.3
2025-03-29,St. John's,NL,-0.3,-1.7,14.3
2025-03-30,St. John's,NL,2.5,-3.1,17.3
2025-03-31,St. John's,NL,0.1,-2.2,28.4
2025-04-01,St. John's,NL,12.6,-0.5,39.7
2025-04-02,St. John's,NL,10.1,-2.6,34.4
2025-04-03,St. John's,NL,1.3,-3.3,30.0
2025-04-04,St. John's,NL,-1.8,-3.0,30.4
2025-04-05,St. John's,NL,-0.8,-3.8,35.5
2025-04-06,St. John's,NL,0.1,-4.4,20.3
2025-04-07,St. John's,NL,3.7,-2.2,24.4
2025-04-08,St. John's,NL,0.4,-3.4,20.2
2025-04-09,St. John's,NL,4.4,-0.5,35.3
2025-04-10,St. John's,NL,5.2,-0.9,35.3
2025-04-11,St. John's,NL,8.7,-0.9,21.0
2025-04-12,St. John's,NL,7.6,-1.0,15.5
2025-04-13,St. John's,NL,6.8,0.9,20.6
2025-04-14,St. John's,NL,5.9,1.6,30.2
2025-04-15,St. John's,NL,5.6,1.4,25.8
2025-04-16,St. John's,NL,10.9,0.8,29.5
2025-04-17,St. John's,NL,9.9,2.1,31.0
2025-04-18,St. John's,NL,8.9,1.2,20.8
2025-04-19,St. John's,NL,10.4,0.4,26.2
2025-04-20,St. John's,NL,8.5,3.8,32.7
2025-04-21,St. John's,NL,4.1,1.3,40.6
2025-04-22,St. John's,NL,4.0,1.5,41.9
2025-04-23,St. John's,NL,6.8,0.1,24.5
2025-04-24,St. John's,NL,1.0,-1.4,23.5
2025-04-25,St. John's,NL,2.0,-2.4,19.8
2025-04-26,St. John's,NL,4.9,-1.3,14.9
2025-04-27,St. John's,NL,9.0,1.1,40.9
2025-04-28,St. John's,NL,9.6,-0.7,40.0
2025-04-29,St. John's,NL,2.5,-0.6,27.6
2025-04-30,St. John's,NL,10.3,1.1,23.4
2025-05-01,St. John's,NL,5.4,2.3,25.9
2025-05-02,St. John's,NL,6.2,1.1,34.0
2025-05-03,St. John's,NL,8.8,1.1,17.4
2025-05-04,St. John's,NL,12.1,5.8,18.3
2025-05-05,St. John's,NL,12.0,0.4,35.2
2025-05-06,St. John's,NL,11.2,-0.4,39.3
2025-05-07,St. John's,NL,16.3,6.0,38.7
2025-05-08,St. John's,NL,17.9,8.8,25.0
2025-05-09,St. John's,NL,10.8,1.5,17.5
2025-05-10,St. John's,NL,5.0,1.4,12.3
2025-05-11,St. John's,NL,12.4,3.3,33.5
2025-05-12,St. John's,NL,4.8,1.7,32.8
2025-05-13,St. John's,NL,5.2,-0.1,23.7
2025-05-14,St. John's,NL,7.6,-0.8,27.7
2025-05-15,St. John's,NL,13.4,1.1,27.2
2025-05-16,St. John's,NL,11.6,-0.8,24.9
2025-05-17,St. John's,NL,7.5,-0.9,15.3
2025-05-18,St. John's,NL,9.8,1.1,17.7
2025-05-19,St. John's,NL,5.1,2.2,15.8
2025-05-20,St. John's,NL,6.3,0.9,20.6
2025-05-21,St. John's,NL,4.6,1.4,26.5
2025-05-22,St. John's,NL,4.6,1.7,24.0
2025-05-23,St. John's,NL,5.0,0.1,22.4
2025-05-24,St. John's,NL,9.8,2.3,25.0
2025-05-25,St. John's,NL,8.1,2.4,17.9
2025-05-26,St. John's,NL,4.3,2.1,16.2
2025-05-27,St. John's,NL,8.1,-0.2,14.3
2025-05-28,St. John's,NL,15.6,5.2,29.1
2025-05-29,St. John's,NL,22.8,10.1,29.5
2025-05-30,St. John's,NL,19.8,8.1,30.3
2025-05-31,St. John's,NL,18.1,8.0,19.7
2025-06-01,St. John's,NL,18.0,9.7,29.6
2025-06-02,St. John's,NL,18.5,11.3,23.1
2025-06-03,St. John's,NL,18.4,11.5,16.1
2025-06-04,St. John's,NL,16.4,8.6,22.1
2025-06-05,St. John's,NL,21.2,10.6,18.0
2025-06-06,St. John's,NL,21.7,14.2,20.7
2025-06-07,St. John's,NL,20.5,13.1,19.3
2025-06-08,St. John's,NL,14.0,10.5,39.2
2025-06-09,St. John's,NL,14.4,7.1,35.1
2025-06-10,St. John's,NL,19.6,10.8,19.1
2025-06-11,St. John's,NL,13.0,7.9,34.6
2025-06-12,St. John's,NL,22.0,11.5,29.2
2025-06-13,St. John's,NL,18.8,4.5,27.2
2025-06-14,St. John's,NL,12.8,4.3,18.4
2025-06-15,St. John's,NL,15.9,7.8,22.2
2025-06-16,St. John's,NL,18.6,10.2,20.9
2025-06-17,St. John's,NL,20.7,9.6,28.4
2025-06-18,St. John's,NL,16.5,10.2,26.0
2025-06-19,St. John's,NL,20.1,11.9,32.2
2025-06-20,St. John's,NL,20.6,14.3,24.1
2025-06-21,St. John's,NL,19.3,10.6,34.2
2025-06-22,St. John's,NL,14.7,8.8,29.5
2025-06-23,St. John's,NL,17.6,11.9,26.8
2025-06-24,St. John's,NL,14.4,9.3,17.2
2025-06-25,St. John's,NL,24.8,10.9,27.7
2025-06-26,St. John's,NL,12.8,6.6,19.4
2025-06-27,St. John's,NL,12.9,5.2,31.0
2025-06-28,St. John's,NL,17.1,5.1,18.6
2025-06-29,St. John's,NL,22.5,10.7,21.1
2025-06-30,St. John's,NL,17.1,11.5,32.2
2025-07-01,St. John's,NL,19.3,11.7,29.3
2025-07-02,St. John's,NL,20.2,13.9,30.1
2025-07-03,St. John's,NL,25.7,16.8,27.0
2025-07-04,St. John's,NL,20.9,16.8,25.0
2025-07-05,St. John's,NL,21.3,13.4,18.7
2025-07-06,St. John's,NL,20.4,12.2,26.3
2025-07-07,St. John's,NL,21.5,13.5,27.0
2025-07-08,St. John's,NL,18.8,13.7,16.1
2025-07-09,St. John's,NL,15.7,11.3,10.3
2025-07-10,St. John's,NL,20.3,13.0,12.1
2025-07-11,St. John's,NL,18.2,10.7,16.8
2025-07-12,St. John's,NL,13.5,11.3,20.6
2025-07-13,St. John's,NL,23.4,11.9,16.3
2025-07-14,St. John's,NL,26.5,15.5,18.5
2025-07-15,St. John's,NL,23.4,15.9,23.5
2025-07-16,St. John's,NL,21.4,14.6,24.4
2025-07-17,St. John's,NL,27.8,16.5,23.2
2025-07-18,St. John's,NL,24.4,17.5,29.8
2025-07-19,St. John's,NL,23.3,15.4,27.0
2025-07-20,St. John's,NL,25.3,16.2,24.9
2025-07-21,St. John's,NL,19.0,14.2,18.4
2025-07-22,St. John's,NL,17.1,10.4,36.8
2025-07-23,St. John's,NL,19.4,10.3,24.1
2025-07-24,St. John's,NL,22.4,12.6,25.3
2025-07-25,St. John's,NL,21.7,15.4,29.7
2025-07-26,St. John's,NL,20.3,15.7,25.7
2025-07-27,St. John's,NL,22.9,12.1,21.1
2025-07-28,St. John's,NL,23.2,15.2,26.6
2025-07-29,St. John's,NL,21.8,12.3,17.2
2025-07-30,St. John's,NL,22.5,16.1,20.4
2025-07-31,St. John's,NL,23.9,15.9,20.4
2025-08-01,St. John's,NL,20.1,13.3,17.5
2025-08-02,St. John's,NL,17.7,10.8,14.1
2025-08-03,St. John's,NL,23.2,13.5,20.8
2025-08-04,St. John's,NL,21.6,11.7,23.0
2025-08-05,St. John's,NL,21.7,11.9,22.0
2025-08-06,St. John's,NL,20.9,10.4,17.5
2025-08-07,St. John's,NL,23.6,13.9,18.0
2025-08-08,St. John's,NL,23.6,16.7,17.5
2025-08-09,St. John's,NL,28.8,17.5,20.2
2025-08-10,St. John's,NL,27.9,16.3,22.4
2025-08-11,St. John's,NL,28.0,17.5,27.6
2025-08-12,St. John's,NL,30.0,18.9,30.1
2025-08-13,St. John's,NL,27.8,18.4,23.7
2025-08-14,St. John's,NL,25.8,18.4,25.4
2025-08-15,St. John's,NL,25.2,15.5,29.7
2025-08-16,St. John's,NL,14.4,9.9,28.1
2025-08-17,St. John's,NL,15.0,9.8,13.2
2025-08-18,St. John's,NL,18.3,10.6,18.5
2025-08-19,St. John's,NL,16.0,12.2,26.1
2025-08-20,St. John's,NL,14.3,10.8,31.3
2025-08-21,St. John's,NL,18.7,10.6,22.5
2025-08-22,St. John's,NL,14.2,9.5,23.8
2025-08-23,St. John's,NL,11.4,8.6,37.2
2025-08-24,St. John's,NL,21.8,8.9,26.5
2025-08-25,St. John's,NL,22.8,14.7,27.9
2025-08-26,St. John's,NL,20.8,15.5,32.8
2025-08-27,St. John's,NL,22.3,16.3,21.6
2025-08-28,St. John's,NL,19.1,11.8,13.4
2025-08-29,St. John's,NL,16.2,10.2,15.9
2025-08-30,St. John's,NL,17.9,12.4,40.7
2025-08-31,St. John's,NL,19.9,11.4,34.3
2025-09-01,St. John's,NL,14.3,7.8,23.1
2025-09-02,St. John's,NL,19.6,8.6,14.3
2025-09-03,St. John's,NL,17.3,11.3,14.2
2025-09-04,St. John's,NL,19.5,11.8,15.1
2025-09-05,St. John's,NL,14.7,10.6,14.6
2025-09-06,St. John's,NL,18.4,10.6,20.2
2025-09-07,St. John's,NL,23.7,16.3,25.2
2025-09-08,St. John's,NL,22.2,17.1,34.4
2025-09-09,St. John's,NL,17.9,13.1,20.5
2025-09-10,St. John's,NL,17.1,10.5,15.0
2025-09-11,St. John's,NL,13.9,11.3,19.6
2025-09-12,St. John's,NL,15.1,10.2,29.9
2025-09-13,St. John's,NL,13.3,8.7,26.6
2025-09-14,St. John's,NL,13.6,8.7,21.8
2025-09-15,St. John's,NL,16.0,9.9,16.6
2025-09-16,St. John's,NL,14.4,8.8,23.3
2025-09-17,St. John's,NL,17.5,7.7,25.4
2025-09-18,St. John's,NL,20.7,12.7,24.6
2025-09-19,St. John's,NL,18.2,15.2,22.3
2025-09-20,St. John's,NL,17.2,9.6,21.6
2025-09-21,St. John's,NL,13.2,8.3,27.3
2025-09-22,St. John's,NL,17.6,10.4,26.6
2025-09-23,St. John's,NL,17.3,11.0,19.6
2025-09-24,St. John's,NL,13.1,6.7,23.8
2025-09-25,St. John's,NL,17.7,6.6,23.9
2025-09-26,St. John's,NL,18.1,11.0,43.7
2025-09-27,St. John's,NL,18.5,11.9,27.3
2025-09-28,St. John's,NL,15.1,9.0,18.7
2025-09-29,St. John's,NL,15.8,10.0,34.9
2025-09-30,St. John's,NL,11.7,7.9,20.7
2025-10-01,St. John's,NL,8.3,5.2,24.3
2025-10-02,St. John's,NL,7.6,4.7,32.3
2025-10-03,St. John's,NL,16.6,4.8,21.2
2025-10-04,St. John's,NL,14.6,6.9,32.3
2025-10-05,St. John's,NL,7.7,6.0,31.0
2025-10-06,St. John's,NL,12.5,3.5,19.3
2025-10-07,St. John's,NL,20.5,9.9,23.2
2025-10-08,St. John's,NL,20.3,13.1,26.2
2025-10-09,St. John's,NL,18.1,9.0,40.7
2025-10-10,St. John's,NL,8.2,5.2,27.3
2025-10-11,St. John's,NL,13.9,6.7,26.8
2025-10-12,St. John's,NL,9.9,5.2,34.4
2025-10-13,St. John's,NL,11.0,4.0,21.8
2025-10-14,St. John's,NL,8.1,6.4,25.1
2025-10-15,St. John's,NL,8.4,6.0,18.0
2025-10-16,St. John's,NL,8.5,5.8,18.9
2025-10-17,St. John's,NL,8.5,6.6,15.7
2025-10-18,St. John's,NL,8.9,6.9,24.7
2025-10-19,St. John's,NL,8.5,6.2,31.6
2025-10-20,St. John's,NL,7.7,5.3,28.1
2025-10-21,St. John's,NL,10.0,3.7,14.3
2025-10-22,St. John's,NL,10.4,6.2,23.6
2025-10-23,St. John's,NL,14.9,8.6,24.4
2025-10-24,St. John's,NL,14.7,12.4,32.1
2025-10-25,St. John's,NL,15.5,8.7,26.8
2025-10-26,St. John's,NL,13.4,6.9,12.0
2025-10-27,St. John's,NL,8.6,6.3,18.7
2025-10-28,St. John's,NL,6.6,4.5,21.1
2025-10-29,St. John's,NL,10.1,3.5,16.0
2025-10-30,St. John's,NL,10.7,6.1,21.0
2025-10-31,St. John's,NL,10.1,3.7,34.3
2025-11-01,St. John's,NL,13.3,9.8,41.6
2025-11-02,St. John's,NL,10.0,5.5,34.6
2025-11-03,St. John's,NL,5.8,1.8,19.9
2025-11-04,St. John's,NL,9.5,1.7,70.0
2025-11-05,St. John's,NL,6.6,2.9,56.3
2025-11-06,St. John's,NL,7.8,1.5,42.3
2025-11-07,St. John's,NL,4.9,1.2,44.1
2025-11-08,St. John's,NL,7.1,1.4,35.6
2025-11-09,St. John's,NL,11.6,6.2,26.5
2025-11-10,St. John's,NL,6.1,2.9,14.9
2025-11-11,St. John's,NL,8.2,3.2,37.3
2025-11-12,St. John's,NL,11.6,4.5,54.2
2025-11-13,St. John's,NL,6.6,2.8,47.4
2025-11-14,St. John's,NL,7.4,5.5,41.4
2025-11-15,St. John's,NL,6.6,2.2,44.5
2025-11-16,St. John's,NL,4.6,1.3,13.1
2025-11-17,St. John's,NL,10.5,3.7,48.8
2025-11-18,St. John's,NL,8.5,4.7,30.2
2025-11-19,St. John's,NL,6.9,3.5,28.6
2025-11-20,St. John's,NL,7.5,1.9,17.4
2025-11-21,St. John's,NL,5.2,0.5,15.6
2025-11-22,St. John's,NL,7.7,3.2,26.3
2025-11-23,St. John's,NL,9.8,2.1,43.2
2025-11-24,St. John's,NL,5.4,1.4,14.9
2025-11-25,St. John's,NL,4.4,1.0,19.0
2025-11-26,St. John's,NL,5.2,1.1,26.1
2025-11-27,St. John's,NL,4.1,2.3,22.1
2025-11-28,St. John's,NL,7.7,4.5,20.0
2025-11-29,St. John's,NL,5.9,1.1,33.1
2025-11-30,St. John's,NL,2.6,-1.2,31.3
2025-12-01,St. John's,NL,8.7,-1.8,40.5
2025-12-02,St. John's,NL,7.0,-1.8,31.4
2025-12-03,St. John's,NL,2.8,-1.3,44.5
2025-12-04,St. John's,NL,2.3,-2.0,52.7
2025-12-05,St. John's,NL,4.1,-7.9,59.4
2025-12-06,St. John's,NL,-3.7,-6.2,61.2
2025-12-07,St. John's,NL,-2.0,-7.7,23.0
2025-12-08,St. John's,NL,2.2,-4.5,33.8
2025-12-09,St. John's,NL,0.8,-9.1,48.8
2025-12-10,St. John's,NL,0.1,-6.4,25.1
2025-12-11,St. John's,NL,8.6,0.7,33.7
2025-12-12,St. John's,NL,5.4,-3.3,32.6
2025-12-13,St. John's,NL,1.5,-3.7,32.2
2025-12-14,St. John's,NL,0.6,-1.2,27.1
2025-12-15,St. John's,NL,6.9,-1.4,59.2
2025-12-16,St. John's,NL,-0.4,-4.4,67.4
2025-12-17,St. John's,NL,4.4,-5.6,32.2
2025-12-18,St. John's,NL,7.1,-3.0,37.3
2025-12-19,St. John's,NL,7.3,-2.1,37.9
2025-12-20,St. John's,NL,9.2,-0.5,51.9
2025-12-21,St. John's,NL,2.0,-2.9,44.5
2025-12-22,St. John's,NL,4.6,-1.7,34.6
2025-12-23,St. John's,NL,-1.4,-3.4,24.1
2025-12-24,St. John's,NL,-4.2,-8.5,24.3
2025-12-25,St. John's,NL,3.1,-3.7,47.9
2025-12-26,St. John's,NL,0.2,-3.7,46.2
2025-12-27,St. John's,NL,3.9,-0.1,45.3
2025-12-28,St. John's,NL,1.1,-2.0,35.6
2025-12-29,St. John's,NL,2.2,-4.3,35.0
2025-12-30,St. John's,NL,3.0,1.2,28.1
2025-12-31,St. John's,NL,2.5,-1.8,20.0
2026-01-01,St. John's,NL,1.9,-2.1,22.8
2026-01-02,St. John's,NL,5.1,0.0,29.0
2026-01-03,St. John's,NL,2.1,-3.1,23.2
2026-01-04,St. John's,NL,-2.7,-4.7,23.2
2026-01-05,St. John's,NL,-1.2,-5.1,34.4
2026-01-06,St. John's,NL,-3.4,-9.0,24.8
2026-01-07,St. John's,NL,0.8,-4.1,26.0
2026-01-08,St. John's,NL,4.7,0.8,27.4
2026-01-09,St. John's,NL,1.1,-1.4,34.4
2026-01-10,St. John's,NL,3.4,-3.3,37.7
2026-01-11,St. John's,NL,1.8,-2.8,39.6
2026-01-12,St. John's,NL,6.4,-1.9,58.8
2026-01-13,St. John's,NL,-0.7,-2.8,57.7
2026-01-14,St. John's,NL,4.6,-0.8,24.9
2026-01-15,St. John's,NL,10.2,4.3,35.4
2026-01-16,St. John's,NL,12.0,4.3,57.9
2026-01-17,St. John's,NL,2.5,-3.2,52.0
2026-01-18,St. John's,NL,5.4,-1.3,32.1
2026-01-19,St. John's,NL,10.3,-0.2,53.9
2026-01-20,St. John's,NL,2.8,-1.3,33.5
2026-01-21,St. John's,NL,-1.3,-8.9,43.0
2026-01-22,St. John's,NL,0.3,-8.9,36.9
2026-01-23,St. John's,NL,3.4,-2.0,34.9
2026-01-24,St. John's,NL,-1.5,-11.2,37.3
2026-01-25,St. John's,NL,-9.5,-13.0,39.5
2026-01-26,St. John's,NL,-8.5,-12.7,36.7
2026-01-27,St. John's,NL,-2.6,-10.0,33.0
2026-01-28,St. John's,NL,-3.2,-7.3,43.6
2026-01-29,St. John's,NL,-4.0,-7.5,44.6
2026-01-30,St. John's,NL,-4.9,-7.7,34.1
2026-01-31,St. John's,NL,-0.8,-6.6,28.6
2026-02-01,St. John's,NL,-1.7,-4.9,27.8
2026-02-02,St. John's,NL,0.8,-2.6,57.4
2026-02-03,St. John's,NL,0.8,-3.3,51.9
2026-02-04,St. John's,NL,-2.5,-9.4,19.0
2026-02-05,St. John's,NL,-1.8,-11.3,11.0
2026-02-06,St. John's,NL,-1.1,-5.2,14.4
2026-02-07,St. John's,NL,-2.5,-3.9,37.7
2026-02-08,St. John's,NL,-0.9,-2.6,26.7
2026-02-09,St. John's,NL,0.5,-5.0,23.8
2026-02-10,St. John's,NL,0.8,0.2,34.3
2026-02-11,St. John's,NL,1.6,-0.1,32.1
2026-02-12,St. John's,NL,3.2,-0.5,35.3
2026-02-13,St. John's,NL,1.6,-0.3,36.5
2026-02-14,St. John's,NL,2.3,-0.2,30.0
2026-02-15,St. John's,NL,0.5,-3.5,8.8
2026-02-16,St. John's,NL,-0.1,-5.0,25.3
2026-02-17,St. John's,NL,-0.3,-3.0,34.4
2026-02-18,St. John's,NL,0.8,-0.4,46.2
2026-02-19,St. John's,NL,0.4,-1.4,38.7
2026-02-20,St. John's,NL,-1.3,-4.2,33.9
2026-02-21,St. John's,NL,-3.6,-7.9,39.3
2026-02-22,St. John's,NL,0.7,-4.1,51.8
2026-02-23,St. John's,NL,-0.2,-1.6,42.4
2026-02-24,St. John's,NL,5.4,-1.4,37.3
2026-02-25,St. John's,NL,1.0,-2.3,38.4
2026-02-26,St. John's,NL,4.5,-4.1,32.7
2026-02-27,St. John's,NL,3.1,-2.4,25.9
2026-02-28,St. John's,NL,-2.7,-7.5,27.3
2026-03-01,St. John's,NL,1.3,-5.8,28.7
2026-03-02,St. John's,NL,1.7,-11.2,30.0
2026-03-03,St. John's,NL,-5.2,-11.4,36.0
2026-03-04,St. John's,NL,3.8,-4.7,44.5
2026-03-05,St. John's,NL,1.5,-12.0,37.8
2026-03-06,St. John's,NL,-5.1,-12.2,30.1
2026-03-07,St. John's,NL,-1.8,-10.9,26.2
2026-03-08,St. John's,NL,8.0,-1.3,44.9
2026-03-09,St. John's,NL,6.3,0.5,39.7
2026-03-10,St. John's,NL,8.9,0.6,34.1
2026-03-11,St. John's,NL,2.3,-3.7,19.6
2026-03-12,St. John's,NL,10.2,-4.1,39.7
2026-03-13,St. John's,NL,11.6,-2.7,48.6
2026-03-14,St. John's,NL,1.5,-4.7,46.6
2026-03-15,St. John's,NL,-1.1,-5.7,37.4
2026-03-16,St. John's,NL,-1.3,-7.4,20.9
2026-03-17,St. John's,NL,12.2,-2.7,44.9
2026-03-18,St. John's,NL,11.9,-2.8,43.6
2026-03-19,St. John's,NL,-3.2,-7.1,17.6
2026-03-20,St. John's,NL,-0.7,-4.4,21.9
2026-03-21,St. John's,NL,-0.6,-7.3,22.4
2026-03-22,St. John's,NL,2.3,-2.3,36.0
2026-03-23,St. John's,NL,-1.6,-6.5,21.1
2026-03-24,St. John's,NL,3.1,-4.0,40.5
2026-03-25,St. John's,NL,0.7,-6.9,36.4
2026-03-26,St. John's,NL,1.3,-2.9,35.7
2026-03-27,St. John's,NL,7.9,-1.4,59.2
2026-03-28,St. John's,NL,-1.9,-6.5,34.2
2026-03-29,St. John's,NL,-4.7,-7.0,23.9
2026-03-30,St. John's,NL,-0.1,-9.5,33.0
2026-03-31,St. John's,NL,4.9,-2.9,49.6
2026-04-01,St. John's,NL,-1.9,-3.1,24.9
2026-04-02,St. John's,NL,-3.3,-7.6,22.0
2026-04-03,St. John's,NL,-1.0,-8.9,14.6
2026-04-04,St. John's,NL,-2.8,-5.9,35.2
2026-04-05,St. John's,NL,-1.9,-7.9,24.3
2026-04-06,St. John's,NL,8.9,-3.2,51.6
2026-04-07,St. John's,NL,2.5,-2.7,42.5
2026-04-08,St. John's,NL,-0.3,-6.4,26.6
2026-04-09,St. John's,NL,3.6,-5.8,30.4
2026-04-10,St. John's,NL,6.0,-2.4,22.2
2026-04-11,St. John's,NL,6.8,-1.3,16.0
2026-04-12,St. John's,NL,2.6,0.0,29.8
2026-04-13,St. John's,NL,4.2,-1.8,42.8
2026-04-14,St. John's,NL,4.8,-0.8,31.8
2026-04-15,St. John's,NL,2.1,-1.2,13.6
2026-04-16,St. John's,NL,3.7,-1.2,18.4
2026-04-17,St. John's,NL,9.3,-1.2,27.6
2026-04-18,St. John's,NL,1.6,-3.7,31.2
2026-04-19,St. John's,NL,6.9,-2.6,23.4
2026-04-20,St. John's,NL,13.2,3.9,24.8
2026-04-21,St. John's,NL,8.9,-0.5,24.5
2026-04-22,St. John's,NL,3.7,-1.3,26.5
2026-04-23,St. John's,NL,3.4,-1.9,22.2
2026-04-24,St. John's,NL,0.2,-1.6,25.5
2026-04-25,St. John's,NL,2.0,-0.6,30.7
2026-04-26,St. John's,NL,2.6,0.1,38.0
2026-04-27,St. John's,NL,0.3,-2.0,39.8
2026-04-28,St. John's,NL,3.1,-5.1,14.6
2026-04-29,St. John's,NL,4.4,-3.3,14.2
2026-04-30,St. John's,NL,5.0,-1.5,13.8
2026-05-01,St. John's,NL,5.6,1.3,13.8
2026-05-02,St. John's,NL,5.3,2.6,14.2
2026-05-03,St. John's,NL,9.3,3.3,13.5
2026-05-04,St. John's,NL,7.5,2.7,43.3
2026-05-05,St. John's,NL,14.7,5.2,33.2
2026-05-06,St. John's,NL,19.0,8.6,36.7
2026-05-07,St. John's,NL,10.7,5.8,33.1
2026-05-08,St. John's,NL,8.9,5.7,33.6
2026-05-09,St. John's,NL,11.4,2.0,25.7
2026-05-10,St. John's,NL,10.7,1.0,12.1
2026-05-11,St. John's,NL,3.1,0.7,21.2
2026-05-12,St. John's,NL,7.6,1.7,33.6
2026-05-13,St. John's,NL,9.3,4.3,43.6
2026-05-14,St. John's,NL,16.2,3.6,35.8
2026-05-15,St. John's,NL,8.1,4.3,26.3
2026-05-16,St. John's,NL,13.2,5.2,32.7
2026-05-17,St. John's,NL,19.7,7.1,35.3
2026-05-18,St. John's,NL,9.7,3.9,28.5
2026-05-19,St. John's,NL,8.3,2.0,23.4
2026-05-20,St. John's,NL,5.5,1.9,19.9
2026-05-21,St. John's,NL,14.5,2.6,32.2
2026-05-22,St. John's,NL,9.3,2.3,31.1
2026-05-23,St. John's,NL,5.9,1.5,33.1
2026-05-24,St. John's,NL,12.1,0.9,12.0
2026-05-25,St. John's,NL,14.9,2.4,21.6
2026-05-26,St. John's,NL,3.7,1.8,24.6
2026-05-27,St. John's,NL,7.3,1.9,22.2
2026-05-28,St. John's,NL,4.8,1.3,26.6
2026-05-29,St. John's,NL,3.9,1.7,24.8
2026-05-30,St. John's,NL,4.0,3.1,33.9
2026-05-31,St. John's,NL,5.5,1.7,26.4
2026-06-01,St. John's,NL,3.1,1.2,37.6
2026-06-02,St. John's,NL,6.0,1.2,24.6
2026-06-03,St. John's,NL,11.5,0.6,18.2
2026-06-04,St. John's,NL,18.0,6.2,37.3
2026-06-05,St. John's,NL,15.5,1.6,35.5
2026-06-06,St. John's,NL,10.6,0.2,16.8
2026-06-07,St. John's,NL,6.8,3.7,23.1
2026-06-08,St. John's,NL,15.2,4.3,31.5
2026-06-09,St. John's,NL,17.0,4.1,26.1
2026-06-10,St. John's,NL,11.9,4.1,11.4
2026-06-11,St. John's,NL,10.0,3.9,18.7
2026-06-12,St. John's,NL,9.9,3.4,27.5
2026-06-13,St. John's,NL,10.1,4.2,29.4
2026-06-14,St. John's,NL,10.1,4.1,12.5
2026-06-15,St. John's,NL,14.3,5.3,13.9
2026-06-16,St. John's,NL,8.8,4.4,16.6
2026-06-17,St. John's,NL,7.0,4.9,21.4
2026-06-18,St. John's,NL,13.5,6.1,11.5
2026-06-19,St. John's,NL,10.1,5.4,29.5
2026-06-20,St. John's,NL,17.9,7.7,28.1
2026-06-21,St. John's,NL,15.7,10.0,20.8
2026-06-22,St. John's,NL,10.1,6.0,16.9
2026-06-23,St. John's,NL,17.9,6.1,19.8
2026-06-24,St. John's,NL,9.9,7.4,28.1
2026-06-25,St. John's,NL,14.8,7.4,39.8
2026-06-26,St. John's,NL,15.4,4.7,15.7
2026-06-27,St. John's,NL,13.1,7.5,13.8
2026-06-28,St. John's,NL,17.2,8.9,14.1
2026-06-29,St. John's,NL,15.8,9.2,15.3
2026-06-30,St. John's,NL,18.8,10.6,14.6
2026-07-01,St. John's,NL,19.5,10.7,20.0
2026-07-02,St. John's,NL,17.0,11.5,23.8
2026-07-03,St. John's,NL,20.6,13.7,13.0
2026-07-04,St. John's,NL,23.7,14.6,16.8
2026-07-05,St. John's,NL,17.5,8.5,25.2
2026-07-06,St. John's,NL,17.7,7.1,23.1
2026-07-07,St. John's,NL,25.7,10.6,20.2
2026-07-08,St. John's,NL,27.5,13.5,20.5
2026-07-09,St. John's,NL,16.2,12.7,18.8
2026-07-10,St. John's,NL,21.3,12.3,11.5
2026-07-11,St. John's,NL,20.7,12.5,13.0
2026-07-12,St. John's,NL,11.6,8.6,25.6
2026-07-13,St. John's,NL,17.8,7.7,18.4
2026-07-14,St. John's,NL,20.3,13.2,24.3
2026-07-15,St. John's,NL,14.7,11.8,40.0
2026-07-16,St. John's,NL,21.7,13.5,24.2
2026-07-17,St. John's,NL,18.2,9.9,22.0
2026-07-18,St. John's,NL,20.8,12.0,20.2
2026-07-19,St. John's,NL,17.4,11.9,30.3
2026-07-20,St. John's,NL,21.8,11.6,32.7
2026-07-21,St. John's,NL,23.6,13.2,21.3
2026-07-22,St. John's,NL,16.8,13.1,22.6
2026-07-23,St. John's,NL,25.3,14.5,26.4
2026-07-24,St. John's,NL,24.1,18.6,27.4
2024-01-01,Whitehorse,YT,-9.4,-14.2,9.8
2024-01-02,Whitehorse,YT,-9.3,-16.4,7.6
2024-01-03,Whitehorse,YT,-8.4,-10.9,2.9
2024-01-04,Whitehorse,YT,-6.6,-10.6,14.8
2024-01-05,Whitehorse,YT,-9.4,-12.6,13.7
2024-01-06,Whitehorse,YT,-9.9,-14.0,10.9
2024-01-07,Whitehorse,YT,-13.5,-17.4,15.1
2024-01-08,Whitehorse,YT,-10.3,-14.8,15.5
2024-01-09,Whitehorse,YT,-11.2,-18.5,7.9
2024-01-10,Whitehorse,YT,-19.9,-32.9,8.3
2024-01-11,Whitehorse,YT,-27.6,-35.7,13.5
2024-01-12,Whitehorse,YT,-24.8,-30.8,14.7
2024-01-13,Whitehorse,YT,-18.6,-24.4,14.5
2024-01-14,Whitehorse,YT,-13.0,-20.0,18.4
2024-01-15,Whitehorse,YT,-7.1,-16.2,15.8
2024-01-16,Whitehorse,YT,-9.3,-21.4,9.3
2024-01-17,Whitehorse,YT,-7.9,-12.5,16.5
2024-01-18,Whitehorse,YT,-13.0,-24.4,9.0
2024-01-19,Whitehorse,YT,-19.2,-25.8,8.9
2024-01-20,Whitehorse,YT,-18.6,-22.2,7.2
2024-01-21,Whitehorse,YT,-18.2,-26.1,8.7
2024-01-22,Whitehorse,YT,-16.6,-19.0,9.1
2024-01-23,Whitehorse,YT,-14.9,-19.3,9.4
2024-01-24,Whitehorse,YT,-13.6,-16.3,10.6
2024-01-25,Whitehorse,YT,-12.6,-17.4,11.7
2024-01-26,Whitehorse,YT,-6.2,-14.5,10.0
2024-01-27,Whitehorse,YT,3.4,-7.2,19.3
2024-01-28,Whitehorse,YT,3.8,0.7,21.1
2024-01-29,Whitehorse,YT,4.6,2.0,29.7
2024-01-30,Whitehorse,YT,2.1,-7.1,17.9
2024-01-31,Whitehorse,YT,-8.7,-16.3,13.8
2024-02-01,Whitehorse,YT,-12.0,-19.2,13.8
2024-02-02,Whitehorse,YT,-19.3,-27.7,12.9
2024-02-03,Whitehorse,YT,-22.1,-31.1,5.9
2024-02-04,Whitehorse,YT,-12.9,-23.8,10.7
2024-02-05,Whitehorse,YT,-9.6,-15.0,11.2
2024-02-06,Whitehorse,YT,-11.1,-16.1,7.8
2024-02-07,Whitehorse,YT,-12.4,-19.0,9.2
2024-02-08,Whitehorse,YT,-11.3,-16.4,12.6
2024-02-09,Whitehorse,YT,-6.8,-16.7,16.5
2024-02-10,Whitehorse,YT,2.0,-8.1,17.7
2024-02-11,Whitehorse,YT,-1.4,-8.2,13.7
2024-02-12,Whitehorse,YT,-3.2,-11.7,10.8
2024-02-13,Whitehorse,YT,-4.5,-10.9,11.0
2024-02-14,Whitehorse,YT,-3.7,-11.1,12.6
2024-02-15,Whitehorse,YT,-5.5,-12.7,15.0
2024-02-16,Whitehorse,YT,-3.6,-11.4,14.6
2024-02-17,Whitehorse,YT,-3.2,-12.1,14.0
2024-02-18,Whitehorse,YT,-1.3,-8.3,9.7
2024-02-19,Whitehorse,YT,2.1,-4.3,9.5
2024-02-20,Whitehorse,YT,3.0,-4.7,13.9
2024-02-21,Whitehorse,YT,3.8,-3.2,15.2
2024-02-22,Whitehorse,YT,4.6,-3.0,21.5
2024-02-23,Whitehorse,YT,-2.8,-11.9,14.1
2024-02-24,Whitehorse,YT,-6.7,-19.1,7.0
2024-02-25,Whitehorse,YT,-9.6,-20.2,15.7
2024-02-26,Whitehorse,YT,-13.7,-21.0,17.1
2024-02-27,Whitehorse,YT,-14.7,-20.5,16.5
2024-02-28,Whitehorse,YT,-15.6,-20.0,10.5
2024-02-29,Whitehorse,YT,-16.4,-24.5,12.6
2024-03-01,Whitehorse,YT,-17.8,-24.0,14.2
2024-03-02,Whitehorse,YT,-18.9,-25.2,14.2
2024-03-03,Whitehorse,YT,-16.2,-31.3,11.0
2024-03-04,Whitehorse,YT,-12.7,-22.7,12.2
2024-03-05,Whitehorse,YT,-9.0,-20.4,12.7
2024-03-06,Whitehorse,YT,-3.3,-15.6,12.7
2024-03-07,Whitehorse,YT,0.6,-13.7,11.0
2024-03-08,Whitehorse,YT,1.2,-8.7,23.1
2024-03-09,Whitehorse,YT,2.0,-5.5,18.1
2024-03-10,Whitehorse,YT,0.1,-11.1,11.9
2024-03-11,Whitehorse,YT,-0.2,-10.0,11.9
2024-03-12,Whitehorse,YT,1.4,-10.8,18.7
2024-03-13,Whitehorse,YT,1.3,-9.3,15.5
2024-03-14,Whitehorse,YT,4.9,-4.0,21.7
2024-03-15,Whitehorse,YT,0.5,-6.5,11.5
2024-03-16,Whitehorse,YT,9.3,-0.6,18.6
2024-03-17,Whitehorse,YT,6.9,1.1,13.7
2024-03-18,Whitehorse,YT,5.7,-3.1,12.0
2024-03-19,Whitehorse,YT,4.8,-3.9,9.0
2024-03-20,Whitehorse,YT,6.0,-5.9,5.4
2024-03-21,Whitehorse,YT,5.8,-4.9,5.6
2024-03-22,Whitehorse,YT,6.2,-5.1,11.6
2024-03-23,Whitehorse,YT,5.9,-7.6,8.3
2024-03-24,Whitehorse,YT,7.4,-5.1,12.7
2024-03-25,Whitehorse,YT,6.1,-4.3,12.2
2024-03-26,Whitehorse,YT,5.8,-5.1,10.6
2024-03-27,Whitehorse,YT,6.0,-6.9,7.3
2024-03-28,Whitehorse,YT,5.8,-4.6,9.7
2024-03-29,Whitehorse,YT,5.6,-5.4,11.5
2024-03-30,Whitehorse,YT,5.0,-7.0,19.1
2024-03-31,Whitehorse,YT,3.6,-6.3,21.2
2024-04-01,Whitehorse,YT,1.7,-9.2,12.0
2024-04-02,Whitehorse,YT,3.2,-4.3,6.2
2024-04-03,Whitehorse,YT,3.6,-5.4,8.0
2024-04-04,Whitehorse,YT,3.8,-10.7,12.9
2024-04-05,Whitehorse,YT,2.4,-3.6,15.9
2024-04-06,Whitehorse,YT,3.1,-5.0,14.4
2024-04-07,Whitehorse,YT,2.0,-8.8,16.1
2024-04-08,Whitehorse,YT,3.4,-4.7,15.0
2024-04-09,Whitehorse,YT,3.8,-7.2,12.5
2024-04-10,Whitehorse,YT,4.8,-5.9,14.2
2024-04-11,Whitehorse,YT,5.6,-6.2,12.6
2024-04-12,Whitehorse,YT,2.4,-4.5,13.5
2024-04-13,Whitehorse,YT,3.9,-3.7,11.6
2024-04-14,Whitehorse,YT,1.4,-6.4,18.9
2024-04-15,Whitehorse,YT,5.9,-7.6,12.2
2024-04-16,Whitehorse,YT,8.0,-5.6,10.5
2024-04-17,Whitehorse,YT,9.0,-4.9,15.1
2024-04-18,Whitehorse,YT,11.4,-4.0,13.5
2024-04-19,Whitehorse,YT,13.3,-2.2,11.3
2024-04-20,Whitehorse,YT,13.3,-1.3,10.3
2024-04-21,Whitehorse,YT,11.3,-2.0,12.7
2024-04-22,Whitehorse,YT,9.2,-2.4,11.9
2024-04-23,Whitehorse,YT,8.9,0.1,8.2
2024-04-24,Whitehorse,YT,11.5,-1.0,10.2
2024-04-25,Whitehorse,YT,12.5,-0.2,8.7
2024-04-26,Whitehorse,YT,13.6,-3.2,9.5
2024-04-27,Whitehorse,YT,12.0,-1.4,8.1
2024-04-28,Whitehorse,YT,12.0,1.4,10.0
2024-04-29,Whitehorse,YT,11.9,0.1,5.9
2024-04-30,Whitehorse,YT,11.3,-0.2,8.1
2024-05-01,Whitehorse,YT,11.8,-2.1,11.2
2024-05-02,Whitehorse,YT,12.1,-2.5,13.7
2024-05-03,Whitehorse,YT,14.1,0.8,15.9
2024-05-04,Whitehorse,YT,12.8,1.9,19.8
2024-05-05,Whitehorse,YT,14.1,3.6,17.8
2024-05-06,Whitehorse,YT,7.1,0.1,11.3
2024-05-07,Whitehorse,YT,7.4,-1.7,20.1
2024-05-08,Whitehorse,YT,9.1,1.7,21.6
2024-05-09,Whitehorse,YT,8.9,2.2,26.9
2024-05-10,Whitehorse,YT,8.4,0.6,12.8
2024-05-11,Whitehorse,YT,9.7,-1.8,16.1
2024-05-12,Whitehorse,YT,9.7,2.4,19.1
2024-05-13,Whitehorse,YT,8.5,-0.8,15.5
2024-05-14,Whitehorse,YT,10.0,-1.6,8.7
2024-05-15,Whitehorse,YT,11.1,1.7,14.0
2024-05-16,Whitehorse,YT,13.4,-0.9,8.2
2024-05-17,Whitehorse,YT,14.9,0.1,12.0
2024-05-18,Whitehorse,YT,15.4,3.4,13.7
2024-05-19,Whitehorse,YT,9.8,0.2,19.7
2024-05-20,Whitehorse,YT,8.3,-0.2,12.1
2024-05-21,Whitehorse,YT,15.9,-1.1,10.2
2024-05-22,Whitehorse,YT,10.3,2.9,17.6
2024-05-23,Whitehorse,YT,11.4,1.4,13.5
2024-05-24,Whitehorse,YT,13.3,3.7,12.6
2024-05-25,Whitehorse,YT,12.3,1.4,14.8
2024-05-26,Whitehorse,YT,14.5,1.5,17.0
2024-05-27,Whitehorse,YT,11.6,1.8,11.2
2024-05-28,Whitehorse,YT,12.7,0.4,11.7
2024-05-29,Whitehorse,YT,13.7,-0.9,12.4
2024-05-30,Whitehorse,YT,14.5,0.4,11.0
2024-05-31,Whitehorse,YT,17.4,0.1,20.4
2024-06-01,Whitehorse,YT,13.7,6.6,18.1
2024-06-02,Whitehorse,YT,16.2,2.2,13.2
2024-06-03,Whitehorse,YT,15.7,7.1,13.5
2024-06-04,Whitehorse,YT,15.6,8.4,13.3
2024-06-05,Whitehorse,YT,12.9,3.8,21.3
2024-06-06,Whitehorse,YT,13.7,3.0,14.3
2024-06-07,Whitehorse,YT,17.9,1.7,10.5
2024-06-08,Whitehorse,YT,22.7,6.2,16.4
2024-06-09,Whitehorse,YT,23.2,10.3,14.1
2024-06-10,Whitehorse,YT,17.5,6.5,15.1
2024-06-11,Whitehorse,YT,17.3,5.4,10.8
2024-06-12,Whitehorse,YT,17.0,5.7,12.3
2024-06-13,Whitehorse,YT,19.6,3.7,11.1
2024-06-14,Whitehorse,YT,15.3,8.8,14.7
2024-06-15,Whitehorse,YT,17.3,6.3,8.9
2024-06-16,Whitehorse,YT,22.6,5.8,14.1
2024-06-17,Whitehorse,YT,24.3,8.8,16.1
2024-06-18,Whitehorse,YT,22.8,10.7,12.5
2024-06-19,Whitehorse,YT,23.8,8.0,10.0
2024-06-20,Whitehorse,YT,22.8,7.5,13.8
2024-06-21,Whitehorse,YT,19.9,9.7,13.8
2024-06-22,Whitehorse,YT,15.2,11.4,7.7
2024-06-23,Whitehorse,YT,18.6,11.3,10.6
2024-06-24,Whitehorse,YT,23.0,9.0,8.6
2024-06-25,Whitehorse,YT,24.0,9.4,8.4
2024-06-26,Whitehorse,YT,25.4,11.3,9.4
2024-06-27,Whitehorse,YT,26.2,12.1,8.4
2024-06-28,Whitehorse,YT,24.2,11.3,10.2
2024-06-29,Whitehorse,YT,25.3,12.4,9.1
2024-06-30,Whitehorse,YT,22.5,11.9,11.5
2024-07-01,Whitehorse,YT,21.6,9.5,11.2
2024-07-02,Whitehorse,YT,17.1,10.8,8.4
2024-07-03,Whitehorse,YT,22.9,12.4,7.6
2024-07-04,Whitehorse,YT,21.5,10.8,12.5
2024-07-05,Whitehorse,YT,20.4,11.0,14.7
2024-07-06,Whitehorse,YT,22.6,8.7,11.6
2024-07-07,Whitehorse,YT,24.0,10.9,11.0
2024-07-08,Whitehorse,YT,24.2,10.4,12.6
2024-07-09,Whitehorse,YT,24.0,13.5,16.8
2024-07-10,Whitehorse,YT,20.3,11.4,14.3
2024-07-11,Whitehorse,YT,20.4,9.1,13.6
2024-07-12,Whitehorse,YT,18.1,10.2,13.7
2024-07-13,Whitehorse,YT,16.1,8.1,21.4
2024-07-14,Whitehorse,YT,19.7,10.9,23.0
2024-07-15,Whitehorse,YT,18.8,12.0,16.8
2024-07-16,Whitehorse,YT,18.9,8.7,15.9
2024-07-17,Whitehorse,YT,14.0,11.0,9.8
2024-07-18,Whitehorse,YT,20.4,5.2,12.9
2024-07-19,Whitehorse,YT,20.2,7.6,10.3
2024-07-20,Whitehorse,YT,24.1,10.8,9.2
2024-07-21,Whitehorse,YT,28.1,13.6,11.1
2024-07-22,Whitehorse,YT,23.5,14.8,6.8
2024-07-23,Whitehorse,YT,25.3,13.8,20.7
2024-07-24,Whitehorse,YT,27.0,14.3,14.9
2024-07-25,Whitehorse,YT,21.2,13.9,8.0
2024-07-26,Whitehorse,YT,22.9,11.6,14.2
2024-07-27,Whitehorse,YT,17.4,11.0,13.2
2024-07-28,Whitehorse,YT,18.2,9.1,10.1
2024-07-29,Whitehorse,YT,18.5,7.5,14.3
2024-07-30,Whitehorse,YT,17.5,9.0,11.0
2024-07-31,Whitehorse,YT,12.5,9.4,6.9
2024-08-01,Whitehorse,YT,17.9,7.7,9.2
2024-08-02,Whitehorse,YT,16.7,6.4,9.8
2024-08-03,Whitehorse,YT,17.4,8.7,14.0
2024-08-04,Whitehorse,YT,22.1,9.3,5.4
2024-08-05,Whitehorse,YT,24.8,11.0,13.0
2024-08-06,Whitehorse,YT,26.3,10.5,12.3
2024-08-07,Whitehorse,YT,27.0,12.0,12.9
2024-08-08,Whitehorse,YT,27.0,13.1,15.6
2024-08-09,Whitehorse,YT,25.1,14.6,16.0
2024-08-10,Whitehorse,YT,23.2,12.7,12.5
2024-08-11,Whitehorse,YT,18.9,10.4,21.9
2024-08-12,Whitehorse,YT,19.4,10.6,13.8
2024-08-13,Whitehorse,YT,16.5,8.6,11.4
2024-08-14,Whitehorse,YT,13.6,7.8,10.3
2024-08-15,Whitehorse,YT,18.8,5.3,7.1
2024-08-16,Whitehorse,YT,21.1,8.4,14.6
2024-08-17,Whitehorse,YT,22.9,8.7,8.7
2024-08-18,Whitehorse,YT,26.8,10.8,12.5
2024-08-19,Whitehorse,YT,23.1,13.0,15.7
2024-08-20,Whitehorse,YT,13.4,8.5,16.0
2024-08-21,Whitehorse,YT,18.7,5.4,13.5
2024-08-22,Whitehorse,YT,11.6,8.8,11.0
2024-08-23,Whitehorse,YT,14.3,5.9,7.6
2024-08-24,Whitehorse,YT,15.3,5.7,12.6
2024-08-25,Whitehorse,YT,14.7,7.6,21.4
2024-08-26,Whitehorse,YT,14.7,6.0,10.2
2024-08-27,Whitehorse,YT,14.4,5.0,17.7
2024-08-28,Whitehorse,YT,15.5,8.0,15.8
2024-08-29,Whitehorse,YT,14.8,7.6,13.5
2024-08-30,Whitehorse,YT,15.2,7.0,14.0
2024-08-31,Whitehorse,YT,17.3,8.2,16.9
2024-09-01,Whitehorse,YT,15.3,8.5,15.2
2024-09-02,Whitehorse,YT,14.9,4.1,10.2
2024-09-03,Whitehorse,YT,15.6,4.4,9.0
2024-09-04,Whitehorse,YT,14.5,5.1,19.1
2024-09-05,Whitehorse,YT,14.1,8.3,21.0
2024-09-06,Whitehorse,YT,14.8,8.7,23.0
2024-09-07,Whitehorse,YT,15.0,7.2,12.5
2024-09-08,Whitehorse,YT,13.5,5.9,4.7
2024-09-09,Whitehorse,YT,14.3,5.5,5.9
2024-09-10,Whitehorse,YT,13.0,4.2,7.2
2024-09-11,Whitehorse,YT,14.6,3.6,9.3
2024-09-12,Whitehorse,YT,12.0,6.0,21.5
2024-09-13,Whitehorse,YT,13.6,6.8,16.3
2024-09-14,Whitehorse,YT,13.2,3.3,11.8
2024-09-15,Whitehorse,YT,13.9,6.4,19.7
2024-09-16,Whitehorse,YT,12.0,5.0,11.1
2024-09-17,Whitehorse,YT,13.3,1.1,11.0
2024-09-18,Whitehorse,YT,12.3,6.2,19.0
2024-09-19,Whitehorse,YT,8.6,2.3,10.5
2024-09-20,Whitehorse,YT,9.0,0.6,14.7
2024-09-21,Whitehorse,YT,7.3,3.9,5.2
2024-09-22,Whitehorse,YT,10.3,1.5,15.9
2024-09-23,Whitehorse,YT,11.5,5.4,20.3
2024-09-24,Whitehorse,YT,11.0,4.6,19.7
2024-09-25,Whitehorse,YT,9.9,1.9,9.7
2024-09-26,Whitehorse,YT,9.6,0.7,8.9
2024-09-27,Whitehorse,YT,7.9,-0.4,8.4
2024-09-28,Whitehorse,YT,8.9,-0.2,6.4
2024-09-29,Whitehorse,YT,8.6,-1.9,5.2
2024-09-30,Whitehorse,YT,7.2,-3.1,8.5
2024-10-01,Whitehorse,YT,3.9,1.1,6.7
2024-10-02,Whitehorse,YT,5.5,1.3,13.7
2024-10-03,Whitehorse,YT,7.5,1.3,11.0
2024-10-04,Whitehorse,YT,6.0,-0.1,16.2
2024-10-05,Whitehorse,YT,8.2,1.5,19.4
2024-10-06,Whitehorse,YT,5.1,1.6,20.6
2024-10-07,Whitehorse,YT,8.1,1.0,17.7
2024-10-08,Whitehorse,YT,5.9,-1.0,9.4
2024-10-09,Whitehorse,YT,6.3,0.1,14.0
2024-10-10,Whitehorse,YT,6.1,0.5,15.7
2024-10-11,Whitehorse,YT,5.9,-0.4,15.6
2024-10-12,Whitehorse,YT,5.9,2.2,25.2
2024-10-13,Whitehorse,YT,7.3,1.2,17.8
2024-10-14,Whitehorse,YT,6.9,1.5,16.1
2024-10-15,Whitehorse,YT,7.2,0.9,10.2
2024-10-16,Whitehorse,YT,5.0,-1.3,13.0
2024-10-17,Whitehorse,YT,-1.0,-4.4,13.1
2024-10-18,Whitehorse,YT,-4.4,-6.5,13.7
2024-10-19,Whitehorse,YT,-6.3,-9.1,17.0
2024-10-20,Whitehorse,YT,-6.0,-14.8,7.5
2024-10-21,Whitehorse,YT,-2.4,-12.3,15.3
2024-10-22,Whitehorse,YT,4.9,-4.5,15.8
2024-10-23,Whitehorse,YT,-0.4,-4.3,10.2
2024-10-24,Whitehorse,YT,-1.5,-8.3,6.3
2024-10-25,Whitehorse,YT,0.7,-7.1,8.6
2024-10-26,Whitehorse,YT,-0.9,-8.2,14.0
2024-10-27,Whitehorse,YT,-3.5,-10.2,13.0
2024-10-28,Whitehorse,YT,-4.4,-12.0,12.7
2024-10-29,Whitehorse,YT,0.9,-5.8,12.7
2024-10-30,Whitehorse,YT,-0.3,-3.7,9.3
2024-10-31,Whitehorse,YT,-0.2,-3.5,11.1
2024-11-01,Whitehorse,YT,1.2,-4.2,13.2
2024-11-02,Whitehorse,YT,0.6,-2.3,11.3
2024-11-03,Whitehorse,YT,3.9,-4.2,14.0
2024-11-04,Whitehorse,YT,-2.7,-11.4,11.5
2024-11-05,Whitehorse,YT,0.3,-12.5,23.2
2024-11-06,Whitehorse,YT,3.0,-7.5,14.0
2024-11-07,Whitehorse,YT,-0.8,-8.1,15.5
2024-11-08,Whitehorse,YT,0.8,-4.8,13.2
2024-11-09,Whitehorse,YT,0.9,-3.6,11.9
2024-11-10,Whitehorse,YT,-0.9,-4.0,9.3
2024-11-11,Whitehorse,YT,-2.3,-5.6,7.3
2024-11-12,Whitehorse,YT,-3.0,-5.3,4.3
2024-11-13,Whitehorse,YT,-3.7,-6.5,7.3
2024-11-14,Whitehorse,YT,-6.7,-10.6,11.5
2024-11-15,Whitehorse,YT,-0.0,-8.8,18.9
2024-11-16,Whitehorse,YT,-1.1,-4.7,11.4
2024-11-17,Whitehorse,YT,-4.9,-12.6,12.1
2024-11-18,Whitehorse,YT,-12.8,-17.2,11.6
2024-11-19,Whitehorse,YT,-17.2,-22.8,12.8
2024-11-20,Whitehorse,YT,-18.6,-25.1,7.1
2024-11-21,Whitehorse,YT,-12.0,-22.9,8.0
2024-11-22,Whitehorse,YT,-10.7,-16.8,10.0
2024-11-23,Whitehorse,YT,-16.1,-21.5,10.0
2024-11-24,Whitehorse,YT,-15.1,-20.0,15.1
2024-11-25,Whitehorse,YT,-8.3,-16.4,15.3
2024-11-26,Whitehorse,YT,-7.3,-9.9,7.7
2024-11-27,Whitehorse,YT,-8.2,-16.3,8.7
2024-11-28,Whitehorse,YT,-16.5,-19.5,9.0
2024-11-29,Whitehorse,YT,-19.9,-26.5,8.8
2024-11-30,Whitehorse,YT,-23.7,-29.4,11.5
2024-12-01,Whitehorse,YT,-14.7,-26.0,11.7
2024-12-02,Whitehorse,YT,-11.3,-14.1,11.4
2024-12-03,Whitehorse,YT,-3.3,-11.5,16.7
2024-12-04,Whitehorse,YT,3.1,-3.8,15.9
2024-12-05,Whitehorse,YT,6.3,2.9,24.2
2024-12-06,Whitehorse,YT,2.5,-6.4,12.9
2024-12-07,Whitehorse,YT,-6.8,-10.8,8.6
2024-12-08,Whitehorse,YT,-9.9,-11.3,13.4
2024-12-09,Whitehorse,YT,-3.0,-11.3,14.8
2024-12-10,Whitehorse,YT,-2.6,-4.1,15.5
2024-12-11,Whitehorse,YT,-2.1,-4.0,12.6
2024-12-12,Whitehorse,YT,-2.2,-8.0,14.2
2024-12-13,Whitehorse,YT,-8.5,-14.2,8.5
2024-12-14,Whitehorse,YT,-12.5,-15.7,5.2
2024-12-15,Whitehorse,YT,-12.0,-14.4,12.4
2024-12-16,Whitehorse,YT,-10.8,-14.1,11.2
2024-12-17,Whitehorse,YT,-13.7,-20.2,12.0
2024-12-18,Whitehorse,YT,-20.6,-25.4,13.0
2024-12-19,Whitehorse,YT,-15.2,-23.8,16.5
2024-12-20,Whitehorse,YT,-10.9,-17.3,13.9
2024-12-21,Whitehorse,YT,-6.9,-10.7,15.4
2024-12-22,Whitehorse,YT,-2.9,-9.2,15.5
2024-12-23,Whitehorse,YT,0.2,-5.4,14.6
2024-12-24,Whitehorse,YT,-3.3,-5.2,11.8
2024-12-25,Whitehorse,YT,-2.7,-6.3,11.2
2024-12-26,Whitehorse,YT,-0.1,-6.4,15.9
2024-12-27,Whitehorse,YT,-2.9,-7.0,12.2
2024-12-28,Whitehorse,YT,-5.3,-7.6,9.7
2024-12-29,Whitehorse,YT,-5.3,-9.9,9.0
2024-12-30,Whitehorse,YT,-9.9,-13.5,4.6
2024-12-31,Whitehorse,YT,-11.7,-18.6,9.5
2025-01-01,Whitehorse,YT,-18.4,-21.7,13.2
2025-01-02,Whitehorse,YT,-21.9,-27.9,13.1
2025-01-03,Whitehorse,YT,-26.6,-29.2,5.9
2025-01-04,Whitehorse,YT,-21.4,-27.5,9.6
2025-01-05,Whitehorse,YT,-13.6,-21.3,18.0
2025-01-06,Whitehorse,YT,0.2,-13.3,19.2
2025-01-07,Whitehorse,YT,0.6,-8.9,16.9
2025-01-08,Whitehorse,YT,-0.2,-9.0,13.4
2025-01-09,Whitehorse,YT,1.7,-1.3,21.4
2025-01-10,Whitehorse,YT,1.4,-3.3,12.3
2025-01-11,Whitehorse,YT,2.3,-5.5,17.4
2025-01-12,Whitehorse,YT,1.1,-1.4,27.0
2025-01-13,Whitehorse,YT,2.2,-2.3,17.5
2025-01-14,Whitehorse,YT,2.7,-8.9,12.6
2025-01-15,Whitehorse,YT,-7.4,-14.2,11.9
2025-01-16,Whitehorse,YT,-9.1,-16.8,13.6
2025-01-17,Whitehorse,YT,-14.4,-21.0,14.5
2025-01-18,Whitehorse,YT,-10.7,-15.8,12.9
2025-01-19,Whitehorse,YT,-4.8,-12.3,16.8
2025-01-20,Whitehorse,YT,-0.9,-8.3,16.2
2025-01-21,Whitehorse,YT,-7.0,-15.8,15.0
2025-01-22,Whitehorse,YT,-2.7,-7.6,15.3
2025-01-23,Whitehorse,YT,-4.0,-11.1,12.1
2025-01-24,Whitehorse,YT,-2.8,-10.1,10.7
2025-01-25,Whitehorse,YT,-0.8,-9.5,15.1
2025-01-26,Whitehorse,YT,0.2,-4.0,17.2
2025-01-27,Whitehorse,YT,2.9,-3.2,20.5
2025-01-28,Whitehorse,YT,-2.5,-11.0,15.5
2025-01-29,Whitehorse,YT,-6.6,-12.0,10.2
2025-01-30,Whitehorse,YT,-13.0,-22.8,15.1
2025-01-31,Whitehorse,YT,-22.9,-26.7,13.6
2025-02-01,Whitehorse,YT,-21.3,-29.4,8.4
2025-02-02,Whitehorse,YT,-16.9,-24.1,8.9
2025-02-03,Whitehorse,YT,-12.1,-22.9,7.1
2025-02-04,Whitehorse,YT,-10.3,-16.5,3.6
2025-02-05,Whitehorse,YT,-11.7,-20.0,7.5
2025-02-06,Whitehorse,YT,-11.6,-17.0,7.7
2025-02-07,Whitehorse,YT,-12.2,-22.3,8.9
2025-02-08,Whitehorse,YT,-9.5,-18.6,5.4
2025-02-09,Whitehorse,YT,-12.1,-21.0,5.4
2025-02-10,Whitehorse,YT,-12.3,-20.7,11.1
2025-02-11,Whitehorse,YT,-9.0,-21.5,6.3
2025-02-12,Whitehorse,YT,-11.3,-20.4,7.3
2025-02-13,Whitehorse,YT,-11.8,-16.2,17.6
2025-02-14,Whitehorse,YT,-16.1,-19.5,19.0
2025-02-15,Whitehorse,YT,-14.5,-21.5,16.1
2025-02-16,Whitehorse,YT,-10.6,-18.5,14.7
2025-02-17,Whitehorse,YT,-7.0,-15.1,10.9
2025-02-18,Whitehorse,YT,-0.5,-9.1,13.2
2025-02-19,Whitehorse,YT,-1.5,-7.3,11.0
2025-02-20,Whitehorse,YT,-0.4,-7.2,12.9
2025-02-21,Whitehorse,YT,3.3,-4.9,14.7
2025-02-22,Whitehorse,YT,1.2,-7.2,10.6
2025-02-23,Whitehorse,YT,3.7,-5.2,12.8
2025-02-24,Whitehorse,YT,3.4,-6.9,11.6
2025-02-25,Whitehorse,YT,4.3,-7.3,11.3
2025-02-26,Whitehorse,YT,0.5,-7.1,11.2
2025-02-27,Whitehorse,YT,4.3,-1.7,16.7
2025-02-28,Whitehorse,YT,3.0,-2.2,17.2
2025-03-01,Whitehorse,YT,4.7,-7.4,11.6
2025-03-02,Whitehorse,YT,1.8,-12.7,10.3
2025-03-03,Whitehorse,YT,3.6,-6.0,10.5
2025-03-04,Whitehorse,YT,2.2,-7.8,8.3
2025-03-05,Whitehorse,YT,2.8,-10.0,12.8
2025-03-06,Whitehorse,YT,3.3,-7.7,17.4
2025-03-07,Whitehorse,YT,-0.3,-8.8,8.4
2025-03-08,Whitehorse,YT,2.4,-7.7,10.7
2025-03-09,Whitehorse,YT,1.5,-10.7,9.0
2025-03-10,Whitehorse,YT,0.4,-8.2,10.9
2025-03-11,Whitehorse,YT,0.1,-11.6,7.2
2025-03-12,Whitehorse,YT,-1.9,-13.9,8.0
2025-03-13,Whitehorse,YT,-5.2,-14.9,9.4
2025-03-14,Whitehorse,YT,-6.3,-17.2,10.1
2025-03-15,Whitehorse,YT,-7.1,-18.5,4.8
2025-03-16,Whitehorse,YT,-6.7,-18.8,5.7
2025-03-17,Whitehorse,YT,-1.4,-17.4,14.9
2025-03-18,Whitehorse,YT,0.8,-12.4,14.1
2025-03-19,Whitehorse,YT,2.5,-8.7,17.8
2025-03-20,Whitehorse,YT,3.3,-8.2,9.2
2025-03-21,Whitehorse,YT,2.8,-10.7,9.7
2025-03-22,Whitehorse,YT,3.3,-10.0,10.6
2025-03-23,Whitehorse,YT,1.2,-11.2,9.6
2025-03-24,Whitehorse,YT,4.8,-7.8,10.1
2025-03-25,Whitehorse,YT,5.8,-8.7,6.7
2025-03-26,Whitehorse,YT,5.2,-6.1,6.8
2025-03-27,Whitehorse,YT,4.0,-10.8,14.5
2025-03-28,Whitehorse,YT,3.1,-7.8,14.0
2025-03-29,Whitehorse,YT,4.1,-11.3,8.9
2025-03-30,Whitehorse,YT,3.5,-6.4,8.8
2025-03-31,Whitehorse,YT,1.5,-11.5,16.6
2025-04-01,Whitehorse,YT,5.7,-5.5,11.5
2025-04-02,Whitehorse,YT,6.7,-3.4,5.5
2025-04-03,Whitehorse,YT,9.4,-6.2,9.9
2025-04-04,Whitehorse,YT,6.7,-2.5,19.3
2025-04-05,Whitehorse,YT,8.4,0.6,19.7
2025-04-06,Whitehorse,YT,6.2,-0.7,20.2
2025-04-07,Whitehorse,YT,6.5,-2.9,13.5
2025-04-08,Whitehorse,YT,5.6,-3.5,17.9
2025-04-09,Whitehorse,YT,4.2,-4.4,16.8
2025-04-10,Whitehorse,YT,6.1,-5.1,14.1
2025-04-11,Whitehorse,YT,3.4,-3.2,13.6
2025-04-12,Whitehorse,YT,4.0,-7.3,10.4
2025-04-13,Whitehorse,YT,4.4,-4.0,26.1
2025-04-14,Whitehorse,YT,3.0,-1.0,19.1
2025-04-15,Whitehorse,YT,5.2,-3.7,11.8
2025-04-16,Whitehorse,YT,5.6,-5.3,15.6
2025-04-17,Whitehorse,YT,7.5,-0.6,18.7
2025-04-18,Whitehorse,YT,4.6,-2.2,14.0
2025-04-19,Whitehorse,YT,5.4,-4.5,12.0
2025-04-20,Whitehorse,YT,7.7,-6.3,8.9
2025-04-21,Whitehorse,YT,6.0,-6.2,10.3
2025-04-22,Whitehorse,YT,8.3,-1.7,10.9
2025-04-23,Whitehorse,YT,6.0,-3.4,16.3
2025-04-24,Whitehorse,YT,9.1,1.2,18.8
2025-04-25,Whitehorse,YT,6.2,-1.0,13.3
2025-04-26,Whitehorse,YT,9.8,-0.9,11.4
2025-04-27,Whitehorse,YT,10.4,-3.0,12.1
2025-04-28,Whitehorse,YT,7.4,0.9,8.5
2025-04-29,Whitehorse,YT,9.7,0.9,14.9
2025-04-30,Whitehorse,YT,8.8,-1.2,19.9
2025-05-01,Whitehorse,YT,10.5,1.6,19.4
2025-05-02,Whitehorse,YT,13.6,2.5,23.2
2025-05-03,Whitehorse,YT,8.2,-0.9,14.5
2025-05-04,Whitehorse,YT,9.4,-2.0,16.1
2025-05-05,Whitehorse,YT,8.8,1.6,23.7
2025-05-06,Whitehorse,YT,8.4,-1.1,13.0
2025-05-07,Whitehorse,YT,6.2,-2.6,12.6
2025-05-08,Whitehorse,YT,10.1,-2.7,12.3
2025-05-09,Whitehorse,YT,10.1,-1.4,16.1
2025-05-10,Whitehorse,YT,9.5,1.7,9.1
2025-05-11,Whitehorse,YT,12.5,-0.3,13.6
2025-05-12,Whitehorse,YT,11.4,-2.0,12.1
2025-05-13,Whitehorse,YT,8.8,1.8,14.3
2025-05-14,Whitehorse,YT,10.1,-1.8,12.2
2025-05-15,Whitehorse,YT,9.5,1.7,14.4
2025-05-16,Whitehorse,YT,13.8,2.7,16.6
2025-05-17,Whitehorse,YT,13.8,2.7,11.3
2025-05-18,Whitehorse,YT,14.4,-0.8,12.7
2025-05-19,Whitehorse,YT,11.0,2.7,7.6
2025-05-20,Whitehorse,YT,14.7,1.1,13.4
2025-05-21,Whitehorse,YT,10.9,0.4,13.9
2025-05-22,Whitehorse,YT,10.9,-1.6,10.5
2025-05-23,Whitehorse,YT,11.2,0.0,12.9
2025-05-24,Whitehorse,YT,13.4,2.1,15.4
2025-05-25,Whitehorse,YT,12.3,2.5,16.7
2025-05-26,Whitehorse,YT,11.8,1.5,17.7
2025-05-27,Whitehorse,YT,11.8,2.6,18.6
2025-05-28,Whitehorse,YT,13.5,2.8,26.4
2025-05-29,Whitehorse,YT,10.7,2.2,20.4
2025-05-30,Whitehorse,YT,12.5,0.0,14.3
2025-05-31,Whitehorse,YT,14.5,1.0,14.4
2025-06-01,Whitehorse,YT,14.8,-0.4,14.7
2025-06-02,Whitehorse,YT,15.7,2.6,11.9
2025-06-03,Whitehorse,YT,15.4,3.8,14.9
2025-06-04,Whitehorse,YT,13.0,3.2,17.2
2025-06-05,Whitehorse,YT,14.3,5.6,19.9
2025-06-06,Whitehorse,YT,15.7,3.6,14.2
2025-06-07,Whitehorse,YT,14.2,3.7,25.8
2025-06-08,Whitehorse,YT,11.7,5.9,18.7
2025-06-09,Whitehorse,YT,14.3,2.5,11.8
2025-06-10,Whitehorse,YT,16.0,0.6,8.1
2025-06-11,Whitehorse,YT,19.1,5.5,7.3
2025-06-12,Whitehorse,YT,22.2,5.5,11.8
2025-06-13,Whitehorse,YT,20.6,9.0,16.0
2025-06-14,Whitehorse,YT,19.6,7.4,14.1
2025-06-15,Whitehorse,YT,15.3,7.2,8.7
2025-06-16,Whitehorse,YT,22.0,8.0,15.8
2025-06-17,Whitehorse,YT,21.7,4.8,12.7
2025-06-18,Whitehorse,YT,24.0,9.7,10.3
2025-06-19,Whitehorse,YT,25.2,11.0,11.9
2025-06-20,Whitehorse,YT,27.1,10.6,15.2
2025-06-21,Whitehorse,YT,28.5,9.5,11.3
2025-06-22,Whitehorse,YT,28.1,9.7,7.7
2025-06-23,Whitehorse,YT,24.2,8.8,11.7
2025-06-24,Whitehorse,YT,20.5,8.0,9.9
2025-06-25,Whitehorse,YT,20.1,7.3,14.5
2025-06-26,Whitehorse,YT,19.7,7.4,10.6
2025-06-27,Whitehorse,YT,18.2,5.9,12.3
2025-06-28,Whitehorse,YT,18.7,9.1,16.3
2025-06-29,Whitehorse,YT,16.4,7.2,13.9
2025-06-30,Whitehorse,YT,19.0,4.7,9.6
2025-07-01,Whitehorse,YT,18.7,9.8,10.3
2025-07-02,Whitehorse,YT,16.0,7.3,8.0
2025-07-03,Whitehorse,YT,19.8,7.4,10.7
2025-07-04,Whitehorse,YT,21.2,8.1,13.8
2025-07-05,Whitehorse,YT,20.3,7.3,14.5
2025-07-06,Whitehorse,YT,17.8,6.8,17.9
2025-07-07,Whitehorse,YT,17.0,7.4,13.0
2025-07-08,Whitehorse,YT,19.1,8.8,14.0
2025-07-09,Whitehorse,YT,21.4,8.2,10.9
2025-07-10,Whitehorse,YT,16.7,5.7,19.1
2025-07-11,Whitehorse,YT,14.9,5.7,13.8
2025-07-12,Whitehorse,YT,14.0,7.4,8.7
2025-07-13,Whitehorse,YT,21.6,7.2,8.8
2025-07-14,Whitehorse,YT,24.8,8.4,12.3
2025-07-15,Whitehorse,YT,19.1,9.3,13.5
2025-07-16,Whitehorse,YT,21.5,10.9,7.5
2025-07-17,Whitehorse,YT,23.7,10.2,14.9
2025-07-18,Whitehorse,YT,23.7,10.5,7.0
2025-07-19,Whitehorse,YT,24.4,13.5,13.7
2025-07-20,Whitehorse,YT,24.6,12.4,11.8
2025-07-21,Whitehorse,YT,26.3,13.5,8.1
2025-07-22,Whitehorse,YT,24.1,14.1,9.5
2025-07-23,Whitehorse,YT,17.9,11.4,11.3
2025-07-24,Whitehorse,YT,14.3,10.4,15.7
2025-07-25,Whitehorse,YT,18.8,11.1,14.2
2025-07-26,Whitehorse,YT,22.1,9.6,12.6
2025-07-27,Whitehorse,YT,23.5,10.6,9.6
2025-07-28,Whitehorse,YT,24.6,10.5,8.1
2025-07-29,Whitehorse,YT,24.3,10.6,15.1
2025-07-30,Whitehorse,YT,23.3,12.1,12.6
2025-07-31,Whitehorse,YT,22.9,11.9,13.7
2025-08-01,Whitehorse,YT,20.6,11.4,15.1
2025-08-02,Whitehorse,YT,19.2,8.5,12.2
2025-08-03,Whitehorse,YT,19.1,8.3,8.6
2025-08-04,Whitehorse,YT,19.4,8.3,17.4
2025-08-05,Whitehorse,YT,21.4,9.3,11.0
2025-08-06,Whitehorse,YT,23.2,11.4,6.9
2025-08-07,Whitehorse,YT,23.2,10.8,14.0
2025-08-08,Whitehorse,YT,18.6,10.5,13.9
2025-08-09,Whitehorse,YT,19.0,11.2,14.1
2025-08-10,Whitehorse,YT,21.6,12.0,14.9
2025-08-11,Whitehorse,YT,17.1,10.9,9.0
2025-08-12,Whitehorse,YT,16.4,9.8,17.4
2025-08-13,Whitehorse,YT,20.8,8.7,14.8
2025-08-14,Whitehorse,YT,20.1,9.9,13.1
2025-08-15,Whitehorse,YT,21.1,9.3,13.2
2025-08-16,Whitehorse,YT,18.3,13.0,14.5
2025-08-17,Whitehorse,YT,15.4,10.8,10.7
2025-08-18,Whitehorse,YT,17.4,9.8,10.5
2025-08-19,Whitehorse,YT,18.7,9.0,8.3
2025-08-20,Whitehorse,YT,20.0,9.0,5.8
2025-08-21,Whitehorse,YT,17.3,9.4,6.2
2025-08-22,Whitehorse,YT,20.4,7.7,9.8
2025-08-23,Whitehorse,YT,24.5,10.1,10.3
2025-08-24,Whitehorse,YT,24.8,8.2,8.5
2025-08-25,Whitehorse,YT,24.2,8.3,7.9
2025-08-26,Whitehorse,YT,25.3,8.2,10.6
2025-08-27,Whitehorse,YT,24.0,10.1,13.4
2025-08-28,Whitehorse,YT,23.8,10.0,15.9
2025-08-29,Whitehorse,YT,24.3,9.9,15.5
2025-08-30,Whitehorse,YT,18.4,9.8,11.2
2025-08-31,Whitehorse,YT,20.5,7.9,9.4
2025-09-01,Whitehorse,YT,23.4,8.2,8.8
2025-09-02,Whitehorse,YT,25.8,8.0,8.0
2025-09-03,Whitehorse,YT,23.8,11.2,10.7
2025-09-04,Whitehorse,YT,26.1,12.3,13.1
2025-09-05,Whitehorse,YT,25.5,10.4,11.5
2025-09-06,Whitehorse,YT,20.3,12.8,8.0
2025-09-07,Whitehorse,YT,21.6,9.2,9.1
2025-09-08,Whitehorse,YT,17.4,7.9,12.4
2025-09-09,Whitehorse,YT,18.8,6.4,14.1
2025-09-10,Whitehorse,YT,14.6,9.3,24.9
2025-09-11,Whitehorse,YT,17.1,8.7,19.0
2025-09-12,Whitehorse,YT,15.8,6.2,15.6
2025-09-13,Whitehorse,YT,15.6,5.7,13.0
2025-09-14,Whitehorse,YT,15.5,3.6,14.7
2025-09-15,Whitehorse,YT,12.3,5.5,19.5
2025-09-16,Whitehorse,YT,12.4,7.7,18.6
2025-09-17,Whitehorse,YT,14.6,8.6,26.1
2025-09-18,Whitehorse,YT,14.2,7.1,17.5
2025-09-19,Whitehorse,YT,11.6,7.0,18.9
2025-09-20,Whitehorse,YT,11.3,6.6,11.6
2025-09-21,Whitehorse,YT,13.9,4.6,13.2
2025-09-22,Whitehorse,YT,8.6,4.7,12.4
2025-09-23,Whitehorse,YT,11.9,4.9,16.7
2025-09-24,Whitehorse,YT,9.3,4.1,22.4
2025-09-25,Whitehorse,YT,10.1,4.8,19.6
2025-09-26,Whitehorse,YT,9.3,3.3,15.4
2025-09-27,Whitehorse,YT,9.2,2.9,14.5
2025-09-28,Whitehorse,YT,9.9,2.0,15.9
2025-09-29,Whitehorse,YT,9.9,1.8,8.7
2025-09-30,Whitehorse,YT,9.9,0.4,9.3
2025-10-01,Whitehorse,YT,10.6,-1.3,16.1
2025-10-02,Whitehorse,YT,9.0,1.9,17.7
2025-10-03,Whitehorse,YT,9.4,2.5,10.5
2025-10-04,Whitehorse,YT,10.6,-0.5,12.0
2025-10-05,Whitehorse,YT,8.1,2.2,14.7
2025-10-06,Whitehorse,YT,14.1,3.6,19.1
2025-10-07,Whitehorse,YT,5.3,0.4,12.4
2025-10-08,Whitehorse,YT,11.0,0.4,11.0
2025-10-09,Whitehorse,YT,10.6,1.3,10.3
2025-10-10,Whitehorse,YT,4.1,-1.1,21.8
2025-10-11,Whitehorse,YT,2.5,-2.9,6.3
2025-10-12,Whitehorse,YT,6.3,-3.9,15.7
2025-10-13,Whitehorse,YT,8.6,0.5,18.7
2025-10-14,Whitehorse,YT,11.4,4.0,24.5
2025-10-15,Whitehorse,YT,7.1,-0.1,22.8
2025-10-16,Whitehorse,YT,8.6,2.0,24.5
2025-10-17,Whitehorse,YT,4.8,0.7,11.5
2025-10-18,Whitehorse,YT,4.4,-0.3,10.4
2025-10-19,Whitehorse,YT,4.7,-0.0,9.2
2025-10-20,Whitehorse,YT,3.9,0.1,11.8
2025-10-21,Whitehorse,YT,6.8,-0.3,10.8
2025-10-22,Whitehorse,YT,4.6,1.7,19.8
2025-10-23,Whitehorse,YT,6.9,2.4,22.1
2025-10-24,Whitehorse,YT,6.2,0.6,14.1
2025-10-25,Whitehorse,YT,3.9,-1.4,6.2
2025-10-26,Whitehorse,YT,1.7,-2.7,4.4
2025-10-27,Whitehorse,YT,2.9,-4.7,12.5
2025-10-28,Whitehorse,YT,1.2,-3.8,9.7
2025-10-29,Whitehorse,YT,1.5,-3.1,23.1
2025-10-30,Whitehorse,YT,4.7,0.7,24.1
2025-10-31,Whitehorse,YT,4.6,1.7,21.1
2025-11-01,Whitehorse,YT,3.6,-0.7,16.3
2025-11-02,Whitehorse,YT,4.7,-0.5,17.6
2025-11-03,Whitehorse,YT,2.8,-3.6,12.4
2025-11-04,Whitehorse,YT,-1.1,-5.3,11.0
2025-11-05,Whitehorse,YT,0.3,-3.3,20.8
2025-11-06,Whitehorse,YT,2.0,-1.2,20.0
2025-11-07,Whitehorse,YT,1.4,-3.4,12.5
2025-11-08,Whitehorse,YT,1.0,-3.0,13.2
2025-11-09,Whitehorse,YT,-2.0,-6.1,9.9
2025-11-10,Whitehorse,YT,-1.4,-10.9,11.9
2025-11-11,Whitehorse,YT,-1.0,-3.8,10.7
2025-11-12,Whitehorse,YT,-2.5,-7.9,11.0
2025-11-13,Whitehorse,YT,-5.8,-9.1,3.5
2025-11-14,Whitehorse,YT,-5.4,-7.8,6.1
2025-11-15,Whitehorse,YT,-5.8,-8.2,7.4
2025-11-16,Whitehorse,YT,-3.2,-7.3,12.6
2025-11-17,Whitehorse,YT,-2.0,-6.0,13.4
2025-11-18,Whitehorse,YT,-2.6,-4.8,12.8
2025-11-19,Whitehorse,YT,-1.0,-6.4,13.9
2025-11-20,Whitehorse,YT,2.4,-1.4,19.1
2025-11-21,Whitehorse,YT,0.7,-4.6,18.7
2025-11-22,Whitehorse,YT,-3.7,-8.1,10.5
2025-11-23,Whitehorse,YT,-7.7,-12.7,8.3
2025-11-24,Whitehorse,YT,-8.5,-11.2,9.3
2025-11-25,Whitehorse,YT,-7.5,-12.0,7.6
2025-11-26,Whitehorse,YT,-8.3,-13.1,9.8
2025-11-27,Whitehorse,YT,-13.5,-15.8,13.3
2025-11-28,Whitehorse,YT,-9.0,-14.0,14.1
2025-11-29,Whitehorse,YT,-6.8,-10.3,10.1
2025-11-30,Whitehorse,YT,-2.1,-8.0,15.8
2025-12-01,Whitehorse,YT,0.4,-4.8,14.5
2025-12-02,Whitehorse,YT,2.2,-2.4,12.0
2025-12-03,Whitehorse,YT,0.6,-2.3,12.0
2025-12-04,Whitehorse,YT,0.6,-8.1,10.7
2025-12-05,Whitehorse,YT,-8.2,-15.9,9.1
2025-12-06,Whitehorse,YT,-16.3,-19.9,11.2
2025-12-07,Whitehorse,YT,-18.2,-20.5,11.7
2025-12-08,Whitehorse,YT,-20.4,-27.0,13.0
2025-12-09,Whitehorse,YT,-27.0,-35.6,8.1
2025-12-10,Whitehorse,YT,-33.8,-37.0,5.1
2025-12-11,Whitehorse,YT,-33.2,-36.8,5.0
2025-12-12,Whitehorse,YT,-24.3,-34.5,15.4
2025-12-13,Whitehorse,YT,-19.5,-24.0,14.2
2025-12-14,Whitehorse,YT,-24.1,-27.0,11.2
2025-12-15,Whitehorse,YT,-22.0,-24.8,11.5
2025-12-16,Whitehorse,YT,-23.9,-29.1,7.5
2025-12-17,Whitehorse,YT,-26.7,-30.1,10.4
2025-12-18,Whitehorse,YT,-28.1,-33.1,10.4
2025-12-19,Whitehorse,YT,-33.3,-36.6,6.5
2025-12-20,Whitehorse,YT,-30.0,-37.0,10.1
2025-12-21,Whitehorse,YT,-31.8,-38.2,9.8
2025-12-22,Whitehorse,YT,-35.7,-39.3,6.3
2025-12-23,Whitehorse,YT,-34.4,-38.5,7.3
2025-12-24,Whitehorse,YT,-29.9,-37.9,14.5
2025-12-25,Whitehorse,YT,-24.1,-32.4,8.7
2025-12-26,Whitehorse,YT,-26.4,-33.6,14.2
2025-12-27,Whitehorse,YT,-18.0,-27.3,14.8
2025-12-28,Whitehorse,YT,-17.7,-21.4,13.4
2025-12-29,Whitehorse,YT,-20.9,-24.3,12.8
2025-12-30,Whitehorse,YT,-19.5,-25.0,5.9
2025-12-31,Whitehorse,YT,-19.6,-21.2,10.8
2026-01-01,Whitehorse,YT,-20.3,-22.3,10.7
2026-01-02,Whitehorse,YT,-21.9,-26.7,7.9
2026-01-03,Whitehorse,YT,-26.4,-31.0,6.3
2026-01-04,Whitehorse,YT,-28.7,-33.2,6.6
2026-01-05,Whitehorse,YT,-18.9,-30.7,17.3
2026-01-06,Whitehorse,YT,-10.7,-23.9,14.5
2026-01-07,Whitehorse,YT,-10.5,-19.2,13.9
2026-01-08,Whitehorse,YT,-20.0,-27.8,11.6
2026-01-09,Whitehorse,YT,-10.8,-24.9,16.0
2026-01-10,Whitehorse,YT,-1.0,-12.0,17.9
2026-01-11,Whitehorse,YT,-1.9,-5.3,17.4
2026-01-12,Whitehorse,YT,2.0,-3.8,12.3
2026-01-13,Whitehorse,YT,1.9,-4.7,15.7
2026-01-14,Whitehorse,YT,3.0,-8.8,20.9
2026-01-15,Whitehorse,YT,-0.4,-10.6,16.9
2026-01-16,Whitehorse,YT,4.2,-1.7,20.6
2026-01-17,Whitehorse,YT,2.0,-2.2,11.1
2026-01-18,Whitehorse,YT,-2.1,-5.1,12.4
2026-01-19,Whitehorse,YT,-4.3,-10.2,9.3
2026-01-20,Whitehorse,YT,-9.4,-12.2,10.4
2026-01-21,Whitehorse,YT,-10.3,-14.9,3.0
2026-01-22,Whitehorse,YT,-12.3,-16.9,5.9
2026-01-23,Whitehorse,YT,-16.4,-20.8,11.1
2026-01-24,Whitehorse,YT,-14.3,-21.3,11.4
2026-01-25,Whitehorse,YT,-11.9,-19.4,9.0
2026-01-26,Whitehorse,YT,-10.5,-17.9,14.8
2026-01-27,Whitehorse,YT,2.6,-9.7,17.4
2026-01-28,Whitehorse,YT,1.4,-1.3,13.8
2026-01-29,Whitehorse,YT,0.8,-3.7,12.8
2026-01-30,Whitehorse,YT,-3.3,-8.6,12.5
2026-01-31,Whitehorse,YT,-1.5,-8.1,12.5
2026-02-01,Whitehorse,YT,-2.9,-8.6,9.6
2026-02-02,Whitehorse,YT,-3.4,-8.6,11.6
2026-02-03,Whitehorse,YT,1.5,-5.3,15.6
2026-02-04,Whitehorse,YT,1.6,-3.2,14.2
2026-02-05,Whitehorse,YT,4.9,-0.9,12.6
2026-02-06,Whitehorse,YT,1.1,-5.5,9.5
2026-02-07,Whitehorse,YT,-2.6,-5.2,5.5
2026-02-08,Whitehorse,YT,3.6,-5.8,11.1
2026-02-09,Whitehorse,YT,0.4,-8.5,12.6
2026-02-10,Whitehorse,YT,0.7,-14.2,13.7
2026-02-11,Whitehorse,YT,2.7,-7.5,15.4
2026-02-12,Whitehorse,YT,-4.4,-7.4,10.5
2026-02-13,Whitehorse,YT,-3.8,-11.9,7.1
2026-02-14,Whitehorse,YT,-4.9,-17.4,7.7
2026-02-15,Whitehorse,YT,-5.3,-13.6,16.0
2026-02-16,Whitehorse,YT,-9.8,-15.4,22.0
2026-02-17,Whitehorse,YT,-16.1,-27.7,11.9
2026-02-18,Whitehorse,YT,-17.3,-29.4,14.4
2026-02-19,Whitehorse,YT,-13.6,-21.2,10.9
2026-02-20,Whitehorse,YT,-14.3,-17.7,18.8
2026-02-21,Whitehorse,YT,-17.0,-23.7,13.4
2026-02-22,Whitehorse,YT,-16.2,-27.5,5.8
2026-02-23,Whitehorse,YT,-9.9,-22.5,12.0
2026-02-24,Whitehorse,YT,-3.5,-11.8,12.4
2026-02-25,Whitehorse,YT,-6.9,-17.0,16.9
2026-02-26,Whitehorse,YT,-17.7,-27.1,16.4
2026-02-27,Whitehorse,YT,-21.2,-31.4,6.4
2026-02-28,Whitehorse,YT,-19.3,-29.2,8.6
2026-03-01,Whitehorse,YT,-20.1,-31.9,4.0
2026-03-02,Whitehorse,YT,-18.9,-32.0,5.8
2026-03-03,Whitehorse,YT,-18.6,-29.1,5.4
2026-03-04,Whitehorse,YT,-11.0,-19.2,14.3
2026-03-05,Whitehorse,YT,-4.5,-16.4,11.6
2026-03-06,Whitehorse,YT,4.1,-10.8,16.3
2026-03-07,Whitehorse,YT,2.1,-6.1,14.7
2026-03-08,Whitehorse,YT,-3.8,-13.2,7.9
2026-03-09,Whitehorse,YT,-12.5,-18.1,12.9
2026-03-10,Whitehorse,YT,-16.5,-23.3,11.5
2026-03-11,Whitehorse,YT,-17.4,-23.7,16.1
2026-03-12,Whitehorse,YT,-17.4,-27.1,11.4
2026-03-13,Whitehorse,YT,-13.4,-29.3,4.7
2026-03-14,Whitehorse,YT,-9.6,-27.3,8.5
2026-03-15,Whitehorse,YT,-3.9,-18.9,14.2
2026-03-16,Whitehorse,YT,-7.6,-12.5,15.6
2026-03-17,Whitehorse,YT,-12.4,-18.3,11.1
2026-03-18,Whitehorse,YT,-9.6,-24.6,7.2
2026-03-19,Whitehorse,YT,-2.8,-22.2,20.0
2026-03-20,Whitehorse,YT,-2.3,-16.8,13.9
2026-03-21,Whitehorse,YT,-2.2,-13.0,8.4
2026-03-22,Whitehorse,YT,-2.5,-10.7,8.8
2026-03-23,Whitehorse,YT,-7.0,-16.4,9.1
2026-03-24,Whitehorse,YT,-6.9,-15.8,11.6
2026-03-25,Whitehorse,YT,-9.5,-17.4,12.3
2026-03-26,Whitehorse,YT,-7.0,-22.2,9.4
2026-03-27,Whitehorse,YT,-6.6,-21.5,7.5
2026-03-28,Whitehorse,YT,-5.2,-20.1,7.5
2026-03-29,Whitehorse,YT,-3.9,-16.1,4.2
2026-03-30,Whitehorse,YT,-1.7,-21.0,6.5
2026-03-31,Whitehorse,YT,0.3,-17.3,6.2
2026-04-01,Whitehorse,YT,-0.4,-10.9,7.4
2026-04-02,Whitehorse,YT,1.8,-14.5,10.4
2026-04-03,Whitehorse,YT,2.1,-11.9,10.7
2026-04-04,Whitehorse,YT,5.0,-8.4,10.3
2026-04-05,Whitehorse,YT,5.7,-6.9,15.1
2026-04-06,Whitehorse,YT,3.8,-1.0,9.9
2026-04-07,Whitehorse,YT,4.2,-9.2,10.1
2026-04-08,Whitehorse,YT,4.8,-12.2,9.8
2026-04-09,Whitehorse,YT,5.8,-1.8,8.8
2026-04-10,Whitehorse,YT,4.4,-5.7,11.7
2026-04-11,Whitehorse,YT,5.2,-8.1,6.4
2026-04-12,Whitehorse,YT,4.6,-7.5,13.4
2026-04-13,Whitehorse,YT,4.2,-8.1,8.0
2026-04-14,Whitehorse,YT,2.2,-6.0,13.4
2026-04-15,Whitehorse,YT,4.9,-9.9,10.9
2026-04-16,Whitehorse,YT,4.4,-9.3,11.8
2026-04-17,Whitehorse,YT,6.0,-2.3,15.2
2026-04-18,Whitehorse,YT,6.3,-0.4,12.0
2026-04-19,Whitehorse,YT,7.1,-4.4,12.8
2026-04-20,Whitehorse,YT,5.2,-2.0,15.2
2026-04-21,Whitehorse,YT,4.8,-9.1,13.1
2026-04-22,Whitehorse,YT,6.6,-10.0,5.8
2026-04-23,Whitehorse,YT,10.3,-5.6,10.7
2026-04-24,Whitehorse,YT,11.0,-1.1,13.0
2026-04-25,Whitehorse,YT,11.6,-2.4,10.4
2026-04-26,Whitehorse,YT,11.2,-0.1,6.3
2026-04-27,Whitehorse,YT,10.0,-4.8,8.1
2026-04-28,Whitehorse,YT,9.3,-1.3,16.2
2026-04-29,Whitehorse,YT,9.0,2.0,21.2
2026-04-30,Whitehorse,YT,11.0,2.9,14.6
2026-05-01,Whitehorse,YT,11.9,-1.1,16.1
2026-05-02,Whitehorse,YT,12.8,3.4,17.9
2026-05-03,Whitehorse,YT,11.3,-0.3,11.4
2026-05-04,Whitehorse,YT,16.6,0.1,13.6
2026-05-05,Whitehorse,YT,13.8,6.0,20.0
2026-05-06,Whitehorse,YT,9.2,1.6,15.9
2026-05-07,Whitehorse,YT,9.7,0.7,12.1
2026-05-08,Whitehorse,YT,10.6,-0.3,17.9
2026-05-09,Whitehorse,YT,11.3,3.2,22.4
2026-05-10,Whitehorse,YT,10.7,2.4,20.3
2026-05-11,Whitehorse,YT,10.2,2.7,14.0
2026-05-12,Whitehorse,YT,14.7,-0.4,10.7
2026-05-13,Whitehorse,YT,13.1,0.3,8.9
2026-05-14,Whitehorse,YT,13.2,3.1,12.4
2026-05-15,Whitehorse,YT,13.6,0.2,9.7
2026-05-16,Whitehorse,YT,15.8,0.0,13.8
2026-05-17,Whitehorse,YT,9.8,1.9,23.9
2026-05-18,Whitehorse,YT,11.2,2.1,15.5
2026-05-19,Whitehorse,YT,12.2,0.9,12.9
2026-05-20,Whitehorse,YT,9.3,2.5,21.1
2026-05-21,Whitehorse,YT,14.1,2.9,16.8
2026-05-22,Whitehorse,YT,11.3,1.8,13.4
2026-05-23,Whitehorse,YT,11.0,0.7,9.9
2026-05-24,Whitehorse,YT,12.5,-1.2,9.7
2026-05-25,Whitehorse,YT,14.0,5.6,13.0
2026-05-26,Whitehorse,YT,12.1,4.1,20.6
2026-05-27,Whitehorse,YT,10.7,0.9,13.4
2026-05-28,Whitehorse,YT,11.4,0.8,12.2
2026-05-29,Whitehorse,YT,9.7,-0.1,11.9
2026-05-30,Whitehorse,YT,11.9,-0.6,13.2
2026-05-31,Whitehorse,YT,12.8,1.7,14.0
2026-06-01,Whitehorse,YT,17.8,-0.3,11.0
2026-06-02,Whitehorse,YT,24.7,5.6,12.7
2026-06-03,Whitehorse,YT,26.1,7.6,15.9
2026-06-04,Whitehorse,YT,23.8,11.2,16.2
2026-06-05,Whitehorse,YT,21.6,10.5,14.0
2026-06-06,Whitehorse,YT,18.9,7.2,12.2
2026-06-07,Whitehorse,YT,19.1,5.1,11.6
2026-06-08,Whitehorse,YT,20.8,4.9,9.7
2026-06-09,Whitehorse,YT,20.7,5.6,10.0
2026-06-10,Whitehorse,YT,16.3,8.9,7.4
2026-06-11,Whitehorse,YT,16.1,4.7,9.4
2026-06-12,Whitehorse,YT,19.0,4.6,7.7
2026-06-13,Whitehorse,YT,18.7,5.7,16.5
2026-06-14,Whitehorse,YT,16.6,8.4,22.1
2026-06-15,Whitehorse,YT,17.2,6.9,12.1
2026-06-16,Whitehorse,YT,17.5,8.1,12.4
2026-06-17,Whitehorse,YT,15.0,9.1,6.0
2026-06-18,Whitehorse,YT,17.4,8.8,12.2
2026-06-19,Whitehorse,YT,19.1,8.8,12.4
2026-06-20,Whitehorse,YT,20.3,9.5,12.3
2026-06-21,Whitehorse,YT,23.0,8.4,7.6
2026-06-22,Whitehorse,YT,22.7,7.7,14.2
2026-06-23,Whitehorse,YT,20.0,10.9,13.9
2026-06-24,Whitehorse,YT,20.2,8.8,13.4
2026-06-25,Whitehorse,YT,18.3,10.4,8.6
2026-06-26,Whitehorse,YT,19.8,9.9,6.0
2026-06-27,Whitehorse,YT,22.8,11.8,12.5
2026-06-28,Whitehorse,YT,18.2,11.1,10.4
2026-06-29,Whitehorse,YT,18.8,9.4,9.6
2026-06-30,Whitehorse,YT,15.3,6.4,9.3
2026-07-01,Whitehorse,YT,15.1,7.0,8.7
2026-07-02,Whitehorse,YT,8.6,4.4,9.9
2026-07-03,Whitehorse,YT,15.6,6.0,14.0
2026-07-04,Whitehorse,YT,14.1,6.5,8.9
2026-07-05,Whitehorse,YT,17.4,5.8,10.9
2026-07-06,Whitehorse,YT,17.4,7.9,20.2
2026-07-07,Whitehorse,YT,17.9,9.8,9.9
2026-07-08,Whitehorse,YT,16.1,7.8,10.3
2026-07-09,Whitehorse,YT,18.5,6.9,10.3
2026-07-10,Whitehorse,YT,18.2,8.9,16.3
2026-07-11,Whitehorse,YT,22.9,8.8,10.9
2026-07-12,Whitehorse,YT,21.5,7.9,11.6
2026-07-13,Whitehorse,YT,21.8,7.2,10.8
2026-07-14,Whitehorse,YT,21.2,7.6,13.3
2026-07-15,Whitehorse,YT,20.5,9.0,14.6
2026-07-16,Whitehorse,YT,21.5,8.4,13.6
2026-07-17,Whitehorse,YT,25.6,9.0,17.1
2026-07-18,Whitehorse,YT,21.7,11.3,9.2
2026-07-19,Whitehorse,YT,25.4,8.5,6.2
2026-07-20,Whitehorse,YT,28.4,12.6,15.7
2026-07-21,Whitehorse,YT,25.9,11.5,17.4
2026-07-22,Whitehorse,YT,24.1,9.9,14.0
2026-07-23,Whitehorse,YT,20.8,10.6,17.6
2026-07-24,Whitehorse,YT,15.3,9.0,17.3
2024-01-01,Yellowknife,NT,-9.1,-18.8,26.9
2024-01-02,Yellowknife,NT,-19.1,-22.1,16.8
2024-01-03,Yellowknife,NT,-21.5,-31.1,15.4
2024-01-04,Yellowknife,NT,-30.6,-36.1,14.3
2024-01-05,Yellowknife,NT,-27.6,-30.5,12.9
2024-01-06,Yellowknife,NT,-28.6,-33.7,12.6
2024-01-07,Yellowknife,NT,-30.1,-32.3,5.7
2024-01-08,Yellowknife,NT,-32.1,-38.2,12.9
2024-01-09,Yellowknife,NT,-37.0,-39.5,13.0
2024-01-10,Yellowknife,NT,-35.4,-39.7,13.5
2024-01-11,Yellowknife,NT,-37.4,-41.6,13.2
2024-01-12,Yellowknife,NT,-39.2,-44.3,13.7
2024-01-13,Yellowknife,NT,-36.6,-41.3,14.1
2024-01-14,Yellowknife,NT,-37.0,-41.0,10.7
2024-01-15,Yellowknife,NT,-33.6,-39.7,14.3
2024-01-16,Yellowknife,NT,-23.0,-36.9,19.6
2024-01-17,Yellowknife,NT,-18.8,-27.1,19.0
2024-01-18,Yellowknife,NT,-23.4,-27.3,16.8
2024-01-19,Yellowknife,NT,-24.5,-27.6,13.8
2024-01-20,Yellowknife,NT,-22.8,-26.1,15.1
2024-01-21,Yellowknife,NT,-25.0,-34.0,19.9
2024-01-22,Yellowknife,NT,-25.6,-34.3,14.8
2024-01-23,Yellowknife,NT,-24.7,-32.4,12.0
2024-01-24,Yellowknife,NT,-21.4,-34.3,16.4
2024-01-25,Yellowknife,NT,-21.2,-33.0,14.5
2024-01-26,Yellowknife,NT,-23.2,-27.8,16.8
2024-01-27,Yellowknife,NT,-15.5,-24.1,15.7
2024-01-28,Yellowknife,NT,-9.0,-15.3,13.3
2024-01-29,Yellowknife,NT,1.4,-12.5,21.2
2024-01-30,Yellowknife,NT,1.3,-10.6,19.6
2024-01-31,Yellowknife,NT,-4.0,-13.1,17.4
2024-02-01,Yellowknife,NT,-0.5,-13.4,21.4
2024-02-02,Yellowknife,NT,-9.1,-12.7,11.2
2024-02-03,Yellowknife,NT,-10.3,-27.7,23.9
2024-02-04,Yellowknife,NT,-21.5,-30.4,12.6
2024-02-05,Yellowknife,NT,-23.6,-30.5,15.3
2024-02-06,Yellowknife,NT,-17.6,-30.5,17.4
2024-02-07,Yellowknife,NT,-17.0,-24.4,14.8
2024-02-08,Yellowknife,NT,-13.9,-17.7,9.2
2024-02-09,Yellowknife,NT,-17.1,-25.0,13.5
2024-02-10,Yellowknife,NT,-13.0,-27.5,27.5
2024-02-11,Yellowknife,NT,-9.7,-17.8,11.0
2024-02-12,Yellowknife,NT,-10.4,-17.5,17.7
2024-02-13,Yellowknife,NT,-8.6,-20.8,12.0
2024-02-14,Yellowknife,NT,-21.3,-30.2,12.0
2024-02-15,Yellowknife,NT,-17.0,-28.1,12.0
2024-02-16,Yellowknife,NT,-8.7,-22.1,24.8
2024-02-17,Yellowknife,NT,-10.6,-19.6,21.9
2024-02-18,Yellowknife,NT,-19.0,-25.5,16.5
2024-02-19,Yellowknife,NT,-19.7,-28.5,12.5
2024-02-20,Yellowknife,NT,-18.3,-22.6,13.0
2024-02-21,Yellowknife,NT,-14.2,-22.8,13.9
2024-02-22,Yellowknife,NT,-13.2,-21.0,18.5
2024-02-23,Yellowknife,NT,-9.1,-16.0,33.2
2024-02-24,Yellowknife,NT,-17.0,-28.0,26.3
2024-02-25,Yellowknife,NT,-27.0,-29.7,21.1
2024-02-26,Yellowknife,NT,-25.2,-31.3,17.8
2024-02-27,Yellowknife,NT,-27.0,-34.5,11.1
2024-02-28,Yellowknife,NT,-21.9,-34.1,23.0
2024-02-29,Yellowknife,NT,-19.6,-23.8,19.9
2024-03-01,Yellowknife,NT,-22.4,-27.7,27.1
2024-03-02,Yellowknife,NT,-28.2,-33.6,23.2
2024-03-03,Yellowknife,NT,-26.8,-33.6,9.1
2024-03-04,Yellowknife,NT,-24.7,-36.5,12.3
2024-03-05,Yellowknife,NT,-19.8,-29.9,12.7
2024-03-06,Yellowknife,NT,-15.2,-23.6,12.3
2024-03-07,Yellowknife,NT,-14.3,-23.6,12.0
2024-03-08,Yellowknife,NT,-11.6,-25.7,16.6
2024-03-09,Yellowknife,NT,-2.1,-12.3,16.2
2024-03-10,Yellowknife,NT,-4.1,-10.5,29.4
2024-03-11,Yellowknife,NT,-8.3,-13.7,17.5
2024-03-12,Yellowknife,NT,-11.2,-14.6,21.4
2024-03-13,Yellowknife,NT,-6.4,-11.1,21.7
2024-03-14,Yellowknife,NT,-5.7,-12.3,20.3
2024-03-15,Yellowknife,NT,-7.1,-20.9,26.7
2024-03-16,Yellowknife,NT,-12.7,-24.8,20.8
2024-03-17,Yellowknife,NT,-5.0,-12.2,24.3
2024-03-18,Yellowknife,NT,-10.1,-23.0,26.1
2024-03-19,Yellowknife,NT,-21.0,-30.8,13.7
2024-03-20,Yellowknife,NT,-19.2,-29.9,12.2
2024-03-21,Yellowknife,NT,-17.7,-31.3,11.8
2024-03-22,Yellowknife,NT,-16.7,-28.6,12.5
2024-03-23,Yellowknife,NT,-10.2,-25.1,16.5
2024-03-24,Yellowknife,NT,-7.7,-16.6,22.3
2024-03-25,Yellowknife,NT,-5.4,-12.5,22.1
2024-03-26,Yellowknife,NT,-2.2,-10.6,17.7
2024-03-27,Yellowknife,NT,-5.7,-13.1,17.2
2024-03-28,Yellowknife,NT,-5.1,-19.0,12.0
2024-03-29,Yellowknife,NT,-7.8,-21.6,13.8
2024-03-30,Yellowknife,NT,-7.4,-16.9,14.9
2024-03-31,Yellowknife,NT,-2.5,-19.1,34.0
2024-04-01,Yellowknife,NT,-2.3,-10.3,24.9
2024-04-02,Yellowknife,NT,-3.4,-13.7,20.1
2024-04-03,Yellowknife,NT,-5.9,-11.9,27.6
2024-04-04,Yellowknife,NT,-9.9,-17.6,15.5
2024-04-05,Yellowknife,NT,-0.8,-12.6,17.9
2024-04-06,Yellowknife,NT,1.0,-12.0,17.4
2024-04-07,Yellowknife,NT,2.7,-2.4,18.8
2024-04-08,Yellowknife,NT,1.4,-3.9,15.8
2024-04-09,Yellowknife,NT,2.7,-3.3,17.7
2024-04-10,Yellowknife,NT,0.1,-4.2,14.7
2024-04-11,Yellowknife,NT,2.1,-5.1,19.9
2024-04-12,Yellowknife,NT,2.2,-2.8,15.4
2024-04-13,Yellowknife,NT,3.0,-3.7,12.3
2024-04-14,Yellowknife,NT,1.5,-4.0,16.7
2024-04-15,Yellowknife,NT,0.3,-5.6,19.7
2024-04-16,Yellowknife,NT,-2.0,-7.2,15.3
2024-04-17,Yellowknife,NT,-3.5,-11.0,10.1
2024-04-18,Yellowknife,NT,-1.8,-10.6,13.0
2024-04-19,Yellowknife,NT,5.8,-6.8,14.5
2024-04-20,Yellowknife,NT,3.7,-4.1,16.7
2024-04-21,Yellowknife,NT,10.7,-3.2,13.7
2024-04-22,Yellowknife,NT,4.8,-3.4,24.6
2024-04-23,Yellowknife,NT,2.4,-4.3,14.5
2024-04-24,Yellowknife,NT,4.3,-4.3,21.3
2024-04-25,Yellowknife,NT,3.3,-3.6,31.4
2024-04-26,Yellowknife,NT,-4.3,-9.4,24.9
2024-04-27,Yellowknife,NT,-0.9,-10.6,15.9
2024-04-28,Yellowknife,NT,1.6,-8.0,18.6
2024-04-29,Yellowknife,NT,1.9,-5.3,18.3
2024-04-30,Yellowknife,NT,3.6,-4.9,16.4
2024-05-01,Yellowknife,NT,6.9,-3.8,15.6
2024-05-02,Yellowknife,NT,9.0,-2.9,14.7
2024-05-03,Yellowknife,NT,9.6,-2.6,15.9
2024-05-04,Yellowknife,NT,7.2,-2.2,17.7
2024-05-05,Yellowknife,NT,11.2,-1.0,20.0
2024-05-06,Yellowknife,NT,14.8,2.7,19.1
2024-05-07,Yellowknife,NT,12.3,4.8,23.4
2024-05-08,Yellowknife,NT,14.0,3.4,24.2
2024-05-09,Yellowknife,NT,15.5,3.9,18.9
2024-05-10,Yellowknife,NT,14.9,2.8,34.3
2024-05-11,Yellowknife,NT,4.3,0.7,36.3
2024-05-12,Yellowknife,NT,8.4,-2.3,18.3
2024-05-13,Yellowknife,NT,12.4,2.2,22.1
2024-05-14,Yellowknife,NT,9.0,2.8,21.1
2024-05-15,Yellowknife,NT,9.9,0.6,15.5
2024-05-16,Yellowknife,NT,9.1,-0.9,14.3
2024-05-17,Yellowknife,NT,11.1,1.2,21.6
2024-05-18,Yellowknife,NT,9.2,0.8,19.7
2024-05-19,Yellowknife,NT,9.8,2.2,18.1
2024-05-20,Yellowknife,NT,13.3,1.3,17.9
2024-05-21,Yellowknife,NT,16.0,4.3,15.5
2024-05-22,Yellowknife,NT,14.6,3.8,14.1
2024-05-23,Yellowknife,NT,15.8,4.3,22.9
2024-05-24,Yellowknife,NT,16.2,5.1,19.1
2024-05-25,Yellowknife,NT,18.1,6.2,22.5
2024-05-26,Yellowknife,NT,17.6,5.4,31.1
2024-05-27,Yellowknife,NT,17.7,6.2,29.2
2024-05-28,Yellowknife,NT,15.9,8.1,22.5
2024-05-29,Yellowknife,NT,19.3,6.2,18.4
2024-05-30,Yellowknife,NT,11.5,5.2,26.9
2024-05-31,Yellowknife,NT,6.7,3.6,27.8
2024-06-01,Yellowknife,NT,7.7,3.0,20.7
2024-06-02,Yellowknife,NT,11.5,2.0,20.2
2024-06-03,Yellowknife,NT,12.6,4.2,24.4
2024-06-04,Yellowknife,NT,12.0,4.0,24.2
2024-06-05,Yellowknife,NT,14.9,4.3,20.9
2024-06-06,Yellowknife,NT,11.5,5.7,20.4
2024-06-07,Yellowknife,NT,8.1,2.5,30.6
2024-06-08,Yellowknife,NT,15.9,6.8,19.4
2024-06-09,Yellowknife,NT,14.0,6.0,18.4
2024-06-10,Yellowknife,NT,13.0,8.8,8.3
2024-06-11,Yellowknife,NT,15.6,7.0,18.8
2024-06-12,Yellowknife,NT,15.1,7.2,17.9
2024-06-13,Yellowknife,NT,18.6,7.8,14.8
2024-06-14,Yellowknife,NT,17.0,8.6,20.5
2024-06-15,Yellowknife,NT,14.5,7.5,24.8
2024-06-16,Yellowknife,NT,8.9,3.7,33.9
2024-06-17,Yellowknife,NT,14.2,3.9,26.3
2024-06-18,Yellowknife,NT,19.9,6.8,18.4
2024-06-19,Yellowknife,NT,18.2,7.7,19.1
2024-06-20,Yellowknife,NT,21.6,10.5,17.3
2024-06-21,Yellowknife,NT,20.3,10.4,15.0
2024-06-22,Yellowknife,NT,20.6,11.4,12.6
2024-06-23,Yellowknife,NT,21.2,12.3,29.4
2024-06-24,Yellowknife,NT,14.9,7.8,24.4
2024-06-25,Yellowknife,NT,20.7,8.6,24.3
2024-06-26,Yellowknife,NT,19.7,9.3,18.6
2024-06-27,Yellowknife,NT,17.3,10.0,20.0
2024-06-28,Yellowknife,NT,19.6,9.9,15.9
2024-06-29,Yellowknife,NT,22.7,12.6,24.0
2024-06-30,Yellowknife,NT,27.7,15.3,20.1
2024-07-01,Yellowknife,NT,28.8,16.6,10.6
2024-07-02,Yellowknife,NT,22.8,17.5,34.0
2024-07-03,Yellowknife,NT,19.6,12.2,21.3
2024-07-04,Yellowknife,NT,23.3,15.6,26.4
2024-07-05,Yellowknife,NT,18.5,14.3,13.0
2024-07-06,Yellowknife,NT,19.8,14.5,21.7
2024-07-07,Yellowknife,NT,21.4,14.1,17.0
2024-07-08,Yellowknife,NT,22.6,14.4,18.1
2024-07-09,Yellowknife,NT,23.3,15.1,18.5
2024-07-10,Yellowknife,NT,22.3,14.0,25.0
2024-07-11,Yellowknife,NT,18.3,12.2,28.8
2024-07-12,Yellowknife,NT,19.4,12.4,21.7
2024-07-13,Yellowknife,NT,19.3,10.9,17.7
2024-07-14,Yellowknife,NT,22.5,13.1,24.9
2024-07-15,Yellowknife,NT,25.9,15.0,21.5
2024-07-16,Yellowknife,NT,25.6,17.2,18.9
2024-07-17,Yellowknife,NT,30.8,20.5,18.2
2024-07-18,Yellowknife,NT,29.6,19.9,25.4
2024-07-19,Yellowknife,NT,26.6,18.4,25.1
2024-07-20,Yellowknife,NT,22.7,17.5,21.5
2024-07-21,Yellowknife,NT,25.1,16.3,14.6
2024-07-22,Yellowknife,NT,25.5,17.2,15.3
2024-07-23,Yellowknife,NT,29.9,18.2,16.8
2024-07-24,Yellowknife,NT,23.1,15.8,29.7
2024-07-25,Yellowknife,NT,20.9,14.1,15.7
2024-07-26,Yellowknife,NT,25.4,16.1,26.0
2024-07-27,Yellowknife,NT,24.0,15.2,18.5
2024-07-28,Yellowknife,NT,23.0,16.6,25.9
2024-07-29,Yellowknife,NT,18.7,14.2,19.2
2024-07-30,Yellowknife,NT,19.8,14.5,21.3
2024-07-31,Yellowknife,NT,19.6,13.1,19.4
2024-08-01,Yellowknife,NT,14.8,10.7,20.1
2024-08-02,Yellowknife,NT,19.3,9.6,23.3
2024-08-03,Yellowknife,NT,20.9,13.9,17.6
2024-08-04,Yellowknife,NT,22.4,12.5,14.3
2024-08-05,Yellowknife,NT,21.2,13.3,11.6
2024-08-06,Yellowknife,NT,20.3,13.2,14.4
2024-08-07,Yellowknife,NT,21.1,13.5,20.9
2024-08-08,Yellowknife,NT,22.6,15.4,21.6
2024-08-09,Yellowknife,NT,24.5,16.6,22.7
2024-08-10,Yellowknife,NT,24.8,18.0,26.9
2024-08-11,Yellowknife,NT,26.3,18.4,24.1
2024-08-12,Yellowknife,NT,27.5,20.3,21.4
2024-08-13,Yellowknife,NT,20.1,16.1,26.7
2024-08-14,Yellowknife,NT,15.8,12.9,22.1
2024-08-15,Yellowknife,NT,13.2,10.5,23.0
2024-08-16,Yellowknife,NT,17.2,9.0,16.3
2024-08-17,Yellowknife,NT,19.5,12.6,21.3
2024-08-18,Yellowknife,NT,19.2,12.8,15.5
2024-08-19,Yellowknife,NT,20.0,12.6,22.9
2024-08-20,Yellowknife,NT,20.6,14.7,22.4
2024-08-21,Yellowknife,NT,15.7,10.2,32.6
2024-08-22,Yellowknife,NT,15.2,8.9,31.5
2024-08-23,Yellowknife,NT,16.2,12.9,22.4
2024-08-24,Yellowknife,NT,17.2,9.8,21.5
2024-08-25,Yellowknife,NT,18.6,10.4,13.0
2024-08-26,Yellowknife,NT,18.5,13.1,30.4
2024-08-27,Yellowknife,NT,20.6,13.3,21.7
2024-08-28,Yellowknife,NT,19.1,12.4,20.3
2024-08-29,Yellowknife,NT,16.5,11.0,15.2
2024-08-30,Yellowknife,NT,16.2,9.5,15.3
2024-08-31,Yellowknife,NT,16.3,9.4,18.1
2024-09-01,Yellowknife,NT,18.1,14.0,21.7
2024-09-02,Yellowknife,NT,17.5,11.2,24.2
2024-09-03,Yellowknife,NT,11.5,9.3,22.8
2024-09-04,Yellowknife,NT,13.8,7.5,17.3
2024-09-05,Yellowknife,NT,15.3,6.2,30.8
2024-09-06,Yellowknife,NT,20.8,13.0,23.0
2024-09-07,Yellowknife,NT,20.7,10.4,15.5
2024-09-08,Yellowknife,NT,18.9,10.2,10.0
2024-09-09,Yellowknife,NT,12.9,10.4,25.0
2024-09-10,Yellowknife,NT,10.9,7.7,26.1
2024-09-11,Yellowknife,NT,14.1,4.3,19.6
2024-09-12,Yellowknife,NT,14.5,11.0,20.5
2024-09-13,Yellowknife,NT,17.0,8.8,20.1
2024-09-14,Yellowknife,NT,15.5,9.6,16.7
2024-09-15,Yellowknife,NT,13.6,7.6,20.6
2024-09-16,Yellowknife,NT,15.8,10.4,24.0
2024-09-17,Yellowknife,NT,17.3,6.9,10.0
2024-09-18,Yellowknife,NT,12.7,9.2,25.2
2024-09-19,Yellowknife,NT,13.0,5.4,10.9
2024-09-20,Yellowknife,NT,10.3,5.9,17.5
2024-09-21,Yellowknife,NT,10.8,6.2,15.5
2024-09-22,Yellowknife,NT,11.1,5.9,23.2
2024-09-23,Yellowknife,NT,11.2,5.3,21.1
2024-09-24,Yellowknife,NT,9.9,5.9,20.9
2024-09-25,Yellowknife,NT,9.9,6.1,20.2
2024-09-26,Yellowknife,NT,10.5,6.3,22.5
2024-09-27,Yellowknife,NT,8.4,4.6,24.3
2024-09-28,Yellowknife,NT,8.7,3.6,17.7
2024-09-29,Yellowknife,NT,9.5,1.8,16.4
2024-09-30,Yellowknife,NT,5.2,1.7,29.1
2024-10-01,Yellowknife,NT,4.7,1.4,20.8
2024-10-02,Yellowknife,NT,3.2,-0.5,23.9
2024-10-03,Yellowknife,NT,1.4,-2.1,14.8
2024-10-04,Yellowknife,NT,2.8,-1.9,8.7
2024-10-05,Yellowknife,NT,6.0,-3.4,20.3
2024-10-06,Yellowknife,NT,7.5,1.9,15.8
2024-10-07,Yellowknife,NT,9.0,1.3,24.9
2024-10-08,Yellowknife,NT,10.9,1.9,19.9
2024-10-09,Yellowknife,NT,6.4,2.2,28.9
2024-10-10,Yellowknife,NT,5.7,0.7,15.6
2024-10-11,Yellowknife,NT,3.2,-0.2,11.4
2024-10-12,Yellowknife,NT,5.5,2.4,23.6
2024-10-13,Yellowknife,NT,8.3,3.4,37.8
2024-10-14,Yellowknife,NT,9.1,4.9,24.6
2024-10-15,Yellowknife,NT,5.0,1.1,17.4
2024-10-16,Yellowknife,NT,4.4,0.7,12.3
2024-10-17,Yellowknife,NT,5.8,-0.6,35.7
2024-10-18,Yellowknife,NT,-0.9,-4.3,31.0
2024-10-19,Yellowknife,NT,-2.4,-5.5,14.3
2024-10-20,Yellowknife,NT,-2.1,-5.3,16.0
2024-10-21,Yellowknife,NT,-2.8,-7.7,14.7
2024-10-22,Yellowknife,NT,-0.7,-4.9,27.1
2024-10-23,Yellowknife,NT,-0.3,-4.8,22.3
2024-10-24,Yellowknife,NT,-2.1,-5.5,16.9
2024-10-25,Yellowknife,NT,-4.8,-9.0,13.4
2024-10-26,Yellowknife,NT,-2.6,-10.8,20.6
2024-10-27,Yellowknife,NT,-0.4,-3.6,22.8
2024-10-28,Yellowknife,NT,-1.0,-4.6,24.6
2024-10-29,Yellowknife,NT,-5.3,-10.1,22.9
2024-10-30,Yellowknife,NT,-9.3,-15.6,14.2
2024-10-31,Yellowknife,NT,-4.4,-14.2,20.5
2024-11-01,Yellowknife,NT,-4.1,-9.9,14.0
2024-11-02,Yellowknife,NT,-4.6,-9.4,15.6
2024-11-03,Yellowknife,NT,-2.5,-4.1,14.3
2024-11-04,Yellowknife,NT,-2.1,-7.3,11.2
2024-11-05,Yellowknife,NT,-3.1,-3.9,11.7
2024-11-06,Yellowknife,NT,0.0,-5.0,24.0
2024-11-07,Yellowknife,NT,-4.7,-6.7,20.4
2024-11-08,Yellowknife,NT,1.2,-6.2,23.9
2024-11-09,Yellowknife,NT,-6.0,-15.9,23.8
2024-11-10,Yellowknife,NT,-10.0,-16.5,11.4
2024-11-11,Yellowknife,NT,-7.6,-16.1,20.6
2024-11-12,Yellowknife,NT,-7.2,-9.3,20.4
2024-11-13,Yellowknife,NT,-9.5,-12.0,12.5
2024-11-14,Yellowknife,NT,-9.0,-13.4,16.3
2024-11-15,Yellowknife,NT,-2.9,-9.4,21.9
2024-11-16,Yellowknife,NT,-2.2,-3.6,19.9
2024-11-17,Yellowknife,NT,-1.5,-10.1,21.3
2024-11-18,Yellowknife,NT,-8.7,-16.1,20.7
2024-11-19,Yellowknife,NT,-15.0,-19.8,20.0
2024-11-20,Yellowknife,NT,-20.1,-23.1,14.5
2024-11-21,Yellowknife,NT,-16.6,-21.7,11.5
2024-11-22,Yellowknife,NT,-15.8,-20.9,16.3
2024-11-23,Yellowknife,NT,-17.4,-20.3,13.9
2024-11-24,Yellowknife,NT,-10.7,-20.1,17.9
2024-11-25,Yellowknife,NT,-8.7,-11.3,25.0
2024-11-26,Yellowknife,NT,-8.5,-14.0,24.7
2024-11-27,Yellowknife,NT,-14.5,-25.9,23.3
2024-11-28,Yellowknife,NT,-26.0,-27.4,12.5
2024-11-29,Yellowknife,NT,-20.5,-26.8,10.5
2024-11-30,Yellowknife,NT,-18.4,-20.6,10.8
2024-12-01,Yellowknife,NT,-18.6,-20.9,12.6
2024-12-02,Yellowknife,NT,-18.6,-21.9,15.6
2024-12-03,Yellowknife,NT,-18.5,-25.9,22.1
2024-12-04,Yellowknife,NT,-15.7,-26.2,24.4
2024-12-05,Yellowknife,NT,-13.8,-17.2,21.9
2024-12-06,Yellowknife,NT,-9.5,-13.2,16.4
2024-12-07,Yellowknife,NT,-9.0,-11.4,11.9
2024-12-08,Yellowknife,NT,-10.7,-14.5,14.4
2024-12-09,Yellowknife,NT,-15.2,-25.3,20.4
2024-12-10,Yellowknife,NT,-25.5,-27.8,14.2
2024-12-11,Yellowknife,NT,-21.8,-26.8,17.8
2024-12-12,Yellowknife,NT,-15.0,-21.4,24.7
2024-12-13,Yellowknife,NT,-14.7,-21.5,15.2
2024-12-14,Yellowknife,NT,-22.0,-26.3,16.4
2024-12-15,Yellowknife,NT,-23.6,-26.5,16.9
2024-12-16,Yellowknife,NT,-21.7,-26.1,15.7
2024-12-17,Yellowknife,NT,-26.6,-30.3,15.7
2024-12-18,Yellowknife,NT,-30.0,-31.1,12.0
2024-12-19,Yellowknife,NT,-29.6,-32.2,11.3
2024-12-20,Yellowknife,NT,-18.9,-29.3,16.8
2024-12-21,Yellowknife,NT,-17.0,-19.1,9.7
2024-12-22,Yellowknife,NT,-13.0,-16.5,13.1
2024-12-23,Yellowknife,NT,-10.1,-13.7,10.8
2024-12-24,Yellowknife,NT,-12.7,-16.8,16.2
2024-12-25,Yellowknife,NT,-9.0,-12.0,14.1
2024-12-26,Yellowknife,NT,-8.1,-9.1,13.0
2024-12-27,Yellowknife,NT,-7.0,-9.5,13.4
2024-12-28,Yellowknife,NT,-7.3,-8.6,11.4
2024-12-29,Yellowknife,NT,-7.1,-8.1,14.2
2024-12-30,Yellowknife,NT,-8.2,-15.8,21.6
2024-12-31,Yellowknife,NT,-15.9,-19.6,20.3
2025-01-01,Yellowknife,NT,-19.8,-27.6,12.4
2025-01-02,Yellowknife,NT,-27.9,-32.8,11.9
2025-01-03,Yellowknife,NT,-28.7,-32.5,12.2
2025-01-04,Yellowknife,NT,-29.7,-34.0,11.6
2025-01-05,Yellowknife,NT,-34.1,-34.9,10.0
2025-01-06,Yellowknife,NT,-23.6,-34.7,15.3
2025-01-07,Yellowknife,NT,-11.8,-23.4,18.1
2025-01-08,Yellowknife,NT,-11.2,-20.8,22.3
2025-01-09,Yellowknife,NT,-21.2,-24.5,23.5
2025-01-10,Yellowknife,NT,-18.9,-23.7,24.0
2025-01-11,Yellowknife,NT,-24.0,-27.4,17.7
2025-01-12,Yellowknife,NT,-17.7,-25.7,15.0
2025-01-13,Yellowknife,NT,-13.4,-17.7,16.4
2025-01-14,Yellowknife,NT,-6.0,-15.3,24.3
2025-01-15,Yellowknife,NT,-4.8,-11.5,22.6
2025-01-16,Yellowknife,NT,-11.9,-23.3,19.3
2025-01-17,Yellowknife,NT,-23.8,-30.6,16.8
2025-01-18,Yellowknife,NT,-29.8,-31.7,14.3
2025-01-19,Yellowknife,NT,-29.1,-33.9,16.6
2025-01-20,Yellowknife,NT,-19.9,-28.6,22.1
2025-01-21,Yellowknife,NT,-10.7,-19.5,15.5
2025-01-22,Yellowknife,NT,-8.5,-13.2,19.8
2025-01-23,Yellowknife,NT,-2.9,-8.6,28.2
2025-01-24,Yellowknife,NT,-7.6,-12.0,24.7
2025-01-25,Yellowknife,NT,-1.8,-9.8,17.4
2025-01-26,Yellowknife,NT,1.3,-4.5,20.2
2025-01-27,Yellowknife,NT,-5.4,-11.3,14.3
2025-01-28,Yellowknife,NT,-11.7,-16.4,16.9
2025-01-29,Yellowknife,NT,-17.3,-27.8,15.2
2025-01-30,Yellowknife,NT,-28.0,-31.8,13.3
2025-01-31,Yellowknife,NT,-30.0,-32.2,13.7
2025-02-01,Yellowknife,NT,-30.4,-33.5,14.6
2025-02-02,Yellowknife,NT,-28.2,-32.1,14.4
2025-02-03,Yellowknife,NT,-26.7,-29.5,13.5
2025-02-04,Yellowknife,NT,-12.2,-28.6,14.2
2025-02-05,Yellowknife,NT,-6.1,-13.0,25.1
2025-02-06,Yellowknife,NT,-14.4,-22.4,27.0
2025-02-07,Yellowknife,NT,-22.5,-26.1,13.7
2025-02-08,Yellowknife,NT,-23.3,-30.4,20.0
2025-02-09,Yellowknife,NT,-28.5,-33.2,14.5
2025-02-10,Yellowknife,NT,-24.0,-28.7,13.6
2025-02-11,Yellowknife,NT,-25.4,-29.9,13.5
2025-02-12,Yellowknife,NT,-24.4,-30.1,8.6
2025-02-13,Yellowknife,NT,-26.0,-31.6,13.1
2025-02-14,Yellowknife,NT,-28.6,-36.5,13.5
2025-02-15,Yellowknife,NT,-23.0,-28.4,11.8
2025-02-16,Yellowknife,NT,-22.8,-28.1,16.5
2025-02-17,Yellowknife,NT,-21.3,-25.0,17.3
2025-02-18,Yellowknife,NT,-19.2,-24.4,19.3
2025-02-19,Yellowknife,NT,-17.9,-20.2,20.6
2025-02-20,Yellowknife,NT,-16.2,-20.3,10.0
2025-02-21,Yellowknife,NT,-16.2,-19.4,11.5
2025-02-22,Yellowknife,NT,-15.4,-20.2,13.4
2025-02-23,Yellowknife,NT,-14.5,-16.8,13.2
2025-02-24,Yellowknife,NT,-16.0,-19.3,10.9
2025-02-25,Yellowknife,NT,-18.2,-23.1,11.6
2025-02-26,Yellowknife,NT,-16.0,-21.1,11.3
2025-02-27,Yellowknife,NT,-15.6,-20.6,17.1
2025-02-28,Yellowknife,NT,-13.2,-18.4,14.2
2025-03-01,Yellowknife,NT,-10.5,-18.1,12.7
2025-03-02,Yellowknife,NT,-6.1,-12.1,11.7
2025-03-03,Yellowknife,NT,-7.0,-11.4,10.5
2025-03-04,Yellowknife,NT,-9.3,-14.9,10.7
2025-03-05,Yellowknife,NT,-12.7,-19.0,10.7
2025-03-06,Yellowknife,NT,-12.5,-19.6,11.1
2025-03-07,Yellowknife,NT,-17.0,-23.1,11.6
2025-03-08,Yellowknife,NT,-22.3,-27.2,13.3
2025-03-09,Yellowknife,NT,-22.8,-28.4,11.5
2025-03-10,Yellowknife,NT,-23.6,-29.3,10.5
2025-03-11,Yellowknife,NT,-21.8,-29.0,10.4
2025-03-12,Yellowknife,NT,-17.9,-24.3,9.5
2025-03-13,Yellowknife,NT,-16.3,-22.4,10.6
2025-03-14,Yellowknife,NT,-15.9,-22.5,11.3
2025-03-15,Yellowknife,NT,-18.0,-23.6,10.4
2025-03-16,Yellowknife,NT,-18.1,-26.4,8.4
2025-03-17,Yellowknife,NT,-17.5,-26.3,11.5
2025-03-18,Yellowknife,NT,-16.8,-24.7,9.9
2025-03-19,Yellowknife,NT,-17.9,-24.1,12.4
2025-03-20,Yellowknife,NT,-17.0,-25.0,13.9
2025-03-21,Yellowknife,NT,-11.4,-20.5,16.1
2025-03-22,Yellowknife,NT,-7.6,-17.3,9.9
2025-03-23,Yellowknife,NT,-6.1,-14.7,9.7
2025-03-24,Yellowknife,NT,-5.4,-13.9,14.0
2025-03-25,Yellowknife,NT,-9.2,-15.7,15.5
2025-03-26,Yellowknife,NT,-12.5,-19.1,10.8
2025-03-27,Yellowknife,NT,-14.7,-21.1,11.5
2025-03-28,Yellowknife,NT,-13.9,-21.4,9.4
2025-03-29,Yellowknife,NT,-13.6,-20.7,9.1
2025-03-30,Yellowknife,NT,-13.6,-22.1,16.5
2025-03-31,Yellowknife,NT,-11.3,-21.5,17.6
2025-04-01,Yellowknife,NT,-10.3,-15.9,15.9
2025-04-02,Yellowknife,NT,-8.0,-17.6,19.2
2025-04-03,Yellowknife,NT,-9.2,-16.8,13.7
2025-04-04,Yellowknife,NT,-1.8,-12.5,13.2
2025-04-05,Yellowknife,NT,-4.5,-12.8,20.8
2025-04-06,Yellowknife,NT,0.6,-9.0,22.9
2025-04-07,Yellowknife,NT,4.7,-2.4,16.3
2025-04-08,Yellowknife,NT,9.7,0.2,13.0
2025-04-09,Yellowknife,NT,6.5,-2.1,11.3
2025-04-10,Yellowknife,NT,6.5,-4.2,10.6
2025-04-11,Yellowknife,NT,5.5,-3.3,15.0
2025-04-12,Yellowknife,NT,0.8,-2.3,12.8
2025-04-13,Yellowknife,NT,2.7,-4.1,14.5
2025-04-14,Yellowknife,NT,3.1,-5.2,19.7
2025-04-15,Yellowknife,NT,3.8,-1.6,20.1
2025-04-16,Yellowknife,NT,-1.1,-4.0,13.2
2025-04-17,Yellowknife,NT,-1.7,-10.5,24.9
2025-04-18,Yellowknife,NT,4.9,-2.9,24.7
2025-04-19,Yellowknife,NT,2.6,-7.4,27.5
2025-04-20,Yellowknife,NT,-3.6,-12.6,16.3
2025-04-21,Yellowknife,NT,1.2,-8.6,12.0
2025-04-22,Yellowknife,NT,1.6,-8.1,12.4
2025-04-23,Yellowknife,NT,-0.6,-8.2,15.1
2025-04-24,Yellowknife,NT,-2.8,-10.8,11.3
2025-04-25,Yellowknife,NT,2.1,-6.0,21.2
2025-04-26,Yellowknife,NT,-5.0,-11.1,23.2
2025-04-27,Yellowknife,NT,-7.7,-16.2,11.6
2025-04-28,Yellowknife,NT,5.5,-13.1,13.6
2025-04-29,Yellowknife,NT,4.9,-6.1,16.9
2025-04-30,Yellowknife,NT,-2.6,-15.9,16.2
2025-05-01,Yellowknife,NT,5.2,-9.9,10.0
2025-05-02,Yellowknife,NT,7.8,-3.1,17.9
2025-05-03,Yellowknife,NT,4.7,-4.5,24.7
2025-05-04,Yellowknife,NT,4.4,-5.3,24.3
2025-05-05,Yellowknife,NT,-2.1,-9.6,22.6
2025-05-06,Yellowknife,NT,7.5,-7.6,16.1
2025-05-07,Yellowknife,NT,11.6,0.5,21.9
2025-05-08,Yellowknife,NT,5.0,-2.8,25.1
2025-05-09,Yellowknife,NT,8.2,-2.0,10.6
2025-05-10,Yellowknife,NT,11.3,-1.9,12.3
2025-05-11,Yellowknife,NT,14.2,1.7,20.0
2025-05-12,Yellowknife,NT,7.9,-2.4,15.2
2025-05-13,Yellowknife,NT,6.6,-2.8,15.0
2025-05-14,Yellowknife,NT,4.6,-2.6,18.9
2025-05-15,Yellowknife,NT,3.2,-4.2,10.8
2025-05-16,Yellowknife,NT,7.2,-5.2,17.1
2025-05-17,Yellowknife,NT,12.4,0.4,20.9
2025-05-18,Yellowknife,NT,16.5,4.0,19.8
2025-05-19,Yellowknife,NT,19.9,5.2,18.8
2025-05-20,Yellowknife,NT,14.1,6.6,25.0
2025-05-21,Yellowknife,NT,16.0,7.3,20.4
2025-05-22,Yellowknife,NT,13.0,5.5,18.5
2025-05-23,Yellowknife,NT,15.0,4.0,15.0
2025-05-24,Yellowknife,NT,18.9,6.4,16.0
2025-05-25,Yellowknife,NT,22.3,7.9,14.2
2025-05-26,Yellowknife,NT,18.6,7.8,15.5
2025-05-27,Yellowknife,NT,19.4,6.3,23.3
2025-05-28,Yellowknife,NT,20.9,9.3,14.3
2025-05-29,Yellowknife,NT,26.4,12.5,26.3
2025-05-30,Yellowknife,NT,18.3,7.2,24.2
2025-05-31,Yellowknife,NT,16.2,5.4,14.2
2025-06-01,Yellowknife,NT,16.2,5.3,26.9
2025-06-02,Yellowknife,NT,13.1,6.2,30.3
2025-06-03,Yellowknife,NT,14.2,3.6,18.0
2025-06-04,Yellowknife,NT,16.3,3.2,16.4
2025-06-05,Yellowknife,NT,16.0,7.2,15.9
2025-06-06,Yellowknife,NT,18.2,7.1,20.4
2025-06-07,Yellowknife,NT,9.2,4.7,27.3
2025-06-08,Yellowknife,NT,11.2,3.1,15.2
2025-06-09,Yellowknife,NT,14.4,6.5,14.6
2025-06-10,Yellowknife,NT,15.6,7.1,18.0
2025-06-11,Yellowknife,NT,14.6,5.9,13.0
2025-06-12,Yellowknife,NT,15.7,6.1,17.0
2025-06-13,Yellowknife,NT,21.2,7.8,16.3
2025-06-14,Yellowknife,NT,17.3,7.7,12.7
2025-06-15,Yellowknife,NT,22.3,8.1,13.6
2025-06-16,Yellowknife,NT,24.2,13.2,20.0
2025-06-17,Yellowknife,NT,17.3,8.2,16.8
2025-06-18,Yellowknife,NT,20.8,9.7,19.9
2025-06-19,Yellowknife,NT,18.2,9.9,26.5
2025-06-20,Yellowknife,NT,10.4,5.1,19.8
2025-06-21,Yellowknife,NT,12.1,5.9,13.5
2025-06-22,Yellowknife,NT,14.9,5.1,14.6
2025-06-23,Yellowknife,NT,17.0,6.6,16.4
2025-06-24,Yellowknife,NT,20.1,9.5,16.6
2025-06-25,Yellowknife,NT,22.4,11.6,14.0
2025-06-26,Yellowknife,NT,25.0,11.5,17.6
2025-06-27,Yellowknife,NT,23.8,12.8,11.2
2025-06-28,Yellowknife,NT,23.7,12.5,11.0
2025-06-29,Yellowknife,NT,23.5,14.2,15.2
2025-06-30,Yellowknife,NT,23.2,11.1,14.6
2025-07-01,Yellowknife,NT,21.7,11.9,18.6
2025-07-02,Yellowknife,NT,21.7,12.8,18.4
2025-07-03,Yellowknife,NT,22.7,12.9,21.6
2025-07-04,Yellowknife,NT,15.5,12.3,17.9
2025-07-05,Yellowknife,NT,20.7,11.3,15.3
2025-07-06,Yellowknife,NT,22.1,11.6,15.3
2025-07-07,Yellowknife,NT,21.6,11.6,18.4
2025-07-08,Yellowknife,NT,21.7,13.9,17.7
2025-07-09,Yellowknife,NT,19.4,12.2,26.4
2025-07-10,Yellowknife,NT,19.2,11.9,27.7
2025-07-11,Yellowknife,NT,17.3,11.9,11.7
2025-07-12,Yellowknife,NT,19.4,10.1,22.5
2025-07-13,Yellowknife,NT,13.6,8.6,17.0
2025-07-14,Yellowknife,NT,18.5,8.6,13.6
2025-07-15,Yellowknife,NT,20.8,11.5,13.0
2025-07-16,Yellowknife,NT,24.3,13.5,13.6
2025-07-17,Yellowknife,NT,23.2,13.7,13.0
2025-07-18,Yellowknife,NT,24.5,14.1,16.4
2025-07-19,Yellowknife,NT,19.8,13.1,13.5
2025-07-20,Yellowknife,NT,16.0,10.7,25.7
2025-07-21,Yellowknife,NT,15.5,9.2,20.6
2025-07-22,Yellowknife,NT,21.5,10.0,15.1
2025-07-23,Yellowknife,NT,19.7,10.2,11.2
2025-07-24,Yellowknife,NT,22.9,12.4,15.5
2025-07-25,Yellowknife,NT,18.8,11.4,23.6
2025-07-26,Yellowknife,NT,13.0,9.8,21.2
2025-07-27,Yellowknife,NT,14.8,8.2,15.7
2025-07-28,Yellowknife,NT,17.2,9.3,9.9
2025-07-29,Yellowknife,NT,20.2,10.4,18.4
2025-07-30,Yellowknife,NT,24.0,14.6,16.1
2025-07-31,Yellowknife,NT,29.6,15.4,17.1
2025-08-01,Yellowknife,NT,27.2,17.3,15.0
2025-08-02,Yellowknife,NT,23.5,15.3,14.3
2025-08-03,Yellowknife,NT,21.8,14.6,11.4
2025-08-04,Yellowknife,NT,23.1,15.6,12.8
2025-08-05,Yellowknife,NT,19.3,14.8,24.5
2025-08-06,Yellowknife,NT,17.8,11.3,17.4
2025-08-07,Yellowknife,NT,19.7,12.5,18.4
2025-08-08,Yellowknife,NT,24.6,14.9,16.8
2025-08-09,Yellowknife,NT,19.7,13.7,14.8
2025-08-10,Yellowknife,NT,19.8,14.2,18.3
2025-08-11,Yellowknife,NT,18.3,11.9,14.7
2025-08-12,Yellowknife,NT,16.2,10.9,16.8
2025-08-13,Yellowknife,NT,19.1,9.7,16.3
2025-08-14,Yellowknife,NT,20.2,11.0,12.1
2025-08-15,Yellowknife,NT,22.0,11.7,13.5
2025-08-16,Yellowknife,NT,21.3,11.9,16.2
2025-08-17,Yellowknife,NT,16.5,12.6,16.5
2025-08-18,Yellowknife,NT,15.2,11.7,17.8
2025-08-19,Yellowknife,NT,20.0,11.2,11.3
2025-08-20,Yellowknife,NT,21.2,11.5,8.8
2025-08-21,Yellowknife,NT,22.1,11.9,12.8
2025-08-22,Yellowknife,NT,18.5,13.5,16.6
2025-08-23,Yellowknife,NT,18.8,12.5,16.6
2025-08-24,Yellowknife,NT,22.7,15.2,14.6
2025-08-25,Yellowknife,NT,21.9,14.0,15.3
2025-08-26,Yellowknife,NT,21.5,12.3,13.2
2025-08-27,Yellowknife,NT,22.2,16.9,17.2
2025-08-28,Yellowknife,NT,26.2,15.4,19.5
2025-08-29,Yellowknife,NT,22.1,16.3,16.7
2025-08-30,Yellowknife,NT,24.3,13.4,28.8
2025-08-31,Yellowknife,NT,16.2,9.5,15.5
2025-09-01,Yellowknife,NT,12.1,5.9,17.2
2025-09-02,Yellowknife,NT,13.4,7.5,22.3
2025-09-03,Yellowknife,NT,17.3,11.2,26.5
2025-09-04,Yellowknife,NT,15.8,7.6,16.5
2025-09-05,Yellowknife,NT,16.9,7.8,15.7
2025-09-06,Yellowknife,NT,16.5,11.1,20.3
2025-09-07,Yellowknife,NT,13.2,8.9,18.7
2025-09-08,Yellowknife,NT,12.0,6.7,14.4
2025-09-09,Yellowknife,NT,13.3,9.3,13.5
2025-09-10,Yellowknife,NT,14.9,10.0,18.3
2025-09-11,Yellowknife,NT,17.9,9.0,19.1
2025-09-12,Yellowknife,NT,21.5,13.7,14.8
2025-09-13,Yellowknife,NT,21.7,10.6,8.9
2025-09-14,Yellowknife,NT,20.7,12.8,15.0
2025-09-15,Yellowknife,NT,14.0,11.8,15.5
2025-09-16,Yellowknife,NT,14.4,8.6,14.3
2025-09-17,Yellowknife,NT,19.7,10.1,22.4
2025-09-18,Yellowknife,NT,18.5,13.8,21.3
2025-09-19,Yellowknife,NT,14.9,9.1,13.9
2025-09-20,Yellowknife,NT,16.6,11.2,20.7
2025-09-21,Yellowknife,NT,17.7,13.8,25.1
2025-09-22,Yellowknife,NT,14.2,7.6,16.3
2025-09-23,Yellowknife,NT,14.1,8.8,30.5
2025-09-24,Yellowknife,NT,11.0,6.6,16.4
2025-09-25,Yellowknife,NT,12.2,7.9,18.2
2025-09-26,Yellowknife,NT,12.3,6.4,9.8
2025-09-27,Yellowknife,NT,13.5,5.6,8.7
2025-09-28,Yellowknife,NT,12.2,5.4,7.1
2025-09-29,Yellowknife,NT,10.4,6.5,23.5
2025-09-30,Yellowknife,NT,10.1,6.5,15.7
2025-10-01,Yellowknife,NT,10.2,4.4,9.8
2025-10-02,Yellowknife,NT,10.4,4.2,21.8
2025-10-03,Yellowknife,NT,10.5,5.8,21.8
2025-10-04,Yellowknife,NT,5.4,1.9,26.3
2025-10-05,Yellowknife,NT,2.9,-1.2,25.3
2025-10-06,Yellowknife,NT,2.8,-3.2,15.0
2025-10-07,Yellowknife,NT,6.4,1.1,15.6
2025-10-08,Yellowknife,NT,6.8,2.6,15.3
2025-10-09,Yellowknife,NT,9.0,3.1,16.3
2025-10-10,Yellowknife,NT,6.7,2.2,23.2
2025-10-11,Yellowknife,NT,3.5,1.2,36.6
2025-10-12,Yellowknife,NT,2.2,-0.2,21.3
2025-10-13,Yellowknife,NT,5.0,0.7,25.4
2025-10-14,Yellowknife,NT,9.0,1.5,11.8
2025-10-15,Yellowknife,NT,10.1,3.5,25.4
2025-10-16,Yellowknife,NT,3.3,1.1,20.2
2025-10-17,Yellowknife,NT,3.2,0.8,13.5
2025-10-18,Yellowknife,NT,0.8,-1.2,17.0
2025-10-19,Yellowknife,NT,0.5,-1.7,13.3
2025-10-20,Yellowknife,NT,0.9,-1.9,13.5
2025-10-21,Yellowknife,NT,0.7,-1.1,10.3
2025-10-22,Yellowknife,NT,2.3,-2.4,21.4
2025-10-23,Yellowknife,NT,7.3,2.7,25.9
2025-10-24,Yellowknife,NT,8.1,2.8,24.7
2025-10-25,Yellowknife,NT,3.9,2.0,12.3
2025-10-26,Yellowknife,NT,2.5,0.6,13.4
2025-10-27,Yellowknife,NT,0.0,-1.9,22.1
2025-10-28,Yellowknife,NT,-1.3,-3.2,14.9
2025-10-29,Yellowknife,NT,0.4,-1.5,7.4
2025-10-30,Yellowknife,NT,2.3,-1.1,19.7
2025-10-31,Yellowknife,NT,3.5,1.3,30.2
2025-11-01,Yellowknife,NT,4.2,-0.3,26.6
2025-11-02,Yellowknife,NT,1.3,-1.1,12.8
2025-11-03,Yellowknife,NT,-0.6,-3.2,22.2
2025-11-04,Yellowknife,NT,-3.8,-11.2,16.6
2025-11-05,Yellowknife,NT,-11.0,-13.7,14.2
2025-11-06,Yellowknife,NT,-8.0,-12.9,18.3
2025-11-07,Yellowknife,NT,-7.8,-10.4,19.6
2025-11-08,Yellowknife,NT,-0.2,-8.1,22.2
2025-11-09,Yellowknife,NT,0.2,-1.7,19.4
2025-11-10,Yellowknife,NT,0.6,-2.2,20.5
2025-11-11,Yellowknife,NT,-2.9,-5.5,20.2
2025-11-12,Yellowknife,NT,-6.0,-8.0,17.7
2025-11-13,Yellowknife,NT,-7.1,-9.5,16.5
2025-11-14,Yellowknife,NT,-7.2,-13.5,19.8
2025-11-15,Yellowknife,NT,-10.4,-13.6,10.9
2025-11-16,Yellowknife,NT,-8.1,-15.7,15.0
2025-11-17,Yellowknife,NT,-8.6,-10.3,24.2
2025-11-18,Yellowknife,NT,-9.5,-16.1,11.2
2025-11-19,Yellowknife,NT,-11.4,-15.8,14.7
2025-11-20,Yellowknife,NT,-7.5,-17.3,23.7
2025-11-21,Yellowknife,NT,-2.5,-7.4,25.3
2025-11-22,Yellowknife,NT,-4.4,-10.8,11.7
2025-11-23,Yellowknife,NT,-6.7,-12.0,12.7
2025-11-24,Yellowknife,NT,-8.1,-10.8,13.0
2025-11-25,Yellowknife,NT,-11.2,-13.0,8.5
2025-11-26,Yellowknife,NT,-9.6,-15.0,13.2
2025-11-27,Yellowknife,NT,-11.0,-15.1,13.1
2025-11-28,Yellowknife,NT,-13.8,-17.4,9.4
2025-11-29,Yellowknife,NT,-14.2,-18.2,8.9
2025-11-30,Yellowknife,NT,-13.1,-15.2,12.9
2025-12-01,Yellowknife,NT,-12.2,-17.2,12.1
2025-12-02,Yellowknife,NT,-17.5,-27.6,12.5
2025-12-03,Yellowknife,NT,-13.7,-26.0,17.2
2025-12-04,Yellowknife,NT,-14.7,-23.1,26.7
2025-12-05,Yellowknife,NT,-24.8,-31.1,18.1
2025-12-06,Yellowknife,NT,-31.1,-33.5,11.3
2025-12-07,Yellowknife,NT,-28.9,-30.6,12.2
2025-12-08,Yellowknife,NT,-24.7,-29.1,12.5
2025-12-09,Yellowknife,NT,-22.4,-24.7,13.0
2025-12-10,Yellowknife,NT,-24.0,-26.4,12.8
2025-12-11,Yellowknife,NT,-26.9,-33.3,15.0
2025-12-12,Yellowknife,NT,-27.6,-35.1,13.2
2025-12-13,Yellowknife,NT,-25.7,-27.5,15.5
2025-12-14,Yellowknife,NT,-25.5,-26.9,12.2
2025-12-15,Yellowknife,NT,-24.8,-28.0,12.1
2025-12-16,Yellowknife,NT,-27.4,-29.0,12.2
2025-12-17,Yellowknife,NT,-29.3,-35.5,11.6
2025-12-18,Yellowknife,NT,-25.1,-28.7,12.9
2025-12-19,Yellowknife,NT,-24.7,-29.7,13.7
2025-12-20,Yellowknife,NT,-24.0,-26.6,16.5
2025-12-21,Yellowknife,NT,-28.5,-34.4,16.5
2025-12-22,Yellowknife,NT,-33.2,-35.4,12.0
2025-12-23,Yellowknife,NT,-31.9,-33.7,10.8
2025-12-24,Yellowknife,NT,-28.2,-32.5,18.0
2025-12-25,Yellowknife,NT,-25.5,-28.6,17.3
2025-12-26,Yellowknife,NT,-21.7,-28.5,15.8
2025-12-27,Yellowknife,NT,-30.1,-34.3,11.4
2025-12-28,Yellowknife,NT,-24.3,-33.9,20.2
2025-12-29,Yellowknife,NT,-21.8,-23.2,13.6
2025-12-30,Yellowknife,NT,-23.1,-28.3,17.0
2025-12-31,Yellowknife,NT,-27.3,-29.8,17.9
2026-01-01,Yellowknife,NT,-28.3,-30.7,14.8
2026-01-02,Yellowknife,NT,-29.7,-31.6,16.2
2026-01-03,Yellowknife,NT,-31.4,-32.9,11.3
2026-01-04,Yellowknife,NT,-27.4,-33.4,7.3
2026-01-05,Yellowknife,NT,-25.7,-30.1,11.1
2026-01-06,Yellowknife,NT,-24.1,-30.7,14.8
2026-01-07,Yellowknife,NT,-26.4,-29.7,13.8
2026-01-08,Yellowknife,NT,-26.9,-30.4,10.8
2026-01-09,Yellowknife,NT,-25.6,-30.7,8.9
2026-01-10,Yellowknife,NT,-19.2,-30.7,20.0
2026-01-11,Yellowknife,NT,-19.5,-22.9,13.4
2026-01-12,Yellowknife,NT,-14.2,-21.1,14.0
2026-01-13,Yellowknife,NT,-14.1,-16.1,14.0
2026-01-14,Yellowknife,NT,-6.8,-16.0,24.7
2026-01-15,Yellowknife,NT,-16.1,-24.9,28.0
2026-01-16,Yellowknife,NT,-24.2,-30.4,17.1
2026-01-17,Yellowknife,NT,-20.8,-24.7,15.6
2026-01-18,Yellowknife,NT,-25.6,-29.8,11.3
2026-01-19,Yellowknife,NT,-21.8,-27.7,15.2
2026-01-20,Yellowknife,NT,-9.4,-23.8,33.1
2026-01-21,Yellowknife,NT,-20.2,-28.6,20.7
2026-01-22,Yellowknife,NT,-29.9,-34.2,10.2
2026-01-23,Yellowknife,NT,-28.2,-32.8,11.3
2026-01-24,Yellowknife,NT,-24.3,-33.8,19.1
2026-01-25,Yellowknife,NT,-19.4,-26.6,17.3
2026-01-26,Yellowknife,NT,-27.7,-31.0,13.3
2026-01-27,Yellowknife,NT,-25.2,-32.4,12.3
2026-01-28,Yellowknife,NT,-16.4,-24.9,19.8
2026-01-29,Yellowknife,NT,-13.0,-15.9,18.2
2026-01-30,Yellowknife,NT,-12.5,-16.3,14.1
2026-01-31,Yellowknife,NT,-17.4,-21.9,15.4
2026-02-01,Yellowknife,NT,-17.2,-22.9,14.8
2026-02-02,Yellowknife,NT,-14.5,-17.4,13.4
2026-02-03,Yellowknife,NT,-18.0,-23.6,18.5
2026-02-04,Yellowknife,NT,-15.5,-21.3,18.8
2026-02-05,Yellowknife,NT,-22.5,-25.4,17.1
2026-02-06,Yellowknife,NT,-21.6,-26.5,12.1
2026-02-07,Yellowknife,NT,-21.8,-25.0,13.2
2026-02-08,Yellowknife,NT,-20.9,-24.5,13.8
2026-02-09,Yellowknife,NT,-25.0,-28.9,15.3
2026-02-10,Yellowknife,NT,-22.8,-29.3,12.2
2026-02-11,Yellowknife,NT,-24.7,-30.3,14.1
2026-02-12,Yellowknife,NT,-19.7,-25.7,10.8
2026-02-13,Yellowknife,NT,-17.8,-23.0,12.2
2026-02-14,Yellowknife,NT,-19.0,-21.8,15.7
2026-02-15,Yellowknife,NT,-23.9,-30.0,14.8
2026-02-16,Yellowknife,NT,-26.5,-32.5,16.9
2026-02-17,Yellowknife,NT,-32.0,-37.4,16.4
2026-02-18,Yellowknife,NT,-34.7,-40.7,14.3
2026-02-19,Yellowknife,NT,-29.9,-36.3,13.8
2026-02-20,Yellowknife,NT,-19.2,-32.1,18.9
2026-02-21,Yellowknife,NT,-28.5,-35.4,19.5
2026-02-22,Yellowknife,NT,-31.5,-39.3,12.8
2026-02-23,Yellowknife,NT,-28.5,-32.5,12.6
2026-02-24,Yellowknife,NT,-24.6,-31.7,6.3
2026-02-25,Yellowknife,NT,-19.8,-24.7,13.8
2026-02-26,Yellowknife,NT,-26.5,-32.5,17.6
2026-02-27,Yellowknife,NT,-31.5,-38.2,11.4
2026-02-28,Yellowknife,NT,-26.5,-37.9,11.8
2026-03-01,Yellowknife,NT,-26.9,-34.2,14.0
2026-03-02,Yellowknife,NT,-28.2,-33.5,17.6
2026-03-03,Yellowknife,NT,-29.6,-36.9,23.1
2026-03-04,Yellowknife,NT,-26.0,-36.1,14.6
2026-03-05,Yellowknife,NT,-22.6,-27.9,14.4
2026-03-06,Yellowknife,NT,-23.7,-31.2,13.6
2026-03-07,Yellowknife,NT,-19.0,-29.1,17.7
2026-03-08,Yellowknife,NT,-22.8,-28.6,13.8
2026-03-09,Yellowknife,NT,-22.3,-31.9,8.6
2026-03-10,Yellowknife,NT,-22.2,-31.5,8.4
2026-03-11,Yellowknife,NT,-21.8,-27.5,13.0
2026-03-12,Yellowknife,NT,-21.2,-30.2,13.8
2026-03-13,Yellowknife,NT,-20.4,-28.5,12.6
2026-03-14,Yellowknife,NT,-20.4,-31.1,10.2
2026-03-15,Yellowknife,NT,-20.8,-28.8,12.0
2026-03-16,Yellowknife,NT,-16.6,-28.7,23.4
2026-03-17,Yellowknife,NT,-13.8,-19.1,21.1
2026-03-18,Yellowknife,NT,-17.0,-22.0,12.1
2026-03-19,Yellowknife,NT,-16.2,-24.7,11.2
2026-03-20,Yellowknife,NT,-16.6,-23.7,12.6
2026-03-21,Yellowknife,NT,-17.0,-24.9,16.5
2026-03-22,Yellowknife,NT,-23.5,-27.2,17.2
2026-03-23,Yellowknife,NT,-24.8,-33.9,10.5
2026-03-24,Yellowknife,NT,-19.7,-33.0,10.6
2026-03-25,Yellowknife,NT,-17.5,-28.7,11.6
2026-03-26,Yellowknife,NT,-13.8,-24.8,14.4
2026-03-27,Yellowknife,NT,-12.8,-22.4,12.2
2026-03-28,Yellowknife,NT,-7.7,-18.4,13.0
2026-03-29,Yellowknife,NT,-6.3,-15.2,11.8
2026-03-30,Yellowknife,NT,-8.3,-14.2,9.7
2026-03-31,Yellowknife,NT,-8.1,-14.2,8.0
2026-04-01,Yellowknife,NT,-6.8,-14.4,13.0
2026-04-02,Yellowknife,NT,-5.8,-16.3,11.8
2026-04-03,Yellowknife,NT,-3.1,-16.0,10.1
2026-04-04,Yellowknife,NT,-4.7,-15.6,13.3
2026-04-05,Yellowknife,NT,-10.0,-19.2,13.0
2026-04-06,Yellowknife,NT,-2.7,-20.4,11.8
2026-04-07,Yellowknife,NT,-1.9,-15.0,15.7
2026-04-08,Yellowknife,NT,-1.7,-10.9,16.9
2026-04-09,Yellowknife,NT,-7.9,-16.5,17.8
2026-04-10,Yellowknife,NT,-6.3,-14.8,9.1
2026-04-11,Yellowknife,NT,-7.5,-15.8,10.7
2026-04-12,Yellowknife,NT,-4.4,-10.4,16.8
2026-04-13,Yellowknife,NT,-11.4,-19.7,20.0
2026-04-14,Yellowknife,NT,-12.9,-22.3,19.4
2026-04-15,Yellowknife,NT,-13.2,-21.5,14.0
2026-04-16,Yellowknife,NT,-7.0,-15.7,10.6
2026-04-17,Yellowknife,NT,-7.2,-17.9,13.4
2026-04-18,Yellowknife,NT,-5.3,-17.8,13.1
2026-04-19,Yellowknife,NT,-2.6,-7.8,22.5
2026-04-20,Yellowknife,NT,-3.7,-10.5,21.4
2026-04-21,Yellowknife,NT,-1.5,-9.0,12.9
2026-04-22,Yellowknife,NT,-0.2,-10.5,13.8
2026-04-23,Yellowknife,NT,-1.5,-11.1,14.6
2026-04-24,Yellowknife,NT,-1.0,-13.7,14.6
2026-04-25,Yellowknife,NT,-0.2,-11.6,16.2
2026-04-26,Yellowknife,NT,-1.5,-10.2,16.1
2026-04-27,Yellowknife,NT,-2.7,-10.3,13.5
2026-04-28,Yellowknife,NT,3.1,-7.8,9.4
2026-04-29,Yellowknife,NT,8.0,-4.1,12.6
2026-04-30,Yellowknife,NT,6.0,-2.5,20.0
2026-05-01,Yellowknife,NT,4.7,0.9,31.4
2026-05-02,Yellowknife,NT,7.4,-3.4,17.2
2026-05-03,Yellowknife,NT,1.4,-3.3,14.7
2026-05-04,Yellowknife,NT,3.2,-3.6,10.4
2026-05-05,Yellowknife,NT,6.5,-4.0,19.1
2026-05-06,Yellowknife,NT,7.7,0.1,21.9
2026-05-07,Yellowknife,NT,7.4,1.2,13.8
2026-05-08,Yellowknife,NT,7.1,-0.2,11.0
2026-05-09,Yellowknife,NT,7.6,-0.3,17.9
2026-05-10,Yellowknife,NT,11.9,3.0,20.4
2026-05-11,Yellowknife,NT,15.5,0.4,14.0
2026-05-12,Yellowknife,NT,10.3,-0.9,13.3
2026-05-13,Yellowknife,NT,8.0,-1.0,20.1
2026-05-14,Yellowknife,NT,5.0,-3.4,20.5
2026-05-15,Yellowknife,NT,3.8,-5.5,14.1
2026-05-16,Yellowknife,NT,6.3,-3.0,15.2
2026-05-17,Yellowknife,NT,2.5,-5.4,12.5
2026-05-18,Yellowknife,NT,11.3,-1.1,23.3
2026-05-19,Yellowknife,NT,15.0,3.5,19.5
2026-05-20,Yellowknife,NT,15.9,6.3,12.8
2026-05-21,Yellowknife,NT,14.2,3.7,19.2
2026-05-22,Yellowknife,NT,16.5,4.9,17.6
2026-05-23,Yellowknife,NT,16.5,5.8,13.9
2026-05-24,Yellowknife,NT,12.3,5.8,17.6
2026-05-25,Yellowknife,NT,8.9,3.4,13.0
2026-05-26,Yellowknife,NT,14.3,3.5,14.4
2026-05-27,Yellowknife,NT,17.7,4.2,14.0
2026-05-28,Yellowknife,NT,16.4,7.3,18.3
2026-05-29,Yellowknife,NT,23.1,8.1,25.5
2026-05-30,Yellowknife,NT,14.6,7.0,25.2
2026-05-31,Yellowknife,NT,14.2,6.9,12.1
2026-06-01,Yellowknife,NT,12.5,6.3,13.8
2026-06-02,Yellowknife,NT,15.9,4.7,14.9
2026-06-03,Yellowknife,NT,15.8,6.5,18.0
2026-06-04,Yellowknife,NT,20.6,7.4,13.8
2026-06-05,Yellowknife,NT,16.7,7.7,23.0
2026-06-06,Yellowknife,NT,14.1,3.3,20.6
2026-06-07,Yellowknife,NT,13.8,4.3,12.3
2026-06-08,Yellowknife,NT,18.7,6.9,15.8
2026-06-09,Yellowknife,NT,11.9,8.2,19.1
2026-06-10,Yellowknife,NT,11.7,6.9,27.3
2026-06-11,Yellowknife,NT,18.0,7.7,18.9
2026-06-12,Yellowknife,NT,17.8,8.0,14.4
2026-06-13,Yellowknife,NT,21.6,11.5,13.8
2026-06-14,Yellowknife,NT,22.8,11.2,15.7
2026-06-15,Yellowknife,NT,21.3,10.1,20.3
2026-06-16,Yellowknife,NT,21.5,11.6,18.7
2026-06-17,Yellowknife,NT,19.5,10.4,14.1
2026-06-18,Yellowknife,NT,18.6,10.7,21.7
2026-06-19,Yellowknife,NT,16.1,10.5,17.8
2026-06-20,Yellowknife,NT,16.8,10.5,12.6
2026-06-21,Yellowknife,NT,17.3,10.1,13.8
2026-06-22,Yellowknife,NT,20.2,8.6,12.1
2026-06-23,Yellowknife,NT,23.2,12.1,11.8
2026-06-24,Yellowknife,NT,24.1,13.9,13.0
2026-06-25,Yellowknife,NT,25.9,16.3,16.6
2026-06-26,Yellowknife,NT,26.7,15.4,14.7
2026-06-27,Yellowknife,NT,28.0,17.0,13.4
2026-06-28,Yellowknife,NT,29.3,18.2,15.7
2026-06-29,Yellowknife,NT,28.8,18.1,20.2
2026-06-30,Yellowknife,NT,28.3,19.3,14.1
2026-07-01,Yellowknife,NT,27.2,19.6,25.0
2026-07-02,Yellowknife,NT,25.0,16.9,17.9
2026-07-03,Yellowknife,NT,20.1,14.2,18.6
2026-07-04,Yellowknife,NT,22.2,12.7,14.4
2026-07-05,Yellowknife,NT,18.1,14.4,21.7
2026-07-06,Yellowknife,NT,20.7,12.5,11.9
2026-07-07,Yellowknife,NT,20.6,12.5,15.6
2026-07-08,Yellowknife,NT,23.8,14.1,21.9
2026-07-09,Yellowknife,NT,18.2,12.6,22.3
2026-07-10,Yellowknife,NT,20.6,11.8,16.9
2026-07-11,Yellowknife,NT,19.8,12.3,13.6
2026-07-12,Yellowknife,NT,19.9,12.3,7.1
2026-07-13,Yellowknife,NT,25.7,14.1,10.3
2026-07-14,Yellowknife,NT,25.7,16.9,12.6
2026-07-15,Yellowknife,NT,24.5,16.1,15.5
2026-07-16,Yellowknife,NT,26.9,17.6,20.1
2026-07-17,Yellowknife,NT,24.0,16.5,20.2
2026-07-18,Yellowknife,NT,26.9,15.4,11.2
2026-07-19,Yellowknife,NT,25.8,17.5,20.9
2026-07-20,Yellowknife,NT,23.2,16.9,16.8
2026-07-21,Yellowknife,NT,24.1,15.7,17.8
2026-07-22,Yellowknife,NT,24.8,16.3,18.6
2026-07-23,Yellowknife,NT,20.2,13.5,18.8
2026-07-24,Yellowknife,NT,19.7,13.3,22.7
2024-01-01,Iqaluit,NU,-28.5,-32.9,19.5
2024-01-02,Iqaluit,NU,-16.8,-31.4,27.3
2024-01-03,Iqaluit,NU,-15.4,-22.9,35.6
2024-01-04,Iqaluit,NU,-18.1,-25.8,27.4
2024-01-05,Iqaluit,NU,-21.7,-29.7,17.3
2024-01-06,Iqaluit,NU,-18.7,-28.2,14.4
2024-01-07,Iqaluit,NU,-22.3,-31.2,18.4
2024-01-08,Iqaluit,NU,-22.3,-29.9,22.7
2024-01-09,Iqaluit,NU,-24.7,-27.6,32.2
2024-01-10,Iqaluit,NU,-26.3,-31.3,26.9
2024-01-11,Iqaluit,NU,-11.3,-25.9,15.5
2024-01-12,Iqaluit,NU,-6.4,-10.5,49.1
2024-01-13,Iqaluit,NU,-5.6,-8.6,41.1
2024-01-14,Iqaluit,NU,-2.2,-11.5,42.8
2024-01-15,Iqaluit,NU,2.4,-1.8,75.3
2024-01-16,Iqaluit,NU,-1.2,-9.8,41.8
2024-01-17,Iqaluit,NU,-1.3,-13.4,48.1
2024-01-18,Iqaluit,NU,-6.3,-14.9,29.8
2024-01-19,Iqaluit,NU,-14.6,-22.0,42.3
2024-01-20,Iqaluit,NU,-11.0,-21.3,24.4
2024-01-21,Iqaluit,NU,-12.2,-24.4,22.7
2024-01-22,Iqaluit,NU,-19.1,-33.8,21.4
2024-01-23,Iqaluit,NU,-30.2,-34.6,31.9
2024-01-24,Iqaluit,NU,-28.3,-34.0,21.8
2024-01-25,Iqaluit,NU,-24.4,-35.1,25.4
2024-01-26,Iqaluit,NU,-22.8,-35.5,25.8
2024-01-27,Iqaluit,NU,-31.4,-37.6,20.7
2024-01-28,Iqaluit,NU,-36.2,-38.5,29.3
2024-01-29,Iqaluit,NU,-25.3,-37.8,26.4
2024-01-30,Iqaluit,NU,-19.9,-24.9,36.6
2024-01-31,Iqaluit,NU,-24.8,-36.3,35.1
2024-02-01,Iqaluit,NU,-31.9,-35.7,30.6
2024-02-02,Iqaluit,NU,-25.6,-32.6,30.9
2024-02-03,Iqaluit,NU,-24.1,-27.4,26.2
2024-02-04,Iqaluit,NU,-23.0,-26.6,19.1
2024-02-05,Iqaluit,NU,-13.1,-24.5,25.0
2024-02-06,Iqaluit,NU,-8.2,-28.1,38.5
2024-02-07,Iqaluit,NU,-23.1,-30.8,16.4
2024-02-08,Iqaluit,NU,-21.0,-29.8,15.6
2024-02-09,Iqaluit,NU,-27.2,-31.9,25.3
2024-02-10,Iqaluit,NU,-22.7,-31.7,14.8
2024-02-11,Iqaluit,NU,-20.4,-27.0,13.0
2024-02-12,Iqaluit,NU,-22.5,-28.1,14.3
2024-02-13,Iqaluit,NU,-18.1,-23.3,13.2
2024-02-14,Iqaluit,NU,-16.9,-24.8,14.8
2024-02-15,Iqaluit,NU,-14.6,-23.6,19.2
2024-02-16,Iqaluit,NU,-24.3,-30.8,23.9
2024-02-17,Iqaluit,NU,-26.9,-33.7,23.5
2024-02-18,Iqaluit,NU,-28.7,-31.5,33.6
2024-02-19,Iqaluit,NU,-29.0,-31.3,42.0
2024-02-20,Iqaluit,NU,-28.9,-30.7,43.7
2024-02-21,Iqaluit,NU,-27.4,-31.4,30.1
2024-02-22,Iqaluit,NU,-27.4,-32.4,14.1
2024-02-23,Iqaluit,NU,-25.9,-34.2,12.4
2024-02-24,Iqaluit,NU,-26.7,-37.7,16.1
2024-02-25,Iqaluit,NU,-19.6,-32.8,22.8
2024-02-26,Iqaluit,NU,-15.6,-26.2,22.9
2024-02-27,Iqaluit,NU,-24.2,-31.5,24.9
2024-02-28,Iqaluit,NU,-24.6,-32.0,22.4
2024-02-29,Iqaluit,NU,-14.3,-25.1,59.8
2024-03-01,Iqaluit,NU,-11.7,-29.5,74.2
2024-03-02,Iqaluit,NU,-24.6,-31.6,17.2
2024-03-03,Iqaluit,NU,-23.6,-29.6,25.4
2024-03-04,Iqaluit,NU,-30.0,-34.0,23.5
2024-03-05,Iqaluit,NU,-28.6,-37.2,18.8
2024-03-06,Iqaluit,NU,-26.2,-35.8,21.3
2024-03-07,Iqaluit,NU,-21.1,-28.2,18.4
2024-03-08,Iqaluit,NU,-23.8,-31.8,16.0
2024-03-09,Iqaluit,NU,-20.6,-31.5,18.8
2024-03-10,Iqaluit,NU,-20.6,-28.5,16.2
2024-03-11,Iqaluit,NU,-16.0,-24.5,17.4
2024-03-12,Iqaluit,NU,-15.5,-24.8,17.4
2024-03-13,Iqaluit,NU,-14.1,-24.0,14.6
2024-03-14,Iqaluit,NU,-11.8,-16.0,17.0
2024-03-15,Iqaluit,NU,-11.3,-13.6,22.2
2024-03-16,Iqaluit,NU,-11.4,-18.7,13.9
2024-03-17,Iqaluit,NU,-11.6,-20.0,12.4
2024-03-18,Iqaluit,NU,-14.2,-21.1,11.1
2024-03-19,Iqaluit,NU,-14.0,-19.5,5.6
2024-03-20,Iqaluit,NU,-11.8,-19.8,11.7
2024-03-21,Iqaluit,NU,-9.5,-17.8,13.4
2024-03-22,Iqaluit,NU,-11.2,-18.7,13.3
2024-03-23,Iqaluit,NU,-9.4,-21.7,20.2
2024-03-24,Iqaluit,NU,-8.2,-12.5,24.6
2024-03-25,Iqaluit,NU,-11.3,-14.5,31.8
2024-03-26,Iqaluit,NU,-12.0,-20.2,30.1
2024-03-27,Iqaluit,NU,-11.7,-22.9,17.9
2024-03-28,Iqaluit,NU,-12.2,-21.2,17.5
2024-03-29,Iqaluit,NU,-9.8,-19.4,20.9
2024-03-30,Iqaluit,NU,-5.1,-14.0,19.7
2024-03-31,Iqaluit,NU,1.2,-4.8,54.1
2024-04-01,Iqaluit,NU,0.5,-0.3,53.6
2024-04-02,Iqaluit,NU,-0.1,-5.6,31.6
2024-04-03,Iqaluit,NU,-4.5,-10.5,24.7
2024-04-04,Iqaluit,NU,-5.2,-14.0,25.2
2024-04-05,Iqaluit,NU,-6.9,-13.6,14.2
2024-04-06,Iqaluit,NU,-6.0,-10.9,41.7
2024-04-07,Iqaluit,NU,-9.2,-12.6,29.3
2024-04-08,Iqaluit,NU,-9.0,-16.0,30.7
2024-04-09,Iqaluit,NU,-4.0,-14.1,15.9
2024-04-10,Iqaluit,NU,-1.1,-9.1,21.8
2024-04-11,Iqaluit,NU,-1.6,-6.1,13.5
2024-04-12,Iqaluit,NU,-4.6,-15.5,30.6
2024-04-13,Iqaluit,NU,-4.7,-20.3,20.0
2024-04-14,Iqaluit,NU,-3.1,-13.7,25.3
2024-04-15,Iqaluit,NU,-1.0,-12.1,20.6
2024-04-16,Iqaluit,NU,-6.4,-15.0,31.8
2024-04-17,Iqaluit,NU,-1.5,-12.1,24.8
2024-04-18,Iqaluit,NU,-4.5,-10.8,31.3
2024-04-19,Iqaluit,NU,-8.5,-16.7,24.0
2024-04-20,Iqaluit,NU,-5.8,-19.7,31.2
2024-04-21,Iqaluit,NU,-4.4,-13.3,20.5
2024-04-22,Iqaluit,NU,-3.9,-13.7,20.2
2024-04-23,Iqaluit,NU,-1.2,-11.5,24.5
2024-04-24,Iqaluit,NU,-1.6,-7.7,22.7
2024-04-25,Iqaluit,NU,-8.4,-15.9,25.9
2024-04-26,Iqaluit,NU,-11.3,-18.1,32.9
2024-04-27,Iqaluit,NU,-4.5,-12.3,48.7
2024-04-28,Iqaluit,NU,-9.2,-15.7,19.1
2024-04-29,Iqaluit,NU,-8.9,-18.9,18.9
2024-04-30,Iqaluit,NU,-4.2,-14.4,14.6
2024-05-01,Iqaluit,NU,-2.5,-11.5,17.7
2024-05-02,Iqaluit,NU,-4.3,-14.4,16.0
2024-05-03,Iqaluit,NU,-4.4,-10.4,19.0
2024-05-04,Iqaluit,NU,-5.4,-7.7,20.9
2024-05-05,Iqaluit,NU,-3.6,-7.4,22.5
2024-05-06,Iqaluit,NU,-2.8,-6.4,16.3
2024-05-07,Iqaluit,NU,-0.4,-7.4,26.4
2024-05-08,Iqaluit,NU,-0.1,-3.8,19.7
2024-05-09,Iqaluit,NU,-1.3,-3.3,15.0
2024-05-10,Iqaluit,NU,-0.7,-3.9,22.8
2024-05-11,Iqaluit,NU,0.9,-1.6,35.5
2024-05-12,Iqaluit,NU,-2.3,-13.4,27.2
2024-05-13,Iqaluit,NU,-6.2,-16.6,20.6
2024-05-14,Iqaluit,NU,-5.4,-18.6,13.4
2024-05-15,Iqaluit,NU,-4.2,-11.1,19.1
2024-05-16,Iqaluit,NU,-2.7,-8.0,16.5
2024-05-17,Iqaluit,NU,-3.1,-8.4,11.9
2024-05-18,Iqaluit,NU,-0.5,-8.6,13.6
2024-05-19,Iqaluit,NU,-0.2,-6.9,17.3
2024-05-20,Iqaluit,NU,1.4,-5.3,24.9
2024-05-21,Iqaluit,NU,-1.8,-3.7,8.7
2024-05-22,Iqaluit,NU,-0.4,-4.7,13.1
2024-05-23,Iqaluit,NU,-1.2,-3.1,13.8
2024-05-24,Iqaluit,NU,-1.3,-3.5,12.5
2024-05-25,Iqaluit,NU,-0.3,-5.6,9.9
2024-05-26,Iqaluit,NU,1.6,-3.0,19.8
2024-05-27,Iqaluit,NU,-0.8,-3.5,23.6
2024-05-28,Iqaluit,NU,-1.7,-3.9,32.4
2024-05-29,Iqaluit,NU,1.2,-3.8,26.1
2024-05-30,Iqaluit,NU,0.7,-3.0,15.5
2024-05-31,Iqaluit,NU,-1.1,-3.6,24.7
2024-06-01,Iqaluit,NU,-1.2,-5.6,27.7
2024-06-02,Iqaluit,NU,-0.5,-3.6,22.7
2024-06-03,Iqaluit,NU,0.5,-1.3,25.7
2024-06-04,Iqaluit,NU,1.3,-0.8,23.9
2024-06-05,Iqaluit,NU,0.1,-0.2,19.6
2024-06-06,Iqaluit,NU,1.0,-0.9,12.9
2024-06-07,Iqaluit,NU,0.6,-1.3,19.2
2024-06-08,Iqaluit,NU,0.4,-2.5,19.6
2024-06-09,Iqaluit,NU,2.2,-3.6,12.4
2024-06-10,Iqaluit,NU,2.0,-3.0,12.1
2024-06-11,Iqaluit,NU,2.3,-1.3,14.7
2024-06-12,Iqaluit,NU,3.4,-1.5,21.2
2024-06-13,Iqaluit,NU,4.5,0.6,27.3
2024-06-14,Iqaluit,NU,4.6,0.8,21.5
2024-06-15,Iqaluit,NU,4.2,1.4,18.9
2024-06-16,Iqaluit,NU,3.9,1.0,26.3
2024-06-17,Iqaluit,NU,5.2,0.9,13.9
2024-06-18,Iqaluit,NU,5.3,1.1,19.7
2024-06-19,Iqaluit,NU,7.2,1.6,33.6
2024-06-20,Iqaluit,NU,5.0,0.7,19.9
2024-06-21,Iqaluit,NU,7.0,2.1,22.3
2024-06-22,Iqaluit,NU,6.1,1.9,11.9
2024-06-23,Iqaluit,NU,4.2,1.0,18.6
2024-06-24,Iqaluit,NU,5.1,0.6,13.0
2024-06-25,Iqaluit,NU,4.8,0.7,18.8
2024-06-26,Iqaluit,NU,8.0,0.1,14.1
2024-06-27,Iqaluit,NU,9.5,1.0,17.5
2024-06-28,Iqaluit,NU,8.2,2.0,19.6
2024-06-29,Iqaluit,NU,5.8,3.0,19.8
2024-06-30,Iqaluit,NU,7.0,3.0,24.7
2024-07-01,Iqaluit,NU,10.0,1.5,20.8
2024-07-02,Iqaluit,NU,9.6,2.5,23.0
2024-07-03,Iqaluit,NU,13.0,4.8,30.1
2024-07-04,Iqaluit,NU,7.5,4.4,27.4
2024-07-05,Iqaluit,NU,5.6,3.3,21.9
2024-07-06,Iqaluit,NU,8.1,3.2,10.1
2024-07-07,Iqaluit,NU,7.4,3.9,12.9
2024-07-08,Iqaluit,NU,7.7,4.4,20.0
2024-07-09,Iqaluit,NU,7.5,3.7,21.0
2024-07-10,Iqaluit,NU,10.8,3.2,8.8
2024-07-11,Iqaluit,NU,7.4,3.6,36.5
2024-07-12,Iqaluit,NU,9.9,3.6,28.3
2024-07-13,Iqaluit,NU,13.0,5.1,27.4
2024-07-14,Iqaluit,NU,9.9,6.2,21.0
2024-07-15,Iqaluit,NU,15.4,7.5,19.9
2024-07-16,Iqaluit,NU,11.0,4.8,23.0
2024-07-17,Iqaluit,NU,7.0,3.1,38.1
2024-07-18,Iqaluit,NU,7.4,4.1,39.5
2024-07-19,Iqaluit,NU,8.2,3.8,21.1
2024-07-20,Iqaluit,NU,11.8,5.0,8.1
2024-07-21,Iqaluit,NU,18.3,5.3,27.1
2024-07-22,Iqaluit,NU,17.6,5.9,23.0
2024-07-23,Iqaluit,NU,17.7,4.3,25.0
2024-07-24,Iqaluit,NU,10.6,5.6,20.1
2024-07-25,Iqaluit,NU,7.4,3.1,40.5
2024-07-26,Iqaluit,NU,8.8,3.8,42.1
2024-07-27,Iqaluit,NU,10.6,3.6,25.7
2024-07-28,Iqaluit,NU,11.1,3.0,24.2
2024-07-29,Iqaluit,NU,11.6,1.2,37.4
2024-07-30,Iqaluit,NU,9.2,3.4,13.1
2024-07-31,Iqaluit,NU,12.6,5.1,20.0
2024-08-01,Iqaluit,NU,10.0,5.5,25.0
2024-08-02,Iqaluit,NU,11.2,4.7,16.6
2024-08-03,Iqaluit,NU,9.5,3.4,28.1
2024-08-04,Iqaluit,NU,8.3,3.3,23.2
2024-08-05,Iqaluit,NU,9.0,5.6,15.9
2024-08-06,Iqaluit,NU,9.4,5.5,17.6
2024-08-07,Iqaluit,NU,14.8,4.4,12.6
2024-08-08,Iqaluit,NU,14.4,6.1,26.1
2024-08-09,Iqaluit,NU,14.6,6.8,29.3
2024-08-10,Iqaluit,NU,13.9,5.3,29.0
2024-08-11,Iqaluit,NU,15.9,4.3,23.9
2024-08-12,Iqaluit,NU,8.1,2.4,15.8
2024-08-13,Iqaluit,NU,13.5,4.1,17.7
2024-08-14,Iqaluit,NU,15.2,7.5,34.9
2024-08-15,Iqaluit,NU,13.4,5.9,34.3
2024-08-16,Iqaluit,NU,9.8,5.9,21.0
2024-08-17,Iqaluit,NU,15.7,2.8,24.4
2024-08-18,Iqaluit,NU,13.4,6.0,24.0
2024-08-19,Iqaluit,NU,16.5,5.0,31.5
2024-08-20,Iqaluit,NU,12.3,6.2,34.2
2024-08-21,Iqaluit,NU,19.1,6.6,24.9
2024-08-22,Iqaluit,NU,14.0,8.7,16.2
2024-08-23,Iqaluit,NU,13.6,10.4,20.4
2024-08-24,Iqaluit,NU,10.6,4.7,30.6
2024-08-25,Iqaluit,NU,11.0,4.8,16.4
2024-08-26,Iqaluit,NU,12.1,8.4,30.5
2024-08-27,Iqaluit,NU,10.0,5.9,38.0
2024-08-28,Iqaluit,NU,10.3,5.3,39.9
2024-08-29,Iqaluit,NU,10.5,5.3,27.9
2024-08-30,Iqaluit,NU,9.3,2.2,30.2
2024-08-31,Iqaluit,NU,6.6,3.2,27.8
2024-09-01,Iqaluit,NU,3.9,2.5,28.6
2024-09-02,Iqaluit,NU,4.0,1.9,20.2
2024-09-03,Iqaluit,NU,9.5,1.8,31.1
2024-09-04,Iqaluit,NU,7.0,2.0,32.4
2024-09-05,Iqaluit,NU,4.9,2.9,38.9
2024-09-06,Iqaluit,NU,4.6,1.5,32.6
2024-09-07,Iqaluit,NU,4.9,1.3,14.3
2024-09-08,Iqaluit,NU,7.7,2.7,22.7
2024-09-09,Iqaluit,NU,4.5,-0.8,17.9
2024-09-10,Iqaluit,NU,9.4,-0.2,16.1
2024-09-11,Iqaluit,NU,7.4,-0.9,15.6
2024-09-12,Iqaluit,NU,6.6,1.5,21.2
2024-09-13,Iqaluit,NU,6.6,3.8,28.3
2024-09-14,Iqaluit,NU,8.6,4.4,26.4
2024-09-15,Iqaluit,NU,6.1,3.2,31.1
2024-09-16,Iqaluit,NU,4.2,1.5,35.4
2024-09-17,Iqaluit,NU,1.8,0.6,27.4
2024-09-18,Iqaluit,NU,2.4,0.6,19.9
2024-09-19,Iqaluit,NU,3.5,1.8,18.9
2024-09-20,Iqaluit,NU,6.1,-0.6,23.5
2024-09-21,Iqaluit,NU,5.7,1.7,24.7
2024-09-22,Iqaluit,NU,5.9,1.6,19.8
2024-09-23,Iqaluit,NU,5.6,1.0,22.2
2024-09-24,Iqaluit,NU,10.2,4.0,20.2
2024-09-25,Iqaluit,NU,7.5,4.0,11.6
2024-09-26,Iqaluit,NU,8.1,3.0,18.7
2024-09-27,Iqaluit,NU,10.4,5.2,18.0
2024-09-28,Iqaluit,NU,7.4,5.4,25.1
2024-09-29,Iqaluit,NU,7.2,3.0,25.6
2024-09-30,Iqaluit,NU,6.7,2.8,20.3
2024-10-01,Iqaluit,NU,7.3,3.8,47.5
2024-10-02,Iqaluit,NU,8.2,3.7,34.4
2024-10-03,Iqaluit,NU,6.2,3.4,31.5
2024-10-04,Iqaluit,NU,3.9,1.6,30.9
2024-10-05,Iqaluit,NU,3.7,0.7,26.5
2024-10-06,Iqaluit,NU,3.8,0.9,35.9
2024-10-07,Iqaluit,NU,4.6,2.2,40.7
2024-10-08,Iqaluit,NU,3.4,1.6,28.6
2024-10-09,Iqaluit,NU,2.5,0.6,27.1
2024-10-10,Iqaluit,NU,1.9,-1.5,13.7
2024-10-11,Iqaluit,NU,2.0,-0.9,13.9
2024-10-12,Iqaluit,NU,4.3,-0.9,14.6
2024-10-13,Iqaluit,NU,1.5,-1.5,24.4
2024-10-14,Iqaluit,NU,-0.1,-1.4,27.0
2024-10-15,Iqaluit,NU,1.1,-2.0,24.2
2024-10-16,Iqaluit,NU,0.7,-0.6,26.1
2024-10-17,Iqaluit,NU,1.0,-1.8,48.3
2024-10-18,Iqaluit,NU,-1.4,-3.0,34.9
2024-10-19,Iqaluit,NU,2.6,-2.4,39.7
2024-10-20,Iqaluit,NU,0.9,-3.6,24.9
2024-10-21,Iqaluit,NU,-0.5,-4.4,29.8
2024-10-22,Iqaluit,NU,-1.6,-4.8,31.2
2024-10-23,Iqaluit,NU,-3.3,-7.8,14.1
2024-10-24,Iqaluit,NU,-4.1,-8.8,29.2
2024-10-25,Iqaluit,NU,-1.7,-6.0,19.8
2024-10-26,Iqaluit,NU,-1.1,-5.0,21.4
2024-10-27,Iqaluit,NU,-3.6,-7.4,23.6
2024-10-28,Iqaluit,NU,-4.9,-8.4,29.7
2024-10-29,Iqaluit,NU,-4.8,-9.7,37.3
2024-10-30,Iqaluit,NU,-1.0,-4.6,48.8
2024-10-31,Iqaluit,NU,0.3,-1.7,53.9
2024-11-01,Iqaluit,NU,-1.7,-7.8,44.1
2024-11-02,Iqaluit,NU,-5.7,-9.6,26.0
2024-11-03,Iqaluit,NU,-5.9,-7.6,30.9
2024-11-04,Iqaluit,NU,-5.3,-10.0,23.9
2024-11-05,Iqaluit,NU,-5.8,-10.0,21.1
2024-11-06,Iqaluit,NU,-4.9,-8.3,20.1
2024-11-07,Iqaluit,NU,-5.3,-7.6,14.7
2024-11-08,Iqaluit,NU,-7.8,-18.3,15.6
2024-11-09,Iqaluit,NU,-7.0,-21.4,29.2
2024-11-10,Iqaluit,NU,-4.8,-6.5,29.7
2024-11-11,Iqaluit,NU,-3.8,-12.9,25.9
2024-11-12,Iqaluit,NU,-9.7,-18.2,22.0
2024-11-13,Iqaluit,NU,-9.5,-18.8,24.4
2024-11-14,Iqaluit,NU,-0.6,-8.8,40.2
2024-11-15,Iqaluit,NU,-0.4,-4.5,17.2
2024-11-16,Iqaluit,NU,-4.1,-9.0,23.5
2024-11-17,Iqaluit,NU,-4.3,-8.1,26.4
2024-11-18,Iqaluit,NU,-8.0,-10.9,19.0
2024-11-19,Iqaluit,NU,-0.4,-8.0,30.0
2024-11-20,Iqaluit,NU,-0.7,-5.1,25.0
2024-11-21,Iqaluit,NU,-3.1,-6.0,9.5
2024-11-22,Iqaluit,NU,-4.3,-6.9,22.0
2024-11-23,Iqaluit,NU,-2.8,-4.6,19.8
2024-11-24,Iqaluit,NU,-2.5,-5.0,28.5
2024-11-25,Iqaluit,NU,-4.7,-17.9,33.2
2024-11-26,Iqaluit,NU,-18.6,-22.2,18.3
2024-11-27,Iqaluit,NU,-12.2,-22.1,14.5
2024-11-28,Iqaluit,NU,-9.0,-14.0,14.2
2024-11-29,Iqaluit,NU,-6.4,-8.9,13.4
2024-11-30,Iqaluit,NU,-5.1,-8.2,21.5
2024-12-01,Iqaluit,NU,-8.5,-14.2,28.8
2024-12-02,Iqaluit,NU,-12.7,-26.6,33.1
2024-12-03,Iqaluit,NU,-23.7,-27.1,25.1
2024-12-04,Iqaluit,NU,-15.8,-25.1,19.8
2024-12-05,Iqaluit,NU,-11.7,-16.6,23.4
2024-12-06,Iqaluit,NU,-7.1,-15.8,43.5
2024-12-07,Iqaluit,NU,-7.6,-15.7,24.9
2024-12-08,Iqaluit,NU,-16.3,-22.4,31.4
2024-12-09,Iqaluit,NU,-18.8,-25.1,28.4
2024-12-10,Iqaluit,NU,-11.5,-24.3,14.7
2024-12-11,Iqaluit,NU,-9.6,-14.4,28.8
2024-12-12,Iqaluit,NU,-5.8,-9.4,68.8
2024-12-13,Iqaluit,NU,-6.6,-13.3,66.9
2024-12-14,Iqaluit,NU,-13.7,-20.3,33.8
2024-12-15,Iqaluit,NU,-10.8,-18.0,25.0
2024-12-16,Iqaluit,NU,-9.6,-25.9,28.2
2024-12-17,Iqaluit,NU,-16.7,-28.6,19.1
2024-12-18,Iqaluit,NU,-25.5,-28.9,15.2
2024-12-19,Iqaluit,NU,-25.8,-30.0,22.3
2024-12-20,Iqaluit,NU,-19.2,-29.0,21.7
2024-12-21,Iqaluit,NU,-19.1,-30.4,23.3
2024-12-22,Iqaluit,NU,-31.5,-34.2,26.1
2024-12-23,Iqaluit,NU,-23.8,-33.6,25.0
2024-12-24,Iqaluit,NU,-6.7,-23.2,34.2
2024-12-25,Iqaluit,NU,-14.0,-27.7,42.2
2024-12-26,Iqaluit,NU,-27.6,-31.6,24.9
2024-12-27,Iqaluit,NU,-13.5,-27.4,21.1
2024-12-28,Iqaluit,NU,-12.1,-16.0,22.3
2024-12-29,Iqaluit,NU,-16.4,-22.3,17.2
2024-12-30,Iqaluit,NU,-21.6,-23.3,15.7
2024-12-31,Iqaluit,NU,-7.8,-23.0,25.1
2025-01-01,Iqaluit,NU,-1.5,-7.3,49.3
2025-01-02,Iqaluit,NU,-3.5,-6.1,33.9
2025-01-03,Iqaluit,NU,-0.1,-6.8,28.6
2025-01-04,Iqaluit,NU,-0.9,-5.5,38.7
2025-01-05,Iqaluit,NU,-4.6,-7.8,30.2
2025-01-06,Iqaluit,NU,-6.4,-9.3,12.3
2025-01-07,Iqaluit,NU,-7.0,-10.6,29.7
2025-01-08,Iqaluit,NU,-7.6,-15.5,24.8
2025-01-09,Iqaluit,NU,-12.4,-16.1,19.0
2025-01-10,Iqaluit,NU,-12.8,-14.1,22.5
2025-01-11,Iqaluit,NU,-12.6,-17.6,23.3
2025-01-12,Iqaluit,NU,-14.1,-17.0,11.4
2025-01-13,Iqaluit,NU,-16.8,-29.0,14.4
2025-01-14,Iqaluit,NU,-19.5,-28.9,17.7
2025-01-15,Iqaluit,NU,-20.8,-29.1,17.2
2025-01-16,Iqaluit,NU,-16.5,-22.8,11.9
2025-01-17,Iqaluit,NU,-13.8,-18.3,19.4
2025-01-18,Iqaluit,NU,-14.5,-16.5,16.9
2025-01-19,Iqaluit,NU,-11.2,-16.8,28.8
2025-01-20,Iqaluit,NU,-13.5,-21.9,20.4
2025-01-21,Iqaluit,NU,-21.8,-25.6,30.4
2025-01-22,Iqaluit,NU,-14.8,-21.7,27.4
2025-01-23,Iqaluit,NU,-16.8,-21.1,26.2
2025-01-24,Iqaluit,NU,-19.1,-25.0,21.0
2025-01-25,Iqaluit,NU,-25.7,-28.8,16.2
2025-01-26,Iqaluit,NU,-17.2,-28.1,19.4
2025-01-27,Iqaluit,NU,-17.1,-25.1,21.3
2025-01-28,Iqaluit,NU,-10.0,-27.6,56.2
2025-01-29,Iqaluit,NU,-7.5,-11.7,67.5
2025-01-30,Iqaluit,NU,-13.1,-22.8,36.4
2025-01-31,Iqaluit,NU,-18.7,-22.1,31.6
2025-02-01,Iqaluit,NU,-21.9,-31.1,34.6
2025-02-02,Iqaluit,NU,-23.9,-29.4,18.7
2025-02-03,Iqaluit,NU,-29.1,-32.7,17.7
2025-02-04,Iqaluit,NU,-28.9,-32.5,19.6
2025-02-05,Iqaluit,NU,-28.7,-32.4,13.1
2025-02-06,Iqaluit,NU,-28.1,-33.7,19.0
2025-02-07,Iqaluit,NU,-23.1,-31.9,19.0
2025-02-08,Iqaluit,NU,-17.5,-26.5,18.2
2025-02-09,Iqaluit,NU,-21.4,-27.1,18.4
2025-02-10,Iqaluit,NU,-24.9,-32.2,18.7
2025-02-11,Iqaluit,NU,-25.6,-33.2,45.1
2025-02-12,Iqaluit,NU,-19.7,-28.7,51.4
2025-02-13,Iqaluit,NU,-17.5,-21.2,49.2
2025-02-14,Iqaluit,NU,-19.9,-23.6,33.2
2025-02-15,Iqaluit,NU,-20.3,-24.2,37.9
2025-02-16,Iqaluit,NU,-10.2,-23.1,37.5
2025-02-17,Iqaluit,NU,-6.7,-12.6,18.0
2025-02-18,Iqaluit,NU,-8.5,-14.5,32.0
2025-02-19,Iqaluit,NU,-15.7,-19.4,34.4
2025-02-20,Iqaluit,NU,-18.5,-22.0,35.0
2025-02-21,Iqaluit,NU,-14.6,-19.7,33.7
2025-02-22,Iqaluit,NU,-15.8,-21.9,32.1
2025-02-23,Iqaluit,NU,-23.3,-33.7,33.3
2025-02-24,Iqaluit,NU,-18.5,-31.3,32.0
2025-02-25,Iqaluit,NU,-16.5,-24.1,26.6
2025-02-26,Iqaluit,NU,-24.0,-34.3,16.9
2025-02-27,Iqaluit,NU,-29.6,-38.1,14.8
2025-02-28,Iqaluit,NU,-30.4,-39.4,17.0
2025-03-01,Iqaluit,NU,-26.0,-36.2,23.4
2025-03-02,Iqaluit,NU,-24.1,-32.6,17.1
2025-03-03,Iqaluit,NU,-24.4,-34.3,23.0
2025-03-04,Iqaluit,NU,-23.6,-30.6,24.7
2025-03-05,Iqaluit,NU,-22.3,-28.1,20.1
2025-03-06,Iqaluit,NU,-18.4,-27.6,15.7
2025-03-07,Iqaluit,NU,-16.9,-24.6,17.1
2025-03-08,Iqaluit,NU,-9.5,-24.2,45.8
2025-03-09,Iqaluit,NU,-3.6,-11.8,62.8
2025-03-10,Iqaluit,NU,-12.7,-20.6,22.0
2025-03-11,Iqaluit,NU,-15.7,-24.3,20.7
2025-03-12,Iqaluit,NU,-17.2,-24.5,21.9
2025-03-13,Iqaluit,NU,-17.6,-24.5,22.4
2025-03-14,Iqaluit,NU,-17.9,-27.0,17.6
2025-03-15,Iqaluit,NU,-17.4,-27.2,18.1
2025-03-16,Iqaluit,NU,-10.8,-23.3,41.9
2025-03-17,Iqaluit,NU,-2.5,-12.7,41.0
2025-03-18,Iqaluit,NU,-14.4,-22.9,31.0
2025-03-19,Iqaluit,NU,-15.4,-22.8,22.9
2025-03-20,Iqaluit,NU,-18.7,-25.1,17.4
2025-03-21,Iqaluit,NU,-19.9,-28.6,16.3
2025-03-22,Iqaluit,NU,-21.4,-28.3,12.2
2025-03-23,Iqaluit,NU,-15.8,-24.1,14.6
2025-03-24,Iqaluit,NU,-16.2,-18.6,27.3
2025-03-25,Iqaluit,NU,-16.6,-18.8,30.9
2025-03-26,Iqaluit,NU,-12.8,-21.0,26.3
2025-03-27,Iqaluit,NU,-17.4,-23.3,16.1
2025-03-28,Iqaluit,NU,-17.3,-24.4,12.9
2025-03-29,Iqaluit,NU,-14.0,-23.6,23.9
2025-03-30,Iqaluit,NU,-15.5,-24.2,17.4
2025-03-31,Iqaluit,NU,-19.6,-27.3,16.8
2025-04-01,Iqaluit,NU,-19.8,-29.1,16.5
2025-04-02,Iqaluit,NU,-19.9,-29.7,21.2
2025-04-03,Iqaluit,NU,-19.9,-29.1,21.3
2025-04-04,Iqaluit,NU,-20.8,-28.9,25.6
2025-04-05,Iqaluit,NU,-18.1,-28.0,20.4
2025-04-06,Iqaluit,NU,-17.1,-25.6,17.4
2025-04-07,Iqaluit,NU,-11.0,-19.9,26.0
2025-04-08,Iqaluit,NU,-6.5,-11.3,28.8
2025-04-09,Iqaluit,NU,-4.3,-9.2,27.4
2025-04-10,Iqaluit,NU,-5.5,-13.6,23.7
2025-04-11,Iqaluit,NU,-8.3,-15.8,30.3
2025-04-12,Iqaluit,NU,-4.6,-9.5,15.6
2025-04-13,Iqaluit,NU,-4.6,-12.8,21.8
2025-04-14,Iqaluit,NU,-10.0,-17.1,16.4
2025-04-15,Iqaluit,NU,-5.2,-17.7,28.2
2025-04-16,Iqaluit,NU,-3.5,-5.9,35.1
2025-04-17,Iqaluit,NU,-0.2,-3.5,34.9
2025-04-18,Iqaluit,NU,-2.7,-5.7,31.0
2025-04-19,Iqaluit,NU,-3.2,-7.4,25.8
2025-04-20,Iqaluit,NU,-2.5,-9.7,16.6
2025-04-21,Iqaluit,NU,-2.9,-10.0,20.1
2025-04-22,Iqaluit,NU,-1.2,-6.6,19.7
2025-04-23,Iqaluit,NU,-1.5,-4.5,11.8
2025-04-24,Iqaluit,NU,0.2,-3.9,23.4
2025-04-25,Iqaluit,NU,-2.9,-6.1,20.7
2025-04-26,Iqaluit,NU,-6.3,-14.4,27.1
2025-04-27,Iqaluit,NU,-8.9,-17.5,46.8
2025-04-28,Iqaluit,NU,-7.7,-11.2,35.1
2025-04-29,Iqaluit,NU,-4.2,-12.8,18.0
2025-04-30,Iqaluit,NU,-7.6,-17.0,37.5
2025-05-01,Iqaluit,NU,-4.2,-14.3,45.7
2025-05-02,Iqaluit,NU,-9.9,-15.4,19.7
2025-05-03,Iqaluit,NU,-7.7,-15.3,33.2
2025-05-04,Iqaluit,NU,-4.0,-7.9,27.6
2025-05-05,Iqaluit,NU,-7.6,-10.0,29.5
2025-05-06,Iqaluit,NU,-8.5,-13.0,29.2
2025-05-07,Iqaluit,NU,-7.6,-16.3,28.8
2025-05-08,Iqaluit,NU,-4.3,-9.1,42.4
2025-05-09,Iqaluit,NU,0.5,-6.5,30.9
2025-05-10,Iqaluit,NU,-7.7,-10.9,36.2
2025-05-11,Iqaluit,NU,-7.2,-13.0,25.6
2025-05-12,Iqaluit,NU,-7.8,-16.1,27.1
2025-05-13,Iqaluit,NU,-2.0,-12.7,32.7
2025-05-14,Iqaluit,NU,0.7,-5.5,52.5
2025-05-15,Iqaluit,NU,-6.0,-7.8,53.0
2025-05-16,Iqaluit,NU,-5.5,-9.3,31.1
2025-05-17,Iqaluit,NU,-3.9,-10.3,15.6
2025-05-18,Iqaluit,NU,1.1,-3.1,39.9
2025-05-19,Iqaluit,NU,-1.1,-5.6,37.9
2025-05-20,Iqaluit,NU,-2.1,-5.9,18.4
2025-05-21,Iqaluit,NU,-0.5,-4.4,13.0
2025-05-22,Iqaluit,NU,1.1,-4.1,16.6
2025-05-23,Iqaluit,NU,0.5,-4.9,30.1
2025-05-24,Iqaluit,NU,0.8,-4.8,25.1
2025-05-25,Iqaluit,NU,2.3,-3.0,28.9
2025-05-26,Iqaluit,NU,2.1,0.2,23.9
2025-05-27,Iqaluit,NU,2.5,-1.6,34.8
2025-05-28,Iqaluit,NU,-0.4,-2.2,17.2
2025-05-29,Iqaluit,NU,2.8,-2.4,18.6
2025-05-30,Iqaluit,NU,1.3,-5.2,19.1
2025-05-31,Iqaluit,NU,1.5,-5.5,18.7
2025-06-01,Iqaluit,NU,4.0,-3.7,17.6
2025-06-02,Iqaluit,NU,4.2,-2.6,15.7
2025-06-03,Iqaluit,NU,5.0,-1.3,15.0
2025-06-04,Iqaluit,NU,1.9,0.1,11.2
2025-06-05,Iqaluit,NU,2.5,0.1,11.1
2025-06-06,Iqaluit,NU,1.9,0.2,7.4
2025-06-07,Iqaluit,NU,3.9,-0.1,11.4
2025-06-08,Iqaluit,NU,6.4,1.3,17.1
2025-06-09,Iqaluit,NU,6.1,1.6,18.8
2025-06-10,Iqaluit,NU,5.0,-0.3,11.9
2025-06-11,Iqaluit,NU,7.0,-0.4,27.8
2025-06-12,Iqaluit,NU,7.0,0.9,23.3
2025-06-13,Iqaluit,NU,4.9,0.0,23.7
2025-06-14,Iqaluit,NU,3.4,-1.1,16.0
2025-06-15,Iqaluit,NU,5.0,-0.2,20.9
2025-06-16,Iqaluit,NU,2.5,-1.1,15.5
2025-06-17,Iqaluit,NU,3.9,-1.7,24.7
2025-06-18,Iqaluit,NU,0.9,-0.8,42.1
2025-06-19,Iqaluit,NU,0.7,-0.2,39.6
2025-06-20,Iqaluit,NU,2.4,-0.9,28.9
2025-06-21,Iqaluit,NU,4.6,0.4,32.2
2025-06-22,Iqaluit,NU,4.0,-1.0,15.3
2025-06-23,Iqaluit,NU,5.7,-1.2,26.3
2025-06-24,Iqaluit,NU,3.7,-0.4,17.2
2025-06-25,Iqaluit,NU,6.5,-1.0,15.2
2025-06-26,Iqaluit,NU,8.3,2.5,12.6
2025-06-27,Iqaluit,NU,16.2,5.1,30.8
2025-06-28,Iqaluit,NU,15.7,6.7,17.9
2025-06-29,Iqaluit,NU,14.6,6.4,30.6
2025-06-30,Iqaluit,NU,16.9,7.8,30.3
2025-07-01,Iqaluit,NU,13.3,7.1,14.7
2025-07-02,Iqaluit,NU,18.7,6.3,26.9
2025-07-03,Iqaluit,NU,16.9,6.8,30.0
2025-07-04,Iqaluit,NU,9.8,7.3,15.8
2025-07-05,Iqaluit,NU,8.5,6.4,35.4
2025-07-06,Iqaluit,NU,9.0,3.8,25.4
2025-07-07,Iqaluit,NU,10.6,3.4,41.2
2025-07-08,Iqaluit,NU,11.1,3.7,36.7
2025-07-09,Iqaluit,NU,18.6,4.0,21.7
2025-07-10,Iqaluit,NU,15.1,8.9,19.0
2025-07-11,Iqaluit,NU,17.8,9.5,23.7
2025-07-12,Iqaluit,NU,14.5,7.7,23.1
2025-07-13,Iqaluit,NU,15.3,7.7,30.0
2025-07-14,Iqaluit,NU,7.6,4.1,28.2
2025-07-15,Iqaluit,NU,7.2,3.9,33.5
2025-07-16,Iqaluit,NU,7.7,3.7,15.9
2025-07-17,Iqaluit,NU,8.3,4.8,15.2
2025-07-18,Iqaluit,NU,8.2,3.2,16.6
2025-07-19,Iqaluit,NU,14.5,3.5,14.7
2025-07-20,Iqaluit,NU,18.6,6.6,30.1
2025-07-21,Iqaluit,NU,16.6,5.8,20.0
2025-07-22,Iqaluit,NU,16.3,8.3,20.6
2025-07-23,Iqaluit,NU,12.7,6.8,18.0
2025-07-24,Iqaluit,NU,8.1,5.7,22.3
2025-07-25,Iqaluit,NU,8.6,5.0,20.4
2025-07-26,Iqaluit,NU,12.7,3.8,10.5
2025-07-27,Iqaluit,NU,18.1,6.7,22.8
2025-07-28,Iqaluit,NU,19.0,8.2,19.1
2025-07-29,Iqaluit,NU,11.9,7.2,13.1
2025-07-30,Iqaluit,NU,9.5,5.0,17.1
2025-07-31,Iqaluit,NU,15.8,4.7,17.4
2025-08-01,Iqaluit,NU,15.3,8.0,15.7
2025-08-02,Iqaluit,NU,15.5,9.2,14.6
2025-08-03,Iqaluit,NU,17.4,7.2,27.5
2025-08-04,Iqaluit,NU,15.8,6.4,28.7
2025-08-05,Iqaluit,NU,13.4,9.1,24.7
2025-08-06,Iqaluit,NU,15.1,9.8,33.9
2025-08-07,Iqaluit,NU,13.6,6.5,31.5
2025-08-08,Iqaluit,NU,12.1,5.2,22.3
2025-08-09,Iqaluit,NU,11.4,4.6,29.2
2025-08-10,Iqaluit,NU,9.5,3.2,25.6
2025-08-11,Iqaluit,NU,8.9,5.3,8.4
2025-08-12,Iqaluit,NU,5.4,3.2,7.9
2025-08-13,Iqaluit,NU,6.7,3.2,27.9
2025-08-14,Iqaluit,NU,6.7,2.3,25.7
2025-08-15,Iqaluit,NU,10.0,1.1,15.9
2025-08-16,Iqaluit,NU,5.9,3.3,31.5
2025-08-17,Iqaluit,NU,6.3,4.1,24.7
2025-08-18,Iqaluit,NU,6.2,2.6,17.2
2025-08-19,Iqaluit,NU,4.8,1.4,20.0
2025-08-20,Iqaluit,NU,8.0,3.7,9.4
2025-08-21,Iqaluit,NU,10.7,3.1,13.4
2025-08-22,Iqaluit,NU,13.6,5.3,26.3
2025-08-23,Iqaluit,NU,12.4,6.6,24.1
2025-08-24,Iqaluit,NU,15.4,5.0,23.7
2025-08-25,Iqaluit,NU,11.7,5.0,15.5
2025-08-26,Iqaluit,NU,12.1,5.7,22.6
2025-08-27,Iqaluit,NU,9.9,4.6,28.9
2025-08-28,Iqaluit,NU,8.4,3.9,14.5
2025-08-29,Iqaluit,NU,9.3,3.9,30.2
2025-08-30,Iqaluit,NU,5.2,-1.4,25.3
2025-08-31,Iqaluit,NU,3.2,-0.7,37.8
2025-09-01,Iqaluit,NU,7.4,3.2,31.7
2025-09-02,Iqaluit,NU,4.5,1.3,39.8
2025-09-03,Iqaluit,NU,3.2,0.4,28.3
2025-09-04,Iqaluit,NU,4.2,1.6,10.3
2025-09-05,Iqaluit,NU,5.0,1.0,24.4
2025-09-06,Iqaluit,NU,2.9,1.5,33.9
2025-09-07,Iqaluit,NU,3.9,1.8,19.4
2025-09-08,Iqaluit,NU,6.8,1.5,20.6
2025-09-09,Iqaluit,NU,6.7,2.0,28.3
2025-09-10,Iqaluit,NU,8.3,1.0,27.5
2025-09-11,Iqaluit,NU,6.2,2.1,21.0
2025-09-12,Iqaluit,NU,6.5,0.7,13.2
2025-09-13,Iqaluit,NU,3.4,-1.3,9.8
2025-09-14,Iqaluit,NU,4.2,1.3,18.6
2025-09-15,Iqaluit,NU,5.2,3.3,14.4
2025-09-16,Iqaluit,NU,6.7,3.0,17.0
2025-09-17,Iqaluit,NU,3.2,2.4,16.6
2025-09-18,Iqaluit,NU,5.5,2.1,51.8
2025-09-19,Iqaluit,NU,5.3,3.7,58.0
2025-09-20,Iqaluit,NU,6.5,0.9,23.7
2025-09-21,Iqaluit,NU,5.8,0.2,22.2
2025-09-22,Iqaluit,NU,7.1,-1.0,24.9
2025-09-23,Iqaluit,NU,6.7,0.4,23.9
2025-09-24,Iqaluit,NU,5.8,4.4,22.6
2025-09-25,Iqaluit,NU,6.1,4.3,24.4
2025-09-26,Iqaluit,NU,7.5,1.9,17.0
2025-09-27,Iqaluit,NU,5.2,0.5,19.4
2025-09-28,Iqaluit,NU,4.4,-1.5,13.7
2025-09-29,Iqaluit,NU,4.0,-2.4,19.7
2025-09-30,Iqaluit,NU,2.1,-0.6,32.1
2025-10-01,Iqaluit,NU,3.0,-1.5,26.1
2025-10-02,Iqaluit,NU,3.0,0.4,39.4
2025-10-03,Iqaluit,NU,3.2,0.1,37.6
2025-10-04,Iqaluit,NU,1.4,-1.6,33.9
2025-10-05,Iqaluit,NU,1.7,-2.1,27.7
2025-10-06,Iqaluit,NU,1.5,-0.3,25.9
2025-10-07,Iqaluit,NU,1.3,-0.9,27.1
2025-10-08,Iqaluit,NU,0.6,-2.7,27.9
2025-10-09,Iqaluit,NU,-1.3,-3.3,34.5
2025-10-10,Iqaluit,NU,1.0,-1.8,42.6
2025-10-11,Iqaluit,NU,-1.9,-4.1,35.5
2025-10-12,Iqaluit,NU,3.0,-3.6,38.4
2025-10-13,Iqaluit,NU,3.7,-2.6,26.0
2025-10-14,Iqaluit,NU,2.2,-1.4,25.5
2025-10-15,Iqaluit,NU,2.1,-2.3,29.7
2025-10-16,Iqaluit,NU,-0.2,-2.9,18.6
2025-10-17,Iqaluit,NU,0.3,-4.8,12.4
2025-10-18,Iqaluit,NU,0.2,-4.2,27.9
2025-10-19,Iqaluit,NU,2.5,0.4,29.9
2025-10-20,Iqaluit,NU,2.5,1.2,25.2
2025-10-21,Iqaluit,NU,2.9,0.1,27.1
2025-10-22,Iqaluit,NU,0.7,-1.5,20.5
2025-10-23,Iqaluit,NU,0.8,-4.3,15.5
2025-10-24,Iqaluit,NU,2.0,-1.8,20.7
2025-10-25,Iqaluit,NU,-1.6,-6.7,26.8
2025-10-26,Iqaluit,NU,-1.3,-3.2,20.7
2025-10-27,Iqaluit,NU,2.8,-2.0,18.7
2025-10-28,Iqaluit,NU,0.9,-0.5,15.2
2025-10-29,Iqaluit,NU,-0.2,-3.0,18.2
2025-10-30,Iqaluit,NU,-1.0,-2.5,27.3
2025-10-31,Iqaluit,NU,-1.4,-10.4,17.0
2025-11-01,Iqaluit,NU,-8.2,-12.9,16.2
2025-11-02,Iqaluit,NU,-6.3,-11.7,17.8
2025-11-03,Iqaluit,NU,-5.8,-11.0,25.4
2025-11-04,Iqaluit,NU,-0.6,-5.4,28.0
2025-11-05,Iqaluit,NU,-0.2,-1.2,26.2
2025-11-06,Iqaluit,NU,-0.1,-4.7,23.4
2025-11-07,Iqaluit,NU,-0.1,-6.4,17.8
2025-11-08,Iqaluit,NU,-6.2,-9.7,15.2
2025-11-09,Iqaluit,NU,-7.5,-13.0,13.6
2025-11-10,Iqaluit,NU,-3.8,-11.4,18.7
2025-11-11,Iqaluit,NU,-2.0,-4.5,31.2
2025-11-12,Iqaluit,NU,-4.2,-6.4,33.8
2025-11-13,Iqaluit,NU,1.2,-3.4,28.2
2025-11-14,Iqaluit,NU,-0.4,-5.2,27.3
2025-11-15,Iqaluit,NU,-3.3,-9.4,16.8
2025-11-16,Iqaluit,NU,-0.7,-3.7,35.2
2025-11-17,Iqaluit,NU,1.0,-2.1,41.8
2025-11-18,Iqaluit,NU,1.4,-0.1,49.0
2025-11-19,Iqaluit,NU,1.2,-2.6,37.4
2025-11-20,Iqaluit,NU,-0.2,-5.5,21.5
2025-11-21,Iqaluit,NU,-0.5,-2.9,22.7
2025-11-22,Iqaluit,NU,-1.3,-1.8,22.7
2025-11-23,Iqaluit,NU,-0.9,-1.6,18.0
2025-11-24,Iqaluit,NU,-1.7,-3.3,18.2
2025-11-25,Iqaluit,NU,-3.7,-6.0,21.9
2025-11-26,Iqaluit,NU,-4.5,-7.4,21.6
2025-11-27,Iqaluit,NU,-7.0,-14.0,25.4
2025-11-28,Iqaluit,NU,-12.9,-20.5,23.1
2025-11-29,Iqaluit,NU,-11.1,-19.7,21.0
2025-11-30,Iqaluit,NU,-11.5,-16.9,22.8
2025-12-01,Iqaluit,NU,-8.9,-16.9,22.5
2025-12-02,Iqaluit,NU,-14.2,-18.7,17.1
2025-12-03,Iqaluit,NU,-13.3,-23.2,21.2
2025-12-04,Iqaluit,NU,-7.8,-14.9,33.4
2025-12-05,Iqaluit,NU,-10.2,-14.6,36.3
2025-12-06,Iqaluit,NU,-13.6,-18.3,19.1
2025-12-07,Iqaluit,NU,-9.1,-18.1,21.0
2025-12-08,Iqaluit,NU,-2.8,-8.9,25.0
2025-12-09,Iqaluit,NU,-4.5,-13.9,21.8
2025-12-10,Iqaluit,NU,-14.0,-17.3,22.4
2025-12-11,Iqaluit,NU,-16.7,-21.6,25.0
2025-12-12,Iqaluit,NU,-18.9,-22.7,28.7
2025-12-13,Iqaluit,NU,-22.5,-27.2,36.0
2025-12-14,Iqaluit,NU,-25.5,-29.7,31.3
2025-12-15,Iqaluit,NU,-12.5,-28.4,22.7
2025-12-16,Iqaluit,NU,-11.3,-23.5,22.4
2025-12-17,Iqaluit,NU,-9.4,-23.1,24.9
2025-12-18,Iqaluit,NU,-9.4,-25.9,50.6
2025-12-19,Iqaluit,NU,-13.6,-20.1,38.7
2025-12-20,Iqaluit,NU,-13.3,-23.8,26.5
2025-12-21,Iqaluit,NU,-17.5,-23.9,26.9
2025-12-22,Iqaluit,NU,-17.0,-20.8,21.4
2025-12-23,Iqaluit,NU,-21.2,-23.9,19.6
2025-12-24,Iqaluit,NU,-15.5,-22.9,28.6
2025-12-25,Iqaluit,NU,-19.0,-23.4,18.9
2025-12-26,Iqaluit,NU,-18.4,-24.5,20.8
2025-12-27,Iqaluit,NU,-12.4,-22.9,29.0
2025-12-28,Iqaluit,NU,-11.7,-17.9,26.1
2025-12-29,Iqaluit,NU,-11.0,-17.4,33.6
2025-12-30,Iqaluit,NU,-0.4,-19.8,30.2
2025-12-31,Iqaluit,NU,3.4,-1.1,55.3
2026-01-01,Iqaluit,NU,-2.0,-11.5,51.6
2026-01-02,Iqaluit,NU,-6.7,-15.0,34.7
2026-01-03,Iqaluit,NU,2.3,-5.0,52.8
2026-01-04,Iqaluit,NU,1.1,-5.5,38.9
2026-01-05,Iqaluit,NU,0.5,-8.8,51.2
2026-01-06,Iqaluit,NU,-8.5,-12.2,34.9
2026-01-07,Iqaluit,NU,-11.7,-15.0,15.2
2026-01-08,Iqaluit,NU,-11.1,-18.5,15.6
2026-01-09,Iqaluit,NU,-12.0,-18.6,15.8
2026-01-10,Iqaluit,NU,-10.7,-15.9,49.2
2026-01-11,Iqaluit,NU,-17.0,-27.9,44.5
2026-01-12,Iqaluit,NU,-13.4,-24.0,31.3
2026-01-13,Iqaluit,NU,-12.5,-17.6,31.6
2026-01-14,Iqaluit,NU,-12.9,-18.9,23.1
2026-01-15,Iqaluit,NU,-19.4,-23.6,16.1
2026-01-16,Iqaluit,NU,-6.7,-21.2,21.8
2026-01-17,Iqaluit,NU,-6.4,-22.6,37.4
2026-01-18,Iqaluit,NU,-23.0,-32.8,34.7
2026-01-19,Iqaluit,NU,-30.7,-35.0,18.2
2026-01-20,Iqaluit,NU,-26.8,-32.6,14.5
2026-01-21,Iqaluit,NU,-26.0,-30.0,23.4
2026-01-22,Iqaluit,NU,-23.8,-29.3,35.2
2026-01-23,Iqaluit,NU,-8.7,-23.2,29.5
2026-01-24,Iqaluit,NU,-7.4,-13.9,34.0
2026-01-25,Iqaluit,NU,-6.4,-14.3,39.5
2026-01-26,Iqaluit,NU,-8.8,-14.1,28.5
2026-01-27,Iqaluit,NU,-11.7,-14.6,23.9
2026-01-28,Iqaluit,NU,-13.1,-16.5,31.5
2026-01-29,Iqaluit,NU,-14.9,-20.8,35.1
2026-01-30,Iqaluit,NU,-21.2,-24.8,35.6
2026-01-31,Iqaluit,NU,-22.9,-25.7,29.7
2026-02-01,Iqaluit,NU,-25.0,-28.4,22.5
2026-02-02,Iqaluit,NU,-26.0,-30.2,17.6
2026-02-03,Iqaluit,NU,-24.2,-29.4,24.0
2026-02-04,Iqaluit,NU,-21.4,-26.3,16.4
2026-02-05,Iqaluit,NU,-21.4,-33.4,25.1
2026-02-06,Iqaluit,NU,-30.4,-34.7,23.5
2026-02-07,Iqaluit,NU,-21.5,-31.4,19.5
2026-02-08,Iqaluit,NU,-12.4,-20.6,15.5
2026-02-09,Iqaluit,NU,-13.7,-23.5,25.6
2026-02-10,Iqaluit,NU,-17.9,-24.0,25.6
2026-02-11,Iqaluit,NU,-16.7,-21.7,22.0
2026-02-12,Iqaluit,NU,-12.7,-16.5,11.2
2026-02-13,Iqaluit,NU,-10.2,-16.2,10.5
2026-02-14,Iqaluit,NU,-11.6,-16.0,12.8
2026-02-15,Iqaluit,NU,-11.7,-17.1,20.8
2026-02-16,Iqaluit,NU,-9.5,-13.3,23.8
2026-02-17,Iqaluit,NU,-11.4,-23.2,20.1
2026-02-18,Iqaluit,NU,-15.8,-22.8,11.4
2026-02-19,Iqaluit,NU,-18.9,-29.0,34.9
2026-02-20,Iqaluit,NU,-26.7,-30.3,32.0
2026-02-21,Iqaluit,NU,-20.5,-28.9,22.8
2026-02-22,Iqaluit,NU,-20.7,-36.2,31.2
2026-02-23,Iqaluit,NU,-28.6,-32.9,17.5
2026-02-24,Iqaluit,NU,-30.1,-36.5,14.7
2026-02-25,Iqaluit,NU,-27.3,-35.7,19.6
2026-02-26,Iqaluit,NU,-18.7,-28.7,19.3
2026-02-27,Iqaluit,NU,-17.1,-27.0,20.4
2026-02-28,Iqaluit,NU,-25.1,-30.1,20.4
2026-03-01,Iqaluit,NU,-24.7,-27.8,44.3
2026-03-02,Iqaluit,NU,-23.9,-26.0,40.4
2026-03-03,Iqaluit,NU,-25.3,-28.5,24.3
2026-03-04,Iqaluit,NU,-21.3,-29.4,27.6
2026-03-05,Iqaluit,NU,-20.0,-30.1,44.6
2026-03-06,Iqaluit,NU,-29.5,-33.8,29.4
2026-03-07,Iqaluit,NU,-21.9,-35.0,18.4
2026-03-08,Iqaluit,NU,-15.7,-23.5,24.5
2026-03-09,Iqaluit,NU,-23.9,-29.0,27.9
2026-03-10,Iqaluit,NU,-15.3,-26.2,46.6
2026-03-11,Iqaluit,NU,-25.5,-31.4,44.6
2026-03-12,Iqaluit,NU,-28.1,-33.5,21.4
2026-03-13,Iqaluit,NU,-28.4,-34.3,19.5
2026-03-14,Iqaluit,NU,-22.3,-35.5,16.1
2026-03-15,Iqaluit,NU,-27.0,-34.9,15.5
2026-03-16,Iqaluit,NU,-28.4,-36.9,17.6
2026-03-17,Iqaluit,NU,-22.7,-35.8,40.1
2026-03-18,Iqaluit,NU,-23.8,-32.1,46.5
2026-03-19,Iqaluit,NU,-23.3,-32.4,24.5
2026-03-20,Iqaluit,NU,-23.9,-31.8,16.4
2026-03-21,Iqaluit,NU,-24.4,-34.4,16.8
2026-03-22,Iqaluit,NU,-21.5,-30.7,16.0
2026-03-23,Iqaluit,NU,-18.6,-30.0,35.1
2026-03-24,Iqaluit,NU,-21.4,-27.2,19.0
2026-03-25,Iqaluit,NU,-23.2,-30.5,15.2
2026-03-26,Iqaluit,NU,-25.0,-31.9,14.1
2026-03-27,Iqaluit,NU,-26.2,-36.0,15.7
2026-03-28,Iqaluit,NU,-27.7,-35.8,21.4
2026-03-29,Iqaluit,NU,-27.5,-37.4,20.0
2026-03-30,Iqaluit,NU,-24.4,-34.8,19.6
2026-03-31,Iqaluit,NU,-24.1,-36.1,24.2
2026-04-01,Iqaluit,NU,-23.0,-31.8,24.6
2026-04-02,Iqaluit,NU,-20.2,-29.6,24.5
2026-04-03,Iqaluit,NU,-23.3,-29.6,31.2
2026-04-04,Iqaluit,NU,-19.9,-27.6,28.3
2026-04-05,Iqaluit,NU,-15.1,-28.2,17.5
2026-04-06,Iqaluit,NU,-15.8,-27.8,23.4
2026-04-07,Iqaluit,NU,-10.5,-16.7,28.1
2026-04-08,Iqaluit,NU,-10.5,-20.1,28.7
2026-04-09,Iqaluit,NU,-14.7,-26.2,17.6
2026-04-10,Iqaluit,NU,-11.4,-23.3,20.6
2026-04-11,Iqaluit,NU,-16.2,-28.1,20.6
2026-04-12,Iqaluit,NU,-14.7,-24.8,20.8
2026-04-13,Iqaluit,NU,-5.8,-15.7,59.0
2026-04-14,Iqaluit,NU,-6.0,-22.2,47.8
2026-04-15,Iqaluit,NU,-17.3,-23.7,24.9
2026-04-16,Iqaluit,NU,-15.0,-25.6,38.9
2026-04-17,Iqaluit,NU,-12.7,-19.5,32.3
2026-04-18,Iqaluit,NU,-14.4,-19.4,24.7
2026-04-19,Iqaluit,NU,-5.3,-17.0,29.5
2026-04-20,Iqaluit,NU,-5.6,-17.5,24.3
2026-04-21,Iqaluit,NU,-13.6,-22.5,16.8
2026-04-22,Iqaluit,NU,-12.3,-23.0,16.8
2026-04-23,Iqaluit,NU,-5.9,-23.2,17.4
2026-04-24,Iqaluit,NU,-5.4,-13.5,18.8
2026-04-25,Iqaluit,NU,-5.2,-14.7,21.8
2026-04-26,Iqaluit,NU,-13.6,-20.4,26.8
2026-04-27,Iqaluit,NU,-12.8,-21.9,20.8
2026-04-28,Iqaluit,NU,-9.0,-20.9,15.5
2026-04-29,Iqaluit,NU,-4.0,-19.8,17.7
2026-04-30,Iqaluit,NU,-6.3,-16.8,17.8
2026-05-01,Iqaluit,NU,-4.3,-14.7,22.5
2026-05-02,Iqaluit,NU,-2.0,-15.9,24.7
2026-05-03,Iqaluit,NU,-5.4,-7.8,32.2
2026-05-04,Iqaluit,NU,-4.1,-8.7,38.7
2026-05-05,Iqaluit,NU,1.8,-5.8,47.0
2026-05-06,Iqaluit,NU,2.7,0.6,48.3
2026-05-07,Iqaluit,NU,0.8,-3.4,31.9
2026-05-08,Iqaluit,NU,1.5,-3.4,28.7
2026-05-09,Iqaluit,NU,0.8,-2.2,25.2
2026-05-10,Iqaluit,NU,-1.4,-2.6,31.3
2026-05-11,Iqaluit,NU,0.7,-2.5,25.4
2026-05-12,Iqaluit,NU,-1.6,-4.2,28.4
2026-05-13,Iqaluit,NU,-0.6,-6.3,25.9
2026-05-14,Iqaluit,NU,-1.7,-8.7,28.7
2026-05-15,Iqaluit,NU,-5.0,-11.4,22.3
2026-05-16,Iqaluit,NU,-2.0,-10.8,18.5
2026-05-17,Iqaluit,NU,-1.1,-3.5,22.7
2026-05-18,Iqaluit,NU,-1.7,-3.5,23.8
2026-05-19,Iqaluit,NU,1.0,-3.2,21.2
2026-05-20,Iqaluit,NU,0.6,-1.8,20.8
2026-05-21,Iqaluit,NU,1.1,-2.2,19.1
2026-05-22,Iqaluit,NU,0.2,-1.9,20.6
2026-05-23,Iqaluit,NU,-1.3,-4.2,30.0
2026-05-24,Iqaluit,NU,0.5,-4.7,16.0
2026-05-25,Iqaluit,NU,3.5,-3.1,13.6
2026-05-26,Iqaluit,NU,1.1,-2.6,30.3
2026-05-27,Iqaluit,NU,0.2,-1.9,30.4
2026-05-28,Iqaluit,NU,0.1,-3.4,21.0
2026-05-29,Iqaluit,NU,2.6,-4.4,18.5
2026-05-30,Iqaluit,NU,3.5,-3.0,23.4
2026-05-31,Iqaluit,NU,3.7,0.6,21.0
2026-06-01,Iqaluit,NU,2.2,0.3,34.9
2026-06-02,Iqaluit,NU,1.0,-2.4,30.7
2026-06-03,Iqaluit,NU,0.4,-3.6,31.3
2026-06-04,Iqaluit,NU,0.1,-1.6,27.9
2026-06-05,Iqaluit,NU,1.8,-2.8,9.0
2026-06-06,Iqaluit,NU,5.6,0.5,19.8
2026-06-07,Iqaluit,NU,7.2,0.1,17.8
2026-06-08,Iqaluit,NU,11.3,2.9,25.6
2026-06-09,Iqaluit,NU,4.5,0.1,19.0
2026-06-10,Iqaluit,NU,11.8,-2.2,15.0
2026-06-11,Iqaluit,NU,10.8,2.4,16.1
2026-06-12,Iqaluit,NU,9.7,2.6,21.5
2026-06-13,Iqaluit,NU,4.6,0.2,33.0
2026-06-14,Iqaluit,NU,5.4,-0.1,21.7
2026-06-15,Iqaluit,NU,6.2,0.4,26.6
2026-06-16,Iqaluit,NU,7.0,2.8,26.1
2026-06-17,Iqaluit,NU,8.7,3.9,28.1
2026-06-18,Iqaluit,NU,13.5,4.6,16.9
2026-06-19,Iqaluit,NU,11.6,5.0,13.8
2026-06-20,Iqaluit,NU,17.1,5.3,31.3
2026-06-21,Iqaluit,NU,14.5,3.5,28.9
2026-06-22,Iqaluit,NU,10.1,1.7,18.5
2026-06-23,Iqaluit,NU,17.5,4.2,24.6
2026-06-24,Iqaluit,NU,18.5,8.5,32.9
2026-06-25,Iqaluit,NU,15.2,8.6,23.9
2026-06-26,Iqaluit,NU,16.1,6.8,28.6
2026-06-27,Iqaluit,NU,18.5,8.7,34.9
2026-06-28,Iqaluit,NU,18.8,7.2,28.3
2026-06-29,Iqaluit,NU,16.1,8.4,20.4
2026-06-30,Iqaluit,NU,16.6,7.8,26.1
2026-07-01,Iqaluit,NU,15.4,5.6,18.9
2026-07-02,Iqaluit,NU,15.4,9.1,32.2
2026-07-03,Iqaluit,NU,10.3,6.1,20.9
2026-07-04,Iqaluit,NU,19.5,4.1,29.9
2026-07-05,Iqaluit,NU,23.2,10.1,36.5
2026-07-06,Iqaluit,NU,23.4,9.3,27.4
2026-07-07,Iqaluit,NU,21.2,11.7,17.2
2026-07-08,Iqaluit,NU,16.5,10.0,19.7
2026-07-09,Iqaluit,NU,12.9,8.5,17.4
2026-07-10,Iqaluit,NU,17.7,8.2,29.2
2026-07-11,Iqaluit,NU,19.0,8.4,19.2
2026-07-12,Iqaluit,NU,19.3,9.5,22.8
2026-07-13,Iqaluit,NU,16.7,11.1,15.1
2026-07-14,Iqaluit,NU,14.4,9.0,24.1
2026-07-15,Iqaluit,NU,22.6,7.5,27.5
2026-07-16,Iqaluit,NU,19.2,8.4,36.9
2026-07-17,Iqaluit,NU,13.6,8.3,30.8
2026-07-18,Iqaluit,NU,12.9,6.9,23.4
2026-07-19,Iqaluit,NU,11.9,7.0,19.8
2026-07-20,Iqaluit,NU,9.5,7.1,23.0
2026-07-21,Iqaluit,NU,15.0,6.9,18.2
2026-07-22,Iqaluit,NU,17.1,7.8,19.5
2026-07-23,Iqaluit,NU,14.7,8.5,20.0
2026-07-24,Iqaluit,NU,12.1,8.0,18.3
